tree
version=v4
num_class=1
num_tree_per_iteration=1
label_index=0
max_feature_idx=11
objective=regression
feature_names=dom dow month_end days_to_eid persona_code is_regular days_since_income days_to_payday trail7 trail30 trail_in30 bal_prev
feature_infos=[1:31] [0:6] [0:1] [1:287] [0:3] [0:1] [1:268] [0:30] [0:5114.6128571428571] [0:3617.246333333333] [0:3586.3333333333335] [0:126163.66]
tree_sizes=2920 2945 2935 2948 2965 2950 2929 2963 2945 2948 2947 2956 2954 2942 2976 2951 2962 2953 2968 2952 2946 2959 2939 2923 2963 2952 2957 2917 2954 2957 2952 2964 2958 2949 2937 2956 2930 2955 2955 2927 2942 2968 2952 2910 2946 2961 2939 2910 2939 2946 2915 2930 2924 2942 2943 2912 2926 2932 2948 2878 2925 2900 2904 2897 2915 2921 2911 2935 2852 2889 2900 2890 2906 2872 2866 2938 2872 2857 2868 2875 2878 2825 2871 2876 2934 2827 2866 2875 2816 2924 2887 2828 2877 2895 2862 2841 2829 2845 2902 2834 2891 2910 2860 2836 2825 2852 2851 2818 2837 2815 2816 2864 2831 2823 2916 2866 2853 2805 2848 2828 2885 2914 2801 2898 2799 2814 2878 2808 2824 2837 2870 2804 2849 2835 2815 2857 2825 2830 2900 2829 2831 2807 2856 2871 2914 2826 2837 2841 2866 2789 2810 2819 2808 2821 2833 2826 2806 2809 2808 2816 2822 2885 2832 2827 2767 2835 2905 2846 2860 2799 2806 2788 2781 2828 2825 2823 2795 2815 2779 2907 2834 2850 2836 2826 2782 2855 2826 2827 2846 2799 2815 2808 2848 2828 2780 2844 2817 2865 2817 2797 2794 2781 2822 2799 2802 2804 2804 2865 2820 2878 2801 2777 2787 2864 2831 2784 2881 2774 2803 2806 2831 2915 2804 2818 2826 2834 2793 2814 2832 2834 2815 2827 2807 2840 2843 2826 2807 2824 2812 2814 2821 2785 2929 2830 2812 2786 2824 2855 2796 2826 2865 2823 2804 2814 2791 2867 2788 2850 2835 2852 2847 2826 2793 2793 2815 2794 2835 2810 2851 2796 2793 2837 2808 2788 2835 2786 2823 2838 2854 2831 2856 2825 2775 2800 2810 2813 2831 2816 2796 2788 2896 2851 2810 2855 2814 2837 2799 2800 2799 2806

Tree=0
num_leaves=31
num_cat=0
split_feature=9 5 9 6 3 3 4 6 4 3 9 9 6 9 9 9 3 9 3 9 9 4 9 3 11 9 8 11 3 4
split_gain=1.53854e+11 1.19391e+10 8.1405e+09 4.75418e+09 4.51841e+09 3.39265e+10 1.41062e+10 6.78585e+09 2.32814e+09 1.49164e+09 1.29058e+09 6.52085e+08 6.01078e+08 4.25231e+08 3.2591e+08 3.12272e+08 2.0549e+08 1.98969e+08 1.549e+08 1.23759e+08 1.18003e+08 1.02596e+08 9.86775e+07 7.40594e+07 6.81768e+07 6.66913e+07 6.5876e+07 6.19021e+07 5.80099e+07 5.4377e+07
threshold=824.05450000000008 1.0000000180025095e-35 1554.7928333333336 5.5000000000000009 8.5000000000000018 7.5000000000000009 2.5000000000000004 30.500000000000004 1.5000000000000002 14.500000000000002 1158.1600000000001 1957.9808333333337 4.5000000000000009 281.07833333333343 378.77450000000005 1804.4843333333336 14.500000000000002 597.67666666666685 267.50000000000006 1697.2931666666666 1307.0473333333337 2.5000000000000004 970.15350000000012 264.50000000000006 21033.945000000003 482.54200000000003 825.06500000000017 12557.920000000002 15.500000000000002 1.5000000000000002
decision_type=2 2 2 2 2 2 2 2 2 2 2 2 2 2 2 2 2 2 2 2 2 2 2 2 2 2 2 2 2 2
left_child=1 3 10 8 5 -3 7 13 14 15 12 18 22 -7 -1 -4 -12 21 19 -11 -18 -10 29 -22 -21 -16 -15 -13 -24 -2
right_child=2 4 9 -5 -6 6 -8 -9 17 11 16 27 -14 26 25 -17 20 -19 -20 24 23 -23 28 -25 -26 -27 -28 -29 -30 -31
leaf_value=450.86790481857849 458.49584021324671 430.13977743637264 550.72828835422263 429.92987236015921 430.16392482438846 746.41890495029384 430.99317008592942 429.8018745184246 471.91634932618405 528.17413755110113 534.25375721751982 544.3054919885202 431.3320445246768 792.87674998385842 455.66914031959664 582.68858798867018 509.36934160810455 483.58802412251481 515.49996082170071 534.88789772453185 520.36892058713147 431.4222449055726 514.3014296265618 503.26306767854823 544.41576922180593 459.9588620898673 823.0355019073163 551.55220029628879 499.84048928259813 493.11959721207614
leaf_weight=27957 116 12875 1043 17596 203219 470 494 153 4539 4384 1620 4533 353 374 16420 2860 5067 7660 1123 4740 7879 162 785 688 3109 20215 351 8422 5950 5056
leaf_count=27957 116 12875 1043 17596 203219 470 494 153 4539 4384 1620 4533 353 374 16420 2860 5067 7660 1123 4740 7879 162 785 688 3109 20215 351 8422 5950 5056
internal_value=452.393 438.539 527.386 453.377 432.101 458.854 659.559 743.322 458.738 545.303 507.71 541.024 495.631 783.463 454.934 574.148 517.418 478.618 533.272 534.903 515.418 470.521 497.537 518.995 538.662 458.036 807.478 549.017 501.526 492.343
internal_weight=370213 312485 57728 94549 217936 14717 1842 1348 76953 30214 27514 26311 12260 1195 64592 3903 15254 12361 13356 12233 13634 4701 11907 8567 7849 36635 725 12955 6735 5172
internal_count=370213 312485 57728 94549 217936 14717 1842 1348 76953 30214 27514 26311 12260 1195 64592 3903 15254 12361 13356 12233 13634 4701 11907 8567 7849 36635 725 12955 6735 5172
is_linear=0
shrinkage=1


Tree=1
num_leaves=31
num_cat=0
split_feature=10 10 10 3 3 4 6 10 3 10 10 9 3 4 9 10 10 10 10 6 8 3 3 10 3 3 9 10 6 4
split_gain=1.42774e+11 1.2245e+10 9.82603e+09 3.84938e+09 2.90849e+10 1.45874e+10 6.75842e+09 1.391e+09 1.36722e+09 9.07408e+08 6.29284e+08 3.79687e+08 3.23034e+08 3.13727e+08 3.01209e+08 1.81486e+08 1.45203e+08 1.26709e+08 1.10287e+08 9.41192e+07 6.63148e+07 6.54496e+07 6.34165e+07 6.29266e+07 6.27526e+07 5.83909e+07 5.51445e+07 5.16786e+07 5.14677e+07 4.5811e+07
threshold=1001.5500000000001 308.16666666666669 1922.3833333333334 8.5000000000000018 7.5000000000000009 1.0000000180025095e-35 30.500000000000004 1427.8500000000001 14.500000000000002 556.16666666666686 2198.5166666666669 277.3296666666667 14.500000000000002 1.5000000000000002 1804.4843333333336 1686.7166666666669 1254.2000000000003 2577.1000000000004 449.83333333333343 4.5000000000000009 825.06500000000017 14.500000000000002 14.500000000000002 2444.1500000000001 269.50000000000006 263.50000000000006 1235.1773333333335 1766.3333333333335 4.5000000000000009 1.0000000180025095e-35
decision_type=2 2 2 2 2 2 2 2 2 2 2 2 2 2 2 2 2 2 2 2 2 2 2 2 2 2 2 2 2 2
left_child=1 3 7 4 -1 6 11 16 14 18 25 -6 27 -11 -4 26 21 24 -3 -15 -13 -2 -18 -16 -12 -10 -14 -9 -23 -5
right_child=2 9 8 29 5 -7 -8 12 10 13 17 20 15 19 23 -17 22 -19 -20 -21 -22 28 -24 -25 -26 -27 -28 -29 -30 -31
leaf_value=-21.086851514429156 46.944641883793309 -3.27665066618124 94.558611016605511 -21.508049486366907 279.14931705155567 -20.095357551130117 -21.490809236414293 71.982436359496347 76.345529042085118 7.7760975178078588 89.125638761177512 323.27431423073949 47.845119694073631 20.102095987911365 118.47429918023221 62.498568355444959 59.927201766141494 96.718737876815766 2.0513974222408069 -20.291567141993518 353.05289299625088 32.264402498108886 42.190145884283517 133.67545359211584 75.463926691796232 63.542673379543878 55.727423503049351 88.64328646284811 -17.199227329470077 -19.935140301755105
leaf_weight=13946 806 20781 991 155383 454 610 170 1344 7703 24279 9846 404 4313 7595 1255 7408 554 6697 18235 147 348 6798 5577 1488 919 1007 4570 712 53 65935
leaf_count=13946 806 20781 991 155383 454 610 170 1344 7703 24279 9846 404 4313 7595 1255 7408 554 6697 18235 147 348 6798 5577 1488 919 1007 4570 712 53 65935
internal_value=0.0492085 -13.878 69.2545 -19.3307 4.40687 183.428 273.652 50.0585 89.8812 4.333 85.8431 315.256 59.0766 10.5708 118.185 56.7196 38.0587 91.3187 -0.786468 19.3351 337.055 33.4673 43.7929 126.72 87.9593 74.8653 51.9003 77.7521 31.8817 -21.0394
internal_weight=370328 308287 62041 237250 15932 1986 1376 32135 29906 71037 26172 1206 18347 32021 3734 16291 13788 17462 39016 7742 752 7657 6131 2743 10765 8710 8883 2056 6851 221318
internal_count=370328 308287 62041 237250 15932 1986 1376 32135 29906 71037 26172 1206 18347 32021 3734 16291 13788 17462 39016 7742 752 7657 6131 2743 10765 8710 8883 2056 6851 221318
is_linear=0
shrinkage=0.05


Tree=2
num_leaves=31
num_cat=0
split_feature=10 10 10 10 8 10 1 1 0 0 0 0 7 10 10 11 4 8 8 10 8 8 8 1 7 0 11 1 1 0
split_gain=1.28335e+11 1.11087e+10 8.77933e+09 1.22865e+09 1.08458e+09 1.7305e+09 1.83892e+09 3.02405e+09 5.9198e+09 3.95096e+09 2.7357e+09 7.01656e+09 2.07674e+09 8.23567e+08 7.79273e+08 6.04791e+08 2.89911e+08 2.18418e+08 2.02909e+08 1.95658e+08 1.84915e+08 1.65463e+08 1.29961e+08 1.33545e+08 2.06332e+08 6.41023e+08 1.41018e+09 1.56086e+09 4.21466e+08 4.2624e+08
threshold=1001.5500000000001 308.16666666666669 1922.3833333333334 1488.6333333333334 607.58142857142877 1.0000000180025095e-35 3.5000000000000004 2.5000000000000004 12.500000000000002 11.500000000000002 18.500000000000004 19.500000000000004 23.500000000000004 556.16666666666686 2324.1500000000001 2390.3800000000006 1.5000000000000002 810.34000000000026 2537.0064285714293 1278.9666666666669 2195.8535714285722 1483.5285714285715 404.49428571428581 3.5000000000000004 16.500000000000004 18.500000000000004 1401.9400000000003 1.5000000000000002 2.5000000000000004 12.500000000000002
decision_type=2 2 2 2 2 2 2 2 2 2 2 2 2 2 2 2 2 2 2 2 2 2 2 2 2 2 2 2 2 2
left_child=1 4 3 19 22 6 7 10 9 -9 -6 15 -11 -3 20 -12 -15 -17 -16 -2 -4 -5 -1 24 -24 28 27 -27 -26 -30
right_child=2 13 14 21 5 -7 -8 8 -10 12 11 -13 -14 16 18 17 -18 -19 -20 -21 -22 -23 23 -25 25 26 -28 -29 29 -31
leaf_value=-19.717915929212406 32.494893524799664 -0.7016570804357205 73.975014117661274 53.451722759038432 -20.401244149826194 -20.288391195743955 -20.390110055710359 -20.44293187129033 -20.433632327904711 -20.440946710759945 292.13141910328585 -20.433254103632699 305.31531592513318 7.4335039450371045 89.655061328246916 91.936340816437266 18.535808137121833 226.40557882374733 102.84498662196546 43.54783861391639 88.147224651677448 63.995796213210014 -20.060451044071641 -20.165857062529057 -20.20104024656014 193.49794868329252 -11.207335048540413 -20.446264975411552 34.89294697186002 -20.185521637573245
leaf_weight=198046 8420 38939 11509 10123 2592 9896 2882 154 563 55 255 684 443 24310 11616 63 7756 58 3893 7634 2877 5883 4970 9234 4772 218 734 140 802 625
leaf_count=198046 8420 38939 11509 10123 2592 9896 2882 154 563 55 255 684 443 24310 11616 63 7756 58 3893 7634 2877 5883 4970 9234 4772 218 734 140 802 625
internal_value=0.0355651 -13.1647 65.6996 47.5243 -18.3586 -6.43239 11.2627 30.0059 98.3359 200.893 7.27291 74.944 269.338 4.18492 85.1911 248.45 10.1189 156.393 92.9659 37.7508 76.8093 57.3272 -19.3171 -15.6245 -12.2044 -6.84917 28.4743 109.833 -13.0717 10.7696
internal_weight=370146 308191 61955 32060 237186 17645 7749 4867 1215 652 3652 1060 498 71005 29895 376 32066 121 15509 16054 14386 16006 219541 21495 12261 7291 1092 358 6199 1427
internal_count=370146 308191 61955 32060 237186 17645 7749 4867 1215 652 3652 1060 498 71005 29895 376 32066 121 15509 16054 14386 16006 219541 21495 12261 7291 1092 358 6199 1427
is_linear=0
shrinkage=0.05


Tree=3
num_leaves=31
num_cat=0
split_feature=10 10 10 3 3 4 8 3 10 10 10 3 9 9 10 10 10 10 10 3 3 3 9 10 3 8 10 8 10 8
split_gain=1.15982e+11 1.03078e+10 7.65465e+09 3.24577e+09 2.44338e+10 1.23181e+10 5.60054e+09 1.09997e+09 1.02777e+09 8.20699e+08 5.49099e+08 2.92871e+08 2.37643e+08 2.31223e+08 2.14972e+08 1.8652e+08 1.50077e+08 1.09654e+08 1.02815e+08 7.07119e+07 6.11061e+07 5.82664e+07 5.40493e+07 5.27724e+07 5.27076e+07 4.84665e+07 4.37392e+07 3.85515e+07 3.71704e+07 3.63151e+07
threshold=1034.2000000000003 308.16666666666669 1922.3833333333334 8.5000000000000018 7.5000000000000009 1.0000000180025095e-35 4.6428571428571432 14.500000000000002 1488.6333333333334 637.50000000000011 2198.5166666666669 14.500000000000002 271.6706666666667 1804.4843333333336 482.16666666666669 805.96666666666681 1302.2166666666669 1686.7166666666669 2548.1500000000001 15.500000000000002 14.500000000000002 266.50000000000006 454.99833333333333 2394.6000000000004 263.50000000000006 1.0000000180025095e-35 298.50000000000006 1203.4478571428574 1745.4833333333336 12.357142857142859
decision_type=2 2 2 2 2 2 2 2 2 2 2 2 2 2 2 2 2 2 2 2 2 2 2 2 2 2 2 2 2 2
left_child=1 3 8 4 -1 6 -6 13 16 14 24 28 -8 -4 25 -11 20 27 21 -18 -2 -12 -14 -15 -9 -3 -5 -13 -10 -17
right_child=2 9 7 26 5 -7 12 10 11 15 18 17 22 23 -16 29 19 -19 -20 -21 -22 -23 -24 -25 -26 -27 -28 -29 -30 -31
leaf_value=-19.045266564279327 44.656513316555497 -18.896395839603468 85.897204842634082 -19.055661739214813 -14.994455617562885 -18.640917907447939 260.18854171238593 68.499981477960873 66.888626497160132 9.5568774961438674 80.435866040762477 43.775795597377346 298.82312866001553 105.61070033049326 4.1043616829399019 -21.579201595599837 56.690896545071546 56.277474388376255 86.962251768358726 40.132184546003586 30.519312402467239 67.61819963319239 330.30157141524757 119.79770576833565 56.361641093016615 -2.0666296933612571 -6.8132190360560445 51.245137094005145 81.312165396021172 20.384124996777985
leaf_weight=13940 849 435 1002 220879 173 611 445 7691 984 14041 9129 3448 583 1108 25456 52 721 7398 7350 6095 7667 982 178 1605 1012 25791 732 3462 818 6051
leaf_count=13940 849 435 1002 220879 173 611 445 7691 984 14041 9129 3448 583 1108 25456 52 721 7398 7350 6095 7667 982 178 1605 1012 25791 732 3462 818 6051
internal_value=0.0221654 -12.4296 62.8416 -17.4482 4.35134 168.245 251.05 80.9634 45.6207 4.168 77.3484 54.4396 289.213 106.423 0.831242 12.7289 36.3543 52.0471 82.4622 41.8838 31.9287 79.191 306.186 114.004 67.0885 -2.34578 -19.0152 47.518 73.436 20.0266
internal_weight=370688 309367 61321 237541 15930 1990 1379 29879 31442 71826 26164 16110 1206 3715 51682 20144 15332 14308 17461 6816 8516 10111 761 2713 8703 26226 221611 6910 1802 6103
internal_count=370688 309367 61321 237541 15930 1990 1379 29879 31442 71826 26164 16110 1206 3715 51682 20144 15332 14308 17461 6816 8516 10111 761 2713 8703 26226 221611 6910 1802 6103
is_linear=0
shrinkage=0.05


Tree=4
num_leaves=31
num_cat=0
split_feature=10 10 10 3 3 4 6 3 10 10 10 10 3 9 4 10 9 10 3 10 9 6 3 3 10 9 4 10 10 6
split_gain=1.04081e+11 8.78039e+09 7.34354e+09 2.91767e+09 2.20716e+10 1.10725e+10 5.09052e+09 1.08578e+09 8.95622e+08 6.59746e+08 6.25147e+08 2.49799e+08 2.32077e+08 2.2286e+08 1.77592e+08 1.13706e+08 1.07067e+08 1.05207e+08 9.86352e+07 8.46323e+07 7.62884e+07 6.8384e+07 5.86512e+07 5.62743e+07 5.43159e+07 4.98321e+07 4.1416e+07 1.17519e+08 3.94209e+07 3.9171e+07
threshold=971.95000000000016 308.16666666666669 1853.7000000000003 8.5000000000000018 7.5000000000000009 1.0000000180025095e-35 30.500000000000004 14.500000000000002 1388.2166666666669 2198.5166666666669 576.50000000000011 2324.1500000000001 14.500000000000002 281.07833333333343 1.5000000000000002 449.83333333333343 1235.1773333333335 2548.1500000000001 14.500000000000002 1160.1500000000003 1841.156666666667 4.5000000000000009 266.50000000000006 267.50000000000006 2031.3000000000002 402.08633333333347 1.0000000180025095e-35 223.50000000000003 1645.116666666667 6.5000000000000009
decision_type=2 2 2 2 2 2 2 2 2 2 2 2 2 2 2 2 2 2 2 2 2 2 2 2 2 2 2 2 2 2
left_child=1 3 8 4 -1 6 13 11 18 23 15 20 28 -6 -12 29 -14 22 -2 -20 -4 -16 -11 24 -9 -15 -5 -28 -10 -3
right_child=2 10 7 26 5 -7 -8 9 12 17 14 -13 16 25 21 -17 -18 -19 19 -21 -22 -23 -24 -25 -26 -27 27 -29 -30 -31
leaf_value=-18.102113918511204 44.309473780612862 -2.6592652917757547 78.771085054654606 -18.508588852529645 247.48641522591006 -17.759291049014582 -18.680654166859281 59.640708347684466 58.331990305833735 75.913464047940295 7.0437282714186074 112.37695677821034 41.605786126522908 280.72015854648259 16.924967043383713 2.2541097565836927 50.032907171322677 82.513638016777037 24.54343669107493 33.233804447230135 98.381873224118351 -19.820488851384599 63.126228898398246 50.970187394531735 67.131951914120805 307.19818131564853 -17.402530464331477 -5.5653061151215848 72.776581410553504 -19.796209438290219
leaf_weight=13972 1294 20388 1128 155525 473 608 169 4864 1013 9080 21081 1989 6429 438 6850 21439 9110 7363 4667 7009 885 129 995 1011 4815 299 63804 2168 885 339
leaf_count=13972 1294 20388 1128 155525 473 608 169 4864 1013 9080 21081 1989 6429 438 6850 21439 9110 7363 4667 7009 885 129 995 1011 4815 299 63804 2168 885 339
internal_value=-0.0301293 -11.9822 58.7741 -16.5756 4.07239 159.997 238.37 75.4421 41.1615 71.9751 3.54948 99.81 48.5623 274.272 9.33243 -0.29887 46.5463 77.9707 31.2118 29.7602 87.3928 16.2458 74.6506 62.1949 63.3674 291.462 -18.0633 -17.0135 65.0672 -2.93955
internal_weight=370219 307682 62537 237456 15959 1987 1379 32130 30407 28128 70226 4002 17437 1210 28060 42166 15539 17438 12970 11676 2013 6979 10075 10690 9679 737 221497 65972 1898 20727
internal_count=370219 307682 62537 237456 15959 1987 1379 32130 30407 28128 70226 4002 17437 1210 28060 42166 15539 17438 12970 11676 2013 6979 10075 10690 9679 737 221497 65972 1898 20727
is_linear=0
shrinkage=0.05


Tree=5
num_leaves=31
num_cat=0
split_feature=10 10 10 3 3 4 6 3 10 10 10 10 9 3 4 10 10 9 10 3 6 3 9 6 9 3 3 6 10 9
split_gain=9.39357e+10 8.39275e+09 6.21069e+09 2.61786e+09 1.98659e+10 1.02851e+10 4.49495e+09 9.89022e+08 6.46147e+08 6.30399e+08 6.00268e+08 2.27875e+08 2.07533e+08 2.05171e+08 1.63214e+08 1.47563e+08 1.10197e+08 9.80989e+07 8.78004e+07 6.723e+07 6.47531e+07 5.715e+07 6.31384e+07 5.69261e+07 5.3215e+07 4.97927e+07 4.9758e+07 4.30464e+07 4.23101e+07 3.97729e+07
threshold=1034.2000000000003 326.16666666666669 1832.116666666667 8.5000000000000018 7.5000000000000009 1.0000000180025095e-35 30.500000000000004 14.500000000000002 631.36666666666679 1388.2166666666669 2198.5166666666669 2132.4000000000005 281.07833333333343 14.500000000000002 1.5000000000000002 459.16666666666669 298.50000000000006 1235.1773333333335 2577.1000000000004 14.500000000000002 5.5000000000000009 268.50000000000006 1665.0946666666666 4.5000000000000009 1804.4843333333336 14.500000000000002 267.50000000000006 5.5000000000000009 1231.9500000000003 497.00883333333337
decision_type=2 2 2 2 2 2 2 2 2 2 2 2 2 2 2 2 2 2 2 2 2 2 2 2 2 2 2 2 2 2
left_child=1 3 9 4 -1 6 12 11 15 19 21 -4 -6 -11 -10 -3 -5 -15 26 -2 25 22 -9 28 -13 -16 -12 -17 -21 -14
right_child=2 8 7 16 5 -7 -8 10 14 13 18 24 29 17 20 27 -18 -19 -20 23 -22 -23 -24 -25 -26 -27 -28 -29 -30 -31
leaf_value=-17.150770211221484 42.058344105993001 -2.3560161481895094 77.424336612655452 -17.192096641575411 235.32150863388839 -16.656976811763961 -17.746525983112615 56.561163844465881 7.7166148325526187 61.411835745124634 72.329819646217402 86.325045366107304 272.8686325390625 38.998119085543969 28.299653417719767 3.3471035759129304 -5.9914529104024261 47.209625432902683 78.532924042252247 26.414587191260569 -19.7490726852417 47.830855995178226 64.367619674175913 -20.667607866253771 105.5759351780047 15.883948245773823 60.745189232802979 -19.16242654746938 32.838244929088191 305.22414637974333
leaf_weight=14057 1120 20845 1328 220915 472 626 164 5341 12606 1837 9686 424 625 6353 907 28316 2218 8508 6658 5446 120 1000 5029 57 2341 7364 1025 214 4843 112
leaf_count=14057 1120 20845 1328 220915 472 626 164 5341 12606 1837 9686 424 625 6353 907 28316 2218 8508 6658 5446 120 1000 5029 57 2341 7364 1025 214 4843 112
internal_value=-0.0373192 -11.212 56.6754 -15.6776 3.82248 151.307 227.887 71.4524 3.96617 39.4491 68.1774 94.4477 261.207 45.6479 11.3132 0.841816 -17.0808 43.6992 74.024 30.4218 16.7164 59.2462 60.347 29.1621 102.624 17.2455 71.2212 3.17826 29.4382 277.786
internal_weight=370557 309561 60996 239189 16056 1999 1373 32832 70372 28164 28739 4093 1209 16698 20997 49375 223133 14861 17369 11466 8391 11370 10370 10346 2765 8271 10711 28530 10289 737
internal_count=370557 309561 60996 239189 16056 1999 1373 32832 70372 28164 28739 4093 1209 16698 20997 49375 223133 14861 17369 11466 8391 11370 10370 10346 2765 8271 10711 28530 10289 737
is_linear=0
shrinkage=0.05


Tree=6
num_leaves=31
num_cat=0
split_feature=10 10 10 3 3 8 10 6 10 3 10 10 10 3 10 0 6 9 8 8 10 10 10 6 10 3 10 10 8 3
split_gain=8.5239e+10 7.56942e+09 5.59867e+09 2.34232e+09 1.7626e+10 6.20935e+09 2.06632e+09 1.15735e+09 2.3493e+09 8.2358e+08 7.68202e+08 5.88694e+08 4.11308e+08 2.1485e+08 2.00609e+08 1.91295e+08 4.58813e+08 1.68619e+08 1.6698e+08 1.13671e+08 9.23389e+07 8.81042e+07 7.61014e+07 6.62215e+07 6.44596e+07 4.94418e+07 4.37898e+07 4.25067e+07 3.65087e+07 3.59262e+07
threshold=1034.2000000000003 317.50000000000006 1922.3833333333334 8.5000000000000018 7.5000000000000009 476.32428571428574 11.833333333333334 14.500000000000002 1.0000000180025095e-35 14.500000000000002 1488.6333333333334 581.50000000000011 2198.5166666666669 14.500000000000002 805.96666666666681 18.500000000000004 6.5000000000000009 1804.4843333333336 714.50142857142862 1017.3635714285716 2548.1500000000001 454.50000000000006 1686.7166666666669 5.5000000000000009 298.50000000000006 267.50000000000006 2348.0500000000006 1254.2000000000003 1879.7300000000002 266.50000000000006
decision_type=2 2 2 2 2 2 2 2 2 2 2 2 2 2 2 2 2 2 2 2 2 2 2 2 2 2 2 2 2 2
left_child=1 3 10 4 -1 7 18 8 15 17 19 21 25 -12 -13 16 -6 -4 -7 23 29 -3 -15 27 -5 28 -19 -2 -11 -14
right_child=2 11 9 24 5 6 -8 -9 -10 12 13 14 20 22 -16 -17 -18 26 -20 -21 -22 -23 -24 -25 -26 -27 -28 -29 -30 -31
leaf_value=-16.298089859768133 25.10379949838185 -2.4188677088723916 73.949076262482649 -16.340855242941558 216.8506028024774 226.33378483602934 -16.817817674709271 -16.349432215197336 -15.403646363092191 56.411220667277895 62.97386403585736 6.9885271398244004 68.63138367034945 40.945163463598107 17.176633367100131 215.65912964020541 26.236136012607155 89.430110285225439 268.61275952409682 36.668017666943108 75.034717326572363 2.1435698635854572 48.258619496401245 -26.425260843549456 -5.7532001126611654 45.907435350258766 102.69731193187931 31.861850439514683 63.779129028320312 58.536599956574996
leaf_weight=13942 5234 20868 1001 220527 76 428 79 377 264 5457 1824 22663 9090 6840 6141 199 54 967 514 5810 7314 21466 7411 56 1447 838 1743 4189 2430 976
leaf_count=13942 5234 20868 1001 220527 76 428 79 377 264 5457 1824 22663 9090 6840 6141 199 54 967 514 5810 7314 21466 7411 56 1447 838 1743 4189 2430 976
internal_value=0.0108726 -10.6637 53.9324 -14.9426 3.57525 142.739 228.804 52.1477 95.6948 69.4455 39.185 3.64643 66.3124 46.8164 9.16063 184.844 137.672 91.4857 249.403 31.1612 70.7592 -0.105425 44.7484 27.7859 -16.2718 57.4544 97.9632 28.1081 58.6813 67.6526
internal_weight=370225 309045 61180 237907 15933 1991 1021 970 593 29816 31364 71138 26105 16075 28804 329 130 3711 942 15289 17380 42334 14251 9479 221974 8725 2710 9423 7887 10066
internal_count=370225 309045 61180 237907 15933 1991 1021 970 593 29816 31364 71138 26105 16075 28804 329 130 3711 942 15289 17380 42334 14251 9479 221974 8725 2710 9423 7887 10066
is_linear=0
shrinkage=0.05


Tree=7
num_leaves=31
num_cat=0
split_feature=10 10 10 3 3 4 6 10 3 10 10 3 9 4 3 10 9 10 6 6 3 10 9 3 9 10 9 4 10 11
split_gain=7.70267e+10 6.42907e+09 5.47273e+09 2.1122e+09 1.5976e+10 8.25666e+09 3.69392e+09 8.61296e+08 5.79276e+08 4.9597e+08 4.66835e+08 2.83639e+08 1.57851e+08 1.36741e+08 1.34761e+08 1.02917e+08 8.63034e+07 6.49687e+07 5.78249e+07 5.76133e+07 5.54424e+07 5.10853e+07 5.02476e+07 4.69952e+07 4.21849e+07 3.97149e+07 3.9518e+07 3.73215e+07 1.0053e+08 3.61313e+07
threshold=971.95000000000016 308.16666666666669 1766.3333333333335 8.5000000000000018 7.5000000000000009 1.0000000180025095e-35 30.500000000000004 2261.6500000000001 14.500000000000002 1344.8833333333334 545.83333333333337 14.500000000000002 269.67283333333336 1.5000000000000002 14.500000000000002 2031.3000000000002 1235.1773333333335 406.83333333333343 5.5000000000000009 5.5000000000000009 14.500000000000002 2577.1000000000004 1880.9296666666669 267.50000000000006 454.99833333333333 1160.1500000000003 1804.4843333333336 1.0000000180025095e-35 216.83333333333334 16431.460000000003
decision_type=2 2 2 2 2 2 2 2 2 2 2 2 2 2 2 2 2 2 2 2 2 2 2 2 2 2 2 2 2 2
left_child=1 3 9 4 -1 6 12 11 26 19 17 22 -6 -12 -11 29 -16 -3 -15 20 -2 -10 -4 -17 -14 -22 -9 -5 -29 -13
right_child=2 10 7 27 5 -7 -8 8 21 14 13 15 24 18 16 23 -18 -19 -20 -21 25 -23 -24 -25 -26 -27 -28 28 -30 -31
leaf_value=-15.515841576791312 36.461605786283812 -3.5929651831026455 67.674333698210177 -15.907881046562157 210.69128940723564 -15.924596595870424 -16.041755575762537 75.047667039179174 65.327192557350358 53.120960143703684 5.6609257957680015 52.36541195549583 242.0378415502683 14.146778634376904 34.018387859762342 58.882404075337774 41.784329201507035 0.74330574766186197 -19.512674008882964 -22.659649983390434 21.449060256323364 71.124200308107902 84.339784587189726 45.296766627918593 269.78726827214274 27.710873421971527 97.081277397140838 -14.852998285053889 -4.0387006987127476 45.62016593317415
leaf_weight=13979 1152 13516 1525 155396 432 617 167 226 8766 1619 25838 4514 594 6903 7155 6644 7155 23934 130 61 4606 6709 643 704 178 5624 2044 63729 2224 3544
leaf_count=13979 1152 13516 1525 155396 432 617 167 226 8766 1619 25838 4514 594 6903 7155 6644 7155 23934 130 61 4606 6709 643 704 178 5624 2044 63729 2224 3544
internal_value=0.0105462 -10.2834 50.5248 -14.218 3.34508 135.969 204.327 63.5301 71.3004 33.7437 2.99503 55.6841 234.893 7.34342 39.4483 53.3012 37.9014 -0.821689 13.5246 25.8028 26.0626 67.8404 72.6171 57.5808 248.436 24.8915 94.8876 -15.4849 -14.4883 49.3988
internal_weight=370328 307637 62691 237316 15967 1988 1371 35319 17745 27372 70321 17574 1204 32871 15929 15406 14310 37450 7033 11443 11382 15475 2168 7348 772 10230 2270 221349 65953 8058
internal_count=370328 307637 62691 237316 15967 1988 1371 35319 17745 27372 70321 17574 1204 32871 15929 15406 14310 37450 7033 11443 11382 15475 2168 7348 772 10230 2270 221349 65953 8058
is_linear=0
shrinkage=0.05


Tree=8
num_leaves=31
num_cat=0
split_feature=10 10 10 3 3 4 8 10 3 10 10 3 9 9 4 10 10 3 10 9 10 10 8 10 3 9 3 10 3 4
split_gain=6.91201e+10 5.82513e+09 4.96705e+09 1.89516e+09 1.41968e+10 7.58483e+09 3.23081e+09 7.27044e+08 6.83833e+08 4.12407e+08 3.42976e+08 1.64664e+08 1.48872e+08 1.42678e+08 1.26229e+08 1.21412e+08 6.7059e+07 5.29123e+07 5.26307e+07 5.2236e+07 5.21342e+07 5.20934e+07 4.94099e+07 4.22821e+07 4.06688e+07 3.79904e+07 3.77895e+07 3.07408e+07 2.98847e+07 2.86888e+07
threshold=971.95000000000016 317.50000000000006 1922.3833333333334 8.5000000000000018 7.5000000000000009 1.0000000180025095e-35 4.6428571428571432 1488.6333333333334 14.500000000000002 545.83333333333337 2261.6500000000001 14.500000000000002 269.67283333333336 1841.156666666667 1.5000000000000002 1231.9500000000003 1686.7166666666669 14.500000000000002 2577.1000000000004 2138.2523333333338 298.50000000000006 416.16666666666669 12.357142857142859 2519.2500000000005 14.500000000000002 463.73333333333335 267.50000000000006 2444.1500000000001 266.50000000000006 1.0000000180025095e-35
decision_type=2 2 2 2 2 2 2 2 2 2 2 2 2 2 2 2 2 2 2 2 2 2 2 2 2 2 2 2 2 2
left_child=1 3 7 4 -1 6 -6 15 13 21 19 -9 -8 23 -11 24 -13 -17 28 26 29 -3 -16 -4 -2 -14 -10 -15 -12 -5
right_child=2 9 8 20 5 -7 12 11 10 14 18 16 25 27 22 17 -18 -19 -20 -21 -22 -23 -24 -25 -26 -27 -28 -29 -30 -31
leaf_value=-14.69567901355018 33.028098790526826 -3.03322444150833 64.786007917720482 -15.11081916828743 -11.522774007648765 -15.030809325309349 199.6559783079914 56.3301260492766 52.87995682065754 5.4303166445430353 63.032273304630507 36.706755388940984 230.77345344757134 82.939081005060302 -19.102103126655191 42.7638682439447 43.582043130513355 29.841736908671109 67.964768789531163 64.915149627721959 -5.2579160883215863 0.83796147213386751 13.526615827108774 104.19396370665669 21.258614809915859 258.22889181652909 41.986623023794778 93.813935250383096 53.281887533356098 -13.862460414708409
leaf_weight=13912 823 14230 1007 155220 167 633 428 1803 8937 25744 7873 6805 607 1161 118 876 7407 8280 6634 838 1459 22323 6934 73 6786 159 874 1476 873 65420
leaf_count=13912 823 14230 1007 155220 167 633 428 1803 8937 25744 7873 6805 607 1161 118 876 7407 8280 6634 838 1459 22323 6934 73 6786 159 874 1476 873 65420
internal_value=-0.019933 -9.76876 47.9016 -13.4844 3.18783 127.96 194.465 34.4771 62.6954 2.98318 59.8306 42.0958 223.275 82.7569 7.05384 27.1992 40.29 31.0781 64.6064 52.933 -14.6784 -0.669082 12.9806 67.4497 22.5316 236.472 51.9095 89.026 62.059 -14.7407
internal_weight=369880 307354 62526 238005 15906 1994 1361 32780 29746 69349 26029 16015 1194 3717 32796 16765 14212 9156 15380 10649 222099 36553 7052 1080 7609 766 9811 2637 8746 220640
internal_count=369880 307354 62526 238005 15906 1994 1361 32780 29746 69349 26029 16015 1194 3717 32796 16765 14212 9156 15380 10649 222099 36553 7052 1080 7609 766 9811 2637 8746 220640
is_linear=0
shrinkage=0.05


Tree=9
num_leaves=31
num_cat=0
split_feature=10 10 10 3 3 4 6 3 10 10 10 10 3 9 4 9 10 10 6 3 9 3 10 6 9 10 3 6 0 9
split_gain=6.25499e+10 5.26502e+09 4.52723e+09 1.7265e+09 1.31629e+10 6.66375e+09 3.03342e+09 6.79613e+08 5.16884e+08 4.38868e+08 3.73248e+08 1.6192e+08 1.47674e+08 1.35641e+08 1.00774e+08 7.60495e+07 7.34234e+07 6.70909e+07 5.58242e+07 5.40335e+07 4.7884e+07 4.72151e+07 4.67558e+07 4.56447e+07 4.09969e+07 3.8501e+07 3.76522e+07 3.39544e+07 3.2337e+07 3.18734e+07
threshold=971.95000000000016 317.50000000000006 1832.116666666667 8.5000000000000018 7.5000000000000009 1.0000000180025095e-35 30.500000000000004 14.500000000000002 1367.0833333333337 2176.9166666666674 576.50000000000011 2324.1500000000001 14.500000000000002 281.07833333333343 1.5000000000000002 1235.1773333333335 2444.1500000000001 454.50000000000006 4.5000000000000009 14.500000000000002 1880.9296666666669 266.50000000000006 298.50000000000006 4.5000000000000009 1917.6366666666668 1160.1500000000003 267.50000000000006 6.5000000000000009 8.5000000000000018 402.08633333333347
decision_type=2 2 2 2 2 2 2 2 2 2 2 2 2 2 2 2 2 2 2 2 2 2 2 2 2 2 2 2 2 2
left_child=1 3 8 4 -1 6 13 11 18 24 17 20 -10 -6 -12 -14 21 27 19 -2 -4 -11 -5 -16 26 -21 -9 -3 -13 -15
right_child=2 10 7 22 5 -7 -8 9 12 16 14 28 15 29 23 -17 -18 -19 -20 25 -22 -23 -24 -25 -26 -27 -28 -29 -30 -31
leaf_value=-13.991752827704985 33.696022305882586 -1.939890450597255 61.86610025237168 -14.005869660275833 191.68406051864463 -14.362324152324375 -14.663566826917455 47.143061092996248 50.086426880851633 57.971544989185851 5.5484092884643506 108.94383465310803 31.405525768943722 217.47289372457337 13.01095877389818 38.412947904347718 63.159362241360661 1.8331508749830103 -17.868646843050733 19.21460168916127 77.45505741573632 44.726064861945389 -5.0620424230474752 -16.89390037243183 54.412747745304323 25.214237958897296 35.249114379039789 -18.404564234895528 85.577865289452291 238.64673613995015
leaf_weight=13962 1234 20462 1334 220804 467 604 167 8220 1890 7214 21075 161 6982 434 6908 8692 10094 20633 81 4658 781 742 1471 130 1820 6278 724 318 1844 301
leaf_count=13962 1234 20462 1334 220804 467 604 167 8220 1890 7214 21075 161 6982 434 6908 8692 10094 20633 81 4658 781 742 1471 130 1820 6278 724 318 1844 301
internal_value=0.00340522 -9.27369 45.5005 -12.8069 3.09105 123.978 185.014 58.2789 31.3853 55.563 2.83193 77.2736 36.8835 212.756 7.27835 35.2915 60.3282 -0.186494 23.5026 23.7779 67.6226 56.7362 -13.9467 12.4586 47.5722 22.6588 46.1803 -2.19185 87.4541 226.144
internal_weight=370485 307736 62749 238210 15935 1973 1369 32934 29815 28814 69526 4120 17564 1202 28113 15674 18050 41413 12251 12170 2115 7956 222275 7038 10764 10936 8944 20780 2005 735
internal_count=370485 307736 62749 238210 15935 1973 1369 32934 29815 28814 69526 4120 17564 1202 28113 15674 18050 41413 12251 12170 2115 7956 222275 7038 10764 10936 8944 20780 2005 735
is_linear=0
shrinkage=0.05


Tree=10
num_leaves=31
num_cat=0
split_feature=10 10 10 3 3 4 6 3 9 10 10 9 3 9 10 10 8 10 10 10 10 6 10 3 9 9 6 8 3 3
split_gain=5.6498e+10 5.0092e+09 3.71554e+09 1.60542e+09 1.1936e+10 6.32783e+09 2.65907e+09 6.09085e+08 4.36884e+08 4.04123e+08 3.37568e+08 1.38723e+08 1.34619e+08 1.21493e+08 1.02407e+08 9.43427e+07 7.31627e+07 6.3754e+07 6.31203e+07 5.93215e+07 5.55687e+07 3.97613e+07 3.85308e+07 3.83431e+07 3.24159e+07 3.19501e+07 2.98742e+07 2.92586e+07 2.80124e+07 2.73539e+07
threshold=1034.2000000000003 326.16666666666669 1853.7000000000003 8.5000000000000018 7.5000000000000009 1.0000000180025095e-35 30.500000000000004 14.500000000000002 1121.5418333333334 643.16666666666686 2176.9166666666674 1804.4843333333336 14.500000000000002 281.07833333333343 490.83333333333343 828.96666666666681 221.68785714285715 298.50000000000006 1367.0833333333337 2548.1500000000001 1564.416666666667 6.5000000000000009 2444.1500000000001 266.50000000000006 2041.4540000000004 2530.8520000000003 5.5000000000000009 839.72071428571439 263.50000000000006 14.500000000000002
decision_type=2 2 2 2 2 2 2 2 2 2 2 2 2 2 2 2 2 2 2 2 2 2 2 2 2 2 2 2 2 2
left_child=1 3 8 4 -1 6 13 11 18 14 24 -4 -10 -6 21 -11 -14 -5 -2 23 -18 -3 -13 -12 -9 -25 -16 -15 -22 -17
right_child=2 9 7 17 5 -7 -8 10 12 15 19 22 16 27 26 29 20 -19 -20 -21 28 -23 -24 25 -26 -27 -28 -29 -30 -31
leaf_value=-13.258165674177755 22.270086934375502 -1.2197825947262826 59.685633362416041 -13.30718996008313 182.75276790634726 -13.574616122808099 -13.930454931792267 44.846261257518385 50.024168749762545 7.055922308114936 55.735472679678097 73.84990575639749 -25.160846435546876 206.16437268036708 3.1774786489143674 24.847698311429276 31.177407109868128 -4.7858068506796725 29.338489012375501 60.59838409187487 38.886900171372602 -17.997808401011891 85.615421746277363 42.460432515406353 55.073314526515084 70.874733686017564 -18.842754477224045 226.22297142356453 29.118427857075631 13.582879875230795
leaf_weight=13928 9352 25890 1196 220807 482 636 161 9208 1735 13984 9715 1323 50 411 24497 608 4833 2217 4769 7344 7458 358 1468 910 846 111 155 326 814 4742
leaf_count=13928 9352 25890 1196 220807 482 636 161 9208 1735 13984 9715 1323 50 411 24497 608 4833 2217 4769 7344 7458 358 1468 910 846 111 155 326 814 4742
internal_value=0.007082 -8.67658 43.9285 -12.1267 3.20077 116.911 177.048 55.6433 30.9579 3.06236 53.0514 73.933 36.9332 202.272 0.724846 9.21627 35.2066 -13.2225 24.6573 57.1355 35.437 -1.44862 80.0383 54.7668 45.7068 45.5495 3.03903 215.037 37.9256 14.8631
internal_weight=370334 309202 61132 238968 15944 2016 1380 32121 29011 70234 28134 3987 14890 1219 50900 19334 13155 223024 14121 18080 13105 26248 2791 10736 10054 1021 24652 737 8272 5350
internal_count=370334 309202 61132 238968 15944 2016 1380 32121 29011 70234 28134 3987 14890 1219 50900 19334 13155 223024 14121 18080 13105 26248 2791 10736 10054 1021 24652 737 8272 5350
is_linear=0
shrinkage=0.05


Tree=11
num_leaves=31
num_cat=0
split_feature=10 10 10 3 3 4 6 3 10 10 10 9 3 8 4 8 6 10 6 9 8 6 10 10 8 9 10 10 9 3
split_gain=5.11285e+10 4.28419e+09 3.69825e+09 1.40983e+09 1.06049e+10 5.57775e+09 2.3751e+09 5.2464e+08 4.36915e+08 3.17723e+08 3.06998e+08 1.33235e+08 1.24685e+08 1.13334e+08 9.99133e+07 9.20121e+07 6.44934e+07 5.75602e+07 5.09394e+07 4.70156e+07 4.56667e+07 4.34065e+07 3.81059e+07 3.7848e+07 3.75534e+07 3.53259e+07 3.33355e+07 3.32041e+07 3.24481e+07 3.01477e+07
threshold=971.95000000000016 317.50000000000006 1853.7000000000003 8.5000000000000018 7.5000000000000009 1.0000000180025095e-35 30.500000000000004 14.500000000000002 1488.6333333333334 2198.5166666666669 545.83333333333337 1804.4843333333336 14.500000000000002 735.68857142857155 1.5000000000000002 1017.3635714285716 5.5000000000000009 2548.1500000000001 5.5000000000000009 213.53250000000006 209.96571428571431 4.5000000000000009 298.50000000000006 416.16666666666669 1518.4428571428573 1235.1773333333335 2394.6000000000004 1160.1500000000003 1697.2931666666666 267.50000000000006
decision_type=2 2 2 2 2 2 2 2 2 2 2 2 2 2 2 2 2 2 2 2 2 2 2 2 2 2 2 2 2 2
left_child=1 3 8 4 -1 6 13 11 15 24 18 -4 -10 19 -12 16 27 29 23 -6 -14 -16 -5 -3 -9 -22 -13 -2 -19 -11
right_child=2 10 7 22 5 -7 -8 9 12 17 14 26 20 -15 21 -17 -18 28 -20 -21 25 -23 -24 -25 -26 -27 -28 -29 -30 -31
leaf_value=-12.622112813409817 17.476259545514402 -2.421034895938341 56.04041740837129 -12.64356080306305 158.97885621268796 -12.809463424059997 -13.233892661147976 40.342370057466937 48.695035462779387 53.236099170555121 4.604819999086728 69.472451775766444 -14.042304763793945 210.13267206806518 11.861103391925074 28.270721619282604 -25.050487429135806 38.269940749125269 -16.250049004080701 186.93128672713939 30.004088541085675 -16.258891171046667 -4.5829062521780735 0.90208458125435276 46.36384379013888 35.724644840452122 80.488430040395542 23.168068103225785 58.74171187242726 43.919221727293653
leaf_weight=13957 4292 13970 1209 220710 212 628 161 4492 1550 9177 25854 1181 50 478 6948 6014 77 199 513 518 4025 140 1476 22159 6113 8190 1641 6358 7082 959
leaf_count=13957 4292 13970 1209 220710 212 628 161 4492 1550 9177 25854 1181 50 478 6948 6014 77 199 513 518 4025 140 1476 22159 6113 8190 1641 6358 7082 959
internal_value=0.00991082 -8.37007 41.1976 -11.5591 2.79776 110.567 167.163 53.0625 28.7514 50.6363 2.54396 69.9284 35.3331 191.206 6.04662 23.3201 20.5446 54.7908 -0.605012 178.814 33.6445 11.3057 -12.59 -0.382866 43.8133 33.8396 75.8783 20.8742 58.1822 52.3546
internal_weight=370333 307724 62609 238140 15954 1997 1369 32053 30556 28022 69584 4031 13815 1208 32942 16741 10727 17417 36642 730 12265 7088 222186 36129 10605 12215 2822 10650 7281 10136
internal_count=370333 307724 62609 238140 15954 1997 1369 32053 30556 28022 69584 4031 13815 1208 32942 16741 10727 17417 36642 730 12265 7088 222186 36129 10605 12215 2822 10650 7281 10136
is_linear=0
shrinkage=0.05


Tree=12
num_leaves=31
num_cat=0
split_feature=10 10 10 3 3 4 6 3 10 10 10 10 3 8 10 6 4 8 8 6 3 10 10 3 6 6 3 8 6 11
split_gain=4.6056e+10 3.85866e+09 3.27002e+09 1.27429e+09 9.74362e+09 5.00477e+09 2.18745e+09 4.40959e+08 3.80677e+08 2.8206e+08 2.7465e+08 1.22818e+08 1.18787e+08 9.25072e+07 7.21366e+07 6.93635e+07 5.97658e+07 5.60012e+07 5.26004e+07 4.4995e+07 3.66168e+07 3.42311e+07 3.23084e+07 3.07514e+07 3.06383e+07 3.04676e+07 2.69419e+07 2.91787e+07 2.61383e+07 2.59188e+07
threshold=971.95000000000016 317.50000000000006 1832.116666666667 8.5000000000000018 7.5000000000000009 1.0000000180025095e-35 30.500000000000004 14.500000000000002 1344.8833333333334 2261.6500000000001 615.83333333333337 2324.1500000000001 14.500000000000002 703.67071428571433 459.16666666666669 4.5000000000000009 1.5000000000000002 1203.4478571428574 1518.4428571428573 4.5000000000000009 14.500000000000002 298.50000000000006 2444.1500000000001 10.500000000000002 4.5000000000000009 5.5000000000000009 280.50000000000006 2133.8221428571437 6.5000000000000009 10040.155000000001
decision_type=2 2 2 2 2 2 2 2 2 2 2 2 2 2 2 2 2 2 2 2 2 2 2 2 2 2 2 2 2 2
left_child=1 3 8 4 -1 6 13 11 19 18 14 29 23 -6 28 17 -12 -14 -9 20 -2 -5 -11 -10 -16 -18 27 -20 -3 -4
right_child=2 10 7 21 5 -7 -8 9 12 22 16 -13 15 -15 24 -17 25 -19 26 -21 -22 -23 -24 -25 -26 -27 -28 -29 -30 -31
leaf_value=-11.99470562615805 28.561963031050027 -1.6446450234874455 64.497150656489097 -12.006057282996576 170.83002452850343 -12.193592467709305 -12.572193145751953 38.636870148920295 38.796914459242856 49.176383473427464 5.2797144151524069 74.058185935863875 27.365209558002633 198.76751700923128 2.2236565388735805 -28.12676588694255 11.31368532696947 33.220301387495475 43.905153907810757 -17.281246627995998 19.159915310705983 -4.342938206304721 53.971254563023848 52.192674202858647 -14.434424923995918 -16.217717114616843 31.63730171263218 51.190092657303985 -15.847023525933729 52.769538207854602
leaf_weight=14018 1153 21162 714 220483 672 612 162 5486 1330 5387 14997 2007 8217 530 25920 51 6786 8119 5784 81 10167 1467 10100 632 279 102 360 1803 329 1385
leaf_count=14018 1153 21162 714 220483 672 612 162 5486 1330 5387 14997 2007 8217 530 25920 51 6786 8119 5784 81 10167 1467 10100 632 279 102 360 1803 329 1385
internal_value=0.0225233 -7.94457 39.0507 -10.9732 2.65747 106.602 159.903 49.8816 27.0272 47.7046 2.41312 65.2147 31.4855 183.149 0.285014 30.0934 7.05051 30.2752 42.4026 19.8519 20.1176 -11.9554 52.3034 43.112 2.04626 10.906 45.0022 45.6364 -1.86207 56.7588
internal_weight=370295 307519 62776 237944 15994 1976 1364 33026 29750 28920 69575 4106 18349 1202 47690 16387 21885 16336 13433 11401 11320 221950 15487 1962 26199 6888 7947 7587 21491 2099
internal_count=370295 307519 62776 237944 15994 1976 1364 33026 29750 28920 69575 4106 18349 1202 47690 16387 21885 16336 13433 11401 11320 221950 15487 1962 26199 6888 7947 7587 21491 2099
is_linear=0
shrinkage=0.05


Tree=13
num_leaves=31
num_cat=0
split_feature=10 10 10 10 8 10 1 1 0 0 0 0 10 11 7 9 8 8 10 10 8 10 8 8 8 1 7 0 1 0
split_gain=4.13426e+10 3.79025e+09 2.62583e+09 4.93876e+08 3.29015e+08 5.73951e+08 6.01776e+08 9.47558e+08 1.70035e+09 1.20507e+09 9.37899e+08 2.18449e+09 3.14518e+08 2.22074e+08 1.90346e+08 1.779e+08 1.44395e+08 1.07692e+08 8.00475e+07 7.6659e+07 7.19589e+07 6.66751e+07 4.77798e+07 4.40142e+07 4.38086e+07 4.64148e+07 7.0443e+07 1.9687e+08 4.36062e+08 7.14602e+08
threshold=1064.7666666666669 340.16666666666669 1745.4833333333336 2155.8333333333339 631.69785714285729 1.0000000180025095e-35 3.5000000000000004 2.5000000000000004 12.500000000000002 11.500000000000002 18.500000000000004 19.500000000000004 667.4000000000002 2390.3800000000006 24.500000000000004 1121.5418333333334 2195.8535714285722 796.77499999999998 504.83333333333343 298.50000000000006 2195.8535714285722 857.58333333333337 2899.4528571428577 323.01285714285723 404.49428571428581 3.5000000000000004 16.500000000000004 18.500000000000004 1.5000000000000002 19.500000000000004
decision_type=2 2 2 2 2 2 2 2 2 2 2 2 2 2 2 2 2 2 2 2 2 2 2 2 2 2 2 2 2 2
left_child=1 4 15 20 19 6 7 10 9 -9 -6 13 18 -12 17 -2 -5 -11 -3 24 -4 -14 -18 -17 -1 26 -26 -28 29 -29
right_child=2 12 3 16 5 -7 -8 8 -10 14 11 -13 21 -15 -16 23 22 -19 -20 -21 -22 -23 -24 -25 25 -27 27 28 -30 -31
leaf_value=-11.233546278134977 21.208820406847209 -0.91612273207763817 38.027983581752629 47.966425257547648 -11.678510810905451 -11.62998694908508 -11.674390960310244 -11.739967706169882 -11.710383636997395 67.314702880859372 174.6359202875752 -11.708953363991789 6.6850147417621546 86.811746645436699 178.59380562801491 -13.671412349569387 54.051376052481004 149.51651744169348 2.9964086137910537 -3.8789977213468863 48.796937812874916 13.433425195825633 62.51418454087964 29.997720441337044 -11.491580612054049 -11.519033294556451 -7.3312667205819055 102.75575181317413 -12.159533893865445 -14.011043273425495
leaf_weight=197536 13149 27025 12861 13029 2286 9135 2549 142 467 75 239 569 11621 103 298 58 6020 85 25322 3853 1764 5343 2307 11197 5222 9876 6730 283 667 244
leaf_count=197536 13149 27025 12861 13029 2286 9135 2549 142 467 75 239 569 11621 103 298 58 6020 85 25322 3853 1764 5343 2307 11197 5222 9876 6730 283 667 244
internal_value=-0.0273099 -7.40721 37.8188 46.4056 -10.3777 -3.43837 7.5451 19.0344 59.8338 115.519 5.41762 48.3175 2.89389 148.186 154.975 25.1584 51.2532 110.984 0.9765 -10.8708 39.3269 8.8105 56.396 29.7727 -10.993 -8.92884 -6.98294 -4.01169 14.6991 48.6929
internal_weight=370055 309670 60385 35981 240359 15948 6813 4264 1067 600 3197 911 69311 342 458 24404 21356 160 52347 224411 14625 16964 8327 11255 220558 23022 13146 7924 1194 527
internal_count=370055 309670 60385 35981 240359 15948 6813 4264 1067 600 3197 911 69311 342 458 24404 21356 160 52347 224411 14625 16964 8327 11255 220558 23022 13146 7924 1194 527
is_linear=0
shrinkage=0.05


Tree=14
num_leaves=31
num_cat=0
split_feature=10 10 10 3 3 4 6 3 10 10 10 10 3 10 9 8 10 3 9 6 10 3 9 3 9 6 4 10 9 10
split_gain=3.75772e+10 3.42243e+09 2.4121e+09 1.05865e+09 8.06702e+09 4.305e+09 1.8843e+09 3.98282e+08 3.47236e+08 2.70742e+08 1.56986e+08 1.18045e+08 1.00449e+08 9.02964e+07 7.21356e+07 6.88973e+07 6.74911e+07 5.96515e+07 5.8998e+07 4.60956e+07 4.35429e+07 3.27975e+07 3.20744e+07 2.73585e+07 2.72039e+07 2.68641e+07 2.59407e+07 6.07789e+07 2.54922e+07 2.33327e+07
threshold=1064.7666666666669 358.83333333333343 1945.2500000000002 8.5000000000000018 7.5000000000000009 1.0000000180025095e-35 30.500000000000004 14.500000000000002 1546.1833333333336 687.73333333333346 2444.1500000000001 298.50000000000006 14.500000000000002 2132.4000000000005 269.67283333333336 1092.6764285714287 509.16666666666669 267.50000000000006 1998.7498333333335 5.5000000000000009 857.58333333333337 265.50000000000006 1235.1773333333335 14.500000000000002 1804.4843333333336 6.5000000000000009 1.0000000180025095e-35 223.50000000000003 402.08633333333347 1254.2000000000003
decision_type=2 2 2 2 2 2 2 2 2 2 2 2 2 2 2 2 2 2 2 2 2 2 2 2 2 2 2 2 2 2
left_child=1 3 8 4 -1 6 14 13 15 16 17 26 -10 -4 -6 19 25 18 -9 29 -11 22 -14 -22 -15 -3 -5 -28 -16 -2
right_child=2 9 7 11 5 -7 -8 10 12 20 -12 -13 21 24 28 -17 -18 -19 -20 -21 23 -23 -24 -25 -26 -27 27 -29 -30 -31
leaf_value=-10.709141565082842 16.904626374657148 -0.36099263858082908 47.666483530335491 -11.205873218690954 151.6041835976518 -11.025515720877848 -11.381961479872288 40.155773840972273 43.664332160167845 6.9422379298256178 49.098052651204455 -3.7561329030264492 26.896062538524724 54.741844194947703 169.86964534471016 25.952849969778306 3.0640889837036123 31.391998572712676 47.589262511629641 -27.306824939655812 22.609633182003947 22.377332981796101 32.919492825223401 11.324157443545497 68.404262742121873 -15.692681520455437 -10.259921717947179 -0.38132569598673582 188.59549315575839 21.553818885463329
leaf_weight=14228 4956 25132 849 155376 438 639 167 10341 1668 9334 10093 6017 2958 431 476 5796 26705 1442 3598 53 606 1103 8741 4718 2356 289 63800 1596 294 5925
leaf_count=14228 4956 25132 849 155376 438 639 167 10341 1668 9334 10093 6017 2958 431 476 5796 26705 1442 3598 53 606 1103 8741 4718 2356 289 63800 1596 294 5925
internal_value=0.00113382 -7.02799 36.1101 -9.7828 2.54845 96.2073 146.041 46.4622 26.4514 2.99692 44.2526 -10.6659 32.1232 61.9425 167.804 21.5458 1.30873 41.073 42.0745 19.2097 9.00039 30.6194 31.3965 12.6087 66.2914 -0.535292 -10.8543 -10.0188 177.02 19.4362
internal_weight=370125 309815 60310 243031 16242 2014 1375 29110 31200 66784 25474 226789 14470 3636 1208 16730 52126 15381 13939 10934 14658 12802 11699 5324 2787 25421 220772 65396 770 10881
internal_count=370125 309815 60310 243031 16242 2014 1375 29110 31200 66784 25474 226789 14470 3636 1208 16730 52126 15381 13939 10934 14658 12802 11699 5324 2787 25421 220772 65396 770 10881
is_linear=0
shrinkage=0.05


Tree=15
num_leaves=31
num_cat=0
split_feature=10 10 10 3 3 4 6 3 10 10 10 10 3 9 6 9 4 10 9 8 6 3 3 6 6 9 0 10 3 10
split_gain=3.37136e+10 2.8354e+09 2.43723e+09 9.76963e+08 7.43334e+09 3.75022e+09 1.71809e+09 4.0193e+08 2.93034e+08 2.24833e+08 2.18623e+08 1.18427e+08 6.45539e+07 6.30913e+07 6.30823e+07 4.94936e+07 4.92808e+07 4.80471e+07 4.19217e+07 4.15122e+07 4.05346e+07 3.81819e+07 3.77966e+07 3.14181e+07 3.05637e+07 2.90261e+07 2.89935e+07 2.85843e+07 2.8545e+07 2.86372e+07
threshold=971.95000000000016 298.50000000000006 1766.3333333333335 8.5000000000000018 7.5000000000000009 1.0000000180025095e-35 30.500000000000004 14.500000000000002 2198.5166666666669 1344.8833333333334 600.35000000000014 2303.4000000000005 14.500000000000002 223.48633333333336 5.5000000000000009 1734.5108333333335 1.5000000000000002 416.16666666666669 2138.2523333333338 1203.4478571428574 3.5000000000000004 14.500000000000002 267.50000000000006 4.5000000000000009 4.5000000000000009 497.00883333333337 19.500000000000004 2371.4500000000003 134.50000000000003 2872.6833333333338
decision_type=2 2 2 2 2 2 2 2 2 2 2 2 2 2 2 2 2 2 2 2 2 2 2 2 2 2 2 2 2 2
left_child=1 3 9 4 -1 6 13 11 18 21 14 -4 -11 -6 17 -10 -12 -3 22 20 -14 -2 -9 -23 -18 -15 -13 -28 29 -17
right_child=2 10 7 -5 5 -7 -8 8 15 12 16 26 19 25 -16 28 24 -19 -20 -21 -22 23 -24 -25 -26 -27 27 -29 -30 -31
leaf_value=-10.347311518955294 25.339122136060087 -2.1035788168661975 48.484474817132714 -10.312392947345566 137.45961178699173 -10.803511841086898 -10.81278283255441 34.773420236865093 37.638852004794806 35.545133443552736 4.3720013676304017 68.502517549923226 22.796059414672509 162.52590856121725 -14.623134426607479 45.712783551366613 9.7928426312984218 1.3213309700505169 48.291188399476823 27.857555133392722 -17.477575845567006 16.105628076506434 25.083957138696821 -17.507236175537113 -16.199904844864555 189.51392309138205 24.172919079890619 59.297281322084871 41.461513018682751 53.524604159085257
leaf_weight=13927 1190 15352 2375 220679 249 601 168 11720 2372 1613 17226 1499 7534 842 731 10239 6826 30754 530 6717 63 10134 1101 70 115 113 65 532 3513 1325
leaf_count=13927 1190 15352 2375 220679 249 601 168 11720 2372 1613 17226 1499 7534 842 731 10239 6826 30754 530 6717 63 10134 1101 70 115 113 65 532 3513 1325
internal_value=-0.0131051 -6.81997 33.4365 -9.44993 2.52031 93.3502 138.974 42.1201 40.0865 22.2261 1.94281 56.1291 26.0625 159.875 -0.0501194 44.3525 5.80523 0.180932 34.511 24.994 22.4621 16.8635 33.9413 15.875 9.36219 165.719 64.7913 55.473 45.4087 46.6079
internal_weight=370175 307583 62592 236579 15900 1973 1372 35271 30800 27321 71004 4471 15927 1204 46837 17449 24167 46106 13351 14314 7597 11394 12821 10204 6941 955 2096 597 15077 11564
internal_count=370175 307583 62592 236579 15900 1973 1372 35271 30800 27321 71004 4471 15927 1204 46837 17449 24167 46106 13351 14314 7597 11394 12821 10204 6941 955 2096 597 15077 11564
is_linear=0
shrinkage=0.05


Tree=16
num_leaves=31
num_cat=0
split_feature=10 10 10 3 3 4 6 3 10 10 10 3 9 10 9 8 10 10 9 6 6 9 3 3 0 3 10 3 6 4
split_gain=3.05903e+10 2.72188e+09 2.0186e+09 8.69255e+08 6.59838e+09 3.50633e+09 1.47534e+09 3.29146e+08 3.14206e+08 2.07748e+08 1.43879e+08 9.18234e+07 8.46631e+07 6.99895e+07 5.98505e+07 5.82591e+07 5.004e+07 4.51722e+07 4.14135e+07 3.80142e+07 3.39873e+07 3.39026e+07 2.97604e+07 2.96315e+07 2.86207e+07 2.58416e+07 3.00902e+07 2.43235e+07 2.40542e+07 2.33376e+07
threshold=1034.2000000000003 346.50000000000006 1945.2500000000002 8.5000000000000018 7.5000000000000009 1.0000000180025095e-35 30.500000000000004 14.500000000000002 1488.6333333333334 637.50000000000011 2303.4000000000005 14.500000000000002 1841.156666666667 298.50000000000006 271.6706666666667 1017.3635714285716 828.96666666666681 509.16666666666669 2138.2523333333338 3.5000000000000004 5.5000000000000009 1270.8481666666669 273.50000000000006 267.50000000000006 17.500000000000004 134.50000000000003 2872.6833333333338 14.500000000000002 6.5000000000000009 1.0000000180025095e-35
decision_type=2 2 2 2 2 2 2 2 2 2 2 2 2 2 2 2 2 2 2 2 2 2 2 2 2 2 2 2 2 2
left_child=1 3 8 4 -1 6 14 12 15 17 18 -10 24 29 -6 20 -11 28 23 21 -2 -13 -23 -9 -4 26 -12 -18 -3 -5
right_child=2 9 7 13 5 -7 -8 10 11 16 25 19 -14 -15 -16 -17 27 -19 -20 -21 -22 22 -24 -25 -26 -27 -28 -29 -30 -31
leaf_value=-9.7029118727383068 16.292673999326066 -0.51285073384972502 49.748735838868569 -10.130962177415634 136.89241840506341 -9.8670944647082024 -10.272097625732423 35.505658993902294 38.768637702840145 5.2163176445118076 43.413656687975283 23.91155032227681 60.717638386831553 -3.5074374267089774 159.90727231061018 22.420231703020235 20.351018497959799 2.4291882400060105 44.863023514484155 -9.1605856113963657 -22.77582838875907 29.669692658317867 18.131576327215722 25.994824575471441 32.017574736975519 39.224252642424148 51.503623846776648 9.6598991443792883 -14.302739357948305 -9.0051310273121903
leaf_weight=14102 9381 26876 665 155362 451 634 160 9303 1895 14815 9695 5007 2616 4513 756 5824 599 20592 1104 72 56 9203 595 898 346 3131 1304 4757 320 65411
leaf_count=14102 9381 26876 665 155362 451 634 160 9303 1895 14815 9695 5007 2616 4513 756 5824 599 20592 1104 72 56 9203 595 898 346 3131 1304 4757 320 65411
internal_value=0.00461928 -6.38067 32.3359 -8.86922 2.35351 87.3209 132.396 41.8776 23.6791 2.4586 39.8682 28.4027 55.9687 -9.6714 151.308 18.4878 6.71371 0.662543 35.664 27.0823 16.0608 27.2586 28.969 34.6684 43.6805 43.2319 44.3728 10.8556 -0.675109 -9.7974
internal_weight=370443 309348 61095 241389 16103 2001 1367 29062 32033 67959 25435 16772 3627 225286 1207 15261 20171 47788 11305 14877 9437 14805 9798 10201 1011 14130 10999 5356 27196 220773
internal_count=370443 309348 61095 241389 16103 2001 1367 29062 32033 67959 25435 16772 3627 225286 1207 15261 20171 47788 11305 14877 9437 14805 9798 10201 1011 14130 10999 5356 27196 220773
is_linear=0
shrinkage=0.05


Tree=17
num_leaves=31
num_cat=0
split_feature=10 10 10 3 3 4 6 3 10 10 10 10 3 10 9 8 10 6 6 10 3 9 9 9 3 9 3 10 3 6
split_gain=2.75368e+10 2.49529e+09 1.75362e+09 8.22313e+08 6.09371e+09 3.21337e+09 1.50105e+09 3.10441e+08 2.61011e+08 2.00098e+08 1.21905e+08 8.71662e+07 7.94473e+07 6.36255e+07 5.42639e+07 5.13753e+07 5.05087e+07 3.91052e+07 3.05547e+07 3.19959e+07 3.0003e+07 3.00376e+07 2.86599e+07 2.72251e+07 2.63403e+07 2.56228e+07 2.51298e+07 2.49048e+07 2.34918e+07 2.6687e+07
threshold=1064.7666666666669 358.83333333333343 1945.2500000000002 8.5000000000000018 7.5000000000000009 1.0000000180025095e-35 30.500000000000004 14.500000000000002 1546.1833333333336 687.73333333333346 2303.4000000000005 298.50000000000006 14.500000000000002 2444.1500000000001 213.53250000000006 1042.8514285714289 495.83333333333343 5.5000000000000009 4.5000000000000009 857.58333333333337 269.50000000000006 2138.2523333333338 1841.156666666667 402.08633333333347 273.50000000000006 1341.3198333333337 3.5000000000000004 2577.1000000000004 255.50000000000003 4.5000000000000009
decision_type=2 2 2 2 2 2 2 2 2 2 2 2 2 2 2 2 2 2 2 2 2 2 2 2 2 2 2 2 2 2
left_child=1 3 8 4 -1 6 14 13 15 16 20 -5 26 22 -6 17 -3 -2 19 -11 21 -9 -4 -16 25 -14 -10 -12 29 -18
right_child=2 9 7 11 5 -7 -8 10 12 18 27 -13 24 -15 23 -17 28 -19 -20 -21 -22 -23 -24 -25 -26 -27 -28 -29 -30 -31
leaf_value=-9.1624111543822977 16.430234206732489 -0.65590651423820945 40.951061014364058 -9.3035143844712547 121.98563834256905 -9.351859946615626 -9.7585284423828131 33.878914041688823 25.097562786484069 6.1531543652356273 38.918658549623714 -3.2109185992853599 24.036572756066651 61.048876874220163 144.29504793311366 21.844726347806585 3.1048605952125738 -24.395988955740204 -16.80249730670263 11.041464616276727 25.553663289510325 43.342615318841972 52.855524896949582 162.16168097445839 16.635691842651564 28.697339518499163 40.739455421318979 43.122011561470799 -1.6247745098853112 -14.876438655303076
leaf_weight=14200 9997 23056 895 220751 215 648 180 9356 316 9228 7455 6031 4980 1567 714 6691 25959 59 126 5253 976 921 1162 304 673 7230 1370 6683 3125 208
leaf_count=14200 9997 23056 895 220751 215 648 180 9356 316 9228 7455 6031 4980 1567 714 6691 25959 59 126 5253 976 921 1162 304 673 7230 1370 6683 3125 208
internal_value=0.00663974 -6.00819 30.9126 -8.36271 2.49849 82.8405 125.12 39.7686 22.7073 2.53857 37.8147 -9.14149 27.6013 53.4583 144.81 18.4497 1.09469 16.1907 7.71308 7.92639 33.9314 34.727 47.6759 149.63 26.2656 26.7964 37.8078 40.9056 2.4726 2.96193
internal_weight=370329 309998 60331 243043 16261 2061 1413 29015 31316 66955 25391 226782 14569 3624 1233 16747 52348 10056 14607 14481 11253 10277 2057 1018 12883 12210 1686 14138 29292 26167
internal_count=370329 309998 60331 243043 16261 2061 1413 29015 31316 66955 25391 226782 14569 3624 1233 16747 52348 10056 14607 14481 11253 10277 2057 1018 12883 12210 1686 14138 29292 26167
is_linear=0
shrinkage=0.05


Tree=18
num_leaves=31
num_cat=0
split_feature=10 10 10 3 3 4 6 3 10 10 10 10 9 3 10 9 3 10 8 11 8 4 10 3 9 6 8 3 9 9
split_gain=2.50918e+10 2.12423e+09 1.81851e+09 7.40112e+08 5.56629e+09 2.84109e+09 1.25678e+09 3.25563e+08 2.22308e+08 1.73875e+08 1.46727e+08 8.46362e+07 5.02025e+07 4.68918e+07 4.58847e+07 4.11621e+07 3.58154e+07 3.42267e+07 3.39614e+07 3.10279e+07 2.84443e+07 2.60389e+07 7.1045e+07 2.57948e+07 2.48987e+07 2.20529e+07 2.18617e+07 2.14246e+07 2.68649e+07 2.08682e+07
threshold=1001.5500000000001 317.50000000000006 1745.4833333333336 8.5000000000000018 7.5000000000000009 1.0000000180025095e-35 30.500000000000004 14.500000000000002 2155.8333333333339 631.36666666666679 1324.3166666666668 2132.4000000000005 210.23783333333338 15.500000000000002 463.83333333333343 1734.5108333333335 266.50000000000006 785.16666666666686 1174.069285714286 10903.300000000001 198.75000000000003 1.0000000180025095e-35 207.16666666666669 14.500000000000002 454.99833333333333 4.5000000000000009 1879.7300000000002 11.500000000000002 2087.0383333333334 1592.5745000000004
decision_type=2 2 2 2 2 2 2 2 2 2 2 2 2 2 2 2 2 2 2 2 2 2 2 2 2 2 2 2 2 2
left_child=1 3 10 4 -1 6 12 11 19 14 23 -4 -6 29 -3 -10 -17 -11 20 -9 -15 -5 -23 -2 -14 -16 -21 28 -13 -12
right_child=2 9 7 21 5 -7 -8 8 15 17 13 27 24 18 25 16 -18 -19 -20 26 -22 22 -24 -25 -26 -27 -28 -29 -30 -31
leaf_value=-8.8314970986057713 21.762891307470422 -1.4351004194483119 40.226406503243446 -9.1640439142967249 115.08804597400484 -9.1667679876476154 -9.2706589296639681 32.931699331509932 32.493102029680479 4.3861414266507204 28.084005539177202 45.089650904781678 138.35670201158183 -14.042703247070314 1.7505590722982811 39.942277865214493 33.199953145723057 8.8586544469445521 23.555177376805776 26.576838064731721 18.929330126982734 -8.3393220857011965 -0.5057664984488236 13.339628918162617 159.04377902637827 -12.530742789188148 33.402113424130022 63.810854725778839 56.345388813372018 48.419589021432138
leaf_weight=14017 1011 22316 1746 155529 210 616 166 4222 2904 14019 1594 833 838 66 27483 13608 2303 6156 6680 7164 7315 63768 3032 8999 176 273 1403 486 1458 137
leaf_count=14017 1011 22316 1746 155529 210 616 166 4222 2904 14019 1594 833 838 66 27483 13608 2303 6156 6680 7164 7315 63768 3032 8999 176 273 1403 486 1458 137
internal_value=0.0193462 -5.8094 29.0646 -8.06145 2.31707 80.2181 119.83 36.3055 34.5099 1.83192 18.9262 48.8522 137.339 21.9281 0.252916 37.9673 38.9664 5.75084 20.9722 29.4235 18.6345 -8.80942 -7.98376 14.1904 141.947 1.61009 27.6946 54.2756 52.2528 29.6935
internal_weight=370528 308599 61929 238352 16023 2006 1390 36127 31604 70247 25802 4523 1224 15792 50072 18815 15911 20175 14061 12789 7381 222329 66800 10010 1014 27756 8567 2777 2291 1731
internal_count=370528 308599 61929 238352 16023 2006 1390 36127 31604 70247 25802 4523 1224 15792 50072 18815 15911 20175 14061 12789 7381 222329 66800 10010 1014 27756 8567 2777 2291 1731
is_linear=0
shrinkage=0.05


Tree=19
num_leaves=31
num_cat=0
split_feature=10 10 10 3 3 4 6 3 9 10 10 10 3 9 9 3 6 10 10 9 10 0 10 3 10 9 0 10 3 3
split_gain=2.24685e+10 2.06617e+09 1.44101e+09 6.26448e+08 4.73295e+09 2.65047e+09 1.13522e+09 2.64191e+08 2.12494e+08 1.5591e+08 9.43992e+07 7.64298e+07 7.61856e+07 6.36047e+07 4.45809e+07 3.64458e+07 3.49283e+07 3.18761e+07 3.14348e+07 2.98774e+07 2.90901e+07 2.58357e+07 2.36837e+07 2.22232e+07 2.72264e+07 2.16773e+07 2.15484e+07 2.71605e+07 2.09023e+07 2.08249e+07
threshold=1064.7666666666669 363.50000000000006 1945.2500000000002 8.5000000000000018 7.5000000000000009 1.0000000180025095e-35 30.500000000000004 14.500000000000002 1121.5418333333334 661.16666666666686 2261.6500000000001 298.50000000000006 14.500000000000002 1841.156666666667 231.58550000000005 265.50000000000006 4.5000000000000009 828.96666666666681 509.16666666666669 2138.2523333333338 1427.8500000000001 17.500000000000004 1686.7166666666669 134.50000000000003 2872.6833333333338 454.99833333333333 23.500000000000004 2812.8500000000008 14.500000000000002 259.50000000000006
decision_type=2 2 2 2 2 2 2 2 2 2 2 2 2 2 2 2 2 2 2 2 2 2 2 2 2 2 2 2 2 2
left_child=1 3 8 4 -1 6 14 13 20 16 19 -5 -10 21 -6 22 18 -11 -3 -9 -2 -4 -14 24 -12 -16 27 -15 -19 -20
right_child=2 9 7 11 5 -7 -8 10 12 17 23 -13 15 26 25 -17 -18 28 29 -21 -22 -23 -24 -25 -26 -27 -28 -29 -30 -31
leaf_value=-8.2662885639481463 14.36681730493499 -0.18258032102736521 43.73173288257027 -8.398350850626592 112.81723348494057 -8.3910736450561885 -8.8070832029788075 29.546804793639019 33.027378929791581 4.8594058779809357 36.768225459678305 -2.9551164473514504 21.68551066578695 52.077843924907363 131.96895206528222 15.599442860655646 -11.227610720592004 17.463820293156626 2.8791885462373341 39.604374990546397 19.691844704194185 27.03993542422964 25.77850923809989 33.031313837819162 44.359440228594359 151.61577300143378 41.47065090191137 66.839412825375319 8.2687167073515333 -2.0374582485015429
leaf_weight=14231 9995 24411 679 220764 278 666 167 9180 2091 11618 10682 6643 7304 1868 745 1554 584 697 21140 803 3450 352 6848 3405 1328 173 367 374 5456 2398
leaf_count=14231 9995 24411 679 220764 278 666 167 9180 2091 11618 10682 6643 7304 1868 745 1554 584 697 21140 803 3450 352 6848 3405 1328 173 367 374 5456 2398
internal_value=-0.000305094 -5.432 27.9305 -7.56143 1.91961 73.3614 113.308 35.9492 20.4775 2.39366 34.1437 -8.23934 24.0616 48.547 130.359 22.8679 0.92651 6.40048 1.07454 30.3558 15.7332 38.0329 23.6661 36.5968 37.6076 135.671 52.7018 54.5403 9.31032 2.37829
internal_weight=370251 309971 60280 243667 16260 2029 1363 29038 31242 66304 25398 227407 17797 3640 1196 15706 48533 17771 47949 9983 13445 1031 14152 15415 12010 918 2609 2242 6153 23538
internal_count=370251 309971 60280 243667 16260 2029 1363 29038 31242 66304 25398 227407 17797 3640 1196 15706 48533 17771 47949 9983 13445 1031 14152 15415 12010 918 2609 2242 6153 23538
is_linear=0
shrinkage=0.05


Tree=20
num_leaves=31
num_cat=0
split_feature=10 10 10 3 3 4 6 3 10 10 9 10 3 10 9 6 6 9 10 10 6 3 4 3 3 3 10 3 3 9
split_gain=2.01544e+10 1.84764e+09 1.3031e+09 5.90897e+08 4.37597e+09 2.40069e+09 1.05088e+09 2.12577e+08 2.04943e+08 1.4293e+08 1.00473e+08 6.85391e+07 5.71832e+07 5.24262e+07 4.38559e+07 4.23061e+07 4.14917e+07 4.10845e+07 3.75777e+07 3.58324e+07 2.71509e+07 2.6126e+07 2.50732e+07 2.77516e+07 2.33176e+07 2.28578e+07 2.22056e+07 2.13984e+07 2.09701e+07 2.08496e+07
threshold=1064.7666666666669 363.50000000000006 1945.2500000000002 8.5000000000000018 7.5000000000000009 1.0000000180025095e-35 30.500000000000004 14.500000000000002 1546.1833333333336 695.38333333333344 1841.156666666667 298.50000000000006 14.500000000000002 2132.4000000000005 281.07833333333343 3.5000000000000004 5.5000000000000009 890.74450000000013 2548.1500000000001 509.16666666666669 4.5000000000000009 260.50000000000006 1.5000000000000002 14.500000000000002 265.50000000000006 8.5000000000000018 2494.5000000000005 267.50000000000006 270.50000000000006 1957.9808333333337
decision_type=2 2 2 2 2 2 2 2 2 2 2 2 2 2 2 2 2 2 2 2 2 2 2 2 2 2 2 2 2 2
left_child=1 3 8 4 -1 6 14 13 16 19 27 -5 -10 -4 -6 18 17 -2 28 -3 22 -19 -11 -24 29 26 -15 -9 -12 -14
right_child=2 9 7 11 5 -7 -8 10 12 20 15 -13 24 25 -16 -17 -18 21 -20 -21 -22 -23 23 -25 -26 -27 -28 -29 -30 -31
leaf_value=-7.8453171652124229 12.257996096027023 -0.33274978856917481 34.471913259243536 -7.9766202020399195 112.18373868610375 -7.9586974198237446 -8.366750335693359 28.980463597531369 32.425469212739664 4.2064337529834832 33.803009595069476 -2.8314971847174748 22.968353623806507 38.960679735378086 131.62634053513813 -2.0883709424501893 -24.282852830153246 18.374354887226684 37.907589572881271 2.2899810751125496 -17.214717819344283 10.672109067173254 16.731591925738339 7.6288420515973661 15.629197825680734 54.658621566944809 50.353339059345394 18.904222057546889 26.004719845370342 39.799354451225405
leaf_weight=14126 5611 24582 835 221020 477 663 171 8913 1668 5128 8225 6668 11470 774 740 77 65 9820 6710 27695 117 1240 940 7664 1102 1032 956 560 963 187
leaf_count=14126 5611 24582 835 221020 477 663 171 8913 1668 5128 8225 6668 11470 774 740 77 65 9820 6710 27695 117 1240 940 7664 1102 1032 956 560 963 187
internal_value=-0.0183146 -5.15981 26.4535 -7.1699 2.06372 70.311 107.698 34.0728 19.3521 2.25317 32.4647 -7.82594 23.7193 45.4504 124.006 34.884 15.5874 15.7429 35.063 1.05671 6.76956 17.5108 6.97391 8.62333 22.5811 48.7694 45.2563 28.3848 32.9857 23.2384
internal_weight=370199 309991 60208 243865 16177 2051 1388 29045 31163 66126 25448 227688 14427 3597 1217 15975 16736 16671 15898 52277 13849 11060 13732 8604 12759 2762 1730 9473 9188 11657
internal_count=370199 309991 60208 243865 16177 2051 1388 29045 31163 66126 25448 227688 14427 3597 1217 15975 16736 16671 15898 52277 13849 11060 13732 8604 12759 2762 1730 9473 9188 11657
is_linear=0
shrinkage=0.05


Tree=21
num_leaves=31
num_cat=0
split_feature=10 10 10 3 3 4 6 9 3 8 10 10 6 3 11 9 4 10 6 6 4 10 6 3 9 10 3 9 3 3
split_gain=1.83561e+10 1.52938e+09 1.34149e+09 5.24188e+08 3.91728e+09 2.0491e+09 9.23366e+08 2.40734e+08 1.32334e+08 1.15746e+08 1.14188e+08 8.35802e+07 5.86063e+07 4.8494e+07 4.37987e+07 4.37772e+07 3.48372e+07 3.05372e+07 2.8428e+07 2.73491e+07 2.52126e+07 6.1269e+07 2.36906e+07 2.33172e+07 2.3007e+07 2.11842e+07 2.03326e+07 2.01273e+07 2.00305e+07 1.96546e+07
threshold=971.95000000000016 326.16666666666669 1745.4833333333336 8.5000000000000018 7.5000000000000009 1.0000000180025095e-35 30.500000000000004 1998.7498333333335 14.500000000000002 1092.6764285714287 556.16666666666686 2132.4000000000005 4.5000000000000009 14.500000000000002 10301.915000000003 213.53250000000006 1.5000000000000002 1254.2000000000003 5.5000000000000009 3.5000000000000004 1.0000000180025095e-35 216.83333333333334 5.5000000000000009 253.50000000000003 530.63900000000001 2418.9166666666674 14.500000000000002 1235.1773333333335 14.500000000000002 14.500000000000002
decision_type=2 2 2 2 2 2 2 2 2 2 2 2 2 2 2 2 2 2 2 2 2 2 2 2 2 2 2 2 2 2
left_child=1 3 9 4 -1 6 15 11 -9 12 18 14 17 -13 26 -6 23 -2 -3 -10 -5 -22 29 -12 -17 -15 -4 -11 -16 -18
right_child=2 10 7 20 5 -7 -8 8 19 27 16 13 -14 25 28 24 22 -19 -20 -21 21 -23 -24 -25 -26 -27 -28 -29 -30 -31
leaf_value=-7.556727901096413 11.196731428697596 -0.15389571573370578 39.259614670945808 -7.8866282500300287 95.675636547033875 -7.7616993845837898 -7.9483043356502767 47.688630813354564 34.255066662122914 17.658886434629572 3.347779677560847 42.652365787966531 -22.71005336216518 28.35302970126062 29.673453506313326 118.55573066126665 14.981300735925917 15.70197945019998 -12.288879780291538 -0.16433680633018757 -7.0919226398367279 -0.46962947630329777 -14.60747458442809 -2.2574366744316881 146.04335577171969 33.572039101371452 28.244887925137068 21.883577149034949 22.358587024962652 6.3469433666124102
leaf_weight=13950 7073 37011 481 155502 209 628 170 2109 11677 5112 22270 859 112 5529 1061 919 738 8033 489 58 63801 3695 126 2024 83 2999 3249 6286 7936 6164
leaf_count=13950 7073 37011 481 155502 209 628 170 2109 11677 5112 22270 859 112 5529 1061 919 738 8033 489 58 63801 3695 126 2024 83 2999 3249 6286 7936 6164
internal_value=0.000786837 -5.01836 24.6882 -6.90988 1.84401 67.1204 101.173 30.9867 36.1573 16.1789 1.5492 27.7497 13.3253 31.3289 25.1098 116.491 3.77767 13.5925 -0.312136 34.0849 -7.53636 -6.72939 6.87795 2.88079 120.833 30.1884 29.6653 19.9888 23.2212 7.27018
internal_weight=370353 307779 62574 238957 15959 2009 1381 35958 13844 26616 68822 22114 15218 9387 12727 1211 31322 15106 37500 11735 222998 67496 7028 24294 1002 8528 3730 11398 8997 6902
internal_count=370353 307779 62574 238957 15959 2009 1381 35958 13844 26616 68822 22114 15218 9387 12727 1211 31322 15106 37500 11735 222998 67496 7028 24294 1002 8528 3730 11398 8997 6902
is_linear=0
shrinkage=0.05


Tree=22
num_leaves=31
num_cat=0
split_feature=10 10 10 3 3 4 6 10 3 9 3 10 10 10 10 9 3 3 8 3 6 3 3 3 8 6 9 8 9 10
split_gain=1.65233e+10 1.69019e+09 8.77305e+08 4.70858e+08 3.5194e+09 1.93053e+09 8.13693e+08 1.71626e+08 1.68766e+08 1.56296e+08 6.43571e+07 5.87981e+07 5.25511e+07 3.8937e+07 3.76966e+07 3.73311e+07 3.5405e+07 3.21708e+07 2.51394e+07 2.50581e+07 2.39937e+07 2.20373e+07 2.18165e+07 2.05516e+07 1.96326e+07 1.95477e+07 1.93169e+07 1.83015e+07 1.77717e+07 1.73249e+07
threshold=1160.1500000000003 368.83333333333343 2031.3000000000002 8.5000000000000018 7.5000000000000009 1.0000000180025095e-35 30.500000000000004 754.36666666666679 14.500000000000002 1235.1773333333335 14.500000000000002 298.50000000000006 2469.5833333333335 2132.4000000000005 556.16666666666686 357.78900000000004 267.50000000000006 15.500000000000002 268.23857142857145 3.5000000000000004 4.5000000000000009 9.5000000000000018 273.50000000000006 14.500000000000002 2430.840714285715 6.5000000000000009 1998.7498333333335 1554.1278571428572 213.53250000000006 1645.116666666667
decision_type=2 2 2 2 2 2 2 2 2 2 2 2 2 2 2 2 2 2 2 2 2 2 2 2 2 2 2 2 2 2
left_child=1 3 9 4 -1 6 15 14 13 17 19 -5 16 26 25 28 27 -2 -12 -11 23 24 -20 -9 -15 -3 -4 -10 -6 -21
right_child=2 7 8 11 5 -7 -8 20 12 10 18 -13 -14 21 -16 -17 -18 -19 22 29 -22 -23 -24 -25 -26 -27 -28 -29 -30 -31
leaf_value=-7.0631253670445027 22.252665360608738 0.24138305699374418 23.485687397876731 -7.2029464569249475 92.146976757924506 -7.267447559074923 -7.5509849964488645 13.788812625734273 25.736064580568957 19.992925747016383 -13.207586378421425 -2.7003480176834547 32.789012201862448 32.15649960423162 2.7301234045566569 122.59099738005973 19.823429006774859 14.459659634406123 21.79574716750983 24.880175516135257 -15.241363865988596 51.05785580111953 14.012726320558436 7.2726911664696203 44.144504330205812 -12.498404598236085 48.163902218271012 29.9928404447767 108.93238221988344 36.644880184971043
leaf_weight=14234 1473 31563 369 220653 218 660 165 1364 3593 435 53 7497 9393 443 24439 431 1230 13120 13848 426 112 850 963 10722 1491 304 101 8495 570 1179
leaf_count=14234 1473 31563 369 220653 218 660 165 1364 3593 435 53 7497 9393 443 24439 431 1230 13120 13848 426 112 850 963 10722 1491 304 101 8495 570 1179
internal_value=0.00187617 -4.52347 24.6465 -6.46881 1.74698 63.0987 96.6548 2.41766 31.4509 19.0371 22.3096 -7.05499 29.9251 42.1004 1.25281 110.76 27.9052 15.2463 21.1667 30.6373 7.79461 44.3477 21.2897 8.00809 41.3985 0.11985 28.7889 28.7276 104.289 33.5223
internal_weight=370394 312932 57462 244428 16278 2044 1384 68504 25965 31497 16904 228150 22711 3254 56306 1219 13318 14593 14864 2040 12198 2784 14811 12086 1934 31867 470 12088 788 1605
internal_count=370394 312932 57462 244428 16278 2044 1384 68504 25965 31497 16904 228150 22711 3254 56306 1219 13318 14593 14864 2040 12198 2784 14811 12086 1934 31867 470 12088 788 1605
is_linear=0
shrinkage=0.05


Tree=23
num_leaves=31
num_cat=0
split_feature=10 10 10 9 8 10 1 1 0 0 0 0 7 9 10 11 8 8 6 10 6 10 6 8 10 6 11 8 9 6
split_gain=1.49816e+10 1.24546e+09 1.11031e+09 1.86549e+08 1.09401e+08 2.04902e+08 2.0392e+08 3.03708e+08 5.96313e+08 4.12382e+08 3.40734e+08 8.0862e+08 2.4714e+08 9.18148e+07 7.8756e+07 5.32403e+07 5.24265e+07 4.58789e+07 4.50792e+07 4.23994e+07 3.03143e+07 2.70975e+07 2.66691e+07 2.48429e+07 2.21429e+07 2.18773e+07 2.00662e+07 1.97768e+07 2.6969e+07 1.89606e+07
threshold=971.95000000000016 358.83333333333343 1745.4833333333336 1957.9808333333337 631.69785714285729 1.0000000180025095e-35 3.5000000000000004 2.5000000000000004 12.500000000000002 11.500000000000002 18.500000000000004 19.500000000000004 23.500000000000004 928.8950000000001 648.83333333333337 3699.5900000000006 1518.4428571428573 2899.4528571428577 5.5000000000000009 291.83333333333343 3.5000000000000004 2155.8333333333339 4.5000000000000009 1355.9100000000001 482.16666666666669 3.5000000000000004 13772.890000000001 891.91357142857157 328.66833333333341 1.5000000000000002
decision_type=2 2 2 2 2 2 2 2 2 2 2 2 2 2 2 2 2 2 2 2 2 2 2 2 2 2 2 2 2 2
left_child=1 4 13 16 19 6 7 10 9 -9 -6 15 -11 25 22 27 -4 20 23 -1 26 29 24 -15 -3 -2 -5 28 -12 -18
right_child=2 14 3 17 5 -7 -8 8 -10 12 11 -13 -14 18 -16 -17 21 -19 -20 -21 -22 -23 -24 -25 -26 -27 -28 -29 -30 -31
leaf_value=-6.5827511217995083 10.69628862628074 -0.51771559902816777 21.8998933463415 28.667516998797726 -7.0236430715937104 -7.0643737793405492 -7.0181764460184484 -7.0955431709826833 -7.0478966380816619 -13.248724006204043 111.54464964025161 -7.0456481985671537 103.54292340584743 15.464295766534292 4.5543642531504469 48.470199021559495 23.708400149905664 38.59642001356201 -29.389451887022773 -2.8381656091792764 -3.8611251861818374 29.542139339984409 -9.8201846855476234 19.46639090932479 1.6722162638896112 -15.897716590685722 32.737051030950155 119.34585416840343 74.403184282054085 31.127517364003996
leaf_weight=218805 9045 20298 8523 4896 2312 9144 2490 142 491 51 85 586 405 11679 17033 65 5651 2362 53 7830 62 5665 607 5805 26761 78 7944 82 115 1016
leaf_count=218805 9045 20298 8523 4896 2312 9144 2490 142 491 51 85 586 405 11679 17033 65 5651 2362 53 7830 62 5665 607 5805 26761 78 7944 82 115 1016
internal_value=0.0192809 -4.52773 22.2768 27.9896 -6.17154 -2.17144 4.38497 10.9364 33.7843 67.3104 3.26877 28.7737 90.4807 14.5371 1.63612 89.2639 24.9154 32.1898 16.6535 -6.45338 31.0169 26.9995 0.59331 16.7931 0.727631 10.4689 31.1853 98.6667 90.1883 24.839
internal_weight=370081 307302 62779 36119 242603 15968 6824 4334 1089 598 3245 933 456 26660 64699 347 20855 15264 17537 226635 12902 12332 47666 17484 47059 9123 12840 282 200 6667
internal_count=370081 307302 62779 36119 242603 15968 6824 4334 1089 598 3245 933 456 26660 64699 347 20855 15264 17537 226635 12902 12332 47666 17484 47059 9123 12840 282 200 6667
is_linear=0
shrinkage=0.05


Tree=24
num_leaves=31
num_cat=0
split_feature=10 10 10 3 3 4 6 3 10 10 3 10 10 3 10 3 6 3 3 10 11 3 8 8 6 10 6 11 4 10
split_gain=1.34594e+10 1.38117e+09 7.24968e+08 3.89047e+08 2.9417e+09 1.66994e+09 7.25563e+08 1.49968e+08 1.32252e+08 1.23403e+08 5.76162e+07 5.43646e+07 4.16957e+07 3.77009e+07 3.32131e+07 3.07052e+07 3.49116e+07 2.73922e+07 2.70921e+07 2.59155e+07 2.53736e+07 2.48832e+07 2.27714e+07 2.23932e+07 2.11043e+07 1.9977e+07 1.90377e+07 1.8238e+07 1.7348e+07 4.91518e+07
threshold=1160.1500000000003 374.16666666666669 2031.3000000000002 8.5000000000000018 7.5000000000000009 1.0000000180025095e-35 30.500000000000004 14.500000000000002 754.36666666666679 1625.5000000000002 15.500000000000002 298.50000000000006 2324.1500000000001 14.500000000000002 2132.4000000000005 256.50000000000006 4.5000000000000009 3.5000000000000004 267.50000000000006 509.16666666666669 13348.465000000002 11.500000000000002 683.59357142857141 874.19928571428591 4.5000000000000009 1388.2166666666669 3.5000000000000004 9772.4500000000025 1.0000000180025095e-35 235.16666666666671
decision_type=2 2 2 2 2 2 2 2 2 2 2 2 2 2 2 2 2 2 2 2 2 2 2 2 2 2 2 2 2 2
left_child=1 3 9 4 -1 6 23 14 15 13 17 28 18 -2 -4 16 19 -11 -9 -3 -12 -16 26 -6 25 -15 -10 -23 -5 -30
right_child=2 8 7 11 5 -7 -8 12 22 10 20 -13 -14 24 21 -17 -18 -19 -20 -21 -22 27 -24 -25 -26 -27 -28 -29 29 -31
leaf_value=-6.3862187972535347 21.519708409920263 0.35586775163974477 26.154244222837093 -6.8009503767594159 99.472494486533932 -6.6106847093723449 -6.8443482739186425 25.317659862768025 5.3104301054189644 15.517917789916815 21.743603199758443 -2.3548615227251743 28.809408192694704 11.618269632171758 38.422874884317253 -2.2259511713859692 -11.450997491324912 31.563484534017007 16.026656834619427 2.6922430479949995 17.26611475889715 75.060422111625101 9.2529323111013984 115.60767673773699 -17.448298513239081 15.265932148931268 -14.090305706881736 47.001476679948233 -6.0410563873340628 3.0827552623736159
leaf_weight=14339 1608 20077 462 155205 916 675 171 8349 6397 322 5873 8151 13467 6978 2267 5856 507 1529 866 29032 6860 67 5698 281 55 8123 129 427 63978 1511
leaf_count=14339 1608 20077 462 155205 916 675 171 8349 6397 322 5873 8151 13467 6978 2267 5856 507 1529 866 29032 6860 67 5698 281 55 8123 129 427 63978 1511
internal_value=-0.00861611 -4.08673 22.2808 -5.83204 1.6114 57.7435 89.4972 28.4701 2.2356 17.1662 20.5296 -6.36489 27.0361 14.2401 38.5624 1.19817 1.60231 28.7722 24.4445 1.73707 19.3313 40.6387 6.94342 103.26 13.4678 13.5804 4.92693 50.807 -6.51299 -5.83055
internal_weight=370176 312923 57253 245227 16382 2043 1368 25905 67696 31348 14584 228845 22682 16764 3223 55472 49616 1851 9215 49109 12733 2761 12224 1197 15156 15101 6526 494 220694 65489
internal_count=370176 312923 57253 245227 16382 2043 1368 25905 67696 31348 14584 228845 22682 16764 3223 55472 49616 1851 9215 49109 12733 2761 12224 1197 15156 15101 6526 494 220694 65489
is_linear=0
shrinkage=0.05


Tree=25
num_leaves=31
num_cat=0
split_feature=10 10 10 3 3 4 6 3 10 10 10 3 10 10 10 0 9 3 3 3 3 9 8 8 6 9 3 6 3 3
split_gain=1.21587e+10 1.22961e+09 6.59102e+08 3.61417e+08 2.69716e+09 1.50239e+09 6.34121e+08 1.3975e+08 1.30669e+08 9.85131e+07 5.41744e+07 4.43706e+07 4.23243e+07 3.86643e+07 2.9775e+07 2.60194e+07 2.50254e+07 2.29306e+07 2.06014e+07 1.99505e+07 1.96435e+07 1.93741e+07 1.93442e+07 1.82859e+07 1.80464e+07 1.7175e+07 1.69888e+07 1.67905e+07 1.6604e+07 1.57928e+07
threshold=1160.1500000000003 368.83333333333343 1945.2500000000002 8.5000000000000018 7.5000000000000009 1.0000000180025095e-35 30.500000000000004 14.500000000000002 754.36666666666679 1546.1833333333336 2324.1500000000001 14.500000000000002 298.50000000000006 2577.1000000000004 556.16666666666686 24.500000000000004 357.78900000000004 262.50000000000006 14.500000000000002 8.5000000000000018 265.50000000000006 1957.9808333333337 683.59357142857141 1709.7935714285716 1.5000000000000002 1804.4843333333336 267.50000000000006 3.5000000000000004 3.5000000000000004 68.500000000000014
decision_type=2 2 2 2 2 2 2 2 2 2 2 2 2 2 2 2 2 2 2 2 2 2 2 2 2 2 2 2 2 2
left_child=1 3 9 4 -1 6 16 13 14 18 17 28 -5 19 -3 -15 -6 24 -2 25 21 -13 27 -12 29 -4 -20 -10 -11 -9
right_child=2 8 7 12 5 -7 -8 10 22 11 23 20 -14 15 -16 -17 -18 -19 26 -21 -22 -23 -24 -25 -26 -27 -28 -29 -30 -31
leaf_value=-6.0439669238868881 18.696232795130289 0.016415625288564738 20.245802565504398 -6.1868422235775569 92.684997518316621 -6.0767576825314915 -6.5020417924360805 20.765787986497362 5.2309565644365152 15.913152481885184 24.210430379398591 17.955413779474938 -2.3528968696832306 46.103951571483904 2.3403652132121415 21.163827539101629 107.7573439752552 16.71360328594141 12.589155861717209 37.335304869270239 11.226709130718737 34.487327849600057 8.8765106049939586 28.404723141322389 28.428485816435387 32.040976045280694 5.4924861316563014 -13.419983887478589 28.651077418075261 25.016246494627456
leaf_weight=14255 1295 31854 448 220823 779 667 165 5002 6372 315 3508 11480 7441 985 24295 117 426 1414 11509 1091 1102 180 5660 10024 1576 992 910 123 1362 3881
leaf_count=14255 1295 31854 448 220823 779 667 165 5002 6372 315 3508 11480 7441 985 24295 117 426 1414 11509 1091 1102 180 5660 10024 1576 992 910 123 1362 3881
internal_value=-0.01677 -3.89176 21.1812 -5.54835 1.64642 55.464 85.4258 26.4664 2.03947 15.7298 25.1547 18.6123 -6.06186 35.6389 1.02196 43.456 98.0135 22.6897 12.6949 32.2353 17.6076 18.2106 6.73978 27.3174 23.4976 28.3714 12.0691 4.87775 26.2584 22.6228
internal_weight=370051 312860 57191 244556 16292 2037 1370 29038 68304 28153 25405 14439 228264 3633 56149 1102 1205 11873 13714 2531 12762 11660 12155 13532 10459 1440 12419 6495 1677 8883
internal_count=370051 312860 57191 244556 16292 2037 1370 29038 68304 28153 25405 14439 228264 3633 56149 1102 1205 11873 13714 2531 12762 11660 12155 13532 10459 1440 12419 6495 1677 8883
is_linear=0
shrinkage=0.05


Tree=26
num_leaves=31
num_cat=0
split_feature=10 10 10 3 3 4 6 8 10 3 10 6 10 10 10 6 3 9 11 10 3 3 3 6 3 3 3 6 4 3
split_gain=1.08434e+10 9.22733e+08 8.04641e+08 3.32227e+08 2.51907e+09 1.36046e+09 5.47143e+08 1.54314e+08 7.13077e+07 6.92214e+07 5.62633e+07 4.83171e+07 3.8837e+07 3.72257e+07 3.49747e+07 3.08303e+07 2.56107e+07 2.29258e+07 2.27952e+07 2.25728e+07 2.57163e+07 2.03975e+07 1.85351e+07 1.84807e+07 1.85241e+07 1.72822e+07 1.6285e+07 1.61637e+07 1.84432e+07 1.63879e+07
threshold=971.95000000000016 363.50000000000006 1745.4833333333336 8.5000000000000018 7.5000000000000009 1.0000000180025095e-35 30.500000000000004 1879.7300000000002 1302.2166666666669 14.500000000000002 605.50000000000011 3.5000000000000004 2176.9166666666674 2444.1500000000001 298.50000000000006 4.5000000000000009 14.500000000000002 213.53250000000006 10595.725000000002 2418.9166666666674 265.50000000000006 270.50000000000006 10.500000000000002 6.5000000000000009 256.50000000000006 14.500000000000002 3.5000000000000004 4.5000000000000009 1.5000000000000002 14.500000000000002
decision_type=2 2 2 2 2 2 2 2 2 2 2 2 2 2 2 2 2 2 2 2 2 2 2 2 2 2 2 2 2 2
left_child=1 3 8 4 -1 6 17 11 25 13 23 12 18 26 -5 16 22 -6 -4 20 -11 -18 -10 24 -3 -2 -9 28 -12 -30
right_child=2 10 7 14 5 -7 -8 9 15 19 27 -13 -14 -15 -16 -17 21 -19 -20 -21 -22 -23 -24 -25 -26 -27 -28 -29 29 -31
leaf_value=-5.7694672401568905 15.120875594084893 0.84335797365300547 22.760680026318099 -5.8769643275127894 78.443878218056511 -6.0205382189401044 -6.1768995592671061 21.507299612305818 16.778406293065146 24.422433208059743 2.6257074672619019 -18.565588216903883 23.544397187996125 39.494708692163371 -2.2182560114635788 -23.022423177198931 14.304294578609413 96.718663864686675 17.582062571663368 27.566593433666988 12.935357147421541 6.755663003124079 28.16289209452232 -11.228745901096636 -2.4391730137787455 8.2886525434306151 31.677516382940155 -12.721605895401595 12.782873667847737 4.8679475895443645
leaf_weight=14203 1033 35288 2883 220809 207 641 155 523 1130 5910 16461 78 7886 1483 6731 55 14005 1004 8082 7075 531 956 523 342 4894 8901 1591 154 733 6067
leaf_count=14203 1033 35288 2883 220809 207 641 155 523 1130 5910 16461 78 7886 1483 6731 55 14005 1004 8082 7075 531 956 523 342 4894 8901 1591 154 733 6067
internal_value=-0.0131734 -3.87367 18.9481 -5.27604 1.63992 54.0742 82.2738 23.8166 12.3524 27.2575 1.47248 20.7058 20.8683 33.4217 -5.76873 14.3507 14.4745 93.5949 18.9437 25.617 23.4754 13.8219 20.3804 0.345052 0.443559 8.99911 29.1614 3.42372 3.53061 5.72113
internal_weight=370334 307689 62645 243750 16210 2007 1366 36042 26603 17113 63939 18929 18851 3597 227540 16669 16614 1211 10965 13516 6441 14961 1653 40524 40182 9934 2114 23415 23261 6800
internal_count=370334 307689 62645 243750 16210 2007 1366 36042 26603 17113 63939 18929 18851 3597 227540 16669 16614 1211 10965 13516 6441 14961 1653 40524 40182 9934 2114 23415 23261 6800
is_linear=0
shrinkage=0.05


Tree=27
num_leaves=31
num_cat=0
split_feature=10 10 10 3 3 8 10 6 10 3 10 10 8 6 9 10 0 6 6 3 6 3 8 8 0 11 0 3 11 10
split_gain=9.92717e+09 8.8102e+08 6.90157e+08 3.02035e+08 2.25581e+09 7.6651e+08 2.63349e+08 1.68569e+08 3.52016e+08 1.46501e+08 9.51235e+07 6.82217e+07 5.72525e+07 3.67969e+07 3.6398e+07 3.44358e+07 2.98409e+07 6.76065e+07 2.47538e+07 2.39773e+07 2.625e+07 2.33404e+07 2.19435e+07 2.03431e+07 1.8876e+07 2.05372e+07 1.71474e+07 1.68846e+07 1.67175e+07 1.62174e+07
threshold=1034.2000000000003 368.83333333333343 1745.4833333333336 8.5000000000000018 7.5000000000000009 492.15500000000009 11.833333333333334 14.500000000000002 1.0000000180025095e-35 14.500000000000002 2155.8333333333339 695.38333333333344 1017.3635714285716 4.5000000000000009 1804.4843333333336 295.16666666666669 18.500000000000004 6.5000000000000009 3.5000000000000004 256.50000000000006 4.5000000000000009 265.50000000000006 1925.7600000000002 426.6571428571429 18.500000000000004 5662.2650000000012 16.500000000000004 45.500000000000007 13348.465000000002 513.50000000000011
decision_type=2 2 2 2 2 2 2 2 2 2 2 2 2 2 2 2 2 2 2 2 2 2 2 2 2 2 2 2 2 2
left_child=1 3 12 4 -1 7 24 8 16 14 18 19 13 -2 26 -5 17 -6 28 20 29 22 -12 -18 25 -7 -4 -14 -11 -3
right_child=2 11 9 15 5 6 -8 -9 -10 10 21 -13 27 -15 -16 -17 23 -19 -20 -21 -22 -23 -24 -25 -26 -27 -28 -29 -30 -31
leaf_value=-5.456312846508502 9.778538383428236 0.24449817238892196 29.644466382659989 -5.592563574902929 78.712212264117071 78.339545359305291 -5.9882877905157557 -5.5579712953542995 -4.2328545639878614 20.526481563418002 22.638699792396523 4.7856940583222949 16.476271038054996 -20.68056638264656 34.664650937510764 -2.3421181731133829 90.850463084685501 5.8941409989899283 -13.213685701354857 -2.3178000073928673 -10.366151775189532 19.423777285161563 26.317477031914724 56.795461498323043 97.26294220413142 104.22072627364949 19.311189691425241 12.840870069604273 16.86512411623119 2.1361103276773536
leaf_weight=14329 11741 21415 966 219772 85 436 79 389 295 5515 7637 13068 5342 100 2869 8462 156 51 62 5697 492 2524 8639 61 402 93 687 7943 7172 24062
leaf_count=14329 11741 21415 966 219772 85 436 79 389 295 5515 7637 13068 5342 100 2869 8462 156 51 62 5697 492 2524 8639 61 402 93 687 7943 7172 24062
internal_value=0.0113226 -3.62874 18.4114 -5.00143 1.55772 50.656 81.6586 20.4606 36.0797 22.843 21.6367 1.55822 12.0494 9.5213 31.2597 -5.47205 69.7687 51.4054 18.3027 0.741888 1.12108 23.8976 24.5913 81.2774 89.0959 82.8895 25.3499 14.3027 18.4567 1.24536
internal_weight=370541 309344 61197 244610 16376 2047 1010 1037 648 36071 31549 64734 25126 11841 4522 228234 353 136 12749 51666 45969 18800 16276 217 931 529 1653 13285 12687 45477
internal_count=370541 309344 61197 244610 16376 2047 1010 1037 648 36071 31549 64734 25126 11841 4522 228234 353 136 12749 51666 45969 18800 16276 217 931 529 1653 13285 12687 45477
is_linear=0
shrinkage=0.05


Tree=28
num_leaves=31
num_cat=0
split_feature=10 10 9 3 3 4 6 9 3 10 10 3 4 10 0 10 3 3 6 9 10 4 8 10 6 3 9 3 3 9
split_gain=8.9263e+09 7.2922e+08 6.93251e+08 2.66342e+08 2.03065e+09 1.07993e+09 4.87402e+08 1.12195e+08 1.03415e+08 5.13817e+07 4.86255e+07 3.31551e+07 2.34731e+07 4.31077e+07 2.21312e+07 2.27512e+07 2.10346e+07 2.03195e+07 1.95897e+07 1.88921e+07 1.87182e+07 1.82977e+07 1.77618e+07 1.72598e+07 1.6632e+07 1.65199e+07 1.64591e+07 1.65508e+07 1.61391e+07 1.5876e+07
threshold=941.90000000000009 346.50000000000006 1554.7928333333336 8.5000000000000018 7.5000000000000009 1.0000000180025095e-35 30.500000000000004 1121.5418333333334 14.500000000000002 2198.5166666666669 545.83333333333337 260.50000000000006 1.0000000180025095e-35 203.65000000000003 23.500000000000004 2444.1500000000001 15.500000000000002 260.50000000000006 4.5000000000000009 530.63900000000001 2955.1166666666672 1.5000000000000002 486.76000000000005 1686.7166666666669 4.5000000000000009 14.500000000000002 2194.8705000000004 273.50000000000006 260.50000000000006 890.74450000000013
decision_type=2 2 2 2 2 2 2 2 2 2 2 2 2 2 2 2 2 2 2 2 2 2 2 2 2 2 2 2 2 2
left_child=1 3 7 4 -1 6 19 16 14 22 -3 23 -5 -14 15 -4 -2 20 21 -6 -11 -12 -10 -9 28 -23 27 -24 29 -18
right_child=2 10 8 12 5 -7 -8 11 9 17 18 -13 13 -15 -16 -17 24 -19 -20 -21 -22 25 26 -25 -26 -27 -28 -29 -30 -31
leaf_value=-5.2856353056719341 14.314345975111252 -0.18868458512498335 28.264937913409245 -5.5829548247194545 82.899808581641665 -5.8053589771428946 -5.5901729159884983 13.927676969599279 -11.193855426788332 23.407339226396594 2.0536981146323594 7.9198212629848577 -4.8614088068822312 -0.44135531344658818 20.366539632837878 36.595506822095977 7.5630907107137464 19.201827820008532 -12.070886019656534 107.35250168519863 30.892160325867419 12.61455063091968 18.902615622567023 17.308380704050553 -14.187029383182526 4.1964326384088402 29.297341858858076 11.118970846382757 3.3963907498744876 11.014387449107598
leaf_weight=14044 1772 33476 2086 155361 1117 627 171 7253 50 12927 25815 1511 63943 6037 509 1350 7053 2774 228 85 893 652 8583 7874 80 5491 352 742 1319 6316
leaf_count=14044 1772 33476 2086 155361 1117 627 171 7253 50 12927 25815 1511 63943 6037 509 1350 7053 2774 228 85 893 652 8583 7874 80 5491 352 742 1319 6316
internal_value=0.00141763 -3.52643 17.075 -4.79729 1.42712 48.5641 73.3927 12.083 22.5472 21.4157 1.14549 14.982 -5.24046 -4.4801 30.0966 31.538 9.16682 23.1071 2.53313 84.629 23.891 2.63732 18.5303 15.6874 8.54918 5.08991 18.6839 18.2833 8.67301 9.19361
internal_weight=370491 307047 63444 241385 16044 2000 1373 33178 30266 26321 65662 16638 225341 69980 3945 3436 16540 16594 32186 1202 13820 31958 9727 15127 14768 6143 9677 9325 14688 13369
internal_count=370491 307047 63444 241385 16044 2000 1373 33178 30266 26321 65662 16638 225341 69980 3945 3436 16540 16594 32186 1202 13820 31958 9727 15127 14768 6143 9677 9325 14688 13369
is_linear=0
shrinkage=0.05


Tree=29
num_leaves=31
num_cat=0
split_feature=10 10 9 3 3 4 6 9 10 3 8 10 3 10 3 3 6 3 3 10 3 9 3 3 9 10 10 6 3 0
split_gain=8.0553e+09 8.33491e+08 4.32345e+08 2.36896e+08 1.78065e+09 9.93138e+08 4.27413e+08 8.92008e+07 8.00774e+07 7.88852e+07 4.69568e+07 3.70389e+07 3.62785e+07 2.84141e+07 2.39993e+07 2.29982e+07 2.53927e+07 2.1663e+07 1.95026e+07 1.90584e+07 1.8927e+07 1.79443e+07 2.37169e+07 2.08176e+07 1.75014e+07 1.6797e+07 1.56579e+07 1.44809e+07 1.5032e+07 1.43053e+07
threshold=1160.1500000000003 383.83333333333343 1697.2931666666666 8.5000000000000018 7.5000000000000009 1.0000000180025095e-35 30.500000000000004 1235.1773333333335 754.36666666666679 14.500000000000002 372.08500000000009 298.50000000000006 265.50000000000006 2418.9166666666674 14.500000000000002 256.50000000000006 4.5000000000000009 14.500000000000002 268.50000000000006 2577.1000000000004 6.5000000000000009 2194.8705000000004 88.500000000000014 51.500000000000007 213.53250000000006 2031.3000000000002 509.16666666666669 4.5000000000000009 14.500000000000002 19.500000000000004
decision_type=2 2 2 2 2 2 2 2 2 2 2 2 2 2 2 2 2 2 2 2 2 2 2 2 2 2 2 2 2 2
left_child=1 3 7 4 -1 6 24 17 15 19 -11 -5 14 18 20 16 26 -2 21 -4 -9 22 23 -12 -6 -16 -3 28 -10 -21
right_child=2 8 9 11 5 -7 -8 12 27 10 13 -13 -14 -15 25 -17 -18 -19 -20 29 -22 -23 -24 -25 -26 -27 -28 -29 -30 -31
leaf_value=-4.8818313091668246 16.667125071055661 0.34170968185690104 26.72248708578104 -5.039534792824699 67.008252766810429 -5.1048188680625826 -5.3107518763769246 15.670660362890988 10.607606376049183 -27.309070285797119 20.06560895506631 -1.883482614147608 7.8580931652509083 23.111903832577077 14.769983620125778 -2.027581700491293 -10.122995067092608 9.9451950967075451 13.470367484171531 38.78528673174614 25.832900290638992 25.620293440268764 22.978535584350876 13.95666575680913 82.664691703428474 18.663422178419122 2.1981063594757937 -12.655439933286894 5.0247028029737653 26.580575420470211
leaf_weight=14393 1317 18675 2284 220750 218 664 168 767 1358 50 3293 9705 1323 10202 10765 5607 477 13331 1210 729 1138 1321 2984 2419 985 3730 28994 109 10750 358
leaf_count=14393 1317 18675 2284 220750 218 664 168 767 1358 50 3293 9705 1323 10202 10765 5607 477 13331 1210 729 1138 1321 2984 2419 985 3730 28994 109 10750 358
internal_value=-0.00421649 -3.15903 17.2446 -4.4931 1.30792 45.0863 69.3948 13.4366 1.83352 22.205 21.089 -4.90663 15.8228 21.2019 16.4653 1.00303 1.35597 10.5496 19.4664 29.3161 21.7413 20.1906 19.3658 17.4785 79.8275 15.7719 1.47084 5.48754 5.65087 34.7657
internal_weight=370074 312853 57221 246883 16428 2035 1371 32371 65970 24850 21479 230455 17723 21429 16400 53753 48146 14648 11227 3371 1905 10017 8696 5712 1203 14495 47669 12217 12108 1087
internal_count=370074 312853 57221 246883 16428 2035 1371 32371 65970 24850 21479 230455 17723 21429 16400 53753 48146 14648 11227 3371 1905 10017 8696 5712 1203 14495 47669 12217 12108 1087
is_linear=0
shrinkage=0.05


Tree=30
num_leaves=31
num_cat=0
split_feature=10 10 9 3 3 4 6 10 3 4 10 8 10 6 6 9 3 9 3 3 3 3 3 10 3 3 3 3 0 8
split_gain=7.26712e+09 7.41407e+08 4.33481e+08 2.21758e+08 1.65317e+09 9.56108e+08 3.92322e+08 8.51615e+07 7.5239e+07 6.7371e+07 4.47754e+07 4.37966e+07 3.68753e+07 2.58944e+07 2.3113e+07 2.11423e+07 2.10654e+07 1.99337e+07 2.32364e+07 1.97764e+07 1.95649e+07 1.78001e+07 1.69447e+07 1.64947e+07 1.59958e+07 1.59854e+07 1.56879e+07 2.3739e+07 3.72376e+07 1.5944e+07
threshold=1160.1500000000003 397.50000000000006 1697.2931666666666 8.5000000000000018 7.5000000000000009 1.0000000180025095e-35 30.500000000000004 1686.7166666666669 14.500000000000002 1.5000000000000002 298.50000000000006 375.78428571428577 2548.1500000000001 5.5000000000000009 5.5000000000000009 210.23783333333338 37.500000000000007 2530.8520000000003 267.50000000000006 196.00000000000003 14.500000000000002 14.500000000000002 137.50000000000003 2394.6000000000004 267.50000000000006 3.5000000000000004 68.500000000000014 58.500000000000007 20.500000000000004 1669.8157142857144
decision_type=2 2 2 2 2 2 2 2 2 2 2 2 2 2 2 2 2 2 2 2 2 2 2 2 2 2 2 2 2 2
left_child=1 3 7 4 -1 6 15 14 23 19 -5 -10 17 21 16 -6 -2 18 26 -3 25 -11 -14 -4 -22 -9 27 29 -29 -13
right_child=2 9 8 10 5 -7 -8 20 11 13 -12 12 22 -15 -16 -17 -18 -19 -20 -21 24 -23 -24 -25 -26 -27 -28 28 -30 -31
leaf_value=-4.6191859443169108 13.095945385537584 1.3661300259693625 24.731855188425868 -4.7901615112025828 61.990433717122897 -4.7776379092591155 -5.0451802442173763 9.6257518204269701 -26.5259426651001 10.849159023517448 -1.6339942006016703 15.334027334995495 24.627120205580219 -11.354307389870669 -23.607018859863285 79.585922293042472 9.3739347758174087 29.336603721055116 12.720600208547514 -1.7435754224417463 15.315238922742035 4.7626665425207708 18.990545283398795 31.731205035069252 7.5890524307886764 23.346441599203914 21.307481414086041 19.685387823376434 3.6403062244313595 21.016069429773538
leaf_weight=14608 5314 45432 1674 220733 205 700 167 257 50 1351 11840 1826 5433 234 50 1021 13356 440 1533 5761 11592 10836 1767 1693 711 1220 5288 755 694 3812
leaf_count=14608 5314 45432 1674 220733 205 700 167 257 50 1351 11840 1826 5433 234 50 1021 13356 440 1533 5761 11592 10836 1767 1693 711 1220 5288 755 694 3812
internal_value=0.00126968 -3.00031 16.3444 -4.22985 1.33533 42.8946 66.8505 12.5383 21.2993 1.81768 -4.62948 20.2155 20.3239 5.12105 10.3424 76.6438 10.4333 18.8587 18.5272 1.01618 15.5215 5.43739 23.2438 28.2513 14.8687 20.959 19.2465 17.7088 12.0006 19.1758
internal_weight=370353 312888 57465 249274 16701 2093 1393 32500 24965 63614 232573 21598 21548 12421 18720 1226 18670 14348 13908 51193 13780 12187 7200 3367 12303 1477 12375 7087 1449 5638
internal_count=370353 312888 57465 249274 16701 2093 1393 32500 24965 63614 232573 21598 21548 12421 18720 1226 18670 14348 13908 51193 13780 12187 7200 3367 12303 1477 12375 7087 1449 5638
is_linear=0
shrinkage=0.05


Tree=31
num_leaves=31
num_cat=0
split_feature=10 10 10 3 3 4 6 9 8 3 10 3 8 6 6 3 6 9 6 3 4 10 6 9 10 3 3 6 9 0
split_gain=6.57766e+09 5.64806e+08 5.03161e+08 1.9242e+08 1.51656e+09 7.60129e+08 3.42094e+08 1.03792e+08 5.79448e+07 5.50766e+07 4.1119e+07 2.90883e+07 2.83177e+07 2.81629e+07 2.05498e+07 2.00004e+07 1.95036e+07 1.85775e+07 1.58412e+07 1.55565e+07 1.42829e+07 4.10564e+07 1.4922e+07 1.42305e+07 1.40311e+07 1.37667e+07 1.88293e+07 1.45504e+07 1.33122e+07 1.22409e+07
threshold=884.35000000000002 1745.4833333333336 298.50000000000006 8.5000000000000018 7.5000000000000009 1.0000000180025095e-35 30.500000000000004 1998.7498333333335 932.21785714285727 14.500000000000002 482.16666666666669 267.50000000000006 1879.7300000000002 5.5000000000000009 3.5000000000000004 263.50000000000006 6.5000000000000009 395.36150000000004 4.5000000000000009 261.50000000000006 1.0000000180025095e-35 223.50000000000003 6.5000000000000009 1307.0473333333337 2418.9166666666674 92.500000000000014 14.500000000000002 1.5000000000000002 890.74450000000013 16.500000000000004
decision_type=2 2 2 2 2 2 2 2 2 2 2 2 2 2 2 2 2 2 2 2 2 2 2 2 2 2 2 2 2 2
left_child=2 8 3 4 -1 6 17 11 13 -9 16 12 25 28 -11 23 -4 -6 19 -12 -5 -22 -23 -10 29 26 27 -3 -2 -14
right_child=1 7 10 20 5 -7 -8 9 15 14 18 -13 24 -15 -16 -17 -18 -19 -20 -21 21 22 -24 -25 -26 -27 -28 -29 -30 -31
leaf_value=-4.6301327741588372 5.7277854286532026 19.453884801487405 -0.63613843399986991 -4.8069439129873466 68.518213479717573 -5.1996156671312121 -4.7930118467749621 29.45284956473229 10.627659578467741 20.841919898856951 2.0625116738530029 9.5065588023696073 20.991685011471148 -18.360622632825699 -8.2545797504362515 4.7253761928523472 -10.423076498072042 82.71816748461157 -9.1840963289186401 -1.3892371886673676 -4.122040098007985 6.0614843341546196 -7.9050820594411269 13.897463370129868 23.949460672932599 18.018060662394905 14.013858795779917 39.81646961261891 9.128789846445148 16.071884579686792
leaf_weight=13908 8101 715 26551 155087 888 585 164 2117 10085 11672 37877 1388 2440 111 61 1101 519 311 333 3572 63783 1343 223 4966 1499 4505 8947 100 4462 2624
leaf_count=13908 8101 715 26551 155087 888 585 164 2117 10085 11672 37877 1388 2440 111 61 1101 519 311 333 3572 63783 1343 223 4966 1499 4505 8947 100 4462 2624
internal_value=0.00717339 14.4627 -3.06703 -4.16301 1.15703 42.4752 62.9372 18.6328 9.24488 22.03 0.694263 16.5151 16.9821 6.71417 20.6906 11.2306 -0.823779 72.2014 1.67778 1.76505 -4.54569 -3.92567 4.07263 11.7065 19.7002 15.7317 14.6766 21.9524 6.93572 18.4424
internal_weight=370038 64894 305144 236292 15856 1948 1363 36068 28826 13850 68852 22218 20830 12674 11733 16152 27070 1199 41782 41449 220436 65349 1566 15051 6563 14267 9762 815 12563 5064
internal_count=370038 64894 305144 236292 15856 1948 1363 36068 28826 13850 68852 22218 20830 12674 11733 16152 27070 1199 41782 41449 220436 65349 1566 15051 6563 14267 9762 815 12563 5064
is_linear=0
shrinkage=0.05


Tree=32
num_leaves=31
num_cat=0
split_feature=10 9 10 3 3 4 6 9 3 8 10 3 10 3 10 10 9 9 9 4 10 3 0 3 6 3 3 3 0 8
split_gain=5.92688e+09 4.84728e+08 4.72935e+08 1.75194e+08 1.34928e+09 7.06282e+08 3.0878e+08 1.11737e+08 7.3682e+07 4.2654e+07 3.54116e+07 3.33565e+07 2.52094e+07 2.17026e+07 1.86421e+07 1.75312e+07 1.70958e+07 1.68599e+07 1.63887e+07 1.57635e+07 3.32335e+07 1.54192e+07 1.50927e+07 1.60026e+07 1.48766e+07 1.45155e+07 1.40979e+07 2.04337e+07 2.95275e+07 1.96572e+07
threshold=913.35000000000002 1697.2931666666666 326.16666666666669 8.5000000000000018 7.5000000000000009 1.0000000180025095e-35 30.500000000000004 1121.5418333333334 14.500000000000002 346.81642857142862 576.50000000000011 267.50000000000006 2577.1000000000004 261.50000000000006 1686.7166666666669 2577.1000000000004 463.73333333333335 724.95550000000014 2530.8520000000003 1.0000000180025095e-35 207.16666666666669 9.5000000000000018 15.500000000000002 5.5000000000000009 6.5000000000000009 272.50000000000006 68.500000000000014 61.500000000000007 19.500000000000004 1669.8157142857144
decision_type=2 2 2 2 2 2 2 2 2 2 2 2 2 2 2 2 2 2 2 2 2 2 2 2 2 2 2 2 2 2
left_child=2 7 3 4 -1 6 16 13 15 -10 24 14 18 17 -9 21 -6 -2 25 -5 -21 -3 -17 -24 -4 26 27 29 -29 -11
right_child=1 8 10 19 5 -7 -8 11 9 12 -12 -13 -14 -15 -16 22 -18 -19 -20 20 -22 -23 23 -25 -26 -27 -28 28 -30 -31
leaf_value=-4.3386536404321108 4.8655298599115344 20.704382578795684 -0.015093078377864897 -4.5733025488555326 66.317981029795519 -4.841835778523115 -4.5533224338438449 11.380981757356704 -27.463380521886492 12.951602389108373 2.2318386230154448 5.5048606865397263 20.912813561326129 1.2684662578023107 14.459371560706026 39.298562304667939 84.260197439319214 8.7486105458450929 26.208462698405771 -3.9284343210374049 0.89845435457934875 29.39012876628146 31.757982702235907 14.774579238505561 -9.259033321033824 11.585530877026724 19.16724572449732 18.309124982989566 1.4166390740740908 18.903952461107338
leaf_weight=13989 3619 1485 40243 155483 1049 612 164 8133 51 2059 26570 1494 6516 1353 12441 390 152 12283 487 63832 3777 779 493 193 440 1187 5942 490 548 4250
leaf_count=13989 3619 1485 40243 155483 1049 612 164 8133 51 2059 26570 1494 6516 1353 12441 390 152 12283 487 63832 3777 779 493 193 440 1187 5942 490 548 4250
internal_value=0.00301973 13.8172 -2.89199 -3.93405 1.12563 39.7902 59.801 10.3618 19.2805 18.2086 0.812136 12.7186 18.3171 7.34765 13.2425 26.1903 68.5888 7.86489 17.1867 -4.29615 -3.65878 23.693 31.4448 26.9799 -0.115069 16.8832 17.3564 15.8918 9.39093 16.9613
internal_weight=370504 64193 306311 239058 15966 1977 1365 39323 24870 21530 67253 22068 21479 17255 20574 3340 1201 15902 14963 223092 67609 2264 1076 686 40683 14476 13289 7347 1038 6309
internal_count=370504 64193 306311 239058 15966 1977 1365 39323 24870 21530 67253 22068 21479 17255 20574 3340 1201 15902 14963 223092 67609 2264 1076 686 40683 14476 13289 7347 1038 6309
is_linear=0
shrinkage=0.05


Tree=33
num_leaves=31
num_cat=0
split_feature=10 10 9 3 3 4 6 10 10 3 6 3 10 10 9 3 6 6 3 10 3 9 3 6 9 0 3 3 6 3
split_gain=5.41465e+09 5.55094e+08 3.06554e+08 1.51746e+08 1.14124e+09 6.58793e+08 2.84379e+08 6.39473e+07 5.43941e+07 5.22125e+07 2.85418e+07 3.04756e+07 2.67574e+07 2.32076e+07 1.97157e+07 2.02441e+07 1.95573e+07 1.8695e+07 1.78781e+07 1.65809e+07 1.64072e+07 1.60742e+07 1.55869e+07 1.72331e+07 1.28195e+07 1.38605e+07 1.27182e+07 1.62397e+07 1.23999e+07 1.22662e+07
threshold=1160.1500000000003 383.83333333333343 1697.2931666666666 8.5000000000000018 7.5000000000000009 1.0000000180025095e-35 30.500000000000004 1686.7166666666669 754.36666666666679 20.500000000000004 3.5000000000000004 84.500000000000014 2548.1500000000001 278.50000000000006 2194.8705000000004 28.500000000000004 4.5000000000000009 4.5000000000000009 260.50000000000006 2324.1500000000001 267.50000000000006 1307.0473333333337 256.50000000000006 4.5000000000000009 339.08483333333339 18.500000000000004 14.500000000000002 6.5000000000000009 4.5000000000000009 14.500000000000002
decision_type=2 2 2 2 2 2 2 2 2 2 2 2 2 2 2 2 2 2 2 2 2 2 2 2 2 2 2 2 2 2
left_child=1 3 7 4 -1 6 24 16 22 19 12 -12 14 -5 -11 -16 18 -15 21 -4 26 29 23 -3 25 28 27 -9 -6 -2
right_child=2 8 9 13 5 -7 -8 20 -10 10 11 -13 -14 17 15 -17 -18 -19 -20 -21 -22 -23 -24 -25 -26 -27 -28 -29 -30 -31
leaf_value=-3.9778390664446892 13.346990782561926 1.1992821666882663 19.779105993850564 -4.130882083568344 64.267756030840033 -4.2098421169944924 -4.3255168959673709 11.046900157014768 4.5146872268078413 15.168307660470113 20.681241867065431 -32.17326839447022 19.921516877204372 -0.98620864250301876 38.152881325271032 18.967913464672463 -18.552478650957347 -4.927513594548687 4.3338370033936853 25.956961173441574 6.1404861171650182 12.574055370741176 -1.6708977871991022 -8.3617850103298164 70.911749503731741 67.049891285994292 13.377230759140355 22.164161023022743 44.380399421485698 8.3153464227109311
leaf_weight=14400 1348 47652 1933 215459 136 678 170 501 12170 10900 50 60 6892 10731 146 2363 64 4181 1757 2479 713 3645 5652 476 500 365 11611 954 185 11939
leaf_count=14400 1348 47652 1933 215459 136 678 170 501 12170 10900 50 60 6892 10731 146 2363 64 4181 1757 2479 713 3645 5652 476 500 365 11611 954 185 11939
internal_value=0.0110082 -2.57883 14.1333 -3.66772 0.974162 36.0326 56.1538 10.9403 1.4961 18.3181 17.2519 -8.14849 17.3895 -3.99886 16.0882 20.0843 9.04006 -2.09126 9.13455 23.2503 13.5264 9.63271 0.813017 1.10472 64.8228 60.3848 13.9294 18.3362 52.8062 8.82582
internal_weight=370110 312755 57355 246805 16434 2034 1356 32532 65950 24823 20411 110 20301 230371 13409 2509 18753 14912 18689 4412 13779 16932 53780 48128 1186 686 13066 1455 321 13287
internal_count=370110 312755 57355 246805 16434 2034 1356 32532 65950 24823 20411 110 20301 230371 13409 2509 18753 14912 18689 4412 13779 16932 53780 48128 1186 686 13066 1455 321 13287
is_linear=0
shrinkage=0.05


Tree=34
num_leaves=31
num_cat=0
split_feature=10 10 9 3 3 4 6 9 3 10 10 6 3 3 3 9 3 10 9 10 6 1 3 3 3 3 3 10 11 9
split_gain=4.82163e+09 4.47534e+08 3.3487e+08 1.40379e+08 1.05311e+09 6.13226e+08 2.51405e+08 7.29917e+07 6.88415e+07 3.12421e+07 3.07531e+07 2.59527e+07 3.0515e+07 1.87821e+07 2.07922e+07 2.1798e+07 1.84394e+07 2.21324e+07 1.86948e+07 1.68322e+07 1.66891e+07 1.60834e+07 1.60284e+07 1.53771e+07 1.51593e+07 1.49272e+07 2.16833e+07 2.11258e+07 1.85933e+07 1.46916e+07
threshold=1064.7666666666669 406.83333333333343 1697.2931666666666 8.5000000000000018 7.5000000000000009 1.0000000180025095e-35 30.500000000000004 1235.1773333333335 14.500000000000002 667.4000000000002 281.83333333333343 3.5000000000000004 82.500000000000014 14.500000000000002 11.500000000000002 1592.5745000000004 9.5000000000000018 2812.8500000000008 2087.0383333333334 1965.7166666666669 5.5000000000000009 5.5000000000000009 273.50000000000006 260.50000000000006 265.50000000000006 68.500000000000014 59.500000000000007 3076.1000000000008 29214.375000000004 210.23783333333338
decision_type=2 2 2 2 2 2 2 2 2 2 2 2 2 2 2 2 2 2 2 2 2 2 2 2 2 2 2 2 2 2
left_child=1 3 7 4 -1 6 29 24 16 -3 -5 19 -13 14 -9 -16 18 -18 -4 -10 -12 23 -15 25 -2 26 -21 28 -28 -6
right_child=2 9 8 10 5 -7 -8 13 11 -11 20 12 -14 22 15 -17 17 -19 -20 21 -22 -23 -24 -25 -26 -27 27 -29 -30 -31
leaf_value=-3.7305376075137966 7.9194071288790768 0.66693675803096431 16.325897109787341 -3.9218221703683867 49.424685793909532 -3.8410215998999777 -4.1093757236365116 13.936455280311726 12.047882940107838 3.2080286268526113 -1.0140471276783141 20.799243237422065 -31.138285286195817 11.887739627473103 20.322779319151529 47.123123426583355 27.518173711253123 55.069342736352851 25.3981694615618 18.222467437348659 -4.8716941621446708 13.689792075621785 4.7984621934539637 14.205823060567822 1.8886801356543526 20.399917772463603 6.5803868981022662 30.809009609649429 18.949367190194579 64.173019760300917
leaf_weight=14642 16561 42102 978 216073 203 696 165 1488 1953 16972 14409 52 62 15022 336 98 943 79 1354 6672 3481 3220 842 2824 1112 5083 1072 134 424 1004
leaf_count=14642 16561 42102 978 216073 203 696 165 1488 1953 16972 14409 52 62 15022 336 98 943 79 1354 6672 3481 3220 842 2824 1112 5083 1072 134 424 1004
internal_value=0.000340007 -2.51804 12.9347 -3.44066 0.986774 34.3866 53.7791 9.81571 17.3853 1.39699 -3.75687 16.3458 -7.44748 12.077 16.745 26.3745 24.0477 29.6479 21.5934 16.4726 -1.76466 16.9174 11.5115 17.5586 7.53995 18.266 16.9595 11.7896 10.086 61.6926
internal_weight=370056 309747 60309 250673 16710 2068 1372 35459 24850 59074 233963 21496 114 17786 1922 434 3354 1022 2332 21382 17890 19429 15864 16209 17673 13385 8302 1630 1496 1207
internal_count=370056 309747 60309 250673 16710 2068 1372 35459 24850 59074 233963 21496 114 17786 1922 434 3354 1022 2332 21382 17890 19429 15864 16209 17673 13385 8302 1630 1496 1207
is_linear=0
shrinkage=0.05


Tree=35
num_leaves=31
num_cat=0
split_feature=10 10 9 3 3 4 8 3 8 10 9 10 0 9 10 3 9 3 9 4 10 3 8 3 8 3 3 1 11 11
split_gain=4.32169e+09 4.44497e+08 2.44967e+08 1.24265e+08 9.27982e+08 5.56169e+08 2.31903e+08 7.15947e+07 4.34143e+07 4.11714e+07 3.25209e+07 3.18926e+07 2.526e+07 2.59697e+07 2.41576e+07 2.04098e+07 1.53002e+07 1.98092e+07 1.45893e+07 1.39916e+07 1.37952e+07 1.31324e+07 1.26093e+07 1.21701e+07 1.20834e+07 1.64539e+07 1.61583e+07 1.29877e+07 1.19039e+07 1.29304e+07
threshold=1160.1500000000003 397.50000000000006 1554.7928333333336 8.5000000000000018 7.5000000000000009 1.0000000180025095e-35 8.7857142857142865 14.500000000000002 298.5814285714286 695.38333333333344 1235.1773333333335 2548.1500000000001 13.500000000000002 1804.4843333333336 278.50000000000006 255.50000000000003 2530.8520000000003 267.50000000000006 2530.8520000000003 1.0000000180025095e-35 298.50000000000006 255.50000000000003 2430.840714285715 14.500000000000002 1879.7300000000002 66.500000000000014 44.500000000000007 2.5000000000000004 10040.155000000001 13348.465000000002
decision_type=2 2 2 2 2 2 2 2 2 2 2 2 2 2 2 2 2 2 2 2 2 2 2 2 2 2 2 2 2 2
left_child=1 3 10 4 -1 6 -6 12 -9 21 23 16 18 22 -5 -12 17 24 -4 -16 -21 -3 -14 -2 25 26 27 -10 -28 -30
right_child=2 9 7 14 5 -7 -8 8 11 -11 15 -13 13 -15 19 -17 -18 -19 -20 20 -22 -23 -24 -25 -26 -27 28 -29 29 -31
leaf_value=-3.5606787919358158 12.131028387190774 0.9287097018655226 27.058313995983038 -3.7266262824154959 -3.1823964257572972 -3.6002349515223537 58.955888204052172 -31.786629241943359 9.8998482542337332 3.5130902726401554 11.750882031995665 17.663478732458398 14.091464333727879 22.248823116772357 -4.1824788624762421 5.2784926899106752 22.909599053506351 8.7800596002793245 53.931438241139894 5.2839024033232365 -1.3657506752512671 -1.7229372167270443 -4.0705185543026845 7.1071044076731553 15.622632217614916 15.291018215418354 13.426699324064622 16.823287394026789 -4.3341532066352384 7.6621981094377194
leaf_weight=14524 1325 41705 1073 215403 172 709 1182 50 1242 16846 11043 7273 591 2095 4465 1369 447 1949 53 835 11831 5258 114 13360 7342 4049 729 1490 266 1444
leaf_count=14524 1325 41705 1073 215403 172 709 1182 50 1242 16846 11043 7273 591 2095 4465 1369 447 1949 53 835 11831 5258 114 13360 7342 4049 729 1490 266 1444
internal_value=-0.0192665 -2.33094 12.6045 -3.28466 0.896523 32.2763 51.0624 15.7008 14.76 1.3925 9.15289 14.8487 21.9988 19.4555 -3.58291 11.037 13.7688 13.5481 28.3232 -1.77578 -0.927375 0.63183 11.1546 7.5604 14.1092 12.904 11.0349 13.6758 8.07683 5.7961
internal_weight=370234 312930 57304 249121 16587 2063 1354 30207 26281 63809 27097 26231 3926 2800 232534 12412 18958 18511 1126 17131 12666 46963 705 14685 16562 9220 5171 2732 2439 1710
internal_count=370234 312930 57304 249121 16587 2063 1354 30207 26281 63809 27097 26231 3926 2800 232534 12412 18958 18511 1126 17131 12666 46963 705 14685 16562 9220 5171 2732 2439 1710
is_linear=0
shrinkage=0.05


Tree=36
num_leaves=31
num_cat=0
split_feature=10 10 10 9 10 8 10 1 1 0 0 0 0 7 6 11 10 10 9 6 10 11 6 1 11 8 6 6 8 8
split_gain=3.94067e+09 3.44698e+08 3.11739e+08 5.22233e+07 4.54656e+07 2.47317e+07 5.53398e+07 5.29841e+07 7.87934e+07 1.35542e+08 9.61537e+07 9.14893e+07 2.17922e+08 6.91303e+07 2.44849e+07 2.29956e+07 1.86857e+07 1.63942e+07 1.60412e+07 1.5625e+07 1.52456e+07 2.48944e+07 1.39379e+07 1.32186e+07 1.37169e+07 1.67388e+07 1.84327e+07 1.368e+07 1.19426e+07 1.11546e+07
threshold=913.35000000000002 1832.116666666667 374.16666666666669 1998.7498333333335 1344.8833333333334 639.41500000000008 1.0000000180025095e-35 3.5000000000000004 2.5000000000000004 12.500000000000002 11.500000000000002 18.500000000000004 19.500000000000004 23.500000000000004 4.5000000000000009 2637.7850000000003 610.83333333333337 278.50000000000006 339.08483333333339 3.5000000000000004 2132.4000000000005 12557.920000000002 4.5000000000000009 5.5000000000000009 12557.920000000002 2340.6650000000004 2.5000000000000004 1.5000000000000002 1925.7600000000002 647.82000000000005
decision_type=2 2 2 2 2 2 2 2 2 2 2 2 2 2 2 2 2 2 2 2 2 2 2 2 2 2 2 2 2 2
left_child=2 4 5 20 29 17 7 8 11 10 -10 -7 15 -12 -6 -13 -4 -1 -15 23 21 -3 -19 24 27 26 -26 -5 -22 -2
right_child=1 3 16 19 14 6 -8 -9 9 -11 13 12 -14 18 -16 -17 -18 22 -20 -21 28 -23 -24 -25 25 -27 -28 -29 -30 -31
leaf_value=-3.3863440532222349 2.6661330762490789 14.922812712802164 0.20810938153404945 14.397072313844568 9.2111450926784268 -3.6416688537597661 -3.7673177183367295 -3.6269835328185938 -3.7139511526066027 -3.6453557505618619 -10.326801520127518 55.967953986357031 -3.640989714507783 36.190732342749833 -25.82606785583496 26.160027831324033 2.0487543013882266 -0.60416881162736247 57.533514254989363 -8.2815532557169593 13.239218139380236 9.7230582408288839 -4.2868090196794597 14.201068707432029 16.818550858410592 22.167670660321594 45.971202544299047 21.967809388972054 16.950087708681263 6.0783938059322384
leaf_weight=216545 3171 3774 39719 3329 18224 2240 9011 2412 137 433 52 237 557 128 50 89 21120 9755 282 60 6006 5901 3488 2769 3832 3076 55 727 3393 9787
leaf_count=216545 3171 3774 39719 3329 18224 2240 9011 2412 137 433 52 237 557 128 50 89 21120 9755 282 60 6006 5901 3488 2769 3832 3076 55 727 3393 9787
internal_value=0.00395334 11.2717 -2.35679 14.8414 7.50884 -3.1512 -1.22324 2.26764 5.68951 17.6673 33.0736 1.73144 15.362 43.9824 9.11528 47.8302 0.847081 -3.2819 50.8704 17.1786 13.1446 11.7514 -1.57412 17.2894 18.0655 19.4119 17.2311 15.7541 14.5788 5.24337
internal_weight=370359 64154 306205 32922 31232 245366 15578 6567 4155 1032 599 3123 883 462 18274 326 60839 229788 410 13848 19074 9675 13243 13788 11019 6963 3887 4056 9399 12958
internal_count=370359 64154 306205 32922 31232 245366 15578 6567 4155 1032 599 3123 883 462 18274 326 60839 229788 410 13848 19074 9675 13243 13788 11019 6963 3887 4056 9399 12958
is_linear=0
shrinkage=0.05


Tree=37
num_leaves=31
num_cat=0
split_feature=10 10 9 3 3 4 6 3 4 8 10 9 4 10 3 6 9 3 6 10 6 3 3 3 6 3 11 0 10 8
split_gain=3.58818e+09 3.58251e+08 2.12231e+08 1.09743e+08 8.09865e+08 4.93259e+08 2.08631e+08 6.47215e+07 3.91552e+07 3.4571e+07 2.66483e+07 2.63431e+07 2.30089e+07 2.52008e+07 2.2107e+07 1.85869e+07 1.62334e+07 1.46955e+07 1.45757e+07 1.44363e+07 1.47667e+07 1.41339e+07 1.39331e+07 1.24971e+07 1.23769e+07 1.19316e+07 1.15088e+07 1.69928e+07 1.14027e+07 1.47359e+07
threshold=1160.1500000000003 406.83333333333343 1554.7928333333336 8.5000000000000018 7.5000000000000009 1.0000000180025095e-35 30.500000000000004 14.500000000000002 1.5000000000000002 319.83500000000004 2198.5166666666669 1235.1773333333335 1.0000000180025095e-35 195.33333333333334 11.500000000000002 4.5000000000000009 1880.9296666666669 14.500000000000002 1.5000000000000002 308.16666666666669 6.5000000000000009 255.50000000000003 255.50000000000003 15.500000000000002 4.5000000000000009 260.50000000000006 4797.8500000000013 18.500000000000004 3076.1000000000008 3218.1678571428579
decision_type=2 2 2 2 2 2 2 2 2 2 2 2 2 2 2 2 2 2 2 2 2 2 2 2 2 2 2 2 2 2
left_child=1 3 11 4 -1 6 26 14 22 -9 -11 23 -5 -14 16 17 -4 -10 -16 20 -15 -13 24 -2 -3 -12 27 -6 -18 -30
right_child=2 8 7 12 5 -7 -8 9 15 10 25 21 13 19 18 -17 28 -19 -20 -21 -22 -23 -24 -25 -26 -27 -28 -29 29 -31
leaf_value=-3.2057668505649484 11.219643260429892 1.0217337856076534 13.434296585912231 -3.5838809932695592 45.897522098653489 -3.2374586954651714 -3.575468593904342 -28.05441925048828 8.9984938554227565 11.478505641336206 15.378525896034091 10.563412079512595 -2.9685949663576467 4.6140503203206933 25.373143883126829 -10.187519073486328 20.219427362821524 3.4576296387442049 45.384256276377926 -1.35015944402194 -6.7295483645938692 5.1201423812955733 -1.7697749322754888 6.354696540080135 -9.0040430585799687 11.796154518369999 67.228245006124652 58.787898469968127 56.793521992683409 20.44031207675026
leaf_weight=14681 1467 44047 1023 155496 461 731 174 50 1345 9701 13827 11039 63662 1963 578 233 2092 10850 108 12681 336 1337 5261 13179 310 2794 166 574 50 63
leaf_count=14681 1467 44047 1023 155496 461 731 174 50 1345 9701 13827 11039 63662 1963 578 233 2092 10850 108 12681 336 1337 5261 13179 310 2794 166 574 50 63
internal_value=-0.00401427 -2.11021 11.4983 -2.9514 0.953733 29.9498 47.5933 14.3725 1.29173 13.482 13.5609 8.27707 -3.23139 -2.53442 20.3722 3.80146 18.6399 4.06874 28.5236 -0.68926 2.95618 9.97537 0.663112 6.84199 0.951666 14.7763 55.0066 53.0464 21.0551 36.5258
internal_weight=370279 312971 57308 250925 16787 2106 1375 30286 62046 26372 26322 27022 234138 78642 3914 12428 3228 12195 686 14980 2299 12376 49618 14646 44357 16621 1201 1035 2205 113
internal_count=370279 312971 57308 250925 16787 2106 1375 30286 62046 26372 26322 27022 234138 78642 3914 12428 3228 12195 686 14980 2299 12376 49618 14646 44357 16621 1201 1035 2205 113
is_linear=0
shrinkage=0.05


Tree=38
num_leaves=31
num_cat=0
split_feature=9 10 9 3 3 4 6 3 10 3 9 6 3 4 10 10 3 3 3 9 6 10 6 9 1 9 3 3 3 0
split_gain=3.20361e+09 3.55277e+08 1.62063e+08 1.00573e+08 7.34783e+08 4.44297e+08 1.78431e+08 4.88576e+07 3.81559e+07 3.49155e+07 2.95808e+07 2.79595e+07 2.26002e+07 2.05847e+07 2.25454e+07 1.92116e+07 1.6845e+07 1.49777e+07 2.13758e+07 1.48381e+07 1.42482e+07 1.39432e+07 1.49505e+07 1.35788e+07 1.25118e+07 1.50736e+07 1.51605e+07 1.5717e+07 2.00149e+07 2.05837e+07
threshold=890.74450000000013 406.83333333333343 1734.5108333333335 8.5000000000000018 7.5000000000000009 1.0000000180025095e-35 30.500000000000004 14.500000000000002 828.96666666666681 260.50000000000006 1375.5241666666668 3.5000000000000004 83.500000000000014 1.0000000180025095e-35 195.33333333333334 2680.8833333333337 9.5000000000000018 14.500000000000002 13.500000000000002 1768.4196666666669 4.5000000000000009 298.50000000000006 6.5000000000000009 530.63900000000001 5.5000000000000009 2703.9491666666668 266.50000000000006 68.500000000000014 60.500000000000007 19.500000000000004
decision_type=2 2 2 2 2 2 2 2 2 2 2 2 2 2 2 2 2 2 2 2 2 2 2 2 2 2 2 2 2 2
left_child=1 3 9 4 -1 6 23 16 -3 10 20 15 -13 -5 -15 24 -4 18 -12 -18 -2 22 -16 -6 25 26 27 28 -9 -30
right_child=2 8 7 13 5 -7 -8 11 -10 -11 17 12 -14 14 21 -17 19 -19 -20 -21 -22 -23 -24 -25 -26 -27 -28 -29 29 -31
leaf_value=-3.0192343237493802 8.0469710602635018 0.79355556642114777 17.690895520614554 -3.4047727799686083 50.627316435004325 -3.0927993405888947 -3.3965800707267997 13.394769706023915 3.9761037259151273 3.6340702463078554 13.969626482934476 13.049885974884035 -32.465842838287351 -2.8226199155416922 5.8217989646458337 16.377180134872106 2.2867591312953404 10.498709370553222 35.079357646758318 27.419374480079558 -8.8319009266202411 -1.2174373255651449 -5.9965508486929266 71.946000819206233 9.7358068074311284 26.901784251947511 8.5483263373034557 16.014806238644116 14.164950346747084 -0.36858237846563124
leaf_weight=14649 16229 52936 2210 155484 1126 722 165 5346 11456 2988 1418 50 60 63680 1397 4506 63 10840 131 866 126 13243 331 80 2945 202 1576 4611 418 584
leaf_count=14649 16229 52936 2210 155484 1126 722 165 5346 11456 2988 1418 50 60 63680 1397 4506 63 10840 131 866 126 13243 331 80 2945 202 1576 4611 418 584
internal_value=-0.00819403 -1.95328 11.1072 -2.80363 0.940141 28.652 45.3695 14.2605 1.35976 8.77822 9.31296 13.3627 -11.7769 -3.07133 -2.41216 13.4997 20.0657 11.1559 15.7549 25.715 7.91694 -0.666243 3.55798 52.0415 12.6729 13.352 13.1337 13.7931 12.1793 5.69431
internal_weight=370438 315269 55169 250877 16742 2093 1371 23437 64392 31732 28744 20298 110 234135 78651 20188 3139 12389 1549 929 16355 14971 1728 1206 15682 12737 12535 10959 6348 1002
internal_count=370438 315269 55169 250877 16742 2093 1371 23437 64392 31732 28744 20298 110 234135 78651 20188 3139 12389 1549 929 16355 14971 1728 1206 15682 12737 12535 10959 6348 1002
is_linear=0
shrinkage=0.05


Tree=39
num_leaves=31
num_cat=0
split_feature=9 10 10 3 3 8 10 6 10 3 9 8 3 10 3 10 6 9 1 3 0 6 9 11 0 11 10 3 3 3
split_gain=2.92107e+09 3.25924e+08 1.6202e+08 8.90648e+07 6.57609e+08 2.3085e+08 8.6458e+07 4.77655e+07 1.13015e+08 4.06153e+07 3.31839e+07 2.7182e+07 2.0647e+07 1.99272e+07 1.78516e+07 1.67107e+07 1.58615e+07 1.55157e+07 1.72667e+07 1.47807e+07 1.41694e+07 1.36462e+07 1.28983e+07 1.2593e+07 1.24835e+07 1.36499e+07 1.20597e+07 1.19978e+07 1.30664e+07 2.27083e+07
threshold=890.74450000000013 416.16666666666669 1945.2500000000002 8.5000000000000018 7.5000000000000009 503.67285714285714 11.833333333333334 14.500000000000002 1.0000000180025095e-35 14.500000000000002 649.56250000000011 130.13928571428576 14.500000000000002 278.50000000000006 11.500000000000002 2609.7166666666667 3.5000000000000004 1734.5108333333335 5.5000000000000009 270.50000000000006 24.500000000000004 6.5000000000000009 1121.5418333333334 11846.610000000002 18.500000000000004 4644.1250000000009 3076.1000000000008 260.50000000000006 68.500000000000014 60.500000000000007
decision_type=2 2 2 2 2 2 2 2 2 2 2 2 2 2 2 2 2 2 2 2 2 2 2 2 2 2 2 2 2 2
left_child=1 3 11 4 -1 7 24 8 -6 15 21 -2 14 -5 -13 -4 17 23 26 22 -17 -3 -14 -11 25 -7 27 28 29 -19
right_child=2 10 9 13 5 6 -8 -9 -10 16 -12 12 19 -15 -16 20 -18 18 -20 -21 -22 -23 -24 -25 -26 -27 -28 -29 -30 -31
leaf_value=-2.8576561352681793 -20.976018426476458 0.8684239186283218 16.105351109416734 -3.0449205943423809 38.94722006770732 39.340416345745325 -3.243386299457661 -2.8163193508020052 -1.3829755645049246 15.359771729993582 3.6938635111043783 9.7237241212597922 5.8916614494737622 -1.3952984489267821 19.056269767720703 25.894531209042505 -8.224471946384595 14.305775853436963 9.9530109694737483 2.8018064713578505 6.4428821509225038 -9.5710664173913393 8.5416601370534107 9.5043072638878225 56.07319598951166 57.674704386185908 21.262719439333139 10.673662260503768 16.424827942960643 6.9562588531252461
leaf_weight=14650 82 50161 2629 214996 353 384 86 387 342 1103 12360 2380 6734 20011 653 864 92 6362 3189 1662 105 315 14434 5481 383 138 550 2654 4787 1259
leaf_count=14650 82 50161 2629 214996 353 384 86 387 342 1103 12360 2380 6734 20011 653 864 92 6362 3189 1662 105 315 14434 5481 383 138 550 2654 4787 1259
internal_value=0.0095637 -1.84947 10.6382 -2.65357 0.872077 27.2303 44.6649 11.262 19.1013 13.2013 1.37186 7.76595 7.85708 -2.90445 11.733 18.1741 12.499 12.5741 13.3056 7.34215 23.7868 0.803275 7.69864 10.4853 49.2175 44.1874 13.9905 13.7249 14.3776 13.0916
internal_weight=369586 314566 55020 251730 16723 2073 991 1082 695 29075 62836 25945 25863 235007 3033 3598 25477 25385 18801 22830 969 50476 21168 6584 905 522 15612 15062 12408 7621
internal_count=369586 314566 55020 251730 16723 2073 991 1082 695 29075 62836 25945 25863 235007 3033 3598 25477 25385 18801 22830 969 50476 21168 6584 905 522 15612 15062 12408 7621
is_linear=0
shrinkage=0.05


Tree=40
num_leaves=31
num_cat=0
split_feature=10 10 9 3 3 4 6 4 10 3 6 4 10 10 6 6 3 3 9 3 3 10 6 11 9 9 6 0 11 3
split_gain=2.59105e+09 2.84636e+08 1.42001e+08 7.98123e+07 5.83391e+08 3.51369e+08 1.43799e+08 3.08376e+07 2.87518e+07 2.57586e+07 1.97831e+07 1.83743e+07 1.91686e+07 1.48968e+07 1.47824e+07 1.45916e+07 1.48715e+07 1.31698e+07 1.31011e+07 1.30413e+07 1.25432e+07 1.22957e+07 1.23007e+07 1.21725e+07 1.20273e+07 1.19959e+07 1.17443e+07 1.10807e+07 1.7153e+07 1.09063e+07
threshold=1208.2000000000003 406.83333333333343 1697.2931666666666 8.5000000000000018 7.5000000000000009 1.0000000180025095e-35 30.500000000000004 1.5000000000000002 1686.7166666666669 14.500000000000002 4.5000000000000009 1.0000000180025095e-35 195.33333333333334 2548.1500000000001 4.5000000000000009 4.5000000000000009 16.500000000000004 9.5000000000000018 2087.0383333333334 37.500000000000007 196.00000000000003 298.50000000000006 6.5000000000000009 65821.285000000018 2530.8520000000003 2336.8835000000004 1.5000000000000002 18.500000000000004 2513.8400000000006 266.50000000000006
decision_type=2 2 2 2 2 2 2 2 2 2 2 2 2 2 2 2 2 2 2 2 2 2 2 2 2 2 2 2 2 2
left_child=1 3 8 4 -1 6 27 20 14 17 13 -5 -13 24 19 16 -9 18 26 -2 -3 22 -14 25 29 -19 -4 28 -6 -11
right_child=2 7 9 11 5 -7 -8 15 -10 10 -12 12 21 -15 -16 -17 -18 23 -20 -21 -22 -23 -24 -25 -26 -27 -28 -29 -30 -31
leaf_value=-2.7424388479666848 8.5612593940165578 0.9113400979484404 8.2222396271410059 -3.0855725736932751 32.667364448228938 -3.1680229678164036 -3.085992368810317 7.8126402153667716 9.3601951581703364 11.480794227426351 -19.320407073974611 -2.5252987419957509 5.4150952292093946 14.029191147805864 -19.353558499472484 -9.0403276168693942 2.8708884678997113 17.697037906694533 17.93961030224035 5.5070328467467 -1.593787584015435 -1.0556157850129873 -5.4517115841091242 44.647075073807329 19.30858222286173 32.397089694795156 24.352737611899013 50.92104601253898 49.145474087056662 7.0834828523218594
leaf_weight=14591 4888 44179 855 155123 298 712 170 1744 13752 12280 50 63725 1418 7160 56 236 11982 798 1346 12265 5634 13198 319 54 447 168 130 590 336 1593
leaf_count=14591 4888 44179 855 155123 298 712 170 1744 13752 12280 50 63725 1418 7160 56 236 11982 798 1346 12265 5634 13198 319 54 447 168 130 590 336 1593
internal_value=-0.0085429 -1.7721 9.916 -2.5314 0.808289 25.4088 40.0047 1.21009 7.65572 12.7286 12.0939 -2.76992 -2.14743 12.167 6.29365 3.28683 3.49878 16.8065 14.733 6.37738 0.628003 -0.535153 3.41941 21.545 11.236 20.2536 10.3511 45.9895 41.4002 10.9759
internal_weight=370097 314255 55842 250480 16697 2106 1394 63775 30961 24881 21530 233783 78660 21480 17209 13962 13726 3351 2331 17153 49813 14935 1737 1020 14320 966 985 1224 634 13873
internal_count=370097 314255 55842 250480 16697 2106 1394 63775 30961 24881 21530 233783 78660 21480 17209 13962 13726 3351 2331 17153 49813 14935 1737 1020 14320 966 985 1224 634 13873
is_linear=0
shrinkage=0.05


Tree=41
num_leaves=31
num_cat=0
split_feature=10 10 9 3 3 4 6 3 6 10 4 6 4 10 3 8 6 9 11 8 3 0 8 10 6 10 3 6 3 3
split_gain=2.39491e+09 2.47864e+08 1.39724e+08 7.54137e+07 5.43979e+08 3.34401e+08 1.3301e+08 4.07073e+07 2.79019e+07 2.59359e+07 2.52585e+07 2.16023e+07 1.76815e+07 1.91908e+07 1.66259e+07 1.43332e+07 1.26804e+07 1.16962e+07 1.17878e+07 1.13995e+07 1.18845e+07 1.09421e+07 1.0642e+07 1.05101e+07 1.04728e+07 1.77122e+07 1.02639e+07 1.01146e+07 1.00247e+07 1.15676e+07
threshold=1186.1000000000001 416.16666666666669 1697.2931666666666 8.5000000000000018 7.5000000000000009 1.0000000180025095e-35 31.500000000000004 20.500000000000004 5.5000000000000009 1625.5000000000002 1.5000000000000002 4.5000000000000009 1.0000000180025095e-35 171.83333333333334 267.50000000000006 683.59357142857141 3.5000000000000004 190.64483333333337 52.135000000000012 2899.4528571428577 272.50000000000006 21.500000000000004 1518.4428571428573 3076.1000000000008 6.5000000000000009 298.50000000000006 253.50000000000003 4.5000000000000009 14.500000000000002 12.500000000000002
decision_type=2 2 2 2 2 2 2 2 2 2 2 2 2 2 2 2 2 2 2 2 2 2 2 2 2 2 2 2 2 2
left_child=1 3 8 4 -1 6 17 -4 9 28 26 19 -5 -14 22 16 -12 -6 -19 20 21 -9 -11 -23 25 -15 27 -3 29 -2
right_child=2 10 7 12 5 -7 -8 11 -10 14 15 -13 13 24 -16 -17 -18 18 -20 -21 -22 23 -24 -25 -26 -27 -28 -29 -30 -31
leaf_value=-2.5696610647777587 7.868273016768244 0.93998775871590201 16.639133274374235 -2.9315783076173463 31.023597220304239 -2.7160883873701098 -2.9317089816173878 12.435803203832197 -29.317423615088831 8.0128184166904699 2.0220133470698154 -21.47858044433594 -2.4112503319654457 5.1058364384572847 1.9853387549552179 4.9540774265025265 -9.4115927738022531 62.70696295102438 44.843288169752384 16.167338035006072 7.3596435723362363 9.4276807719203024 10.707438502864582 22.582666621452724 -6.5981028083518698 -0.76176465115668057 -1.4700037456009494 -8.5942968273162847 5.4852959186863401 19.836176768866522
leaf_weight=14666 1272 42617 4416 155316 137 734 166 11517 52 8687 7159 50 63693 1412 856 5796 251 102 976 1194 1883 5685 6337 156 675 14430 5222 280 14193 240
leaf_count=14666 1272 42617 4416 155316 137 734 166 11517 52 8687 7159 50 63693 1412 856 5796 251 102 976 1194 1883 5685 6337 156 675 14430 5222 280 14193 240
internal_value=0.0110196 -1.69653 9.48329 -2.38951 0.848964 24.5547 39.049 12.285 7.2781 7.33835 1.15457 11.3464 -2.62025 -2.01741 8.76321 3.09156 1.63472 44.7847 46.5335 11.4267 11.1325 11.5418 9.14939 9.77902 -0.498671 -0.238784 0.62297 0.877755 5.89761 9.76794
internal_weight=370170 313632 56538 252307 16781 2115 1381 24901 31637 31585 61325 20485 235526 80210 15880 13206 7410 1215 1078 20435 19241 17358 15024 5841 16517 15842 48119 42897 15705 1512
internal_count=370170 313632 56538 252307 16781 2115 1381 24901 31637 31585 61325 20485 235526 80210 15880 13206 7410 1215 1078 20435 19241 17358 15024 5841 16517 15842 48119 42897 15705 1512
is_linear=0
shrinkage=0.05


Tree=42
num_leaves=31
num_cat=0
split_feature=10 9 10 3 3 4 6 3 8 10 3 6 3 3 6 4 10 10 9 3 6 9 11 9 0 11 10 9 8 0
split_gain=2.11932e+09 1.91903e+08 1.62699e+08 6.54024e+07 4.84487e+08 2.94529e+08 1.20856e+08 4.49982e+07 3.63315e+07 2.53105e+07 2.07328e+07 1.992e+07 1.93884e+07 1.81768e+07 1.39926e+07 1.39749e+07 1.41974e+07 1.38242e+07 1.35208e+07 1.20674e+07 1.35277e+07 1.18276e+07 1.16883e+07 1.15011e+07 1.08257e+07 1.05116e+07 1.09055e+07 1.04864e+07 1.02139e+07 9.88114e+06
threshold=884.35000000000002 1375.5241666666668 397.50000000000006 8.5000000000000018 7.5000000000000009 1.0000000180025095e-35 30.500000000000004 14.500000000000002 203.18928571428577 2031.3000000000002 11.500000000000002 4.5000000000000009 260.50000000000006 267.50000000000006 1.5000000000000002 1.0000000180025095e-35 171.83333333333334 2812.8500000000008 928.8950000000001 261.50000000000006 4.5000000000000009 2087.0383333333334 12557.920000000002 573.2266666666668 19.500000000000004 10301.915000000003 2198.5166666666669 463.73333333333335 2537.0064285714293 12.500000000000002
decision_type=2 2 2 2 2 2 2 2 2 2 2 2 2 2 2 2 2 2 2 2 2 2 2 2 2 2 2 2 2 2
left_child=2 11 3 4 -1 6 23 10 -9 22 -3 12 18 14 -11 -5 -17 -16 -2 20 27 -15 -10 -6 -20 26 -12 -4 -27 -23
right_child=1 7 19 15 5 -7 -8 8 9 13 25 -13 -14 21 17 16 -18 -19 24 -21 -22 29 -24 -25 -26 28 -28 -29 -30 -31
leaf_value=-2.4886843912541941 4.167540297140115 13.537408245400551 0.32225109615054998 -2.7842078234315983 41.41452848574707 -2.7540171816945076 -2.8053267478942874 -31.479438666577607 9.454258814066101 10.904262498135445 24.294114946064198 -14.544732640880023 0.78493604539779305 2.4035102665950081 13.854986292791569 -2.2741495370793672 -0.49284447010534066 28.397755905151367 7.5669728405358079 -1.6944354963600821 -7.2080981235804522 6.4023008987763292 6.0676364937070559 65.027904031011801 4.7959012309156455 21.378424426460668 48.764687935755802 1.7625122305045762 2.9703186126961105 14.003959783574956
leaf_weight=14562 10425 3851 27184 155186 1144 712 168 53 5547 16810 152 129 2331 907 2468 63627 13572 175 9269 4867 508 1079 4712 54 5687 563 65 23619 87 708
leaf_count=14562 10425 3851 27184 155186 1144 712 168 53 5547 16810 152 129 2331 907 2468 63627 13572 175 9269 4867 508 1079 4712 54 5687 563 65 23619 87 708
internal_value=0.000474644 8.19672 -1.74559 -2.2939 0.734216 23.3193 36.9095 10.5474 9.88423 9.95188 15.1101 5.05774 5.14899 10.9029 11.436 -2.51073 -1.96099 14.8179 5.54979 0.684971 0.910665 7.05378 7.89877 42.4789 6.51328 22.0956 31.624 0.991848 18.9146 9.41404
internal_weight=370221 65018 305203 249025 16640 2078 1366 37177 32459 32406 4718 27841 27712 22147 19453 232385 77199 2643 25381 56178 51311 2694 10259 1198 14956 867 217 50803 650 1787
internal_count=370221 65018 305203 249025 16640 2078 1366 37177 32459 32406 4718 27841 27712 22147 19453 232385 77199 2643 25381 56178 51311 2694 10259 1198 14956 867 217 50803 650 1787
is_linear=0
shrinkage=0.05


Tree=43
num_leaves=31
num_cat=0
split_feature=9 10 9 3 3 8 10 6 10 3 10 3 8 9 10 0 11 10 0 9 1 0 6 8 11 3 0 9 3 3
split_gain=1.92792e+09 2.09364e+08 9.4781e+07 6.01759e+07 4.4315e+08 1.60154e+08 6.86361e+07 3.08356e+07 7.75844e+07 2.66873e+07 2.18476e+07 2.17057e+07 1.84407e+07 1.8121e+07 1.63197e+07 1.22973e+07 1.32387e+07 1.0438e+07 1.47652e+07 1.21644e+07 1.04222e+07 1.02251e+07 1.91454e+07 1.66601e+07 9.83644e+06 9.74763e+06 9.66299e+06 9.50905e+06 1.28388e+07 1.15746e+07
threshold=890.74450000000013 430.50000000000006 1734.5108333333335 8.5000000000000018 7.5000000000000009 492.15500000000009 11.833333333333334 14.500000000000002 1.0000000180025095e-35 20.500000000000004 805.96666666666681 267.50000000000006 440.59857142857146 1235.1773333333335 281.83333333333343 18.500000000000004 6719.0800000000008 2812.8500000000008 23.500000000000004 2530.8520000000003 5.5000000000000009 18.500000000000004 4.5000000000000009 426.6571428571429 65821.285000000018 14.500000000000002 3.5000000000000004 1957.9808333333337 91.500000000000014 269.50000000000006
decision_type=2 2 2 2 2 2 2 2 2 2 2 2 2 2 2 2 2 2 2 2 2 2 2 2 2 2 2 2 2 2
left_child=1 3 11 4 -1 7 15 8 21 17 -3 13 -11 26 -5 16 -7 19 24 -4 27 22 -6 -23 -19 -12 -2 28 -14 -29
right_child=2 10 9 14 5 6 -8 -9 -10 12 25 -13 20 -15 -16 -17 -18 18 -20 -21 -22 23 -24 -25 -26 -27 -28 29 -30 -31
leaf_value=-2.3210867747219184 1.1096015698781037 0.65477246969942893 12.885182655766526 -2.4763460856296651 40.720314222482536 32.752551803915125 -2.3457850583900628 -2.2855261726758971 -1.1172350406814631 -18.142771135296737 7.5145148119463405 2.0042607928014697 7.4023866485460337 8.1864814351932864 -1.0331276173694941 47.146545114925587 57.865044270531612 22.010331045161323 1.4688558602944399 23.428479627874875 7.8365431085753245 48.115455559756136 2.3442810762845556 15.698884354255819 43.718678908233272 2.5771609084854408 6.1090373978496544 12.614158155531209 12.175649952834249 8.1240963513398565
leaf_weight=14842 1065 48081 3338 216238 65 475 104 402 355 57 1098 2161 3563 18000 21539 397 59 361 78 298 3421 149 65 54 61 11161 10452 8174 2330 1741
leaf_count=14842 1065 48081 3338 216238 65 475 104 402 355 57 1098 2161 3563 18000 21539 397 59 361 78 298 3421 149 65 54 61 11161 10452 8174 2330 1741
internal_value=-0.0041287 -1.51306 8.62453 -2.14033 0.736482 22.092 36.1785 8.71628 15.1447 11.0362 1.13518 6.84138 10.2546 7.19552 -2.34561 40.4819 35.5272 14.6807 21.4543 13.7493 10.3388 32.4809 21.5323 39.4923 25.1483 3.01938 5.64673 10.8803 9.28966 11.8257
internal_weight=370184 315084 55100 254744 16967 2125 1035 1090 688 23422 60340 31678 19286 29517 237777 931 534 4136 500 3636 19229 333 130 203 422 12259 11517 15808 5893 9915
internal_count=370184 315084 55100 254744 16967 2125 1035 1090 688 23422 60340 31678 19286 29517 237777 931 534 4136 500 3636 19229 333 130 203 422 12259 11517 15808 5893 9915
is_linear=0
shrinkage=0.05


Tree=44
num_leaves=31
num_cat=0
split_feature=10 10 10 3 3 4 8 8 9 3 3 10 9 9 3 4 10 3 3 10 11 10 3 8 3 3 0 3 0 11
split_gain=1.72417e+09 1.93988e+08 9.33112e+07 5.30879e+07 3.99252e+08 2.42107e+08 9.70229e+07 2.54952e+07 2.33934e+07 2.30653e+07 2.29304e+07 1.50618e+07 1.83615e+07 1.30773e+07 1.29964e+07 1.24518e+07 1.26703e+07 1.18325e+07 1.15436e+07 1.13772e+07 1.11519e+07 1.16178e+07 1.10222e+07 1.17238e+07 1.09307e+07 1.08404e+07 1.42937e+07 1.21762e+07 1.88431e+07 1.23165e+07
threshold=1231.9500000000003 402.16666666666669 2031.3000000000002 8.5000000000000018 7.5000000000000009 1.0000000180025095e-35 8.7857142857142865 73.790000000000006 588.83300000000008 14.500000000000002 14.500000000000002 2132.4000000000005 1998.7498333333335 1957.9808333333337 13.500000000000002 1.0000000180025095e-35 195.33333333333334 9.5000000000000018 260.50000000000006 2872.6833333333338 13348.465000000002 1546.1833333333336 68.500000000000014 1355.9100000000001 260.50000000000006 52.500000000000007 23.500000000000004 65.500000000000014 13.500000000000002 5129.4600000000009
decision_type=2 2 2 2 2 2 2 2 2 2 2 2 2 2 2 2 2 2 2 2 2 2 2 2 2 2 2 2 2 2
left_child=1 3 7 4 -1 6 -6 -2 -3 11 14 12 -4 20 -9 -5 -17 -13 19 22 21 -12 23 -11 -10 -25 27 28 -27 -30
right_child=2 8 9 15 5 -7 -8 10 24 18 13 17 -14 -15 -16 16 -18 -19 -20 -21 -22 -23 -24 25 -26 26 -28 -29 29 -31
leaf_value=-2.25704684337021 -26.349632345836142 0.38545789881504278 0.80581043170449507 -2.5238551727635121 -1.8653912482903019 -2.80312530313708 38.384962452092175 9.3587413141469735 2.8661701216389339 4.5722345672770306 4.9855942584515542 13.529061240435452 25.174367324673401 13.708358656238108 21.36722335092357 -2.0506801720661749 -0.39902955527782585 20.639524237371628 7.1299519973211325 14.64636029530616 4.5786473721648617 8.0512899000449174 11.404172773066955 10.680638714824951 -1.2071628676172605 2.3680900390019839 2.016433110925818 3.4858760839916885 -6.6015566704566018 17.381540148231117
leaf_weight=14623 60 46430 366 155728 171 697 1203 2942 17057 1373 5586 1928 98 510 244 63679 14201 840 3491 1370 12715 6917 7349 6312 1823 353 965 579 57 880
leaf_count=14623 60 46430 366 155728 171 697 1203 2942 17057 1373 5586 1928 98 510 244 63679 14201 840 3491 1370 12715 6917 7349 6312 1823 353 965 579 57 880
internal_value=-0.014912 -1.43785 8.16014 -2.07105 0.652902 21.1996 33.3756 6.20954 0.98889 10.3371 6.2771 14.2894 5.95262 5.7816 10.2784 -2.2657 -1.74951 15.6869 9.77513 10.2551 5.62129 6.68162 9.91844 8.88045 2.47286 9.5272 6.95822 9.50975 12.2135 15.9226
internal_weight=370547 315612 54935 250302 16694 2071 1374 28974 65310 25961 28914 3232 464 25728 3186 233608 77880 2768 22729 19238 25218 12503 17868 10519 18880 9146 2834 1869 1290 937
internal_count=370547 315612 54935 250302 16694 2071 1374 28974 65310 25961 28914 3232 464 25728 3186 233608 77880 2768 22729 19238 25218 12503 17868 10519 18880 9146 2834 1869 1290 937
is_linear=0
shrinkage=0.05


Tree=45
num_leaves=31
num_cat=0
split_feature=10 10 9 3 3 4 8 8 3 10 4 4 1 10 11 10 8 8 3 0 3 10 11 10 11 3 10 8 10 1
split_gain=1.61674e+09 1.78937e+08 8.73157e+07 4.4861e+07 3.45919e+08 2.23464e+08 8.77607e+07 2.27196e+07 2.22996e+07 2.14899e+07 1.89285e+07 1.49625e+07 1.41064e+07 1.39463e+07 1.31189e+07 1.29136e+07 1.12839e+07 1.11623e+07 1.10197e+07 9.91844e+06 9.89745e+06 9.74124e+06 1.21531e+07 2.0372e+07 1.91679e+07 1.44312e+07 9.66363e+06 9.31555e+06 1.58069e+07 9.2951e+06
threshold=1231.9500000000003 440.16666666666669 1841.156666666667 8.5000000000000018 7.5000000000000009 1.0000000180025095e-35 8.7857142857142865 73.790000000000006 16.500000000000004 1745.4833333333336 1.5000000000000002 1.0000000180025095e-35 5.5000000000000009 171.83333333333334 10301.915000000003 2111.3500000000008 2266.1771428571433 571.36571428571449 260.50000000000006 1.5000000000000002 14.500000000000002 2872.6833333333338 5217.0600000000004 2444.1500000000001 5744.1100000000015 5.5000000000000009 2872.6833333333338 1.0000000180025095e-35 298.50000000000006 1.5000000000000002
decision_type=2 2 2 2 2 2 2 2 2 2 2 2 2 2 2 2 2 2 2 2 2 2 2 2 2 2 2 2 2 2
left_child=1 3 7 4 -1 6 -6 -2 21 18 -3 -5 16 -13 20 -16 19 -12 -9 -10 -11 22 23 29 -24 -26 -21 -15 -29 -4
right_child=2 10 8 11 5 -7 -8 9 12 14 17 13 -14 27 15 -17 -18 -19 -20 26 -22 -23 24 -25 25 -27 -28 28 -30 -31
leaf_value=-2.1341453382508067 -25.65725841175426 0.60841090898347172 6.2457622771169632 -2.3976345937522181 -1.7621797101251013 -2.5754251183477548 36.236735121807001 5.7352262536682517 0.78258935319729894 17.790043997764588 0.72108570737897892 -1.9337036640362528 6.8941922787362628 -5.8795990753647516 5.7917752917836962 8.9466423373554331 12.554548335467491 3.6448859997149547 1.6138174099746387 9.2935862290067224 9.5673495978386107 22.355147282842182 -16.817065223625729 40.90553998852721 7.4160918442659742 15.883583222422883 15.130631433077614 4.8841777336868377 -0.61485531772345514 23.305335297912897
leaf_weight=14944 55 44109 153 155309 174 746 1199 16994 313 417 4878 63562 3164 755 7833 5536 4775 9868 1793 7420 2990 355 56 101 790 1386 784 1408 18184 167
leaf_count=14944 55 44109 153 155309 174 746 1199 16994 313 417 4878 63562 3164 755 7833 5536 4775 9868 1793 7420 2990 355 56 101 790 1386 784 1408 18184 167
internal_value=0.0220487 -1.35934 7.92529 -1.9303 0.546638 19.4526 31.4211 6.45368 10.6183 6.50334 1.12686 -2.10698 9.89469 -1.56899 7.80403 7.09818 10.6089 2.67769 5.34189 9.51811 10.5738 14.5767 13.5359 21.3279 12.0661 12.8094 9.85139 -0.42968 -0.219661 15.1487
internal_weight=370218 315136 55082 256281 17063 2119 1373 35618 19464 35563 58855 239218 16456 83909 16776 13369 13292 14746 18787 8517 3407 3008 2653 421 2232 2176 8204 20347 19592 320
internal_count=370218 315136 55082 256281 17063 2119 1373 35618 19464 35563 58855 239218 16456 83909 16776 13369 13292 14746 18787 8517 3407 3008 2653 421 2232 2176 8204 20347 19592 320
is_linear=0
shrinkage=0.05


Tree=46
num_leaves=31
num_cat=0
split_feature=9 10 9 3 3 4 9 8 3 4 3 9 8 4 3 10 1 11 0 11 8 8 10 11 1 6 6 10 0 10
split_gain=1.43908e+09 1.6193e+08 7.30925e+07 4.2248e+07 3.15689e+08 2.03906e+08 8.18726e+07 2.04146e+07 1.88677e+07 1.81357e+07 1.80361e+07 1.61859e+07 1.55605e+07 1.33925e+07 1.31273e+07 1.29849e+07 1.18074e+07 1.14755e+07 1.03936e+07 1.42044e+07 9.49096e+06 1.48025e+07 9.43923e+06 1.0059e+07 9.36405e+06 8.96913e+06 8.86584e+06 1.5087e+07 8.65393e+06 9.93075e+06
threshold=928.8950000000001 440.16666666666669 1804.4843333333336 8.5000000000000018 7.5000000000000009 1.0000000180025095e-35 140.99750000000003 130.13928571428576 19.500000000000004 1.5000000000000002 273.50000000000006 1412.969166666667 445.27714285714291 1.0000000180025095e-35 14.500000000000002 171.83333333333334 5.5000000000000009 15243.790000000003 18.500000000000004 2513.8400000000006 413.25214285714293 486.76000000000005 2812.8500000000008 4877.3750000000009 1.0000000180025095e-35 3.5000000000000004 6.5000000000000009 298.50000000000006 23.500000000000004 1809.7666666666669
decision_type=2 2 2 2 2 2 2 2 2 2 2 2 2 2 2 2 2 2 2 2 2 2 2 2 2 2 2 2 2 2
left_child=1 3 7 4 -1 6 -6 -2 28 -3 11 -9 -10 -5 -11 -15 17 22 19 -8 -20 -22 -14 -24 -25 -16 27 -17 29 -4
right_child=2 9 8 13 5 -7 18 10 12 14 -12 -13 16 15 25 26 -18 -19 20 -21 21 -23 23 24 -26 -27 -28 -29 -30 -31
leaf_value=-1.9959939516117555 -21.464670690849648 0.52592407171943656 33.107016255962314 -2.27750174002492 1.2533046088150244 -2.2264927387080489 22.500329816764129 5.3906520325113751 -18.647927501678467 6.8448601211416422 0.90523720283440035 7.6737228609515391 7.772898572669499 -1.8453572669881699 2.1731795144961374 4.7904972225321876 6.4881796539464149 11.193777219330062 54.646982030475399 37.858279913054901 15.672105035361122 40.919361322652783 33.804182156352773 -4.0106790714793732 15.95822771555223 -7.9543788175862122 -5.8358591143114085 -0.57970200779311087 6.3189019144606533 13.652265319082222
leaf_weight=14944 67 44078 67 155282 209 759 282 17155 50 1560 1554 14180 5816 63622 14339 1409 3089 7723 94 323 68 397 63 72 318 222 722 18220 407 3128
leaf_count=14944 67 44078 67 155282 209 759 282 17155 50 1560 1554 14180 5816 63622 14339 1409 3089 7723 94 323 68 397 63 72 318 222 722 18220 407 3128
internal_value=0.000994926 -1.28287 7.57017 -1.83092 0.571839 18.5708 30.0676 6.10689 9.89612 1.05077 6.16306 6.42381 9.20448 -2.00241 2.48578 -1.49371 9.28601 9.90368 35.2413 30.6997 40.1565 37.2273 8.31437 15.2662 12.2717 2.01877 -0.394371 -0.194221 13.1855 14.0602
internal_weight=370219 316530 53689 256331 17076 2132 1373 32956 20733 60199 32889 31335 17131 239255 16121 83973 17081 13992 1164 605 559 465 6269 453 390 14561 20351 19629 3602 3195
internal_count=370219 316530 53689 256331 17076 2132 1373 32956 20733 60199 32889 31335 17131 239255 16121 83973 17081 13992 1164 605 559 465 6269 453 390 14561 20351 19629 3602 3195
is_linear=0
shrinkage=0.05


Tree=47
num_leaves=31
num_cat=0
split_feature=9 10 10 3 3 4 8 6 3 3 9 3 10 11 10 10 9 11 8 6 10 3 3 11 8 3 3 0 6 11
split_gain=1.30852e+09 1.40091e+08 7.94066e+07 3.93076e+07 2.91918e+08 1.79627e+08 7.72299e+07 2.17052e+07 1.97311e+07 1.92474e+07 1.74486e+07 1.07479e+07 1.06399e+07 1.05451e+07 1.03621e+07 1.01161e+07 9.81669e+06 9.68307e+06 1.4018e+07 9.65823e+06 9.83486e+06 1.19385e+07 2.17458e+07 9.33483e+06 9.61378e+06 1.92297e+07 9.32442e+06 1.07771e+07 1.35947e+07 9.90218e+06
threshold=890.74450000000013 397.50000000000006 2132.4000000000005 8.5000000000000018 7.5000000000000009 1.0000000180025095e-35 8.7857142857142865 5.5000000000000009 14.500000000000002 23.500000000000004 588.83300000000008 269.50000000000006 1344.8833333333334 4269.5250000000005 2348.0500000000006 1832.116666666667 565.87616666666679 14742.730000000001 891.91357142857157 1.5000000000000002 2720.4666666666672 42.500000000000007 72.500000000000014 5949.7650000000012 1925.7600000000002 67.500000000000014 11.500000000000002 6.5000000000000009 1.5000000000000002 12557.920000000002
decision_type=2 2 2 2 2 2 2 2 2 2 2 2 2 2 2 2 2 2 2 2 2 2 2 2 2 2 2 2 2 2
left_child=1 3 7 4 -1 6 -6 9 13 -2 -3 19 -9 14 -4 -11 -8 -17 -19 23 21 -21 -23 -10 25 -25 29 -28 -29 -15
right_child=2 10 8 -5 5 -7 16 12 11 15 -12 -13 -14 26 -16 17 -18 18 -20 20 -22 22 -24 24 -26 -27 27 28 -30 -31
leaf_value=-1.9259969881929226 8.1265095096141433 0.30231902620390838 12.757448567488256 -1.9424100182425776 -2.1357264653437555 -2.4108021472799321 32.187224553270717 -4.2208317660546113 3.6750958360900734 4.376591564398125 2.1028177649673254 5.5208953318042795 -31.39054804992676 5.6068912900253345 38.213996291742092 8.129514301668797 52.467475591387064 -12.763159955944028 5.241468091307814 17.00647193129792 20.809435678215351 0.97093099155004181 13.615977113215962 5.4991162255417896 10.391032108830876 10.801196900198418 2.1608829817175867 18.769836743604177 46.651704818725591 13.236258850049959
leaf_weight=14551 6323 47205 78 232713 177 703 1129 129 837 17836 18821 2151 50 581 82 4332 63 111 4149 590 295 568 847 3965 7197 3007 80 348 50 1587
leaf_count=14551 6323 47205 78 232713 177 703 1129 129 837 17836 18821 2151 50 581 82 4332 63 111 4149 590 295 568 847 3965 7197 3007 80 348 50 1587
internal_value=0.0106709 -1.23233 7.11292 -1.77462 0.574314 18.1332 28.6828 5.55354 9.41945 5.64844 0.815559 8.85418 -11.8101 13.3391 25.8039 5.05555 33.2591 6.46499 4.77233 9.26848 12.2856 11.0314 8.54009 8.80604 9.10914 7.78589 12.5854 18.9066 22.2726 11.1917
internal_weight=370555 315362 55193 249336 16623 2072 1369 32930 22263 32751 66026 19457 179 2806 160 26428 1192 8592 4260 17306 2300 2005 1415 15006 14169 6972 2646 478 398 2168
internal_count=370555 315362 55193 249336 16623 2072 1369 32930 22263 32751 66026 19457 179 2806 160 26428 1192 8592 4260 17306 2300 2005 1415 15006 14169 6972 2646 478 398 2168
is_linear=0
shrinkage=0.05


Tree=48
num_leaves=31
num_cat=0
split_feature=9 10 9 3 3 4 9 3 3 6 10 6 0 4 10 6 6 3 0 11 11 11 7 9 11 10 11 6 9 3
split_gain=1.1646e+09 1.31315e+08 6.27381e+07 3.49717e+07 2.67579e+08 1.72895e+08 6.75977e+07 1.70353e+07 1.63388e+07 1.42033e+07 1.41605e+07 1.43219e+07 1.47139e+07 1.36388e+07 1.31971e+07 1.30579e+07 1.29211e+07 1.2245e+07 1.16102e+07 1.39963e+07 1.13261e+07 1.08646e+07 1.07893e+07 1.03814e+07 1.01859e+07 9.63792e+06 9.52501e+06 9.51623e+06 1.37738e+07 9.39074e+06
threshold=928.8950000000001 459.16666666666669 1841.156666666667 8.5000000000000018 7.5000000000000009 1.0000000180025095e-35 126.94033333333336 53.500000000000007 267.50000000000006 4.5000000000000009 2872.6833333333338 1.5000000000000002 18.500000000000004 1.5000000000000002 1745.4833333333336 2.5000000000000004 3.5000000000000004 14.500000000000002 18.500000000000004 2513.8400000000006 9286.6000000000022 23225.890000000003 1.0000000180025095e-35 2194.8705000000004 10301.915000000003 298.50000000000006 55972.670000000006 4.5000000000000009 405.71666666666675 2.5000000000000004
decision_type=2 2 2 2 2 2 2 2 2 2 2 2 2 2 2 2 2 2 2 2 2 2 2 2 2 2 2 2 2 2
left_child=1 3 8 4 -1 6 -6 10 14 13 11 23 -13 -3 -2 22 -9 -15 19 -8 -14 -22 25 29 -16 -5 -25 -21 -29 -4
right_child=2 9 7 15 5 -7 18 16 -10 -11 -12 12 20 17 24 -17 -18 -19 -20 27 21 -23 -24 26 -26 -27 -28 28 -30 -31
leaf_value=-1.8196798952320155 4.8083794728983946 0.60205864440576251 -4.0845778982813767 3.8234485410346006 -0.30603332925350113 -1.8598370937573223 19.20163273753791 7.9211671524233074 1.4867797179032329 -7.6118801850849183 16.692893746888863 19.520684977964397 20.017460626464782 6.6310760078946744 9.3836658887132156 -1.9550274458288737 -12.76706435554906 1.8830582836670406 37.135115402064422 42.136831885911107 -10.168425542429874 10.72453952686195 -1.8452946993866313 12.588083508937091 6.2066759013355819 -0.47532975530384985 -1.4941535669987598 12.646830934026967 41.960379041752347 8.1280436795607383
leaf_weight=15119 16192 40480 164 1396 188 780 290 10885 2343 473 901 720 118 1500 3149 202826 76 14336 567 178 114 137 18482 2203 12690 19756 127 92 71 3915
leaf_count=15119 16192 40480 164 1396 188 780 290 10885 2343 473 901 720 118 1500 3149 202826 76 14336 567 178 114 137 18482 2203 12690 19756 127 92 71 3915
internal_value=-0.00638229 -1.16173 6.79951 -1.63792 0.534983 16.9709 27.5683 9.07604 5.51733 1.01627 10.7704 10.0587 15.36 1.08874 5.81216 -1.79282 7.77772 2.33279 31.9425 27.2766 7.24152 1.2353 -0.962755 9.15794 6.8383 -0.191617 11.8205 34.1438 25.4153 7.63702
internal_weight=370268 316534 53734 259745 17285 2166 1386 19360 34374 56789 8399 7498 1089 56316 32031 242460 10961 15836 1198 631 369 251 39634 6409 15839 21152 2330 341 163 4079
internal_count=370268 316534 53734 259745 17285 2166 1386 19360 34374 56789 8399 7498 1089 56316 32031 242460 10961 15836 1198 631 369 251 39634 6409 15839 21152 2330 341 163 4079
is_linear=0
shrinkage=0.05


Tree=49
num_leaves=31
num_cat=0
split_feature=9 10 10 3 3 4 6 3 3 9 3 3 3 6 3 4 6 9 11 10 10 6 6 6 3 10 10 0 3 3
split_gain=1.1032e+09 1.154e+08 6.24158e+07 3.3e+07 2.43256e+08 1.53678e+08 6.18933e+07 1.69602e+07 1.49197e+07 1.60858e+07 1.43206e+07 1.47369e+07 1.49694e+07 1.06746e+07 9.99803e+06 8.79144e+06 8.66708e+06 8.18646e+06 8.55337e+06 7.90093e+06 8.21017e+06 8.28353e+06 7.78641e+06 7.6079e+06 7.5606e+06 7.95874e+06 7.29106e+06 1.02762e+07 7.27038e+06 9.74806e+06
threshold=890.74450000000013 406.83333333333343 1945.2500000000002 8.5000000000000018 7.5000000000000009 1.0000000180025095e-35 30.500000000000004 20.500000000000004 261.50000000000006 606.9575000000001 39.500000000000007 68.500000000000014 265.50000000000006 1.5000000000000002 41.500000000000007 1.0000000180025095e-35 5.5000000000000009 463.73333333333335 52.135000000000012 171.83333333333334 308.16666666666669 6.5000000000000009 4.5000000000000009 3.5000000000000004 36.500000000000007 2241.0833333333335 2394.6000000000004 1.5000000000000002 280.50000000000006 68.500000000000014
decision_type=2 2 2 2 2 2 2 2 2 2 2 2 2 2 2 2 2 2 2 2 2 2 2 2 2 2 2 2 2 2
left_child=1 3 10 4 -1 6 17 -4 9 16 -2 -12 22 26 24 -5 -3 18 -6 -17 21 -21 -13 -16 25 -15 28 -28 29 -9
right_child=2 8 7 15 5 -7 -8 13 -10 -11 11 12 -14 14 23 19 -18 -19 -20 20 -22 -23 -24 -25 -26 -27 27 -29 -30 -31
leaf_value=-1.7370834923024654 6.4793901155829445 0.57685804748541503 10.823360994029473 -1.9689931930538558 39.611262760099201 -2.147175999526139 -2.3802967760936324 5.009972897495274 -1.7298768071945465 2.3903550199723766 2.0165962919268039 6.0430776523158691 1.3338313767665291 5.5847000533884223 9.3260230133487489 -1.5639940090281792 -7.3230883265904012 40.865658965477579 26.75668475631851 3.7339191234405762 -0.79924437813381244 -4.0097735062740645 -12.65834835597447 -6.3245522594451913 25.296619454462817 18.224604559692356 -0.43327405370391525 8.5075681425707916 -0.40146820946742612 8.0156865411121512
leaf_weight=14664 8389 43211 4932 155415 151 728 166 5244 5446 15468 6239 9115 2197 220 2644 63549 350 156 905 1987 12637 418 56 80 157 287 333 9209 389 5555
leaf_count=14664 8389 43211 4932 155415 151 728 166 5244 5446 15468 6239 9115 2197 220 2644 63549 350 156 905 1987 12637 418 56 80 157 287 333 9209 389 5555
internal_value=0.0279473 -1.11245 6.55906 -1.59751 0.545037 16.4354 26.2526 8.15176 0.774201 1.00523 4.77925 3.9692 5.04084 7.60544 10.2074 -1.75106 0.513384 30.1742 28.5948 -1.32009 -0.289645 2.38803 5.92888 8.86639 15.7088 12.7398 7.18018 8.19555 6.3142 6.55611
internal_weight=370297 315251 55046 250776 16770 2106 1378 29050 64475 59029 25996 17607 11368 24118 3388 234006 43561 1212 1056 78591 15042 2405 9171 2724 664 507 20730 9542 11188 10799
internal_count=370297 315251 55046 250776 16770 2106 1378 29050 64475 59029 25996 17607 11368 24118 3388 234006 43561 1212 1056 78591 15042 2405 9171 2724 664 507 20730 9542 11188 10799
is_linear=0
shrinkage=0.05


Tree=50
num_leaves=31
num_cat=0
split_feature=10 10 10 3 3 4 9 6 3 9 9 4 8 3 8 11 3 11 0 11 0 0 11 8 8 3 3 3 0 1
split_gain=9.62937e+08 1.07988e+08 5.27801e+07 2.77493e+07 2.10734e+08 1.44196e+08 6.05443e+07 2.05574e+07 1.4288e+07 1.31684e+07 1.15724e+07 1.05398e+07 9.8025e+06 9.5647e+06 1.06734e+07 1.12486e+07 1.09696e+07 9.61248e+06 9.52299e+06 1.22502e+07 1.77813e+07 9.4499e+06 1.35463e+07 9.2612e+06 1.72237e+07 8.9386e+06 9.59303e+06 8.473e+06 8.47211e+06 9.94193e+06
threshold=1278.9666666666669 449.83333333333343 2132.4000000000005 8.5000000000000018 7.5000000000000009 1.0000000180025095e-35 140.99750000000003 5.5000000000000009 14.500000000000002 606.9575000000001 1998.7498333333335 1.0000000180025095e-35 1.0000000180025095e-35 270.50000000000006 2899.4528571428577 9286.6000000000022 88.500000000000014 15809.935000000003 23.500000000000004 65821.285000000018 16.500000000000004 18.500000000000004 2513.8400000000006 413.25214285714293 486.76000000000005 120.50000000000001 51.500000000000007 261.50000000000006 2.5000000000000004 1.0000000180025095e-35
decision_type=2 2 2 2 2 2 2 2 2 2 2 2 2 2 2 2 2 2 2 2 2 2 2 2 2 2 2 2 2 2
left_child=1 3 7 4 -1 6 -6 10 18 -3 -2 -5 -13 14 16 -16 17 -10 19 -4 -21 22 -8 -23 -25 26 -17 -11 29 -18
right_child=2 9 8 11 5 -7 21 -9 13 27 -12 12 -14 -15 15 25 28 -19 -20 20 -22 23 -24 24 -26 -27 -28 -29 -30 -31
leaf_value=-1.651955447542484 4.7579817336781689 0.38406797781362623 11.453998237164837 -1.8716472632122159 -0.13790184518565304 -1.9723995761337489 16.799419134131501 -24.85591868203262 4.4574359935780743 2.3451656425463878 10.076133192338339 -2.349474993316325 -0.93450252292667602 4.3588672190911906 2.8610726525909023 10.699419814534487 16.641109139578685 7.7125746147760568 3.6358227182755316 40.235132518727731 10.742555467571531 47.843225286444842 31.751759206174 7.0608221292495728 34.82119929646727 2.4625628813107809 23.188388070007424 -1.3480842170072311 9.9944122346810342 -3.2513348182042443
leaf_weight=15014 30026 40341 2219 155221 207 793 280 58 3203 16622 1059 14809 70557 2044 209 256 84 7769 343 94 112 98 330 65 398 105 385 1713 5175 249
leaf_count=15014 30026 40341 2219 155221 207 793 280 58 3203 16622 1059 14809 70557 2044 209 256 84 7769 343 94 112 98 330 65 398 105 385 1713 5175 249
internal_value=0.0010546 -1.0469 6.21238 -1.48757 0.45349 15.0141 24.7894 4.88367 8.07241 0.889048 4.93916 -1.62622 -1.17997 7.59475 7.97411 13.1132 7.67631 6.76232 11.4338 12.5368 24.2003 29.1959 24.8884 33.8795 30.924 15.9855 18.2006 2.00011 9.49698 1.76658
internal_weight=369838 316448 53390 257772 17185 2171 1378 31143 22247 58676 31085 240587 85366 19479 17435 955 16480 10972 2768 2425 206 1171 610 561 463 746 641 18335 5508 333
internal_count=369838 316448 53390 257772 17185 2171 1378 31143 22247 58676 31085 240587 85366 19479 17435 955 16480 10972 2768 2425 206 1171 610 561 463 746 641 18335 5508 333
is_linear=0
shrinkage=0.05


Tree=51
num_leaves=31
num_cat=0
split_feature=10 10 10 3 3 4 6 8 3 6 9 3 10 3 3 11 10 3 3 6 0 11 11 10 0 11 3 10 10 11
split_gain=8.58099e+08 9.2263e+07 4.75924e+07 2.27389e+07 1.96772e+08 1.07552e+08 5.0871e+07 1.82208e+07 1.59698e+07 1.65578e+07 1.54229e+07 1.44539e+07 1.25659e+07 1.13731e+07 1.59514e+07 1.25071e+07 1.16971e+07 1.08339e+07 2.10256e+07 1.51325e+07 1.58105e+07 1.44156e+07 1.50777e+07 1.35903e+07 1.02942e+07 9.74169e+06 1.01903e+07 9.12745e+06 8.76857e+06 8.47487e+06
threshold=1231.9500000000003 326.16666666666669 2111.3500000000008 8.5000000000000018 7.5000000000000009 1.0000000180025095e-35 30.500000000000004 73.790000000000006 261.50000000000006 4.5000000000000009 626.83883333333335 134.50000000000003 2812.8500000000008 14.500000000000002 10.500000000000002 45915.240000000013 2071.4333333333338 88.500000000000014 44.500000000000007 1.5000000000000002 18.500000000000004 4347.4950000000008 10903.300000000001 2641.9333333333338 11.500000000000002 10301.915000000003 261.50000000000006 2494.5000000000005 1900.7500000000002 5391.880000000001
decision_type=2 2 2 2 2 2 2 2 2 2 2 2 2 2 2 2 2 2 2 2 2 2 2 2 2 2 2 2 2 2
left_child=1 3 7 4 -1 6 -6 -2 9 10 -3 12 17 14 -9 16 -16 18 19 -4 21 -21 -23 27 -13 26 28 -22 -15 -20
right_child=2 8 11 -5 5 -7 -8 13 -10 -11 -12 24 -14 25 15 -17 -18 -19 29 20 23 22 -24 -25 -26 -27 -28 -29 -30 -31
leaf_value=-1.7665314808139023 -23.988595039503917 0.44797692235479092 7.7791812867819932 -1.6245188039551506 26.473414234862936 -2.3827450389768714 -2.3101230057803068 4.9894572414142386 -1.7908245577317043 -6.5130043325668723 2.3515974596345646 1.995745998805603 11.554488953123252 5.2439376265199087 11.779087435684858 28.592453067707567 -13.046260615110398 10.024573144242686 -2.4029396836321459 -1.1481190054040207 6.0395380574685555 39.12772270747594 18.068082245676507 -17.647506577360865 6.9673865992826265 3.5210174080361178 1.0438706252743037 27.040835107117893 9.1415475298435975 5.1585385512131046
leaf_weight=13967 56 55461 6269 223118 1201 613 176 2433 6903 780 13166 1808 2290 7479 930 106 50 3605 399 76 270 105 446 51 2455 18011 1170 64 1788 5199
leaf_count=13967 56 55461 6269 223118 1201 613 176 2433 6903 780 13166 1808 2290 7479 930 106 50 3605 399 76 270 105 446 51 2455 18011 1170 64 1788 5199
internal_value=-0.00547597 -1.01096 5.75395 -1.49411 0.329274 15.0389 22.7945 4.50713 0.502741 0.730852 0.813184 7.48711 8.08391 4.55705 7.23853 12.2772 10.5125 7.60177 6.92359 8.69502 14.3684 19.2656 22.0813 6.3929 4.85884 4.22535 5.44082 10.0637 5.99595 4.61959
internal_weight=370445 315385 55060 239075 15957 1990 1377 32023 76310 69407 68627 23037 18774 31967 3519 1086 980 16484 12879 7281 1012 627 551 385 4263 28448 10437 334 9267 5598
internal_count=370445 315385 55060 239075 15957 1990 1377 32023 76310 69407 68627 23037 18774 31967 3519 1086 980 16484 12879 7281 1012 627 551 385 4263 28448 10437 334 9267 5598
is_linear=0
shrinkage=0.05


Tree=52
num_leaves=31
num_cat=0
split_feature=10 10 8 8 6 4 6 5 10 0 1 1 11 6 8 0 10 8 0 9 10 1 11 11 11 10 11 11 9 0
split_gain=7.93277e+08 9.99018e+07 4.00976e+07 3.54674e+07 1.08488e+07 1.20188e+07 9.96404e+06 1.38281e+07 1.15458e+07 8.66866e+06 2.11978e+07 1.15667e+07 7.64502e+06 7.41953e+06 8.85009e+06 8.17939e+06 1.37883e+07 7.94144e+06 8.16352e+06 8.2799e+06 7.85321e+06 1.06912e+07 8.79267e+06 7.0688e+06 7.02722e+06 7.41241e+06 7.04848e+06 6.98913e+06 6.95954e+06 6.79652e+06
threshold=1344.8833333333334 482.16666666666669 87.002142857142871 1879.7300000000002 4.5000000000000009 1.5000000000000002 14.500000000000002 1.0000000180025095e-35 308.16666666666669 23.500000000000004 5.5000000000000009 3.5000000000000004 4877.3750000000009 1.5000000000000002 357.74000000000007 1.5000000000000002 2519.2500000000005 1017.3635714285716 17.500000000000004 2258.7413333333338 2548.1500000000001 3.5000000000000004 11846.610000000002 38560.455000000009 10301.915000000003 1546.1833333333336 2280.0000000000005 65821.285000000018 1880.9296666666669 27.500000000000004
decision_type=2 2 2 2 2 2 2 2 2 2 2 2 2 2 2 2 2 2 2 2 2 2 2 2 2 2 2 2 2 2
left_child=1 6 -2 13 5 -3 7 8 -1 28 11 -11 -12 14 -4 16 -16 -15 -19 -20 24 -22 -23 -24 25 -17 -27 -26 -5 -25
right_child=2 4 3 9 -6 -7 -8 -9 -10 10 12 -13 -14 17 15 20 -18 18 19 -21 21 22 23 29 27 26 -28 -29 -30 -31
leaf_value=3.1222585614483869 -34.395473584821154 0.55625123426461376 18.776575736346047 6.5234550783933223 -6.7880233919998112 2.125594720274651 -1.6754194791903707 -1.2857050940731252 -0.38133407173633627 5.3608929107107883 15.663144556113654 11.158570247940478 -3.5676065256346519 2.3248853399203373 1.594879051531116 3.4534486262085893 -21.800317343543558 9.5899783719377094 4.360882053253242 24.821561317817839 4.5261360942056141 -7.7935777034399649 17.812901344051266 5.6658533841461578 3.7241549630692767 -2.9706306270871843 7.2526691175666276 9.5253930900364292 9.0139023375887479 24.500641747883389
leaf_weight=2585 62 36783 109 4003 442 18255 112862 122426 26027 2698 56 1263 670 858 853 2358 68 2265 1622 51 1146 53 410 331 17563 175 4609 535 9375 56
leaf_count=2585 62 36783 109 4003 442 18255 112862 122426 26027 2698 56 1263 670 858 853 2358 68 2265 1622 51 1146 53 410 331 17563 175 4609 535 9375 56
internal_value=0.0116121 -0.91454 5.79009 5.83882 1.01411 1.07677 -1.32 -1.05442 -0.064796 7.6204 5.76996 7.20953 -2.08424 4.86537 4.55684 4.50179 -0.132454 6.68376 7.63346 4.98461 4.6585 7.67766 11.9267 13.238 4.41974 5.74782 6.8787 3.89565 8.2687 8.3913
internal_weight=370569 319380 51189 51127 55480 55038 263900 151038 28612 18065 4687 3961 726 33062 28266 28157 921 4796 3938 1673 27236 1996 850 797 25240 7142 4784 18098 13378 387
internal_count=370569 319380 51189 51127 55480 55038 263900 151038 28612 18065 4687 3961 726 33062 28266 28157 921 4796 3938 1673 27236 1996 850 797 25240 7142 4784 18098 13378 387
is_linear=0
shrinkage=0.05


Tree=53
num_leaves=31
num_cat=0
split_feature=10 8 10 6 3 3 4 6 6 10 0 10 0 3 3 10 3 11 1 8 0 6 8 3 3 3 6 0 11 3
split_gain=6.78827e+08 6.46881e+07 5.14747e+07 2.94682e+07 2.08042e+07 1.74527e+08 9.60662e+07 4.45219e+07 1.86523e+07 2.09037e+07 1.48061e+07 1.30646e+07 1.29553e+07 1.16924e+07 9.74787e+06 1.05844e+07 9.60243e+06 1.48007e+07 1.14738e+07 9.53354e+06 9.31304e+06 1.04406e+07 9.17547e+06 8.89736e+06 9.54453e+06 8.83756e+06 9.86916e+06 9.07789e+06 8.62616e+06 8.39064e+06
threshold=857.58333333333337 1355.9100000000001 346.50000000000006 5.5000000000000009 8.5000000000000018 7.5000000000000009 1.0000000180025095e-35 30.500000000000004 1.5000000000000002 2418.9166666666674 14.500000000000002 1468.116666666667 1.5000000000000002 268.50000000000006 14.500000000000002 1468.116666666667 14.500000000000002 4493.2300000000005 1.0000000180025095e-35 3218.1678571428579 5.5000000000000009 2.5000000000000004 578.19000000000017 260.50000000000006 66.500000000000014 259.50000000000006 4.5000000000000009 26.500000000000004 50375.340000000004 68.500000000000014
decision_type=2 2 2 2 2 2 2 2 2 2 2 2 2 2 2 2 2 2 2 2 2 2 2 2 2 2 2 2 2 2
left_child=2 3 4 14 5 -1 7 -7 9 13 20 -5 -11 -3 -2 23 17 -14 -19 -20 21 -10 -17 24 -16 26 -4 -27 -21 -24
right_child=1 8 25 11 -6 6 -8 -9 10 12 -12 -13 16 -15 15 22 -18 18 19 28 -22 -23 29 -25 -26 27 -28 -29 -30 -31
leaf_value=-1.5685068239299378 6.5043630395138443 4.9276976899700085 0.51755916142221126 -8.7254678320001684 -1.4691977568704635 25.015627007724444 -2.0005493896022726 -2.1133200992738579 10.058219666413994 -2.158566944414412 6.4460604755052948 -39.431224033879303 35.820069885253908 -0.1993062792443584 1.1023953708574594 12.943317764757317 7.0930904470574028 -0.55817714256815387 15.461466390909113 8.9331543102770148 14.26465130119789 -5.0037842638352341 2.3582477487173792 -1.5266912425457697 3.6986975642981808 -2.5148317816774743 -5.8100655015360685 2.3942573097693951 -12.454878148599105 5.0051194815546562
leaf_weight=14129 1869 18786 56661 108 225005 1202 628 173 747 342 2969 51 60 1182 7490 273 8396 202 796 330 1435 136 6028 1672 6712 4861 623 1168 55 5949
leaf_count=14129 1869 18786 56661 108 225005 1202 628 173 747 342 2969 51 60 1182 7490 273 8396 202 796 330 1435 136 6028 1672 6712 4861 623 1168 55 5949
internal_value=-0.017719 4.59622 -1.01171 2.89393 -1.34484 0.389623 14.2021 21.6023 6.04468 5.5643 8.78402 -18.5745 7.40812 4.62421 3.00774 2.77537 7.74065 11.5085 10.4537 12.3372 11.7786 7.73836 3.87955 1.92327 2.32943 0.257098 0.448742 -1.56379 5.87772 3.67295
internal_weight=370038 65588 304450 30152 241137 16132 2003 1375 35436 30149 5287 159 10181 19968 29993 28124 9839 1443 1383 1181 2318 883 12250 15874 14202 63313 57284 6029 385 11977
internal_count=370038 65588 304450 30152 241137 16132 2003 1375 35436 30149 5287 159 10181 19968 29993 28124 9839 1443 1383 1181 2318 883 12250 15874 14202 63313 57284 6029 385 11977
is_linear=0
shrinkage=0.05


Tree=54
num_leaves=31
num_cat=0
split_feature=9 10 9 3 3 4 9 3 3 3 6 4 8 4 8 3 3 3 3 10 9 9 1 8 3 9 3 10 11 1
split_gain=6.53966e+08 7.46097e+07 3.33387e+07 1.99849e+07 1.52769e+08 1.01806e+08 4.21326e+07 1.56043e+07 1.31007e+07 9.74682e+06 1.16982e+07 1.01403e+07 9.50836e+06 8.35909e+06 8.47002e+06 8.25407e+06 1.178e+07 9.38613e+06 2.01575e+07 8.16943e+06 9.05664e+06 8.51616e+06 7.78164e+06 9.61437e+06 7.75656e+06 7.44014e+06 1.21825e+07 9.78119e+06 7.49086e+06 7.21259e+06
threshold=928.8950000000001 454.50000000000006 1734.5108333333335 8.5000000000000018 7.5000000000000009 1.0000000180025095e-35 149.04733333333334 20.500000000000004 263.50000000000006 260.50000000000006 4.5000000000000009 1.5000000000000002 455.41857142857145 1.0000000180025095e-35 1.0000000180025095e-35 14.500000000000002 6.5000000000000009 68.500000000000014 44.500000000000007 2872.6833333333338 2530.8520000000003 2530.8520000000003 1.0000000180025095e-35 3218.1678571428579 16.500000000000004 2422.4765000000002 6.5000000000000009 2494.5000000000005 13348.465000000002 2.5000000000000004
decision_type=2 2 2 2 2 2 2 2 2 2 2 2 2 2 2 2 2 2 2 2 2 2 2 2 2 2 2 2 2 2
left_child=1 3 8 4 -1 6 -6 19 15 10 11 -3 -9 -5 -15 16 -2 18 -17 21 -21 25 23 -23 -13 -4 28 -28 -27 -8
right_child=2 9 7 13 5 -7 29 12 -10 -11 -12 24 -14 14 -16 17 -18 -19 -20 20 -22 22 -24 -25 -26 26 27 -29 -30 -31
leaf_value=-1.3485177196077172 3.0397900641783444 0.61245897402634863 8.4748644346435533 -1.5462280037416054 1.266563714459338 -1.4209149905456808 29.267210272546119 -13.616198828912552 0.60162250151256247 -1.3384326164205329 -7.0935273039742803 5.2795275434079878 5.9960834011517132 -2.0181976590734636 -0.70626155102506782 4.7787751543500665 9.1214593138004982 5.1092136133922548 0.86717594100048645 23.396909620113746 8.1771933653021378 19.965464853357389 21.880646267783977 -10.306680125816197 1.7385091173045499 -0.35580325744770191 -5.441323633014032 23.922694209364593 -27.076547434984469 21.306361897169861
leaf_weight=15005 1330 37568 3248 155257 223 788 534 62 2561 4965 445 1757 19169 14864 71395 7866 1984 10965 5666 206 186 54 214 51 12909 54 53 61 51 609
leaf_count=15005 1330 37568 3248 155257 223 788 534 62 2561 4965 445 1757 19169 14864 71395 7866 1984 10965 5666 206 186 54 214 51 12909 54 53 61 51 609
internal_value=0.0193115 -0.847331 5.11656 -1.20983 0.438984 12.8909 21.1469 6.53456 4.02365 0.779361 0.978963 1.04774 5.93285 -1.32697 -0.932332 4.33878 6.68072 4.02195 3.14094 9.30417 16.1753 8.59273 16.4105 5.26185 2.16273 7.87342 -1.04668 10.271 -13.3345 25.0256
internal_weight=370100 316319 53781 258675 17159 2154 1366 23409 30372 57644 52679 52234 19231 241516 86259 27811 3314 24497 13532 4178 392 3786 319 105 14666 3467 219 114 105 1143
internal_count=370100 316319 53781 258675 17159 2154 1366 23409 30372 57644 52679 52234 19231 241516 86259 27811 3314 24497 13532 4178 392 3786 319 105 14666 3467 219 114 105 1143
is_linear=0
shrinkage=0.05


Tree=55
num_leaves=31
num_cat=0
split_feature=10 8 10 6 3 3 4 9 9 6 10 10 3 0 8 1 3 3 11 0 8 3 8 9 10 8 8 8 6 8
split_gain=5.56451e+08 5.76803e+07 4.35167e+07 2.34175e+07 1.66582e+07 1.53044e+08 8.23664e+07 4.02689e+07 1.50932e+07 1.37943e+07 1.06571e+07 1.0614e+07 1.03587e+07 1.00589e+07 1.22389e+07 9.98333e+06 1.05358e+07 9.70472e+06 9.36923e+06 1.543e+07 9.23488e+06 8.96838e+06 8.52448e+06 9.3556e+06 9.18663e+06 8.85592e+06 8.39039e+06 8.84759e+06 1.02455e+07 1.01197e+07
threshold=884.35000000000002 1483.5285714285715 298.50000000000006 5.5000000000000009 8.5000000000000018 7.5000000000000009 1.0000000180025095e-35 149.04733333333334 2041.4540000000004 5.5000000000000009 1488.6333333333334 1468.116666666667 261.50000000000006 7.5000000000000009 585.23357142857162 5.5000000000000009 53.500000000000007 267.50000000000006 27454.115000000002 18.500000000000004 2899.4528571428577 260.50000000000006 1925.7600000000002 1804.4843333333336 2348.0500000000006 1518.4428571428573 874.19928571428591 408.87071428571437 3.5000000000000004 481.08500000000009
decision_type=2 2 2 2 2 2 2 2 2 2 2 2 2 2 2 2 2 2 2 2 2 2 2 2 2 2 2 2 2 2
left_child=2 3 4 10 5 -1 7 -7 17 12 21 -5 -4 -12 -15 16 -10 18 -3 -20 -18 -2 24 -24 25 -21 27 -9 -29 -30
right_child=1 8 9 11 -6 6 -8 26 15 -11 13 -13 -14 14 -16 -17 20 -19 19 22 -22 -23 23 -25 -26 -27 -28 28 29 -31
leaf_value=-1.5252568673546332 2.3985177139212048 4.4780186231911925 0.48184252017129919 -7.2600880415543276 -1.335995999019147 0.47227090500496538 -2.0711419983914023 33.848688825102876 9.8808647692754867 -6.1211975781253587 1.6777443289330209 -35.697991060743149 -1.6451560780402457 16.61157714846065 4.3192676493570481 4.2850442726922955 5.5747142436683399 -0.01725904162355562 9.5757032033002307 -10.066081878703129 11.5877685524085 -1.382519049790651 2.1150278894077754 12.232140101264505 -4.0706150051809198 6.2526791471759893 31.145093593564066 36.838961828867596 1.9438552395157194 19.764718810115198
leaf_weight=13833 16149 13231 61651 92 220584 222 608 121 4000 851 4157 51 6310 206 11902 2320 4363 947 2705 93 748 1737 414 510 482 784 286 75 92 594
leaf_count=13833 16149 13231 61651 92 220584 222 608 121 4000 851 4157 51 6310 206 11902 2320 4363 947 2705 93 748 1737 414 510 482 784 286 75 92 594
internal_value=-0.00755443 4.19712 -0.901465 2.78906 -1.22356 0.343118 13.2787 19.9928 5.77532 0.205139 2.87361 -17.4023 0.284356 3.79983 4.5284 7.21327 7.95891 4.91769 5.17421 7.02089 6.45473 2.03132 3.99384 7.69915 1.47455 4.52218 23.7031 21.2899 19.293 17.3747
internal_weight=370118 64891 305227 34294 236415 15831 1998 1390 30597 68812 34151 143 67961 16265 12108 11431 9111 19166 18219 4988 5111 17886 2283 924 1359 877 1168 882 761 686
internal_count=370118 64891 305227 34294 236415 15831 1998 1390 30597 68812 34151 143 67961 16265 12108 11431 9111 19166 18219 4988 5111 17886 2283 924 1359 877 1168 882 761 686
is_linear=0
shrinkage=0.05


Tree=56
num_leaves=31
num_cat=0
split_feature=10 10 10 3 3 4 6 8 6 3 3 0 6 3 6 3 8 9 8 3 9 1 0 3 6 3 10 8 0 0
split_gain=5.24159e+08 4.92073e+07 3.66783e+07 1.43973e+07 1.30219e+08 7.16744e+07 3.28255e+07 1.21972e+07 1.18382e+07 9.90368e+06 9.12973e+06 8.7067e+06 8.00473e+06 1.4066e+07 1.36283e+07 1.41222e+07 1.21077e+07 1.86676e+07 8.64165e+06 7.72964e+06 7.44044e+06 7.4239e+06 8.83195e+06 7.01085e+06 1.19879e+07 1.07189e+07 9.03438e+06 6.91062e+06 7.24065e+06 6.48618e+06
threshold=857.58333333333337 1745.4833333333336 298.50000000000006 8.5000000000000018 7.5000000000000009 1.0000000180025095e-35 30.500000000000004 2195.8535714285722 6.5000000000000009 259.50000000000006 260.50000000000006 26.500000000000004 1.5000000000000002 46.500000000000007 3.5000000000000004 69.500000000000014 1834.1171428571431 2194.8705000000004 578.19000000000017 135.50000000000003 565.87616666666679 1.0000000180025095e-35 3.5000000000000004 258.50000000000006 2.5000000000000004 253.50000000000003 2609.7166666666667 2078.5514285714294 11.500000000000002 19.500000000000004
decision_type=2 2 2 2 2 2 2 2 2 2 2 2 2 2 2 2 2 2 2 2 2 2 2 2 2 2 2 2 2 2
left_child=2 10 3 4 -1 6 20 12 9 -4 29 -11 18 -14 15 16 17 -15 -3 -9 -6 27 -23 25 -25 26 -17 -20 -29 -2
right_child=1 7 8 -5 5 -7 -8 19 -10 11 -12 -13 13 14 -16 23 -18 -19 21 -21 -22 22 -24 24 -26 -27 -28 28 -30 -31
leaf_value=-1.4311476620007266 3.4288515850205812 17.072672649613001 0.42079053347307688 -1.2706051652594255 20.50632743793793 -2.1198406836844437 -2.1967602241606943 7.349440936342754 -6.2089080676189452 -2.468498651941057 -0.15021948639015881 2.1308758978141409 11.325614178523422 -0.19121385068076685 -15.995469774518694 7.7255311386883108 -11.140665478802207 30.407975892853319 2.8345778015869838 3.5011243356417205 38.857288919646166 1.3494829758345654 5.0146405377683587 -0.01838494505717125 20.413307397225324 30.435976775747832 26.957296747794516 3.833531479658904 -11.448666481853842 1.8183798638825419
leaf_weight=13806 16726 133 60655 220716 1159 604 168 8576 724 5458 2850 1268 1200 397 77 1009 199 57 2903 1539 58 1817 17229 462 85 61 65 135 182 9984
leaf_count=13806 16726 133 60655 220716 1159 604 168 8576 724 5458 2850 1268 1200 397 77 1009 199 57 2903 1539 58 1817 17229 462 85 61 65 135 182 9984
internal_value=0.00171102 4.05272 -0.87183 -1.16625 0.292035 12.2529 18.5209 5.29064 0.150601 0.218933 2.53984 -1.60141 4.71772 6.90198 4.70117 5.38367 -0.857044 3.65053 4.36549 6.76392 21.3809 4.28959 4.66498 7.80649 3.15656 10.0475 8.88946 2.06915 -4.94047 2.82687
internal_weight=370302 65686 304616 236511 15795 1989 1385 36126 68105 67381 29560 6726 26011 3612 2412 2335 653 454 22399 10115 1217 22266 19046 1682 547 1135 1074 3220 317 26710
internal_count=370302 65686 304616 236511 15795 1989 1385 36126 68105 67381 29560 6726 26011 3612 2412 2335 653 454 22399 10115 1217 22266 19046 1682 547 1135 1074 3220 317 26710
is_linear=0
shrinkage=0.05


Tree=57
num_leaves=31
num_cat=0
split_feature=9 10 9 3 3 4 8 8 0 0 10 11 8 3 3 3 11 3 11 6 1 3 3 3 3 3 3 10 11 11
split_gain=4.89035e+08 5.37068e+07 2.56382e+07 1.54651e+07 1.14654e+08 7.33403e+07 3.28696e+07 1.27421e+07 1.19876e+07 1.62777e+07 1.23592e+07 1.63655e+07 1.07131e+07 1.04498e+07 3.66299e+07 1.89246e+07 1.03532e+07 1.35269e+07 1.22175e+07 1.0461e+07 1.02424e+07 1.01752e+07 1.63646e+07 9.98797e+06 9.97584e+06 2.51414e+07 9.90149e+06 9.54751e+06 9.48064e+06 1.27448e+07
threshold=928.8950000000001 472.83333333333343 1998.7498333333335 8.5000000000000018 7.5000000000000009 1.0000000180025095e-35 8.7857142857142865 130.13928571428576 18.500000000000004 8.5000000000000018 1900.7500000000002 9772.4500000000025 994.49500000000023 54.500000000000007 78.500000000000014 58.500000000000007 19100.720000000005 60.500000000000007 12198.740000000002 1.5000000000000002 5.5000000000000009 14.500000000000002 10.500000000000002 3.5000000000000004 46.500000000000007 70.500000000000014 260.50000000000006 2324.1500000000001 12557.920000000002 4644.1250000000009
decision_type=2 2 2 2 2 2 2 2 2 2 2 2 2 2 2 2 2 2 2 2 2 2 2 2 2 2 2 2 2 2
left_child=1 3 7 4 -1 6 -6 -2 9 24 -11 21 -4 23 15 -15 17 18 -13 -18 28 22 -12 -10 -9 -26 -16 -25 29 -14
right_child=2 -3 12 -5 5 -7 -8 8 13 10 11 16 20 14 26 -17 19 -19 -20 -21 -22 -23 -24 27 25 -27 -28 -29 -30 -31
leaf_value=-1.1261400367105658 -16.530546419961112 0.69745628138104054 -7.5734547946764081 -1.1278295839267782 -2.0105007343077932 -0.9573132170940073 20.999327366240937 5.0712420281941331 -2.0661610658833949 4.419176796129535 13.248548560705245 7.7438880991935735 9.8980999745028306 2.3519695078031964 4.5965618209574055 -6.2129515516653697 6.9732779170397592 6.562258161064725 -7.4591927595676921 17.452393077539679 3.7029970203233908 10.443926124837665 41.924735007683438 5.8078195977433928 -4.3164401856629864 3.4276341175519924 -0.18426627436175644 0.027743981398508224 8.2414336637406294 3.5172653425112617
leaf_weight=15185 77 54683 138 244452 178 799 1212 3934 552 7648 161 190 1061 1014 5665 1772 2433 994 434 264 2755 945 72 4948 1308 5274 1339 835 6894 2982
leaf_count=15185 77 54683 138 244452 178 799 1212 3934 552 7648 161 190 1061 1014 5665 1772 2433 994 434 264 2755 945 72 4948 1308 5274 1339 835 6894 2982
internal_value=0.0207361 -0.72773 4.43312 -1.02538 0.416023 11.1139 18.0527 3.78951 3.82884 4.54542 5.71869 7.52803 6.28803 2.77755 1.75366 -3.09564 6.10205 2.94001 -2.83005 7.99904 6.42774 12.7514 22.1099 4.35986 3.07928 1.8887 3.68258 4.97324 7.11409 5.19178
internal_weight=370198 316509 53689 261826 17374 2189 1390 39859 39782 23657 13141 5493 13830 16125 9790 2786 4315 1618 624 2697 13692 1178 233 6335 10516 6582 7004 5783 10937 4043
internal_count=370198 316509 53689 261826 17374 2189 1390 39859 39782 23657 13141 5493 13830 16125 9790 2786 4315 1618 624 2697 13692 1178 233 6335 10516 6582 7004 5783 10937 4043
is_linear=0
shrinkage=0.05


Tree=58
num_leaves=31
num_cat=0
split_feature=9 10 10 3 3 4 9 3 9 3 6 11 9 10 8 4 11 10 8 11 3 9 11 11 3 1 11 10 1 11
split_gain=4.31935e+08 4.56435e+07 2.92048e+07 1.37325e+07 1.00259e+08 6.84744e+07 2.99313e+07 1.11804e+07 1.01019e+07 1.00041e+07 9.71672e+06 9.70784e+06 9.51265e+06 8.31022e+06 7.63655e+06 7.54681e+06 7.40168e+06 1.26081e+07 7.37384e+06 7.37009e+06 6.98103e+06 6.90825e+06 1.47417e+07 1.39689e+07 8.84545e+06 9.92808e+06 8.56535e+06 8.54661e+06 7.1452e+06 9.21552e+06
threshold=890.74450000000013 495.83333333333343 2111.3500000000008 8.5000000000000018 7.5000000000000009 1.0000000180025095e-35 140.99750000000003 14.500000000000002 1998.7498333333335 11.500000000000002 1.5000000000000002 53.775000000000013 530.63900000000001 2198.5166666666669 44.010714285714293 1.0000000180025095e-35 10301.915000000003 1900.7500000000002 1.0000000180025095e-35 1916.0400000000002 261.50000000000006 2530.8520000000003 3410.4700000000003 2175.8900000000008 265.50000000000006 1.0000000180025095e-35 4959.9500000000007 2720.4666666666672 1.0000000180025095e-35 3139.3800000000006
decision_type=2 2 2 2 2 2 2 2 2 2 2 2 2 2 2 2 2 2 2 2 2 2 2 2 2 2 2 2 2 2
left_child=1 3 8 4 -1 6 -6 9 16 -4 13 -8 -13 -11 -3 -5 17 -2 -17 -10 -16 22 28 -23 -24 -26 -27 -28 -9 -30
right_child=2 14 7 15 5 -7 11 21 19 10 -12 12 -14 -15 20 18 -18 -19 -20 -21 -22 23 24 -25 25 26 27 -29 29 -31
leaf_value=-1.0518527201358026 3.2182158413617437 -5.2705122825086796 6.9715706187628204 -1.2823584182165968 -0.40688242656428647 -0.91956030795344013 32.660156386068891 6.6529974767436162 26.03175242965872 -5.1777046709291401 31.258795511881512 17.188778207935432 34.748214689890546 14.529149604615492 0.92491750734401101 -1.7283060462733884 2.3396310901488109 7.5787011449930946 -0.51754603000320265 7.1544025018759427 -1.2592458229463575 30.335447610508311 5.3170418488519466 6.9787298420668211 -10.118706524733341 17.751627888149685 -0.27166263871427093 8.6698424853320812 -4.3685414745263307 -27.587918396949767
leaf_weight=15432 10375 533 2358 155132 205 839 140 115 55 62 75 943 84 390 44888 14992 18823 1973 78010 863 3983 66 15626 2128 165 90 1120 351 294 50
leaf_count=15432 10375 533 2358 155132 205 839 140 115 55 62 75 943 84 390 44888 14992 18823 1973 78010 863 3983 66 15626 2128 165 90 1120 351 294 50
internal_value=-0.000250288 -0.7136 4.08921 -0.973019 0.374833 10.3326 17.2135 5.45365 3.11592 8.36351 14.5916 20.3087 18.625 11.826 0.681988 -1.06886 2.96367 3.91495 -0.712722 8.2854 0.746908 5.034 4.7079 7.68135 4.94185 1.54514 2.77803 1.8619 -4.1365 -7.74345
internal_weight=370160 315181 54979 265777 17643 2211 1372 22890 32089 2885 527 1167 1027 452 49404 248134 31171 12348 93002 918 48871 20005 17811 2194 17352 1726 1561 1471 459 344
internal_count=370160 315181 54979 265777 17643 2211 1372 22890 32089 2885 527 1167 1027 452 49404 248134 31171 12348 93002 918 48871 20005 17811 2194 17352 1726 1561 1471 459 344
is_linear=0
shrinkage=0.05


Tree=59
num_leaves=31
num_cat=0
split_feature=9 6 7 9 3 3 4 9 3 6 3 3 3 11 3 0 8 3 3 9 8 8 8 0 6 8 11 3 11 0
split_gain=3.8419e+08 3.72126e+07 2.10757e+07 1.99797e+07 1.18668e+07 8.14603e+07 4.71968e+07 2.40758e+07 1.00008e+07 1.04531e+07 1.29187e+07 1.20831e+07 2.16915e+07 1.11239e+07 9.81173e+06 9.51929e+06 9.973e+06 9.25578e+06 9.24731e+06 8.70501e+06 7.62754e+06 9.11033e+06 7.43076e+06 7.16645e+06 7.12524e+06 7.01002e+06 6.64986e+06 9.10375e+06 6.27487e+06 6.58592e+06
threshold=928.8950000000001 3.5000000000000004 1.0000000180025095e-35 1841.156666666667 8.5000000000000018 7.5000000000000009 1.0000000180025095e-35 143.09233333333336 260.50000000000006 1.5000000000000002 258.50000000000006 6.5000000000000009 23.500000000000004 4719.5250000000005 261.50000000000006 18.500000000000004 758.92071428571444 267.50000000000006 125.50000000000001 2194.8705000000004 1632.2000000000003 2899.4528571428577 368.44999999999999 5.5000000000000009 4.5000000000000009 2078.5514285714294 15809.935000000003 44.500000000000007 15809.935000000003 24.500000000000004
decision_type=2 2 2 2 2 2 2 2 2 2 2 2 2 2 2 2 2 2 2 2 2 2 2 2 2 2 2 2 2 2
left_child=1 2 14 17 5 -3 7 -7 9 10 28 -11 13 -13 -1 16 24 -2 19 -14 -21 26 -17 -20 -9 -25 27 -22 29 -5
right_child=3 4 -4 8 -6 6 -8 15 -10 11 -12 12 18 -15 -16 22 -18 -19 23 20 21 -23 -24 25 -26 -27 -28 -29 -30 -31
leaf_value=0.68133904256797873 3.409405662103052 -1.3123491022566069 -1.0213755243776832 4.6190095925553925 -1.153138348315796 -0.056674781142239367 -2.2074064349107014 20.115956087410453 2.6218433250760889 -3.2612244733298819 22.55940327554379 3.80207573238172 3.321835836286823 25.261525235907968 -1.2601078746171963 38.110280993286999 20.963743543824393 0.15240719506484432 2.8027571828741777 25.483990654578577 20.06383994150162 23.482976094256628 20.800281508626504 36.04043029844761 1.8803424591256173 13.647869352241617 12.754231811314822 -3.6019459925763622 5.9435931013738958 0.37780695201389941
leaf_weight=72662 31978 9765 31416 4628 193548 209 537 74 3162 192 106 76 969 294 7148 71 239 2341 57 78 50 89 489 64 194 77 208 217 7999 1141
leaf_count=72662 31978 9765 31416 4628 193548 209 537 74 3162 192 106 76 969 294 7148 71 239 2341 57 78 50 89 489 64 194 77 208 217 7999 1141
internal_value=0.00309815 -0.660803 0.0756358 3.91231 -1.06012 0.49478 10.2282 15.4616 5.19453 5.69529 5.17096 8.76338 9.82291 20.8536 0.507458 18.5013 13.5379 3.18724 7.56676 6.3135 10.829 8.80219 22.9949 17.7638 6.91555 23.8119 6.05147 0.829849 5.03709 3.78018
internal_weight=370078 316352 111226 53726 205126 11578 1813 1276 19407 16245 13874 2371 2179 370 79810 1067 507 34319 1809 1611 642 564 560 198 268 141 475 267 13768 5769
internal_count=370078 316352 111226 53726 205126 11578 1813 1276 19407 16245 13874 2371 2179 370 79810 1067 507 34319 1809 1611 642 564 560 198 268 141 475 267 13768 5769
is_linear=0
shrinkage=0.05


Tree=60
num_leaves=31
num_cat=0
split_feature=9 6 9 7 3 6 3 3 4 8 9 3 0 3 3 3 3 0 11 3 3 9 11 9 8 0 3 8 3 8
split_gain=3.45291e+08 2.96149e+07 2.42547e+07 1.76004e+07 1.29441e+07 1.22081e+07 1.07663e+07 6.99438e+07 4.09974e+07 2.11903e+07 9.88719e+06 9.28308e+06 8.82281e+06 1.4773e+07 2.21368e+07 1.83135e+07 9.5649e+06 9.04277e+06 8.76072e+06 7.80994e+06 7.52762e+06 7.44524e+06 9.81546e+06 8.52169e+06 7.88006e+06 7.25712e+06 7.07669e+06 1.01757e+07 6.92315e+06 9.48078e+06
threshold=824.05450000000008 3.5000000000000004 1998.7498333333335 1.0000000180025095e-35 267.50000000000006 3.5000000000000004 8.5000000000000018 7.5000000000000009 1.0000000180025095e-35 8.7857142857142865 1270.8481666666669 260.50000000000006 19.500000000000004 111.50000000000001 56.500000000000007 78.500000000000014 112.50000000000001 12.500000000000002 1845.2350000000004 134.50000000000003 3.5000000000000004 409.30816666666675 714.5100000000001 231.58550000000005 857.42928571428581 16.500000000000004 59.500000000000007 1925.7600000000002 14.500000000000002 2537.0064285714293
decision_type=2 2 2 2 2 2 2 2 2 2 2 2 2 2 2 2 2 2 2 2 2 2 2 2 2 2 2 2 2 2
left_child=1 3 4 11 10 19 7 -3 9 -9 -2 -1 17 14 20 26 -15 28 -19 -4 -14 22 23 -11 -24 -13 27 -16 29 -12
right_child=2 6 5 -5 -6 -7 -8 8 -10 21 12 25 13 16 15 -17 -18 18 -20 -21 -22 -23 24 -25 -26 -27 -28 -29 -30 -31
leaf_value=0.60259635281497259 2.2065599345177529 -1.2017524599111904 6.1016265813011792 -0.98242291957919348 -0.13971685644055562 -16.769867364821895 -1.0985795395195439 -1.8934401963886462 -1.933263987499279 12.029645773257998 9.7963955118118662 -2.6380535444348698 -3.8719219563314726 19.301329215044202 -4.080969326569952 2.0559503363210614 5.3012053070318128 -8.4656540693021292 6.3128850193591859 3.2492751155165664 4.5210487040464633 24.458945259567379 6.5382519656053475 26.477711805115401 26.404964623677319 0.59606944717934374 -8.3322593398515163 13.72262293417403 3.1936306662207161 -9.1104052495874779
leaf_weight=69019 15320 9749 10781 31356 3104 62 193443 171 546 181 723 4166 287 129 549 1666 2248 102 5949 3087 3864 258 358 234 58 2972 909 94 8821 73
leaf_count=69019 15320 9749 10781 31356 3104 62 193443 171 546 181 723 4166 287 129 549 1666 2248 102 5949 3087 3864 258 358 234 58 2972 909 94 8821 73
internal_value=-0.00106757 -0.657528 3.55023 0.0145762 2.9727 5.36773 -1.01002 0.472567 9.51074 14.4698 3.20987 0.425069 3.81468 2.63346 1.52785 -1.58463 6.06099 4.54944 6.06377 5.4667 3.94076 17.0392 14.7357 20.1763 9.30813 -1.29148 -5.49262 -1.47827 3.59663 8.06248
internal_weight=370279 312511 57768 107513 43838 13930 204998 11555 1806 1260 40734 76157 25414 9746 7369 3218 2377 15668 6051 13868 4151 1089 831 415 416 7138 1552 643 9617 796
internal_count=370279 312511 57768 107513 43838 13930 204998 11555 1806 1260 40734 76157 25414 9746 7369 3218 2377 15668 6051 13868 4151 1089 831 415 416 7138 1552 643 9617 796
is_linear=0
shrinkage=0.05


Tree=61
num_leaves=31
num_cat=0
split_feature=10 10 8 9 3 3 4 8 3 9 3 10 6 8 6 8 10 3 11 3 3 0 10 0 11 8 0 8 8 9
split_gain=3.27219e+08 3.86926e+07 2.62536e+07 2.30232e+07 1.07257e+07 7.88931e+07 5.48953e+07 2.432e+07 8.84733e+06 7.76248e+06 8.88206e+06 7.97401e+06 1.27852e+07 1.07531e+07 7.65596e+06 8.90842e+06 7.58417e+06 1.51549e+07 8.86268e+06 7.46863e+06 2.26138e+07 1.02834e+07 1.04305e+07 1.35795e+07 8.72104e+06 7.82739e+06 1.10253e+07 7.6324e+06 7.36246e+06 7.29789e+06
threshold=1324.3166666666668 495.83333333333343 73.790000000000006 1697.2931666666666 8.5000000000000018 7.5000000000000009 1.0000000180025095e-35 8.7857142857142865 270.50000000000006 2530.8520000000003 260.50000000000006 2641.9333333333338 1.5000000000000002 2899.4528571428577 1.5000000000000002 607.58142857142877 2955.1166666666672 7.5000000000000009 21033.945000000003 68.500000000000014 61.500000000000007 15.500000000000002 2609.7166666666667 12.500000000000002 27454.115000000002 1483.5285714285715 4.5000000000000009 2024.3085714285717 1017.3635714285716 2703.9491666666668
decision_type=2 2 2 2 2 2 2 2 2 2 2 2 2 2 2 2 2 2 2 2 2 2 2 2 2 2 2 2 2 2
left_child=1 4 -2 8 5 -1 7 -7 14 10 16 12 -11 -14 15 -4 19 -18 -19 20 -5 22 23 -22 -23 26 -21 -26 -16 -13
right_child=2 -3 3 9 -6 6 -8 -9 -10 11 -12 29 13 -15 28 -17 17 18 -20 25 21 24 -24 -25 27 -27 -28 -29 -30 -31
leaf_value=-0.9068926345004974 -28.068726571890025 0.65357055493444216 10.268875546393211 4.747704718724731 -0.91729634872815535 -1.8055765354433539 -0.81486820743753108 17.963108962057415 -1.2177936285844069 8.520818519051863 1.9007333799156143 8.9964490476319963 14.315598314551899 42.048422643116545 0.69135685951881165 2.4446950040451778 33.115295348745406 26.966406725037775 5.3470214790384603 -3.2302557364106179 -2.0771784608082107 -8.5594237198705994 -12.013716327789284 17.003262142446591 -6.1203845696186461 5.3954197405634519 12.589753315982106 11.318747650807904 6.2106372961220542 2.7789601457698794
leaf_weight=15468 65 52425 370 10997 248396 179 848 1189 1356 659 2832 860 93 56 765 21711 66 53 449 128 186 617 84 187 127 5557 789 124 2875 1046
leaf_count=15468 65 52425 370 10997 248396 179 848 1189 1356 659 2832 860 93 56 765 21711 66 53 449 128 186 617 84 187 127 5557 789 124 2875 1046
internal_value=0.0126759 -0.587976 3.68805 3.72776 -0.832594 0.357166 9.18047 15.3764 2.71852 4.82479 4.51615 7.34894 11.5115 24.7387 2.92604 2.5758 4.89865 10.5909 7.62955 4.72664 4.00419 -2.16666 3.90394 7.48862 -5.36282 6.10167 10.3815 2.49496 5.05068 5.58433
internal_weight=370557 318505 52052 51987 266080 17684 2216 1368 27077 24910 22196 2714 808 149 25721 22081 19364 568 502 18796 12322 1325 457 373 868 6474 917 251 3640 1906
internal_count=370557 318505 52052 51987 266080 17684 2216 1368 27077 24910 22196 2714 808 149 25721 22081 19364 568 502 18796 12322 1325 457 373 868 6474 917 251 3640 1906
is_linear=0
shrinkage=0.05


Tree=62
num_leaves=31
num_cat=0
split_feature=10 9 10 6 11 10 11 6 9 1 3 3 3 4 9 1 0 9 11 10 1 11 9 3 11 10 0 9 11 0
split_gain=2.78736e+08 2.89199e+07 2.27544e+07 1.05693e+07 9.99627e+06 1.02151e+07 1.15804e+07 9.48072e+06 9.25071e+06 8.78388e+06 1.42281e+07 8.03878e+06 7.88373e+07 4.45276e+07 2.11723e+07 7.84156e+06 1.19697e+07 1.65205e+07 1.14352e+07 1.08679e+07 1.0213e+07 9.39728e+06 7.90336e+06 1.15381e+07 9.65106e+06 8.48532e+06 7.43173e+06 7.98726e+06 9.10459e+06 7.40888e+06
threshold=884.35000000000002 1841.156666666667 298.50000000000006 7.5000000000000009 27454.115000000002 2220.0000000000005 32951.680000000008 5.5000000000000009 1235.1773333333335 4.5000000000000009 5.5000000000000009 8.5000000000000018 7.5000000000000009 1.0000000180025095e-35 149.04733333333334 5.5000000000000009 25.500000000000004 2336.8835000000004 8100.2700000000013 1987.5500000000002 4.5000000000000009 7354.6600000000008 2258.7413333333338 31.500000000000004 21033.945000000003 2577.1000000000004 22.500000000000004 2138.2523333333338 21033.945000000003 15.500000000000002
decision_type=2 2 2 2 2 2 2 2 2 2 2 2 2 2 2 2 2 2 2 2 2 2 2 2 2 2 2 2 2 2
left_child=2 7 11 -4 15 6 -6 8 -2 -7 -11 12 -1 14 -14 20 17 19 -18 -17 -3 -22 26 -24 25 -25 29 28 -28 -23
right_child=1 4 3 -5 5 9 -8 -9 -10 10 -12 -13 13 -15 -16 16 18 -19 -20 -21 21 22 23 24 -26 -27 27 -29 -30 -31
leaf_value=-1.1113070810125294 1.5949356928803606 3.7679858009556177 0.23331646810443829 -6.0589193400714096 26.868260212088458 7.1131194048050208 9.0305805360536446 -11.407842193756785 3.0232000205214291 -13.791244967430831 4.0136706508723723 -0.94041818688373946 0.22053273839688084 -1.6356711191652662 17.203817023674734 9.4773570242432239 8.9035915551647076 9.1325699788140842 -11.028712037974184 -2.5667130716958972 16.000262105228096 4.3856223563396695 26.404186256186478 14.658340576771767 22.67370518965599 -4.2479964430739239 22.278413577818537 -6.3089361388728307 -1.5280325719288417 -7.0165381961398658
leaf_weight=13887 22134 9460 67993 674 116 3527 422 126 23241 120 1727 220799 218 618 1160 227 93 686 318 1071 302 457 103 93 78 164 142 53 56 207
leaf_count=13887 22134 9460 67993 674 116 3527 422 126 23241 120 1727 220799 218 618 1160 227 93 686 318 1071 302 457 103 93 78 164 142 53 56 207
internal_value=0.00278902 2.97791 -0.629779 0.171555 4.59314 6.30789 12.8766 2.28846 2.32649 5.65029 2.85688 -0.862264 0.224198 9.51586 14.5171 3.84275 1.24771 2.85653 -6.51848 -0.460393 4.40192 8.02551 6.24548 11.7688 7.26896 2.5936 3.60153 10.9306 15.5453 0.831033
internal_weight=370272 64923 305349 68667 19422 5912 538 45501 45375 5374 1847 236682 15883 1996 1378 13510 2395 1984 411 1298 11115 1655 1353 438 335 257 915 251 198 664
internal_count=370272 64923 305349 68667 19422 5912 538 45501 45375 5374 1847 236682 15883 1996 1378 13510 2395 1984 411 1298 11115 1655 1353 438 335 257 915 251 198 664
is_linear=0
shrinkage=0.05


Tree=63
num_leaves=31
num_cat=0
split_feature=10 10 10 6 6 3 1 10 3 3 3 8 6 3 9 0 11 10 10 8 3 11 11 10 1 3 3 11 11 11
split_gain=2.62028e+08 2.65343e+07 1.82072e+07 1.19926e+07 1.44891e+07 1.38827e+07 1.02812e+07 9.90742e+06 1.18793e+07 9.1758e+06 1.30692e+07 8.75274e+06 8.66375e+06 8.43515e+06 1.42267e+07 7.63945e+06 9.63232e+06 9.01245e+06 1.26768e+07 1.01917e+07 9.63841e+06 8.10743e+06 7.47805e+06 7.13451e+06 7.37705e+06 7.05932e+06 1.20068e+07 7.81225e+06 1.64346e+07 1.03054e+07
threshold=857.58333333333337 1745.4833333333336 298.50000000000006 4.5000000000000009 1.5000000000000002 44.500000000000007 1.0000000180025095e-35 2680.8833333333337 280.50000000000006 14.500000000000002 11.500000000000002 578.19000000000017 7.5000000000000009 72.500000000000014 2258.7413333333338 2.5000000000000004 5302.5500000000011 2519.2500000000005 2577.1000000000004 1203.4478571428574 77.500000000000014 27454.115000000002 45915.240000000013 2282.6333333333337 3.5000000000000004 137.50000000000003 257.50000000000006 9286.6000000000022 4797.8500000000013 14253.120000000001
decision_type=2 2 2 2 2 2 2 2 2 2 2 2 2 2 2 2 2 2 2 2 2 2 2 2 2 2 2 2 2 2
left_child=2 9 -1 4 6 -6 -3 11 25 10 -2 -8 -4 14 23 16 -13 19 -19 -18 21 -21 -10 24 -7 27 -27 28 -9 -29
right_child=1 3 12 -5 5 13 7 8 22 -11 -12 15 -14 -15 -16 -17 17 18 -20 20 -22 -23 -24 -25 -26 26 -28 29 -30 -31
leaf_value=-0.82267074620297387 2.5547155703543858 1.1796407840208369 0.16109215510632144 -19.76683052910699 9.8250432260537774 6.1244094264948812 17.567534822887847 19.590569322384322 11.688345338224055 1.4609046974766797 10.297543561089206 -20.746058224780221 -5.6659482316570999 6.1245562547188452 9.7675417561809752 3.5262547320125344 -11.820252642136509 -28.584130668640139 1.5953542532744232 -4.9647707535105265 9.8878213280330449 7.4163312439691458 31.91698447446354 -9.6893609561369978 -6.0756523873608188 -21.033597808048643 2.7660427296588788 17.073227941940122 -13.978723377477928 6.1021698460510834
leaf_weight=236722 2345 4434 67304 54 1796 270 108 52 182 26603 710 56 644 2193 308 21011 118 61 81 357 383 210 61 260 229 58 614 232 122 2766
leaf_count=236722 2345 4434 67304 54 1796 270 108 52 182 26603 710 56 644 2193 308 21011 118 61 81 357 383 210 61 260 229 58 614 232 122 2766
internal_value=0.00189288 2.86646 -0.615587 3.77847 3.81383 6.29517 3.4079 3.78113 6.0449 1.75894 4.35419 3.36781 0.105864 4.35049 0.70425 3.29897 -0.473093 0.46516 -11.3691 2.03863 3.76004 -0.379177 16.7663 -2.97361 0.525583 5.36714 0.711907 6.35337 -3.94652 6.95116
internal_weight=370344 65674 304670 36016 35962 5056 30906 26472 4087 29658 3055 22385 67948 3260 1067 22277 1266 1210 142 1068 950 567 243 759 499 3844 672 3172 174 2998
internal_count=370344 65674 304670 36016 35962 5056 30906 26472 4087 29658 3055 22385 67948 3260 1067 22277 1266 1210 142 1068 950 567 243 759 499 3844 672 3172 174 2998
is_linear=0
shrinkage=0.05


Tree=64
num_leaves=31
num_cat=0
split_feature=10 8 6 10 6 10 9 3 3 3 3 4 9 8 11 3 3 3 3 0 11 9 11 11 11 10 3 3 3 0
split_gain=2.42154e+08 2.24964e+07 1.70488e+07 1.67423e+07 1.60881e+07 1.08172e+07 1.01132e+07 1.40933e+07 9.04352e+06 8.47966e+06 6.1053e+07 3.93754e+07 1.99575e+07 8.99018e+06 8.36826e+06 8.32951e+06 9.12518e+06 7.78126e+06 7.81086e+06 7.62871e+06 9.2558e+06 8.79525e+06 7.5256e+06 7.44088e+06 7.32509e+06 8.71876e+06 7.11884e+06 7.11208e+06 1.03798e+07 9.69666e+06
threshold=857.58333333333337 1355.9100000000001 4.5000000000000009 406.83333333333343 1.5000000000000002 1488.6333333333334 2138.2523333333338 266.50000000000006 2.5000000000000004 8.5000000000000018 7.5000000000000009 1.0000000180025095e-35 190.64483333333337 413.25214285714293 38560.455000000009 284.50000000000006 55.500000000000007 14.500000000000002 8.5000000000000018 17.500000000000004 11174.860000000002 1554.7928333333336 7629.005000000001 9286.6000000000022 45915.240000000013 2577.1000000000004 57.500000000000007 67.500000000000014 44.500000000000007 12.500000000000002
decision_type=2 2 2 2 2 2 2 2 2 2 2 2 2 2 2 2 2 2 2 2 2 2 2 2 2 2 2 2 2 2
left_child=3 2 17 9 6 -4 7 8 -3 10 -1 12 -12 -14 -10 16 24 18 -2 -6 21 -21 -15 -17 -8 -26 -23 28 -19 -30
right_child=1 4 5 -5 19 -7 15 -9 14 -11 11 -13 13 22 -16 23 -18 27 -20 20 -22 26 -24 -25 25 -27 -28 -29 29 -31
leaf_value=-0.8104937706103531 1.189728754749434 -3.773722258750364 -5.4406794917198926 0.21497430463179829 7.9206648157502428 -32.082408163764264 7.2629571005291256 -2.5541511404761486 2.6448881055623059 -0.83493930758091361 1.88992089176178 -1.1491095430486733 32.285243496262886 14.084439775644775 5.3592225005105139 1.9995335974191364 2.8317525800821337 2.0153355787666607 7.705928872469693 0.0020051490991635432 1.5092895139236839 16.993672347938929 32.955830494846616 21.558674810197619 -10.92901479959488 4.3134014215372334 6.8090486141591287 2.4190257283995669 -3.4050749739655917 0.8000352239630999
leaf_weight=14666 795 491 124 53774 2846 55 3011 1239 17226 234231 300 720 83 933 3400 76 4089 7866 1091 266 1421 274 56 135 120 430 459 14374 2182 3688
leaf_count=14666 795 491 124 53774 2846 55 3011 1239 17226 234231 300 720 83 933 3400 76 4089 7866 1091 266 1421 274 56 135 120 430 459 14374 2182 3688
internal_value=0.0077093 2.76197 1.75835 -0.585667 3.61546 -13.6267 3.171 2.62859 2.93268 -0.757204 0.329329 8.32008 13.2893 16.4795 3.09232 4.71358 4.44328 1.85016 4.95917 6.16579 4.10201 7.78994 15.153 14.5137 6.29375 0.987783 10.6161 1.64156 0.827991 -0.763091
internal_weight=370421 65658 30175 304763 35483 179 30217 22356 21117 250989 16758 2092 1372 1072 20626 7861 7650 29996 1886 5266 2420 999 989 211 3561 550 733 28110 13736 5870
internal_count=370421 65658 30175 304763 35483 179 30217 22356 21117 250989 16758 2092 1372 1072 20626 7861 7650 29996 1886 5266 2420 999 989 211 3561 550 733 28110 13736 5870
is_linear=0
shrinkage=0.05


Tree=65
num_leaves=31
num_cat=0
split_feature=10 9 10 1 3 8 10 3 11 9 0 11 0 10 3 3 3 10 9 9 1 0 1 10 0 10 8 8 3 3
split_gain=1.97924e+08 1.87696e+07 1.53522e+07 1.0939e+07 1.03275e+07 1.00107e+07 9.11261e+06 8.33194e+06 7.95637e+06 7.66339e+06 8.86441e+06 1.27271e+07 7.54138e+06 1.16905e+07 9.3599e+06 2.38549e+07 2.3561e+07 1.75679e+07 1.66258e+07 1.06458e+07 9.15693e+06 9.02249e+06 7.83898e+06 7.65868e+06 9.3724e+06 1.20673e+07 7.49954e+06 7.45783e+06 7.43254e+06 3.67129e+07
threshold=884.35000000000002 1998.7498333333335 298.50000000000006 5.5000000000000009 134.50000000000003 62.719285714285725 3076.1000000000008 267.50000000000006 1008.9750000000001 2194.8705000000004 22.500000000000004 4877.3750000000009 19.500000000000004 2444.1500000000001 110.50000000000001 57.500000000000007 78.500000000000014 2324.1500000000001 1554.7928333333336 1050.3710000000003 3.5000000000000004 23.500000000000004 3.5000000000000004 2469.5833333333335 2.5000000000000004 2577.1000000000004 1879.7300000000002 1.0000000180025095e-35 59.500000000000007 48.500000000000007
decision_type=2 2 2 2 2 2 2 2 2 2 2 2 2 2 2 2 2 2 2 2 2 2 2 2 2 2 2 2 2 2
left_child=2 5 -1 4 6 -2 8 12 -3 -6 11 -11 13 28 15 17 -17 19 -16 -14 -19 -20 -23 -15 25 -25 -22 -4 29 -7
right_child=1 3 27 -5 9 7 -8 -9 -10 10 -12 -13 14 23 18 16 -18 20 21 -21 26 22 -24 24 -26 -27 -28 -29 -30 -31
leaf_value=-0.74215535285777556 -11.45082415002976 24.395924592294076 -4.948744587612615 1.3252736803933594 -2.0197820247411729 2.5126616657378431 12.466088045284312 -0.34858921834272771 5.1389313521663924 14.204109756936687 10.190527077995013 -0.060538751810296304 0.58116805871370536 15.655049643289477 1.3795804060411851 -5.6076858148396003 1.1312351532966549 -8.5657425944603727 2.7851844208426573 4.6365330063976513 -5.9018523747993239 7.2314493712723689 16.841014162918857 -18.703693267910978 6.788601130922209 9.0415635373857288 8.6689279829828365 0.15980021549972526 3.3688240538009104 -6.1939002934812519
leaf_weight=236690 137 54 722 2795 800 13405 465 3294 8016 181 423 1149 2436 210 3242 2326 2932 509 551 4821 165 554 344 86 1395 72 190 68112 12930 1331
leaf_count=236690 137 54 722 2795 800 13405 465 3294 8016 181 423 1149 2436 210 3242 2326 2932 509 551 4821 165 554 344 86 1395 72 190 68112 12930 1331
internal_value=-0.0186299 2.49101 -0.551019 4.12073 4.82539 2.04677 5.65996 2.08318 5.26779 2.03531 3.8859 1.88074 2.25182 2.7455 1.44781 0.77398 -1.84989 2.47282 3.36959 3.27524 -4.26698 7.82206 10.9126 6.69321 5.48137 -6.06029 1.89659 0.106217 2.49393 1.72626
internal_weight=370337 64813 305524 13883 11088 50930 8535 50793 8070 2553 1753 1330 47499 29429 18070 13379 5258 8121 4691 7257 864 1449 898 1763 1553 158 355 68834 27666 14736
internal_count=370337 64813 305524 13883 11088 50930 8535 50793 8070 2553 1753 1330 47499 29429 18070 13379 5258 8121 4691 7257 864 1449 898 1763 1553 158 355 68834 27666 14736
is_linear=0
shrinkage=0.05


Tree=66
num_leaves=31
num_cat=0
split_feature=10 10 6 8 3 0 1 1 8 0 0 3 3 4 8 9 8 10 10 10 8 1 8 8 3 3 0 0 3 9
split_gain=1.73502e+08 2.27911e+07 1.79545e+07 1.1817e+07 7.95302e+06 8.53845e+06 1.43107e+07 1.25554e+07 9.55581e+06 8.12601e+06 1.13266e+07 7.5778e+06 5.47783e+07 3.80447e+07 1.69584e+07 7.21678e+06 1.06271e+07 6.72672e+06 6.88268e+06 6.53584e+06 6.53299e+06 6.24997e+06 6.08154e+06 6.0361e+06 5.92409e+06 2.08859e+07 9.91658e+06 2.06132e+07 1.15801e+07 1.15237e+07
threshold=1278.9666666666669 495.83333333333343 5.5000000000000009 1879.7300000000002 134.50000000000003 23.500000000000004 5.5000000000000009 1.5000000000000002 1925.7600000000002 29.500000000000004 27.500000000000004 8.5000000000000018 7.5000000000000009 1.0000000180025095e-35 8.7857142857142865 2530.8520000000003 1295.9014285714288 2494.5000000000005 2261.6500000000001 2609.7166666666667 2899.4528571428577 1.0000000180025095e-35 2133.8221428571437 2195.8535714285722 67.500000000000014 51.500000000000007 12.500000000000002 20.500000000000004 57.500000000000007 2258.7413333333338
decision_type=2 2 2 2 2 2 2 2 2 2 2 2 2 2 2 2 2 2 2 2 2 2 2 2 2 2 2 2 2 2
left_child=1 11 3 15 5 -5 7 8 -7 10 17 12 -1 14 -14 21 -17 18 -8 22 -21 -2 -9 -24 25 -23 29 -28 -29 -27
right_child=2 -3 -4 4 -6 6 9 19 -10 -11 -12 -13 13 -15 -16 16 -18 -19 -20 20 -22 24 23 -25 -26 26 27 28 -30 -31
leaf_value=-0.70538585603624204 0.41506082298399427 0.50306102450560253 -21.676062016110674 4.7905102975208038 1.2773096206018129 -18.09902402516958 -1.1573862656825731 7.9360684869727738 0.46248151500532569 9.4393556870912256 -19.381936935537698 -0.72277940039310029 -1.8211213666339257 -0.65996764653495388 14.969843055634295 -11.226387487990516 12.330639743226948 7.3187064127090879 -21.289484899694273 8.7071339943011612 26.218050528354333 2.7196956064593798 -10.129558086626739 2.9235757986578763 3.0519070338882837 -8.279653443513519 5.5424917652143684 1.3120952764546125 -6.0211017670170701 12.419554788840784
leaf_weight=15400 5070 50898 76 11684 2883 74 119 582 1101 76 151 248476 172 840 1196 56 330 109 66 420 61 11695 103 632 14251 736 1055 926 1286 74
leaf_count=15400 5070 50898 76 11684 2883 74 119 582 1101 76 151 248476 172 840 1196 56 330 109 66 420 61 11695 103 632 14251 736 1055 926 1286 74
internal_value=-0.0213817 -0.46632 2.60913 2.6436 3.68472 4.142 1.97336 3.31292 -0.706498 -5.67059 -8.25117 -0.651749 0.350601 7.71573 12.8587 2.11361 8.91304 -2.53434 -8.33965 5.93962 10.9279 2.03882 4.1178 1.09436 2.31303 1.6454 -1.43625 -0.208389 -2.95124 -6.38861
internal_weight=370598 316982 53616 53540 18061 15178 3494 2973 1175 521 445 266084 17608 2208 1368 35479 386 294 185 1798 481 35093 1317 735 30023 15772 4077 3267 2212 810
internal_count=370598 316982 53616 53540 18061 15178 3494 2973 1175 521 445 266084 17608 2208 1368 35479 386 294 185 1798 481 35093 1317 735 30023 15772 4077 3267 2212 810
is_linear=0
shrinkage=0.05


Tree=67
num_leaves=31
num_cat=0
split_feature=9 10 8 3 3 3 3 0 0 10 3 10 9 0 3 0 8 10 0 3 10 1 3 3 9 9 3 3 3 4
split_gain=1.77102e+08 1.93641e+07 1.39487e+07 1.0454e+07 1.89789e+07 7.92561e+06 1.55098e+07 1.21674e+07 2.38115e+07 1.77677e+07 1.86233e+07 2.15488e+07 1.33418e+07 1.42833e+07 1.01969e+07 8.57254e+06 9.22026e+06 7.57549e+06 7.50366e+06 6.91642e+06 7.14249e+06 7.52692e+06 1.07652e+07 7.26872e+06 1.09882e+07 6.6645e+06 6.64774e+06 6.62574e+06 4.68112e+07 2.96664e+07
threshold=928.8950000000001 445.16666666666669 130.13928571428576 14.500000000000002 6.5000000000000009 68.500000000000014 53.500000000000007 19.500000000000004 10.500000000000002 2955.1166666666672 58.500000000000007 2680.8833333333337 1768.4196666666669 24.500000000000004 73.500000000000014 15.500000000000002 1355.9100000000001 2577.1000000000004 11.500000000000002 260.50000000000006 2577.1000000000004 4.5000000000000009 137.50000000000003 88.500000000000014 2422.4765000000002 2194.8705000000004 11.500000000000002 8.5000000000000018 7.5000000000000009 1.0000000180025095e-35
decision_type=2 2 2 2 2 2 2 2 2 2 2 2 2 2 2 2 2 2 2 2 2 2 2 2 2 2 2 2 2 2
left_child=1 27 -2 4 -4 6 15 8 17 10 11 12 -9 -14 -7 16 -5 -8 -18 20 23 -22 -23 24 -16 -21 -6 28 -1 -30
right_child=2 -3 3 5 26 14 7 9 -10 -11 -12 -13 13 -15 19 -17 18 -19 -20 25 21 22 -24 -25 -26 -27 -28 -29 29 -31
leaf_value=-0.68093174030922177 -17.121156913242984 0.36439713087588749 1.563272404125903 -0.31166495266874605 5.4067733439584051 7.9462972491791888 -8.4716082147696206 -0.4221830805836807 5.3516975346782294 9.5344525586848956 -5.5046943942598929 -19.685109598786983 18.648739102621118 1.871764497770058 1.253704723410243 3.9102276450202709 3.7166534770390598 3.2598592401188329 -0.7640001087196957 0.44816384920803415 8.8617118242366217 4.7837918925925598 -15.142034367235695 3.6433311749906445 -21.939392126523533 3.9874282519429274 9.9094362347166012 -0.70532390221403263 11.594466123263272 -0.64886312650953915
leaf_weight=14899 89 59353 2891 3741 2299 1032 521 916 1924 317 2417 111 237 273 2850 7216 4839 187 1158 4559 1110 391 82 11305 52 1878 1274 239877 1381 771
leaf_count=14899 89 59353 2891 3741 2299 1032 521 916 1924 317 2417 111 237 273 2850 7216 4839 187 1158 4559 1110 391 82 11305 52 1878 1274 239877 1381 771
internal_value=0.00105709 -0.449589 2.65679 2.68965 4.57522 2.43096 1.79065 -0.207286 2.46678 -1.85517 -2.7683 1.53479 3.18655 9.66812 3.08773 2.60413 1.63629 -5.37304 2.85145 2.86215 3.42529 6.61107 1.32942 3.07032 0.838115 1.48075 7.01226 -0.637628 0.314731 7.20803
internal_weight=369950 316281 53669 53580 6464 47116 23857 6903 2632 4271 3954 1537 1426 510 23259 16954 9738 708 5997 22227 15790 1583 473 14207 2902 6437 3573 256928 17051 2152
internal_count=369950 316281 53669 53580 6464 47116 23857 6903 2632 4271 3954 1537 1426 510 23259 16954 9738 708 5997 22227 15790 1583 473 14207 2902 6437 3573 256928 17051 2152
is_linear=0
shrinkage=0.05


Tree=68
num_leaves=31
num_cat=0
split_feature=9 10 8 3 3 10 11 6 11 1 8 1 8 10 8 9 11 1 3 9 11 6 3 3 6 3 3 11 10 10
split_gain=1.4697e+08 1.68317e+07 1.39151e+07 1.06498e+07 1.48658e+07 8.74134e+06 8.48737e+06 9.1652e+06 9.04578e+06 8.28646e+06 7.63945e+06 9.30497e+06 1.36584e+07 1.1441e+07 9.56957e+06 7.43288e+06 8.45857e+06 7.35826e+06 6.92986e+06 7.05173e+06 8.78164e+06 8.54003e+06 1.05676e+07 9.48368e+06 6.83534e+06 8.1859e+06 8.64178e+06 8.15033e+06 7.64447e+06 9.70002e+06
threshold=970.15350000000012 513.50000000000011 73.790000000000006 14.500000000000002 6.5000000000000009 2031.3000000000002 38560.455000000009 1.5000000000000002 6373.8900000000003 3.5000000000000004 1418.4021428571432 2.5000000000000004 2340.6650000000004 2282.6333333333337 2899.4528571428577 1841.156666666667 16431.460000000003 5.5000000000000009 260.50000000000006 2194.8705000000004 4959.9500000000007 1.5000000000000002 278.50000000000006 284.50000000000006 1.5000000000000002 44.500000000000007 125.50000000000001 5391.880000000001 2577.1000000000004 2071.4333333333338
decision_type=2 2 2 2 2 2 2 2 2 2 2 2 2 2 2 2 2 2 2 2 2 2 2 2 2 2 2 2 2 2
left_child=1 -1 -2 4 -4 -5 7 -6 -9 10 -8 12 13 -12 -14 16 -10 -11 24 -20 -21 23 -23 -22 27 -26 28 -7 29 -27
right_child=2 -3 3 5 6 18 9 8 15 17 11 -13 14 -15 -16 -17 -18 -19 19 20 21 22 -24 -25 25 26 -28 -29 -30 -31
leaf_value=-0.58643765043050733 -18.672664084266394 0.42361449463444895 1.6914270528231734 1.513305475056729 3.9009757068523587 -1.9760795568444711 -11.438921586522518 2.7151384792905868 23.47595005733211 20.810235068596462 14.840849509992097 -5.5725575252012778 40.052355230050011 -9.9170532600789141 11.291688476909291 29.605285817727278 1.502210869687669 5.4349747541847577 -1.5842222278936542 11.635426306534574 1.4305437507977088 0.010549293659828804 -23.454385786996763 13.767940823625587 9.902559083014463 14.448941891281695 11.66849604473807 3.1476558627146449 8.7794985449903145 -1.3172002936954306
leaf_weight=269284 78 48706 2819 23149 2219 816 53 165 82 272 114 88 61 79 55 87 94 109 1611 251 1200 148 71 179 791 108 289 15890 339 1009
leaf_count=269284 78 48706 2819 23149 2219 816 53 165 82 272 114 88 61 79 55 87 94 109 1611 251 1200 148 71 179 791 108 289 15890 339 1009
internal_value=-0.0279979 -0.43173 2.43022 2.46178 4.38988 2.19698 6.57704 5.19311 11.8923 10.9853 6.39111 8.77144 12.8565 4.70679 26.4158 17.6498 11.74 16.4115 2.89412 0.834024 2.941 1.57535 -7.5968 3.03199 3.26456 5.68328 3.7707 2.89739 2.20308 0.207189
internal_weight=370216 317990 52226 52148 6297 45851 3478 2647 428 831 450 397 309 193 116 263 176 381 22702 3460 1849 1598 219 1379 19242 2536 1745 16706 1456 1117
internal_count=370216 317990 52226 52148 6297 45851 3478 2647 428 831 450 397 309 193 116 263 176 381 22702 3460 1849 1598 219 1379 19242 2536 1745 16706 1456 1117
is_linear=0
shrinkage=0.05


Tree=69
num_leaves=31
num_cat=0
split_feature=10 3 3 10 6 5 10 3 0 11 11 1 1 1 10 10 6 11 9 11 0 11 3 3 4 6 11 9 10 9
split_gain=1.40586e+08 1.50777e+07 1.48523e+07 1.15001e+07 1.09185e+07 7.00834e+06 1.43963e+07 7.46992e+06 7.34678e+06 6.99477e+06 7.60545e+06 9.73804e+06 8.05823e+06 7.80845e+06 1.09571e+07 8.48556e+06 6.98012e+06 1.27736e+07 1.62409e+07 9.73467e+06 1.3067e+07 5.83709e+06 5.76945e+06 3.99743e+07 2.40559e+07 1.37726e+07 7.29158e+06 5.85251e+06 5.66983e+06 5.76775e+06
threshold=857.58333333333337 14.500000000000002 6.5000000000000009 2031.3000000000002 3.5000000000000004 1.0000000180025095e-35 298.50000000000006 259.50000000000006 26.500000000000004 1712.9100000000001 35421.660000000011 3.5000000000000004 5.5000000000000009 2.5000000000000004 2348.0500000000006 2577.1000000000004 1.5000000000000002 4719.5250000000005 1341.3198333333337 11174.860000000002 13.500000000000002 42026.485000000008 8.5000000000000018 7.5000000000000009 1.0000000180025095e-35 30.500000000000004 51.355000000000011 405.71666666666675 2955.1166666666672 2530.8520000000003
decision_type=2 2 2 2 2 2 2 2 2 2 2 2 2 2 2 2 2 2 2 2 2 2 2 2 2 2 2 2 2 2
left_child=4 2 28 -3 5 6 -1 -8 -9 -4 16 13 21 15 -15 -12 -11 -18 -19 -20 -21 -13 23 -6 25 26 -25 -28 -2 -30
right_child=1 3 9 -5 22 -7 7 8 -10 10 11 12 -14 14 -16 -17 17 18 19 20 -22 -23 -24 24 -26 -27 27 -29 29 -31
leaf_value=5.1345487869653343 1.2069753021898846 1.2606722528004446 20.789234382510188 2.702089763478309 -0.84104070001781439 -0.63748712005001595 0.32865754122959756 -2.3002423337847033 1.9763307861786608 3.6804498788932349 4.9259304184947652 8.9407396723094745 4.8316459492177657 6.7128598290520749 -23.069972339891038 22.970473734537762 -4.9864590587439359 3.2112399753118526 39.474846461239991 28.324937483356447 -3.4252424276792084 23.701931212021918 -0.72610526339244075 23.547536828451687 -1.5537049005044758 -2.3519468535920107 9.0584641118384308 17.810350206584641 23.483565629761799 3.513292178822061
leaf_weight=1484 3123 35320 80 22751 9773 31611 59873 5159 1247 2705 333 95 136 74 53 81 108 173 68 86 52 227 193576 144 543 167 691 264 58 96
leaf_count=1484 3123 35320 80 22751 9773 31611 59873 5159 1247 2705 333 95 136 74 53 81 108 173 68 86 52 227 193576 144 543 167 691 264 58 96
internal_value=-0.000557647 2.09864 4.2009 1.82539 -0.452882 -0.022709 0.264081 0.15503 -1.46776 6.14369 5.86412 9.67147 15.0367 5.12936 -5.7162 8.45638 4.67254 10.183 14.5057 23.9909 16.3611 19.3469 -0.661248 0.422746 7.25027 11.0264 13.0593 11.4778 1.66881 11.0346
internal_weight=370151 65619 7548 58071 304532 99374 67763 66279 6406 4271 4191 999 458 541 127 414 3192 487 379 206 138 322 205158 11582 1809 1266 1099 955 3277 154
internal_count=370151 65619 7548 58071 304532 99374 67763 66279 6406 4271 4191 999 458 541 127 414 3192 487 379 206 138 322 205158 11582 1809 1266 1099 955 3277 154
is_linear=0
shrinkage=0.05


Tree=70
num_leaves=31
num_cat=0
split_feature=10 10 8 6 8 3 3 9 10 3 9 10 10 1 3 10 10 9 9 1 1 1 10 3 3 3 4 9 6 0
split_gain=1.31054e+08 2.0419e+07 1.67083e+07 1.19935e+07 8.52408e+06 8.02524e+06 7.45253e+06 1.19714e+07 1.19186e+07 7.07083e+06 6.98165e+06 7.59381e+06 8.40645e+06 8.27578e+06 6.93668e+06 6.70923e+06 1.39176e+07 6.90839e+06 6.60547e+06 6.2296e+06 6.18499e+06 1.50491e+07 7.85204e+06 6.03945e+06 5.98389e+06 4.26873e+07 3.02814e+07 1.4767e+07 5.97708e+06 8.64039e+06
threshold=1488.6333333333334 513.50000000000011 123.08357142857143 1.5000000000000002 623.72928571428577 43.500000000000007 69.500000000000014 2258.7413333333338 2282.6333333333337 6.5000000000000009 1880.9296666666669 2418.9166666666674 2324.1500000000001 3.5000000000000004 24.500000000000004 2176.9166666666674 1832.116666666667 2530.8520000000003 1734.5108333333335 3.5000000000000004 5.5000000000000009 3.5000000000000004 2955.1166666666672 260.50000000000006 8.5000000000000018 7.5000000000000009 1.0000000180025095e-35 126.94033333333336 3.5000000000000004 6.5000000000000009
decision_type=2 2 2 2 2 2 2 2 2 2 2 2 2 2 2 2 2 2 2 2 2 2 2 2 2 2 2 2 2 2
left_child=1 24 -2 4 -4 9 7 8 19 15 -11 12 -12 -13 -15 16 -5 -17 -6 -7 21 -20 -23 28 25 -1 27 -27 -3 -30
right_child=2 23 3 5 18 6 -8 -9 -10 10 11 13 -14 14 -16 17 -18 -19 20 -21 -22 22 -24 -25 -26 26 -28 -29 29 -31
leaf_value=-0.56831636826902387 -23.853022416432701 0.75518063901852273 10.879690989196725 -6.6004797617594413 1.4910711449279559 4.4575582326454013 4.7091111019371992 9.030977207529741 -11.56593457544728 5.8732600151595307 13.00086141702247 13.175753273652948 31.119009933529835 -16.367545884115653 7.1266833414350232 -13.973245054483414 21.527493239558023 7.6652158719843086 2.1715201109336388 -4.2473053505354459 0.90800395551221824 4.883395315543944 12.262931768221733 -1.1541230477472177 -0.5858538236717229 -1.6237229665120443 -0.53780577378476269 13.412747548729181 -14.615540879293784 -0.77771194499036123
leaf_weight=15604 60 49713 282 90 19071 479 2898 305 258 1229 292 184 82 57 70 112 86 55 11091 360 3562 4760 390 4838 251084 189 868 1200 151 446
leaf_count=15604 60 49713 282 90 19071 479 2898 305 258 1229 292 184 82 57 70 112 86 55 11091 360 3562 4760 390 4838 251084 189 868 1200 151 446
internal_value=0.0104718 -0.343235 2.51487 2.54948 2.21806 4.52859 3.2613 0.2686 -2.16761 6.94303 8.12774 12.1727 16.9733 6.39954 -3.41797 0.332084 7.14387 -6.84681 2.15523 0.722456 2.79484 3.20866 5.44223 0.533199 -0.522951 0.361323 6.78848 11.3667 0.695458 -4.27773
internal_weight=369866 324093 45773 45713 39156 6557 4300 1402 1097 2257 1914 685 374 311 127 343 176 167 38874 839 19803 16241 5150 55148 268945 17861 2257 1389 50310 597
internal_count=369866 324093 45773 45713 39156 6557 4300 1402 1097 2257 1914 685 374 311 127 343 176 167 38874 839 19803 16241 5150 55148 268945 17861 2257 1389 50310 597
is_linear=0
shrinkage=0.05


Tree=71
num_leaves=31
num_cat=0
split_feature=10 3 3 9 6 11 4 8 9 1 10 8 11 9 10 11 9 9 11 11 8 10 8 11 10 11 11 8 8 3
split_gain=1.13865e+08 1.29826e+07 1.65498e+07 1.12163e+07 1.4334e+07 9.87229e+06 7.00376e+06 7.24823e+06 5.69489e+06 6.91222e+06 8.92156e+06 7.10244e+06 6.45777e+06 9.22497e+06 5.35712e+06 8.73925e+06 7.96672e+06 5.29115e+06 8.3598e+06 6.32582e+06 1.29751e+07 1.14206e+07 8.49765e+06 8.13146e+06 6.62882e+06 6.3518e+06 6.04188e+06 5.50942e+06 5.46111e+06 5.24618e+06
threshold=695.38333333333344 14.500000000000002 11.500000000000002 1235.1773333333335 5.5000000000000009 65821.285000000018 1.0000000180025095e-35 1.0000000180025095e-35 2194.8705000000004 1.0000000180025095e-35 2609.7166666666667 578.19000000000017 2431.5600000000009 2530.8520000000003 2371.4500000000003 42026.485000000008 1841.156666666667 2258.7413333333338 45915.240000000013 14742.730000000001 1326.9885714285717 2111.3500000000008 1925.7600000000002 38560.455000000009 2010.5333333333335 9526.4100000000017 23225.890000000003 2133.8221428571437 1451.2592857142861 260.50000000000006
decision_type=2 2 2 2 2 2 2 2 2 2 2 2 2 2 2 2 2 2 2 2 2 2 2 2 2 2 2 2 2 2
left_child=6 2 5 29 8 -2 -1 -8 9 10 14 -11 13 -10 -5 16 -16 18 19 21 -21 22 25 24 26 -4 -22 28 -20 -3
right_child=1 3 17 4 -6 -7 7 -9 12 11 -12 -13 -14 -15 15 -17 -18 -19 27 20 23 -23 -24 -25 -26 -27 -28 -29 -30 -31
leaf_value=-0.66091788824207764 2.0891087760664901 0.96537496472584827 5.3507793714504759 0.15043942646497216 -23.430233545303345 13.029652929194098 -1.1487216745551789 -0.028131829297758811 3.9227001066319644 12.347021760037665 11.471780763319664 2.0632930976785868 3.140688264315354 25.824461141809241 15.715592122960974 -18.847366747564202 -5.24167909285205 19.389165521175304 9.0821861853365036 9.3243315705832313 10.676791413170951 25.067929356048506 -10.397499631390428 12.393953806559246 -14.152799000726109 16.556285752568925 -11.94956931927625 3.0089964455571669 27.959884820430023 -1.4635275922685029
leaf_weight=166513 6455 25884 456 3825 55 213 16538 113233 128 169 163 25758 6726 77 54 98 283 94 61 340 70 96 66 60 171 175 51 58 103 2432
leaf_count=166513 6455 25884 456 3825 55 213 16538 113233 128 169 163 25758 6726 77 54 98 283 94 61 340 70 96 66 60 171 175 51 58 103 2432
internal_value=-0.00783592 1.74488 3.5873 1.50721 2.07635 2.43859 -0.44631 -0.17094 2.11398 1.81867 -0.0082442 2.13033 3.40714 12.1492 -0.447503 -5.70528 -1.88354 7.84026 7.20429 5.85139 2.35799 8.89986 6.67298 -4.37086 -7.81569 8.45849 1.14006 16.2541 20.9383 0.756762
internal_weight=370405 74121 8469 65652 37336 6668 296284 129771 37281 30350 4423 25927 6931 205 4260 435 337 1801 1707 1485 692 793 697 352 292 631 121 222 164 28316
internal_count=370405 74121 8469 65652 37336 6668 296284 129771 37281 30350 4423 25927 6931 205 4260 435 337 1801 1707 1485 692 793 697 352 292 631 121 222 164 28316
is_linear=0
shrinkage=0.05


Tree=72
num_leaves=31
num_cat=0
split_feature=10 8 6 6 0 10 3 3 11 3 0 10 9 3 9 11 3 11 3 10 9 9 3 8 10 8 3 11 6 11
split_gain=1.03199e+08 1.11993e+07 8.71054e+06 8.42469e+06 6.30941e+06 7.79676e+06 7.35044e+06 3.19564e+07 7.29209e+06 6.2858e+06 8.25994e+06 1.20956e+07 9.52413e+06 6.23192e+06 5.8621e+06 5.74014e+06 6.05636e+06 5.72066e+06 6.00008e+06 8.25122e+06 9.18516e+06 6.26344e+06 1.30787e+07 6.33855e+06 6.21594e+06 6.03552e+06 5.49318e+06 7.27405e+06 7.87713e+06 6.89089e+06
threshold=857.58333333333337 1418.4021428571432 5.5000000000000009 3.5000000000000004 19.500000000000004 3076.1000000000008 57.500000000000007 78.500000000000014 31067.535000000003 67.500000000000014 23.500000000000004 2762.7666666666669 2336.8835000000004 64.500000000000014 2422.4765000000002 2029.8350000000003 265.50000000000006 4569.1200000000008 3.5000000000000004 2812.8500000000008 2258.7413333333338 2530.8520000000003 30.500000000000004 3218.1678571428579 1603.7166666666669 3218.1678571428579 274.50000000000006 2358.3650000000002 1.5000000000000002 31067.535000000003
decision_type=2 2 2 2 2 2 2 2 2 2 2 2 2 2 2 2 2 2 2 2 2 2 2 2 2 2 2 2 2 2
left_child=3 2 -2 15 26 6 17 8 9 10 12 -12 13 -8 -7 16 -1 -6 19 20 24 23 -23 -20 -19 -22 27 -3 29 -29
right_child=1 4 -4 -5 5 14 7 -9 -10 -11 11 -13 -14 -15 -16 -17 -18 18 21 -21 25 22 -24 -25 -26 -27 -28 28 -30 -31
leaf_value=0.49763672207595216 1.1921461287291382 -2.7730872589764459 -10.651181423581708 -0.57681295179021053 8.3783590381071509 23.380626717805864 1.5433625825215131 2.2905901401935207 -0.27153869828889293 -16.906378646587072 -7.4896860031294867 -28.667995413144428 9.9489861601181619 -10.258263465478572 6.0359444314448538 -0.44151456521602062 -1.2353363384511791 7.6453479971204494 2.8854217779007851 -21.810258211341562 21.042167700582478 24.591828055958175 -7.037571883669087 -8.6750046135949308 -8.4081542891564123 0.047870720454624725 -0.63715967482861791 2.3602225430137818 5.9669757556856426 4.7804615655719456
leaf_weight=49838 32389 499 156 205289 419 60 192 5293 504 152 497 78 131 268 259 44203 5609 77 4220 51 67 91 51 122 278 70 989 12262 2481 3869
leaf_count=49838 32389 499 156 205289 419 60 192 5293 504 152 497 78 131 268 259 44203 5609 77 4220 51 67 91 51 122 278 70 989 12262 2481 3869
internal_value=-0.00686847 1.79341 1.13538 -0.39371 2.44275 1.57882 1.38278 0.324585 -5.38676 -7.34281 -6.0961 -10.3626 -1.94513 -5.33237 9.29827 -0.0164983 0.32233 2.76527 2.29742 -2.66652 -0.682112 2.89854 13.232 2.5606 -4.92613 10.3152 2.99636 3.18439 3.34412 2.94071
internal_weight=370464 65525 32545 304939 32980 12880 12561 7115 1822 1318 1166 575 591 460 319 99650 55447 5446 5027 543 492 4484 142 4342 355 137 20100 19111 18612 16131
internal_count=370464 65525 32545 304939 32980 12880 12561 7115 1822 1318 1166 575 591 460 319 99650 55447 5446 5027 543 492 4484 142 4342 355 137 20100 19111 18612 16131
is_linear=0
shrinkage=0.05


Tree=73
num_leaves=31
num_cat=0
split_feature=10 8 10 11 3 9 9 3 3 4 8 11 0 6 8 9 11 10 6 3 11 8 9 10 8 10 3 11 8 8
split_gain=9.87119e+07 1.26763e+07 1.17694e+07 8.689e+06 7.0688e+06 8.91015e+06 5.66497e+06 5.47592e+06 4.01983e+07 2.82036e+07 1.37922e+07 6.6738e+06 8.89576e+06 5.80144e+06 1.12953e+07 8.92322e+06 8.00164e+06 5.1945e+06 5.18264e+06 8.15268e+06 7.83127e+06 7.50227e+06 5.97122e+06 6.26756e+06 5.87322e+06 5.32698e+06 5.44496e+06 5.92924e+06 5.08024e+06 5.02225e+06
threshold=1344.8833333333334 73.790000000000006 545.83333333333337 1317.4500000000003 260.50000000000006 1957.9808333333337 2041.4540000000004 8.5000000000000018 7.5000000000000009 1.0000000180025095e-35 8.7857142857142865 7629.005000000001 18.500000000000004 4.5000000000000009 874.19928571428591 382.04233333333337 2513.8400000000006 1922.3833333333334 1.5000000000000002 1.5000000000000002 1876.5850000000003 607.58142857142877 1519.3770000000002 1388.2166666666669 783.2914285714287 2519.2500000000005 5.5000000000000009 17684.070000000003 578.19000000000017 1632.2000000000003
decision_type=2 2 2 2 2 2 2 2 2 2 2 2 2 2 2 2 2 2 2 2 2 2 2 2 2 2 2 2 2 2
left_child=2 -2 7 6 5 18 17 8 -1 10 -10 12 13 15 -15 16 -12 -3 19 29 -20 22 23 -21 -23 26 27 -22 -6 -5
right_child=1 3 -4 4 28 -7 -8 -9 9 -11 11 -13 -14 14 -16 -17 -18 -19 20 21 25 24 -24 -25 -26 -27 -28 -29 -30 -31
leaf_value=-0.49584035277571914 -21.737934015478409 9.164393933326151 0.42984220909914139 5.5492468872070315 11.614614987373352 3.3649114911957883 18.623943756608401 -0.50752611714584772 -2.1382271048601935 -0.18582700365141297 6.9473889912091771 30.097538909912114 16.596458324949563 -2.9382127868754981 16.035535175544172 -3.2359987479669083 29.916509036179431 -7.8815523996687773 -12.365207013717065 -3.5804706255594887 25.046128059645831 -2.2523826867940437 -6.0079696284400095 15.881818242650054 1.6588057745826221 12.662622010442103 2.9669697409318045 4.2076992058459624 0.19223424022170282 -12.605240817070008
leaf_weight=15970 56 207 44360 50 99 12350 119 256215 170 912 65 55 579 223 121 54 91 57 78 51 59 996 54 219 26438 157 4225 81 5821 160
leaf_count=15970 56 207 44360 50 99 12350 119 256215 170 912 65 55 579 223 121 54 91 57 78 51 59 996 54 219 26438 157 4225 81 5821 160
internal_value=0.00168355 2.03783 -0.325802 2.06382 2.0073 2.22134 9.56666 -0.447936 0.389117 6.615 11.1823 13.0884 12.2627 7.73342 3.73569 14.2821 20.346 5.48402 1.78769 1.53189 3.34294 1.60614 9.17001 12.2056 1.51681 3.61389 3.28843 12.9896 0.38325 -8.28274
internal_weight=370092 51277 318815 51221 50838 44918 383 274455 18240 2270 1358 1188 1133 554 344 210 156 264 32568 27968 4600 27758 324 270 27434 4522 4365 140 5920 210
internal_count=370092 51277 318815 51221 50838 44918 383 274455 18240 2270 1358 1188 1133 554 344 210 156 264 32568 27968 4600 27758 324 270 27434 4522 4365 140 5920 210
is_linear=0
shrinkage=0.05


Tree=74
num_leaves=31
num_cat=0
split_feature=9 10 6 9 10 8 11 8 10 10 8 3 1 9 8 8 1 10 10 3 10 8 8 3 3 11 6 10 11 3
split_gain=9.04982e+07 1.4425e+07 1.06546e+07 7.78579e+06 1.04386e+07 7.74697e+06 1.898e+07 9.84955e+06 7.6655e+06 7.10799e+06 7.44859e+06 6.19254e+06 6.11367e+06 8.85237e+06 9.61736e+06 9.34909e+06 8.26543e+06 7.67079e+06 1.5159e+07 7.68919e+06 6.43893e+06 7.65564e+06 6.32105e+06 6.433e+06 6.00894e+06 5.90259e+06 5.90084e+06 5.26276e+06 8.09592e+06 5.15711e+06
threshold=1235.1773333333335 495.83333333333343 5.5000000000000009 2530.8520000000003 2548.1500000000001 1925.7600000000002 9063.2250000000022 1669.8157142857144 2577.1000000000004 2519.2500000000005 2195.8535714285722 260.50000000000006 5.5000000000000009 2422.4765000000002 2266.1771428571433 1791.3400000000004 1.0000000180025095e-35 2680.8833333333337 2812.8500000000008 95.500000000000014 2955.1166666666672 357.74000000000007 2266.1771428571433 196.00000000000003 274.50000000000006 25929.405000000002 3.5000000000000004 2444.1500000000001 7491.7850000000008 46.500000000000007
decision_type=2 2 2 2 2 2 2 2 2 2 2 2 2 2 2 2 2 2 2 2 2 2 2 2 2 2 2 2 2 2
left_child=1 -1 3 12 9 6 -6 -8 -7 10 -5 26 16 17 15 -15 24 -14 19 -19 21 -18 29 -24 -2 -10 -3 28 -26 -22
right_child=2 11 -4 4 5 8 7 -9 25 -11 -12 -13 13 14 -16 -17 20 18 -20 -21 22 -23 23 -25 27 -27 -28 -29 -30 -31
leaf_value=-0.43427664219356998 0.98314003119744597 0.62227940030328721 -20.445211152846998 -1.2149677319960162 -13.915046843886376 -16.753377362917057 7.1279910153912427 26.799724057048071 4.6540432163551326 26.389522381984825 12.762216895975108 -1.2299370616522225 0.57077676292541124 -13.373680872836355 -17.718415506835338 13.558475803321517 20.234614315971001 25.820325321691076 -5.8311992333485527 2.9160989125569663 -7.3928851722268494 2.5015858241032261 17.682437417808089 -1.7055672786853933 -14.642831847643613 -1.4075230781134074 -4.187711456357718 -20.976214401245116 3.3826392286235376 6.9706134961823283
leaf_weight=265862 5725 55769 52 132 64 53 133 122 1154 66 343 5238 5539 59 135 71 61 114 104 54 85 27168 206 54 99 616 645 50 168 236
leaf_count=265862 5725 55769 52 132 64 53 133 122 1154 66 343 5238 5539 59 135 71 61 114 104 54 85 27168 206 54 99 616 645 50 168 236
internal_value=0.00767675 -0.274484 2.17376 2.20136 4.80865 3.24128 10.4295 16.5396 1.98344 11.0144 8.87803 0.414592 2.02616 0.565782 -8.37125 1.33542 2.28828 0.973339 9.17111 18.4583 2.65245 2.54131 7.86085 13.6557 0.6121 2.54448 0.567285 -6.08886 -3.30096 3.16719
internal_weight=370177 327514 42663 42611 2683 2142 319 255 1823 541 475 61652 39928 6076 265 130 33852 5811 272 168 27810 27229 581 260 6042 1770 56414 317 267 321
internal_count=370177 327514 42663 42611 2683 2142 319 255 1823 541 475 61652 39928 6076 265 130 33852 5811 272 168 27810 27229 581 260 6042 1770 56414 317 267 321
is_linear=0
shrinkage=0.05


Tree=75
num_leaves=31
num_cat=0
split_feature=9 8 6 6 0 0 3 6 10 8 3 3 10 3 1 9 8 3 3 0 10 3 3 1 1 3 8 0 9 9
split_gain=8.30705e+07 7.92479e+06 7.32243e+06 7.1991e+06 7.53797e+06 6.93731e+06 6.74112e+06 6.71964e+06 1.48996e+07 5.86521e+06 5.83698e+06 1.34603e+07 7.98041e+06 6.2858e+06 5.40589e+06 6.98143e+06 5.19677e+06 5.15718e+06 4.81082e+06 4.79426e+06 1.15243e+07 7.63938e+06 2.74313e+07 7.96432e+06 7.89357e+06 9.01012e+06 6.92323e+06 7.77571e+06 5.97582e+06 5.69749e+06
threshold=724.95550000000014 1355.9100000000001 3.5000000000000004 1.5000000000000002 14.500000000000002 2.5000000000000004 272.50000000000006 3.5000000000000004 1726.0833333333335 3218.1678571428579 36.500000000000007 67.500000000000014 1945.2500000000002 73.500000000000014 1.0000000180025095e-35 1734.5108333333335 1483.5285714285715 260.50000000000006 25.500000000000004 19.500000000000004 3076.1000000000008 57.500000000000007 82.500000000000014 2.5000000000000004 1.5000000000000002 3.5000000000000004 2899.4528571428577 22.500000000000004 1768.4196666666669 2530.8520000000003
decision_type=2 2 2 2 2 2 2 2 2 2 2 2 2 2 2 2 2 2 2 2 2 2 2 2 2 2 2 2 2 2
left_child=2 5 -1 6 -5 18 19 10 -9 14 -7 -12 17 -14 -8 -16 -17 -13 -2 -3 21 24 23 26 29 -26 27 28 -23 -21
right_child=1 3 -4 4 -6 7 9 8 -10 -11 11 12 13 -15 15 16 -18 -19 -20 20 -22 22 -24 -25 25 -27 -28 -29 -30 -31
leaf_value=0.01281908084391876 -7.130429322243403 2.5564052893645393 -0.50433842293509834 5.9733574192048451 2.2110362678003219 2.7672262443995184 -8.891201258120331 -1.1947665810850168 -27.620152078356064 9.3866319889158714 -0.79333244223600707 2.0890261081176944 16.531582366668427 4.2649388007517999 -6.6787622716157671 -10.922171148909143 2.0411169851396944 -0.56714138286878679 -0.68372087825213057 -1.5767713964613805 11.869449724521369 -2.5476304902319327 2.4312443636605061 -8.0219852279519568 -6.8465722470703527 4.2642963282009312 15.259688486371722 -5.0327742089043275 13.788309461420234 11.560432270169258
leaf_weight=103014 358 17517 203974 2334 3099 6014 230 1124 56 127 6808 7388 111 1766 372 83 1128 2428 1510 1328 248 114 3465 1005 193 3342 56 823 110 88
leaf_count=103014 358 17517 203974 2334 3099 6014 230 1124 56 127 6808 7388 111 1766 372 83 1128 2428 1510 1328 248 114 3465 1005 193 3342 56 823 110 88
internal_value=0.00910092 1.65948 -0.330799 2.15161 3.82732 1.02275 1.85044 1.23662 -2.44885 -1.00079 1.41402 0.974141 2.00322 4.99035 -1.72843 -0.687719 1.15263 1.43202 -1.91922 2.04597 1.21592 0.964868 -0.304859 -4.8023 2.39411 3.65768 -1.86867 -2.7848 5.47448 -0.760335
internal_weight=370213 63225 306988 35662 5433 27563 30229 25695 1180 1940 24515 18501 11693 1877 1813 1583 1211 9816 1868 28289 10772 10524 5573 2108 4951 3535 1103 1047 224 1416
internal_count=370213 63225 306988 35662 5433 27563 30229 25695 1180 1940 24515 18501 11693 1877 1813 1583 1211 9816 1868 28289 10772 10524 5573 2108 4951 3535 1103 1047 224 1416
is_linear=0
shrinkage=0.05


Tree=76
num_leaves=31
num_cat=0
split_feature=9 6 8 6 1 1 9 3 11 11 3 0 8 8 3 0 9 0 11 11 8 9 9 11 1 8 0 8 8 3
split_gain=6.87493e+07 9.09983e+06 8.03212e+06 7.89988e+06 7.63014e+06 9.01368e+06 6.77039e+06 9.07754e+06 7.83085e+06 1.64552e+07 7.69008e+06 7.58588e+06 7.55618e+06 7.34456e+06 6.13006e+06 6.50777e+06 1.11599e+07 7.30323e+06 8.04435e+06 1.03418e+07 1.3143e+07 1.06849e+07 8.82999e+06 6.1186e+06 7.88504e+06 7.78023e+06 6.68621e+06 6.25535e+06 7.06913e+06 6.24869e+06
threshold=970.15350000000012 3.5000000000000004 130.13928571428576 1.5000000000000002 1.0000000180025095e-35 5.5000000000000009 2194.8705000000004 20.500000000000004 4959.9500000000007 7101.8050000000012 280.50000000000006 1.5000000000000002 2340.6650000000004 2430.840714285715 274.50000000000006 4.5000000000000009 1665.0946666666666 9.5000000000000018 7931.5700000000006 25929.405000000002 1554.1278571428572 2258.7413333333338 1554.7928333333336 65821.285000000018 4.5000000000000009 1554.1278571428572 28.500000000000004 623.72928571428577 796.77499999999998 2.5000000000000004
decision_type=2 2 2 2 2 2 2 2 2 2 2 2 2 2 2 2 2 2 2 2 2 2 2 2 2 2 2 2 2 2
left_child=1 -1 -2 4 14 6 11 8 -8 -10 -9 12 -6 -12 15 16 -4 18 -17 21 22 -20 -21 27 26 -26 -25 -13 -29 -30
right_child=2 -3 3 -5 5 -7 7 10 9 -11 13 23 -14 -15 -16 17 -18 -19 19 20 -22 -23 -24 24 25 -27 -28 28 29 -31
leaf_value=0.075701649417685701 -13.964922872349257 -0.48330719869496336 -1.3674765139933345 3.1546772399593213 -5.581132749219968 0.06534717112772491 26.077526083148896 2.0076968592568556 -17.415742470788175 9.7572939473399867 22.389954234253278 8.8097583960420405 14.55948034361297 5.611544109147693 -6.0263420279454261 3.0905234663344143 9.6165731887879051 0.47475157047472466 -7.7653779829795271 2.727627657044609 12.149518709641237 -27.134947542349501 -26.272847956418993 11.119743830535775 11.762133221328259 -9.6454535830588579 -7.5445743506809455 -3.5026355450344235 -4.191779158456387 1.9384237302556375
leaf_weight=112785 82 205352 461 7881 536 6796 61 2912 61 643 88 313 51 252 412 268 464 4381 392 53 130 87 52 507 64 126 53 637 423 24085
leaf_count=112785 82 205352 461 7881 536 6796 61 2912 61 643 88 313 51 252 412 268 464 4381 392 53 130 87 52 507 64 126 53 637 423 24085
internal_value=-0.00901574 -0.285129 1.67149 1.69606 1.43662 1.71356 2.0771 3.99132 8.89191 7.40281 2.83851 1.79013 -3.83127 9.95419 -0.117907 0.269223 4.14236 -0.398808 -4.29602 -7.06856 1.52261 -11.2834 -11.6345 1.91603 6.36706 -2.43448 9.3533 1.7849 1.69746 1.83262
internal_weight=370408 318137 52271 52189 44308 37608 30812 4017 765 704 3252 26795 587 340 6700 6288 925 5363 982 714 235 479 105 26208 750 190 560 25458 25145 24508
internal_count=370408 318137 52271 52189 44308 37608 30812 4017 765 704 3252 26795 587 340 6700 6288 925 5363 982 714 235 479 105 26208 750 190 560 25458 25145 24508
is_linear=0
shrinkage=0.05


Tree=77
num_leaves=31
num_cat=0
split_feature=9 1 9 8 11 11 11 10 0 3 10 10 3 1 1 9 3 3 10 8 11 0 9 3 10 3 3 3 3 3
split_gain=6.30824e+07 8.27696e+06 8.46086e+06 7.20826e+06 6.6489e+06 6.75268e+06 6.61648e+06 1.09093e+07 8.48888e+06 1.34182e+07 6.35635e+06 7.74774e+06 1.47526e+07 1.10733e+07 9.60637e+06 1.10529e+07 8.78124e+06 6.87258e+06 1.7714e+07 7.61901e+06 8.57286e+06 7.24372e+06 7.14049e+06 6.67627e+06 6.31745e+06 6.30304e+06 5.86547e+06 6.95002e+06 7.53138e+06 1.08398e+07
threshold=724.95550000000014 5.5000000000000009 1998.7498333333335 994.49500000000023 1510.2900000000002 9526.4100000000017 65821.285000000018 2303.4000000000005 15.500000000000002 27.500000000000004 2371.4500000000003 2872.6833333333338 24.500000000000004 3.5000000000000004 2.5000000000000004 2336.8835000000004 284.50000000000006 271.50000000000006 2955.1166666666672 1834.1171428571431 35421.660000000011 12.500000000000002 2138.2523333333338 276.50000000000006 2548.1500000000001 24.500000000000004 267.50000000000006 89.500000000000014 52.500000000000007 63.500000000000007
decision_type=2 2 2 2 2 2 2 2 2 2 2 2 2 2 2 2 2 2 2 2 2 2 2 2 2 2 2 2 2 2
left_child=-1 2 6 24 -5 -6 26 -8 25 -10 -7 16 13 14 15 -13 -12 19 -19 20 21 -14 -21 -20 -4 -9 27 28 -2 -30
right_child=1 -3 3 4 5 10 7 8 9 -11 11 12 17 -15 -16 -17 -18 18 23 22 -22 -23 -24 -25 -26 -27 -28 -29 29 -31
leaf_value=-0.31208273557762795 1.5945161769938134 0.063158538324703389 -21.60920837691852 15.668363664451157 0.8440813533021484 6.6359088489185272 11.922470430491806 18.575191668576974 -21.345275239834841 2.6585089797323405 1.6516175136900253 36.290574681525136 17.443845540505869 34.009898075061059 -6.881723236619381 8.3617998982297959 15.695339008381493 17.017946775853634 -25.585888637250122 -9.525302173245338 25.079802889184855 -8.5761895413668654 5.1751957397822279 -5.3429457433664114 2.5931215854791496 -0.56785100670747979 -0.84743687525182743 2.4460999237186938 -2.1589058226225792 1.275514086464741
leaf_weight=306878 17679 9511 56 103 2908 1464 385 86 87 176 4716 51 54 67 57 116 114 80 55 93 97 53 739 157 52 86 3068 11633 3935 5521
leaf_count=306878 17679 9511 56 103 2908 1464 385 86 87 176 4716 51 54 67 57 116 114 80 55 93 97 53 739 157 52 86 3068 11633 3935 5521
internal_value=-0.0158383 1.42265 1.66349 2.89773 3.02481 2.90446 1.34428 5.79225 0.366644 -5.28191 3.66165 2.98645 5.97983 16.1759 10.8417 16.8909 1.98308 3.7456 -3.02956 5.6552 14.3146 4.55542 3.53199 -10.5947 -9.95623 9.00367 1.25709 1.42364 0.985306 -0.153678
internal_weight=370077 63199 53688 11032 10924 10821 42656 820 435 263 7913 6449 1619 291 224 167 4830 1328 292 1036 204 107 832 212 108 172 41836 38768 27135 9456
internal_count=370077 63199 53688 11032 10924 10821 42656 820 435 263 7913 6449 1619 291 224 167 4830 1328 292 1036 204 107 832 212 108 172 41836 38768 27135 9456
is_linear=0
shrinkage=0.05


Tree=78
num_leaves=31
num_cat=0
split_feature=10 3 3 9 11 11 1 10 1 11 6 9 0 3 3 3 8 7 11 8 6 10 9 11 11 0 10 10 11 9
split_gain=5.76451e+07 1.08434e+07 1.31528e+07 7.48326e+06 6.30045e+06 6.96478e+06 6.08204e+06 7.9221e+06 5.69826e+06 1.09848e+07 8.77551e+06 7.74504e+06 7.3166e+06 6.50979e+06 5.16595e+06 3.25383e+07 1.63514e+07 1.02517e+07 5.44991e+06 8.7472e+06 5.30073e+06 5.06744e+06 6.76726e+06 5.26091e+06 7.21758e+06 5.16917e+06 4.82939e+06 6.60001e+06 4.77399e+06 4.76749e+06
threshold=680.68333333333351 14.500000000000002 11.500000000000002 1412.969166666667 65821.285000000018 55972.670000000006 4.5000000000000009 2198.5166666666669 1.0000000180025095e-35 65821.285000000018 1.5000000000000002 2422.4765000000002 12.500000000000002 16.500000000000004 8.5000000000000018 7.5000000000000009 735.68857142857155 27.500000000000004 115.11000000000001 228.75142857142859 6.5000000000000009 2444.1500000000001 1917.6366666666668 8471.0000000000018 3030.4800000000005 11.500000000000002 2282.6333333333337 2720.4666666666672 867.99000000000012 2258.7413333333338
decision_type=2 2 2 2 2 2 2 2 2 2 2 2 2 2 2 2 2 2 2 2 2 2 2 2 2 2 2 2 2 2
left_child=14 2 4 6 5 -2 -3 -8 9 10 -5 21 -11 -10 15 -1 17 18 19 -17 28 22 -12 24 -24 -25 -6 -28 -18 -4
right_child=1 3 29 8 26 -7 7 -9 13 12 11 -13 -14 -15 -16 16 20 -19 -20 -21 -22 -23 23 25 -26 -27 27 -29 -30 -31
leaf_value=-0.3040938484230401 1.8544762343000476 0.922412823464002 6.059860810727403 -0.48597619530088476 23.821924224853518 -8.7381671348457814 -0.41540734042746641 -18.201781768836675 -4.7009464125748917 -27.059723264376323 0.21408623391535225 16.715616909694671 -3.5641803432155301 1.9698832726967876 -0.37781811873943832 0.085416153271993006 -1.9029135872156193 20.12261933671104 1.2934946696734857 14.583911105095005 18.390053265895286 -8.25801279965569 17.070367549896243 29.788175214420665 -8.9573059667620747 9.3682094076989397 -3.216974154578315 16.270519626140594 12.691171311568375 17.738277491279273
leaf_weight=17103 6461 25951 1744 4146 50 159 9973 63 371 60 328 125 74 25691 275006 195 78 90 1362 223 274 85 50 55 57 71 90 84 199 92
leaf_count=17103 6461 25951 1744 4146 50 159 9973 63 371 60 328 125 74 25691 275006 195 78 90 1362 223 274 85 50 55 57 71 90 84 199 92
internal_value=-0.00559082 1.22427 2.88721 1.00915 1.87912 1.60006 0.518186 -0.52706 1.57703 0.0399912 0.424919 5.3232 -14.0846 1.87492 -0.322023 0.463876 5.88915 3.65863 2.82618 7.82026 13.4591 3.11878 4.84254 11.3581 3.20516 18.2817 10.1263 6.19078 8.58165 6.64505
internal_weight=370310 75780 8680 67100 6844 6620 35987 10036 31113 5051 4917 771 134 26062 294530 19524 2421 1870 1780 418 551 646 561 233 107 126 224 174 277 1836
internal_count=370310 75780 8680 67100 6844 6620 35987 10036 31113 5051 4917 771 134 26062 294530 19524 2421 1870 1780 418 551 646 561 233 107 126 224 174 277 1836
is_linear=0
shrinkage=0.05


Tree=79
num_leaves=31
num_cat=0
split_feature=10 9 0 0 10 3 8 10 3 9 3 10 11 0 8 9 9 11 0 10 11 3 11 3 3 11 3 3 8 10
split_gain=5.37835e+07 9.45682e+06 6.59582e+06 8.45074e+06 1.09928e+07 7.34248e+06 7.13854e+06 6.303e+06 6.235e+06 2.01152e+07 7.09285e+06 5.74638e+06 6.27104e+06 8.9424e+06 5.71033e+06 9.00358e+06 7.32218e+06 5.64414e+06 6.60288e+06 7.56009e+06 7.00875e+06 9.21071e+06 6.78186e+06 5.61233e+06 1.74148e+07 8.67442e+06 8.13887e+06 5.57319e+06 9.85692e+06 8.94667e+06
threshold=654.71666666666681 1998.7498333333335 19.500000000000004 12.500000000000002 2132.4000000000005 4.5000000000000009 108.71642857142858 2241.0833333333335 10.500000000000002 2194.8705000000004 3.5000000000000004 3076.1000000000008 65821.285000000018 12.500000000000002 2078.5514285714294 2530.8520000000003 2530.8520000000003 5043.630000000001 17.500000000000004 2609.7166666666667 9772.4500000000025 92.500000000000014 11174.860000000002 66.500000000000014 46.500000000000007 3699.5900000000006 134.50000000000003 39.500000000000007 2133.8221428571437 2031.3000000000002
decision_type=2 2 2 2 2 2 2 2 2 2 2 2 2 2 2 2 2 2 2 2 2 2 2 2 2 2 2 2 2 2
left_child=-1 2 3 6 5 -5 -2 8 9 10 -3 -9 14 -14 15 -13 -16 -6 20 -20 21 -19 -22 24 -8 -26 -25 28 -7 -30
right_child=1 7 -4 4 17 27 23 11 -10 -11 -12 12 13 -15 16 -17 -18 18 19 -21 22 -23 -24 26 25 -27 -28 -29 29 -31
leaf_value=-0.31272574559828409 -7.5486001058195358 7.9777596041841328 0.24610763226614929 -2.8738096733839944 -10.099287244251798 4.0351973821563965 1.0102085008728767 1.6053436295163217 3.8059105407977052 -4.4628998117787502 30.210999322152357 4.0532855651595376 -17.834867029111894 8.1842065148883396 17.4906586180342 26.194908763964971 1.753931400558852 29.994665979410151 3.7370062483681572 -12.951848124999268 -10.03224824543657 3.739501843209994 7.4494253663352019 2.3755920914160162 1.6886055219213369 -5.188875436107157 -0.37080228211740818 1.1927357852367824 -0.26607654512543039 -20.801046379298384
leaf_weight=291581 257 53 23968 827 56 4088 10196 11085 1819 112 111 88 61 72 94 96 346 77 522 78 58 59 1276 9090 597 1976 3836 7767 194 73
leaf_count=291581 257 53 23968 827 56 4088 10196 11085 1819 112 111 88 61 72 94 96 346 77 522 78 58 59 1276 9090 597 1976 3836 7767 194 73
internal_value=0.000703599 1.15854 0.905105 1.29009 2.23163 1.68454 0.743169 2.34041 4.86842 11.871 23.0259 1.89317 6.10795 -3.74935 8.20895 15.6054 5.11587 5.56384 5.98758 1.56746 7.79171 18.6046 6.68935 0.826102 0.0826193 -3.59313 1.56056 1.99553 3.42728 -5.88051
internal_weight=370513 78932 64995 41027 15075 12949 25952 13937 2095 276 164 11842 757 133 624 184 440 2126 2070 600 1470 136 1334 25695 12769 2573 12926 12122 4355 267
internal_count=370513 78932 64995 41027 15075 12949 25952 13937 2095 276 164 11842 757 133 624 184 440 2126 2070 600 1470 136 1334 25695 12769 2573 12926 12122 4355 267
is_linear=0
shrinkage=0.05


Tree=80
num_leaves=31
num_cat=0
split_feature=10 6 3 6 0 6 10 0 9 8 1 8 3 3 1 8 3 3 0 0 9 10 3 10 8 10 8 8 6 3
split_gain=4.35245e+07 8.99603e+06 7.23086e+06 6.53406e+06 1.18642e+07 8.01524e+06 7.11724e+06 6.76964e+06 1.09518e+07 9.53226e+06 1.07972e+07 8.62264e+06 8.02994e+06 7.95067e+06 9.78544e+06 5.49429e+06 5.47876e+06 9.41974e+06 7.7862e+06 1.42103e+07 7.92756e+06 1.51079e+07 7.86268e+06 9.3259e+06 8.33459e+06 9.02483e+06 6.46267e+06 5.2946e+06 5.20708e+06 8.88707e+06
threshold=667.4000000000002 5.5000000000000009 260.50000000000006 1.5000000000000002 4.5000000000000009 2.5000000000000004 2010.5333333333335 18.500000000000004 1841.156666666667 1483.5285714285715 5.5000000000000009 3218.1678571428579 43.500000000000007 124.50000000000001 2.5000000000000004 2195.8535714285722 68.500000000000014 53.500000000000007 19.500000000000004 10.500000000000002 2138.2523333333338 2261.6500000000001 57.500000000000007 2641.9333333333338 2133.8221428571437 2955.1166666666672 1972.967142857143 2195.8535714285722 2.5000000000000004 277.50000000000006
decision_type=2 2 2 2 2 2 2 2 2 2 2 2 2 2 2 2 2 2 2 2 2 2 2 2 2 2 2 2 2 2
left_child=-1 2 3 15 5 6 -5 8 27 -10 12 -9 -11 14 -14 16 17 -2 19 -19 21 -21 23 26 25 -24 -20 -6 -4 -30
right_child=1 -3 28 4 7 -7 -8 11 9 10 -12 -13 13 -15 -16 -17 -18 18 22 20 -22 -23 24 -25 -26 -27 -28 -29 29 -31
leaf_value=-0.29735151503910734 0.89253626781839523 -8.9906188975535173 -0.5774517370555885 -2.6411430895614054 3.3968069774273468 -9.8850018042349532 5.7209223137690071 1.9576815066471056 22.099605645508063 14.483509522044299 -5.4441205083484387 -14.12880748692681 7.8320011461121695 19.487329215161942 -11.146532741323249 2.2543784299990519 1.4903425788614086 -5.423186625173491 0.78494237497272346 1.9171277744698392 -11.386202646357319 15.878300191468973 -4.1511766452850773 -20.389368789672854 -22.503804055452349 13.210187936758068 17.50594056864254 -9.6912442587598981 15.121385553303888 -5.5634209085078474
leaf_weight=293041 24127 223 7729 835 3533 253 366 4171 122 396 142 85 175 68 111 7888 19622 711 1097 1963 96 215 2685 50 60 77 61 79 136 84
leaf_count=293041 24127 223 7729 835 3533 253 366 4171 122 396 142 85 175 68 111 7888 19622 711 1097 1963 96 215 2685 50 60 77 61 79 136 84
internal_value=-0.019156 1.03738 1.06645 1.23099 2.39014 -1.7967 -0.0928367 3.07553 4.39955 8.99115 7.19829 1.63641 9.59192 4.11998 0.466207 1.02672 0.835955 0.423638 -1.18906 0.746464 2.6755 3.2953 -2.6227 0.752877 -4.06767 -3.66717 1.66575 3.11055 -0.361548 7.22355
internal_weight=370201 77160 76937 68988 10336 1454 1201 8882 4626 1014 892 4256 750 354 286 58652 50764 31142 7015 2985 2274 2178 4030 1208 2822 2762 1158 3612 7949 220
internal_count=370201 77160 76937 68988 10336 1454 1201 8882 4626 1014 892 4256 750 354 286 58652 50764 31142 7015 2985 2274 2178 4030 1208 2822 2762 1158 3612 7949 220
is_linear=0
shrinkage=0.05


Tree=81
num_leaves=31
num_cat=0
split_feature=9 4 6 8 9 10 11 3 0 11 3 8 0 11 3 8 0 9 11 11 3 9 10 10 11 11 11 8 3 0
split_gain=4.57368e+07 8.35148e+06 7.21488e+06 6.982e+06 5.89025e+06 7.63647e+06 8.83192e+06 8.89229e+06 8.05581e+06 8.67068e+06 6.99022e+06 8.28333e+06 9.30586e+06 7.13511e+06 6.84005e+06 7.12212e+06 7.15067e+06 6.42871e+06 6.14836e+06 5.79412e+06 5.63473e+06 8.69083e+06 7.08251e+06 5.68217e+06 5.51166e+06 6.52146e+06 6.17266e+06 9.44132e+06 6.19727e+06 6.0906e+06
threshold=1235.1773333333335 1.0000000180025095e-35 5.5000000000000009 1.0000000180025095e-35 2530.8520000000003 2720.4666666666672 18339.145 4.5000000000000009 11.500000000000002 23225.890000000003 3.5000000000000004 3218.1678571428579 21.500000000000004 14742.730000000001 50.500000000000007 2340.6650000000004 11.500000000000002 2703.9491666666668 2927.6800000000007 16973.135000000006 82.500000000000014 2703.9491666666668 2548.1500000000001 2609.7166666666667 4135.6450000000013 6839.0850000000009 9772.4500000000025 1972.967142857143 57.500000000000007 28.500000000000004
decision_type=2 2 2 2 2 2 2 2 2 2 2 2 2 2 2 2 2 2 2 2 2 2 2 2 2 2 2 2 2 2
left_child=1 -1 4 -3 -2 6 18 -8 -9 -10 13 14 19 -7 15 -12 -17 -11 -6 -13 21 23 -23 -20 -16 -26 -27 -28 -29 -30
right_child=2 3 -4 -5 5 10 7 8 9 17 11 12 -14 -15 24 16 -18 -19 20 -21 -22 22 -24 -25 25 26 27 28 29 -31
leaf_value=-0.45668745924586596 1.4027836840310297 -0.92396405995266306 -17.261992073994058 0.15971030516615287 18.238534879684448 2.7831840905276213 31.974240990404816 19.487934400551563 20.836312019615846 -9.8866344033455373 19.395822569040153 -7.9419239686507925 20.186288214661182 -22.14911818822225 14.160474076441355 -13.612773763656618 11.00065303378635 10.487833207845689 -2.073759510368109 10.257802530631279 7.6400354108810422 -1.5812518805788276 -26.972525080195016 14.68180907094801 -16.231123828001923 12.373576462416002 7.7876867841501713 4.9297610950469979 -4.9551619983099879 -19.184712940581303
leaf_weight=166321 39895 16566 51 144631 64 55 53 138 57 98 91 76 128 60 56 50 72 64 160 103 250 57 53 74 74 81 183 120 376 94
leaf_count=166321 39895 16566 51 144631 64 55 53 138 57 98 91 76 128 60 56 50 72 64 160 103 250 57 53 74 74 81 183 120 376 94
internal_value=-0.00759798 -0.208123 1.53289 0.0483425 1.5554 3.82134 7.1032 12.8633 10.0262 4.06393 1.65641 2.56489 9.8919 -10.225 0.685702 8.80952 0.913183 -1.83746 3.51406 2.53054 1.92759 -2.2239 -13.8152 3.22501 -1.07281 -1.99206 -0.758227 -2.13426 -5.21175 -7.80107
internal_weight=370151 327518 42633 161197 42582 2687 1068 410 357 219 1619 1504 307 115 1197 213 122 162 658 179 594 344 110 234 984 928 854 773 590 470
internal_count=370151 327518 42633 161197 42582 2687 1068 410 357 219 1619 1504 307 115 1197 213 122 162 658 179 594 344 110 234 984 928 854 773 590 470
is_linear=0
shrinkage=0.05


Tree=82
num_leaves=31
num_cat=0
split_feature=9 9 10 8 10 8 1 9 3 3 1 8 11 8 8 9 11 3 1 3 3 10 8 11 11 11 2 9 8 11
split_gain=3.93058e+07 7.13661e+06 9.94919e+06 7.88562e+06 7.64749e+06 7.42483e+06 9.64224e+06 7.17647e+06 7.00322e+06 5.84829e+06 5.90526e+06 8.66601e+06 1.02201e+07 9.81192e+06 9.31596e+06 1.88485e+07 6.98025e+06 8.59928e+06 5.88177e+06 6.2849e+06 1.36925e+07 9.13039e+06 9.60458e+06 8.19876e+06 9.16943e+06 9.41551e+06 8.02261e+06 7.60575e+06 6.69696e+06 1.16787e+07
threshold=724.95550000000014 2530.8520000000003 2548.1500000000001 2195.8535714285722 2577.1000000000004 2430.840714285715 2.5000000000000004 2703.9491666666668 260.50000000000006 265.50000000000006 5.5000000000000009 2899.4528571428577 23225.890000000003 2537.0064285714293 2340.6650000000004 1998.7498333333335 65821.285000000018 39.500000000000007 1.0000000180025095e-35 68.500000000000014 52.500000000000007 2872.6833333333338 3218.1678571428579 5302.5500000000011 8676.4350000000013 15809.935000000003 1.0000000180025095e-35 2258.7413333333338 1925.7600000000002 5129.4600000000009
decision_type=2 2 2 2 2 2 2 2 2 2 2 2 2 2 2 2 2 2 2 2 2 2 2 2 2 2 2 2 2 2
left_child=-1 9 3 8 -4 -5 7 -7 -3 10 18 13 -13 14 16 -16 -12 -18 -2 20 21 22 -20 -24 -25 -26 28 -27 -22 -30
right_child=1 2 4 5 -6 6 -8 -9 -10 -11 11 12 -14 -15 15 -17 17 -19 19 -21 26 -23 23 24 25 27 -28 -29 29 -31
leaf_value=-0.23787439334542415 0.16640639586887751 -7.6827956247811375 -15.606647174641237 28.550346631589147 2.644346692397217 10.905686638229772 2.7370204182778086 34.876107198611464 14.317380426641098 -0.5342126629526881 -0.081354767102496214 -0.57880014692034043 -29.529734079926101 9.7451502479004031 15.050504458536867 -16.591592756289881 19.901745931804182 -4.1059442176193484 1.8019024056964303 2.4599170495873679 -1.0093923099717332 8.9154281135058522 10.767357283404897 -26.987838108766649 9.6262173397440307 1.7988971576356052 -4.3094305384920366 -21.493483422090719 -12.229941873367018 5.4618601609396009
leaf_weight=306964 8113 99 59 69 2112 76 175 53 57 5507 7319 70 54 257 61 206 96 61 17502 14733 3343 442 56 63 71 57 1378 91 104 905
leaf_count=306964 8113 99 59 69 2112 76 175 53 57 5507 7319 70 54 257 61 206 96 61 17502 14733 3343 442 56 63 71 57 1378 91 104 905
internal_value=-0.0041067 1.13151 3.64659 9.7953 2.14835 13.7432 10.3824 20.754 0.35573 1.01924 1.17484 -0.0696376 -13.1865 0.133673 -0.185344 -9.3625 0.142412 10.5739 1.3906 1.64694 1.14812 1.81656 1.64068 -6.7076 -10.1778 -5.34205 -0.984594 -12.5228 0.0681689 3.63832
internal_weight=370153 63189 2700 529 2171 373 304 129 156 60489 54982 8124 124 8000 7743 267 7476 157 46858 38745 24012 18282 17840 338 282 219 5730 148 4352 1009
internal_count=370153 63189 2700 529 2171 373 304 129 156 60489 54982 8124 124 8000 7743 267 7476 157 46858 38745 24012 18282 17840 338 282 219 5730 148 4352 1009
is_linear=0
shrinkage=0.05


Tree=83
num_leaves=31
num_cat=0
split_feature=9 10 9 1 8 3 3 3 0 0 3 9 0 8 11 10 11 1 6 8 9 8 1 1 8 1 10 3 10 0
split_gain=3.50266e+07 7.897e+06 9.59181e+06 6.9347e+06 1.45476e+07 6.30001e+06 6.28972e+06 1.10509e+07 1.14349e+07 1.35147e+07 1.49635e+07 1.56351e+07 9.49096e+06 8.8475e+06 8.74373e+06 7.6123e+06 6.48924e+06 5.63385e+06 5.40663e+06 5.56734e+06 5.79493e+06 1.15827e+07 9.42553e+06 2.02342e+07 7.55419e+06 8.84982e+06 1.14643e+07 6.89454e+06 6.50564e+06 5.62036e+06
threshold=724.95550000000014 2444.1500000000001 2703.9491666666668 5.5000000000000009 2899.4528571428577 265.50000000000006 68.500000000000014 52.500000000000007 3.5000000000000004 19.500000000000004 59.500000000000007 2041.4540000000004 25.500000000000004 1326.9885714285717 9286.6000000000022 2261.6500000000001 16973.135000000006 3.5000000000000004 4.5000000000000009 758.92071428571444 2087.0383333333334 2024.3085714285717 2.5000000000000004 1.5000000000000002 2340.6650000000004 3.5000000000000004 2198.5166666666669 107.50000000000001 2371.4500000000003 16.500000000000004
decision_type=2 2 2 2 2 2 2 2 2 2 2 2 2 2 2 2 2 2 2 2 2 2 2 2 2 2 2 2 2 2
left_child=-1 2 3 5 -5 6 7 -2 14 15 11 -11 -13 -12 -9 -10 -16 -17 19 -8 24 28 23 27 -21 26 -26 -23 -22 -28
right_child=1 -3 -4 4 -6 -7 18 8 9 10 13 12 -14 -15 16 17 -18 -19 -20 20 21 22 -24 -25 25 -27 29 -29 -30 -31
leaf_value=-0.22585031235634881 1.3111111885718782 2.2433884551819014 15.970470898426496 -0.38391654621568039 -21.815928754806521 -0.87840537595018786 5.125992728561295 -0.63562236876367662 2.209191727001159 -0.16658437924626035 -2.1439641919884664 32.886767497815583 6.7549804384453909 -8.9886811772534365 -21.805389470545975 21.140074450142532 -7.8191891850191659 1.9753657534008935 -10.725136483505549 1.7570048136366694 22.077242404430898 13.761672875616284 10.7559251810642 -30.310611222083111 0.6899235805543531 4.325118566094301 -31.025592477393872 -4.052029327580529 1.5685955803349334 -11.019643198649089
leaf_weight=307110 18482 11632 104 7707 80 3990 1358 278 1525 1533 1078 57 89 840 122 98 259 63 83 12756 143 90 188 57 119 156 66 137 53 75
leaf_count=307110 18482 11632 104 7707 80 3990 1358 278 1525 1533 1078 57 89 840 122 98 259 63 83 12756 143 90 188 57 119 156 66 137 53 75
internal_value=-0.00522831 1.06654 0.801179 0.770535 -0.604099 1.01551 1.20583 0.708062 -1.16766 -0.392983 -2.12436 1.32243 16.9571 -5.14165 -7.37804 3.30083 -12.2977 13.6408 2.00144 2.07094 1.77117 6.31439 2.07168 -3.67705 1.54077 -5.08977 -10.7387 3.01067 16.5315 -20.3841
internal_weight=370328 63218 51586 51482 7787 43695 39705 24424 5942 5283 3597 1679 146 1918 659 1686 381 161 15281 15198 13840 668 472 284 13172 416 260 227 196 141
internal_count=370328 63218 51586 51482 7787 43695 39705 24424 5942 5283 3597 1679 146 1918 659 1686 381 161 15281 15198 13840 668 472 284 13172 416 260 227 196 141
is_linear=0
shrinkage=0.05


Tree=84
num_leaves=31
num_cat=0
split_feature=9 6 6 3 5 10 1 1 0 0 10 6 9 3 3 9 11 6 11 10 11 0 10 10 9 3 10 11 0 10
split_gain=3.43122e+07 7.7633e+06 7.03255e+06 6.18582e+06 6.24678e+06 1.32277e+07 5.75672e+06 6.86642e+06 6.42934e+06 9.70304e+06 9.38184e+06 8.11284e+06 7.41183e+06 7.14757e+06 1.46606e+07 9.98354e+06 8.15808e+06 5.98187e+06 5.77169e+06 9.19572e+06 7.43052e+06 7.25761e+06 7.51277e+06 9.92112e+06 1.15024e+07 9.34813e+06 8.70643e+06 7.08008e+06 7.54024e+06 5.9303e+06
threshold=1235.1773333333335 3.5000000000000004 5.5000000000000009 265.50000000000006 1.0000000180025095e-35 308.16666666666669 1.0000000180025095e-35 5.5000000000000009 15.500000000000002 5.5000000000000009 3076.1000000000008 2.5000000000000004 1768.4196666666669 59.500000000000007 78.500000000000014 1554.7928333333336 1991.2550000000003 1.5000000000000002 65821.285000000018 2303.4000000000005 25929.405000000002 4.5000000000000009 2680.8833333333337 2494.5000000000005 2422.4765000000002 24.500000000000004 2371.4500000000003 10040.155000000001 12.500000000000002 2071.4333333333338
decision_type=2 2 2 2 2 2 2 2 2 2 2 2 2 2 2 2 2 2 2 2 2 2 2 2 2 2 2 2 2 2
left_child=1 3 6 4 5 -1 18 8 9 11 13 -8 -13 -10 -15 -16 -17 -11 20 -20 21 29 23 26 -25 -24 -23 -27 -29 -2
right_child=2 -3 -4 -5 -6 -7 7 -9 10 17 -12 12 -14 14 15 16 -18 -19 19 -21 -22 22 25 24 -26 27 -28 28 -30 -31
leaf_value=4.7026004202217857 -0.60574479206845888 -0.35888984669735385 -17.040966718013472 -1.0602481714568508 -0.38797452822200129 0.37425215639676407 1.1470846642002337 0.16971346062060561 2.1984423043992627 3.0827840883123532 10.205766367117564 0.085257469239782113 -24.879492843664927 -4.2112758233942511 -1.8068101985322174 -14.394416467462268 2.822309290560276 6.5852058449583186 7.7141824756349839 -16.889637966479285 3.2110587655458773 -0.91697918235598541 -24.78292524848186 -0.35319626147044453 18.202578993184229 -15.893413019442299 -9.48539165549162 -13.144790642492234 8.1823528994560242 7.7383103776358624
leaf_weight=1804 433 205367 52 9801 28637 81944 4426 6731 7038 8200 285 61 58 1633 1963 70 4034 1432 56 118 1606 3084 71 207 140 91 328 62 125 419
leaf_count=1804 433 205367 52 9801 28637 81944 4426 6731 7038 8200 285 61 58 1633 1963 70 4034 1432 56 118 1606 3084 71 207 140 91 328 62 125 419
internal_value=0.00269673 -0.171132 1.33543 0.144446 0.249506 0.467488 1.35782 1.60935 1.9412 2.70495 1.22047 0.800701 -12.0824 1.04671 -0.00599939 1.1259 2.52865 3.60349 0.016921 -8.97117 0.255107 -0.702002 -1.57303 -0.921501 7.13328 -8.59046 -1.74067 -4.45498 1.11132 3.49773
internal_weight=370276 327553 42723 122186 112385 83748 42671 35931 29200 14177 15023 4545 119 14738 7700 6067 4104 9632 6740 174 6566 4960 4108 3759 347 349 3412 278 187 852
internal_count=370276 327553 42723 122186 112385 83748 42671 35931 29200 14177 15023 4545 119 14738 7700 6067 4104 9632 6740 174 6566 4960 4108 3759 347 349 3412 278 187 852
is_linear=0
shrinkage=0.05


Tree=85
num_leaves=31
num_cat=0
split_feature=10 3 3 8 8 11 8 11 6 10 10 10 10 10 11 10 8 0 11 0 11 8 8 10 0 10 10 11 10 0
split_gain=2.78467e+07 7.53362e+06 1.08976e+07 6.74005e+06 6.03209e+06 5.45979e+06 9.3171e+06 8.23448e+06 1.04942e+07 1.18061e+07 2.4532e+07 8.13321e+06 5.94494e+06 8.84547e+06 4.88742e+06 4.78752e+06 9.10224e+06 4.67883e+06 6.75345e+06 6.24798e+06 4.94393e+06 5.62899e+06 6.33275e+06 9.87556e+06 4.42806e+06 4.92372e+06 8.90179e+06 1.04083e+07 6.56408e+06 5.99619e+06
threshold=615.83333333333337 14.500000000000002 11.500000000000002 1483.5285714285715 1418.4021428571432 9772.4500000000025 2537.0064285714293 32951.680000000008 1.5000000000000002 2371.4500000000003 1900.7500000000002 2198.5166666666669 2261.6500000000001 1945.2500000000002 55972.670000000006 1488.6333333333334 127.6364285714286 23.500000000000004 50375.340000000004 21.500000000000004 32951.680000000008 3218.1678571428579 2693.3414285714293 1726.0833333333335 20.500000000000004 2680.8833333333337 2548.1500000000001 10903.300000000001 2577.1000000000004 18.500000000000004
decision_type=2 2 2 2 2 2 2 2 2 2 2 2 2 2 2 2 2 2 2 2 2 2 2 2 2 2 2 2 2 2
left_child=-1 2 17 4 -4 11 7 8 9 10 -7 -5 13 -9 -14 -3 -17 19 -19 24 21 22 23 -21 25 26 -2 -28 -29 -27
right_child=1 15 3 5 -6 6 -8 12 -10 -11 -12 -13 14 -15 -16 16 -18 18 -20 20 -22 -23 -24 -25 -26 29 27 28 -30 -31
leaf_value=-0.24343645411306089 1.5569420960974056 0.18836626985884669 3.8380886832288419 9.5531962390929941 -11.268231712068831 13.589102324985323 -8.4569212263280686 9.3145516777038591 24.800674880981447 16.548316633073906 -22.366134999213966 32.746101722010863 1.1160976958274842 38.011996723043509 20.584059427402639 -19.15454684155328 1.0175582073399563 -0.57873823380297318 -14.156992542977427 4.7552997172889064 -1.2609307901161475 23.830017245899548 -7.9537888557680194 23.365481953925276 -4.3510527329585136 9.328894352686147 8.303139375959125 -28.445459065520971 -7.9715712113380439 -5.0051685179982872
leaf_weight=285479 4844 34608 1181 126 70 84 88 50 50 76 109 54 80 58 54 56 40359 896 102 295 164 55 62 94 340 368 70 57 125 91
leaf_count=285479 4844 34608 1181 126 70 84 88 50 50 76 109 54 80 58 54 56 40359 896 102 295 164 55 62 94 340 368 70 57 125 91
internal_value=-0.00725924 0.789089 2.10464 5.30977 2.99281 8.80617 6.66922 9.04195 3.76577 -0.14406 -6.71722 16.5111 15.9969 24.7261 8.9614 0.619996 0.989607 1.22316 -1.9665 1.70804 6.28342 8.72863 6.88699 9.25236 1.18803 1.52705 1.0803 -8.08182 -14.3837 6.48706
internal_weight=370145 84666 9643 2080 1251 829 649 561 319 269 193 180 242 108 134 75023 40415 7563 998 6565 670 506 451 389 5895 5555 5096 252 182 459
internal_count=370145 84666 9643 2080 1251 829 649 561 319 269 193 180 242 108 134 75023 40415 7563 998 6565 670 506 451 389 5895 5555 5096 252 182 459
is_linear=0
shrinkage=0.05


Tree=86
num_leaves=31
num_cat=0
split_feature=9 9 3 0 3 3 8 11 11 8 0 9 3 8 1 8 3 0 11 8 10 8 8 0 8 1 11 0 3 8
split_gain=3.16609e+07 6.10305e+06 7.00444e+06 6.8336e+06 8.83462e+06 1.29336e+07 6.90777e+06 6.20288e+06 8.46219e+06 7.97941e+06 9.48464e+06 6.87075e+06 7.7294e+06 5.67253e+06 5.68476e+06 5.65149e+06 1.18652e+07 7.73962e+06 8.98673e+06 6.77296e+06 5.63386e+06 9.92885e+06 1.23446e+07 8.14678e+06 7.09765e+06 8.20474e+06 1.0178e+07 6.32651e+06 5.48183e+06 5.42572e+06
threshold=724.95550000000014 2194.8705000000004 260.50000000000006 5.5000000000000009 74.500000000000014 51.500000000000007 2693.3414285714293 27454.115000000002 11846.610000000002 2340.6650000000004 28.500000000000004 2087.0383333333334 4.5000000000000009 2024.3085714285717 3.5000000000000004 1387.0700000000002 106.50000000000001 6.5000000000000009 14253.120000000001 994.49500000000023 1900.7500000000002 1326.9885714285717 1203.4478571428574 14.500000000000002 825.06500000000017 2.5000000000000004 7629.005000000001 12.500000000000002 33.500000000000007 1593.7250000000001
decision_type=2 2 2 2 2 2 2 2 2 2 2 2 2 2 2 2 2 2 2 2 2 2 2 2 2 2 2 2 2 2
left_child=-1 2 3 4 5 -2 -6 8 20 -9 11 12 -11 -4 -15 16 17 -3 -19 -18 -5 22 24 27 -22 26 -26 -23 -29 -7
right_child=1 15 13 7 6 29 -8 9 -10 10 -12 -13 -14 14 -16 -17 19 18 -20 -21 21 23 -24 -25 25 -27 -28 28 -30 -31
leaf_value=-0.19873356824881983 -0.038864170680174018 -28.818640473309689 -0.34969972931589099 1.1885525355056774 2.0083589415898264 -4.3192718807651636 -14.840255944214523 1.9972393103288066 0.0923817130195424 -7.7278586492818953 -12.39451581495149 17.398831348286734 8.7921210733927655 -0.98349511328921368 -12.047716290310577 2.5953891754551748 -9.0396238019389497 7.8030528890169579 -16.595200263129339 10.569065193126077 16.579616390248784 3.4394955808939152 19.287151816642996 0.50902220196848991 5.0808703338706884 8.8846551903606166 -18.980931969249948 20.884169217714899 7.0128198009676641 -12.528574378824816
leaf_weight=307206 3429 51 5232 12696 3236 1107 62 8486 14935 85 56 180 424 251 216 7871 62 65 90 152 93 1041 201 2369 91 169 85 104 226 246
leaf_count=307206 3429 51 5232 12696 3236 1107 62 8486 14935 85 56 180 424 251 216 7871 62 65 90 152 93 1041 201 2369 91 169 85 104 226 246
internal_value=0.0110891 1.02922 0.838652 1.03042 -0.29923 -1.67226 1.69162 1.29093 0.961635 2.43281 7.39421 9.00258 6.03338 -0.820985 -6.10099 2.29384 -3.35733 -11.9229 -6.36367 4.88804 1.72195 3.26841 9.02834 2.28429 4.32053 1.0159 -6.53989 5.35183 11.3844 -5.81187
internal_weight=370517 63311 55020 49321 8080 4782 3298 41241 32010 9231 745 689 509 5699 467 8291 420 206 155 214 17075 4379 639 3740 438 345 176 1371 330 1353
internal_count=370517 63311 55020 49321 8080 4782 3298 41241 32010 9231 745 689 509 5699 467 8291 420 206 155 214 17075 4379 639 3740 438 345 176 1371 330 1353
is_linear=0
shrinkage=0.05


Tree=87
num_leaves=31
num_cat=0
split_feature=9 4 8 3 3 10 11 9 8 3 3 3 8 8 10 11 9 8 11 8 8 8 11 3 3 11 3 0 0 3
split_gain=2.75895e+07 6.69649e+06 6.25364e+06 4.96104e+06 7.99682e+06 7.09838e+06 8.66777e+06 8.08696e+06 6.31597e+06 1.14242e+07 5.93325e+06 5.90209e+06 6.72112e+06 6.05274e+06 7.50449e+06 8.55754e+06 7.81668e+06 6.57462e+06 5.27953e+06 1.25338e+07 1.60752e+07 7.31476e+06 7.12875e+06 1.0446e+07 6.95754e+06 6.50815e+06 6.28923e+06 9.69339e+06 5.89235e+06 5.32266e+06
threshold=1235.1773333333335 1.0000000180025095e-35 1.0000000180025095e-35 44.500000000000007 68.500000000000014 2872.6833333333338 27454.115000000002 2703.9491666666668 1925.7600000000002 52.500000000000007 53.500000000000007 80.500000000000014 2693.3414285714293 2537.0064285714293 2418.9166666666674 31067.535000000003 1519.3770000000002 1972.967142857143 27454.115000000002 1925.7600000000002 1632.2000000000003 1879.7300000000002 45915.240000000013 55.500000000000007 67.500000000000014 35421.660000000011 62.500000000000007 19.500000000000004 19.500000000000004 64.500000000000014
decision_type=2 2 2 2 2 2 2 2 2 2 2 2 2 2 2 2 2 2 2 2 2 2 2 2 2 2 2 2 2 2
left_child=1 -1 -3 -2 5 18 7 10 9 -8 -7 12 13 14 16 17 -6 -16 24 20 26 22 23 25 -5 -22 -20 -28 -26 -21
right_child=3 2 -4 4 11 6 8 -9 -10 -11 -12 -13 -14 -15 15 -17 -18 -19 19 29 21 -23 -24 -25 28 -27 27 -29 -30 -31
leaf_value=-0.36479301079668902 1.9309980825463431 -0.83087578755440128 0.19312622748950392 -1.2962574965846869 6.7782949572497051 26.977856469154361 -9.977669792844539 2.1483877538264484 -4.4882722700916746 18.173675592578189 8.9109135841480409 1.092799716713666 17.915566059623856 -11.735743509232998 7.4306430936742718 0.59421714699786643 -0.8907160159112153 23.123687095353098 0.57801565889153816 9.1115590949190999 21.892519706150271 -24.730342709249069 -15.318520587562714 -10.68713993965825 -2.3613370627827117 -0.43244632945341221 23.580030684471133 -1.2723151219355597 -17.364962723569608 -1.2966895128945886
leaf_weight=166319 15290 16625 144515 5556 548 84 57 174 318 98 99 16456 83 64 135 161 844 132 937 540 53 62 149 158 135 85 80 77 127 159
leaf_count=166319 15290 16625 144515 5556 548 84 57 174 318 98 99 16456 83 64 135 161 844 132 937 540 53 62 149 158 135 85 80 77 127 159
internal_value=0.0135808 -0.142234 0.0874788 1.20959 0.806593 -0.419718 3.98453 9.86594 -0.454498 7.82125 17.2039 1.40221 3.99074 3.37728 3.90872 9.69891 2.12841 15.189 -0.870017 1.15797 -1.2809 -8.64056 -6.39884 -1.90886 -1.67173 8.14163 2.12983 11.3913 -9.63409 6.74402
internal_weight=370120 327459 161140 42661 27371 8948 830 357 473 155 183 18423 1967 1884 1820 428 1392 267 8118 2300 1601 507 445 296 5818 138 1094 157 262 699
internal_count=370120 327459 161140 42661 27371 8948 830 357 473 155 183 18423 1967 1884 1820 428 1392 267 8118 2300 1601 507 445 296 5818 138 1094 157 262 699
is_linear=0
shrinkage=0.05


Tree=88
num_leaves=31
num_cat=0
split_feature=10 3 3 9 9 10 11 10 11 3 1 10 11 11 6 11 3 3 10 10 9 1 11 3 9 3 9 9 0 3
split_gain=2.16796e+07 7.66336e+06 1.12468e+07 1.00895e+07 5.38684e+06 7.74594e+06 1.36532e+07 8.58153e+06 7.21748e+06 7.82887e+06 6.94442e+06 9.63626e+06 8.31548e+06 6.0628e+06 5.7231e+06 8.74818e+06 6.37138e+06 1.12387e+07 5.55858e+06 6.24134e+06 9.49068e+06 7.34913e+06 2.24552e+07 8.85832e+06 7.21291e+06 6.41485e+06 4.94799e+06 4.74268e+06 5.81671e+06 4.63922e+06
threshold=654.71666666666681 14.500000000000002 11.500000000000002 2258.7413333333338 2087.0383333333334 2220.0000000000005 6970.795000000001 2132.4000000000005 15809.935000000003 7.5000000000000009 4.5000000000000009 2348.0500000000006 19100.720000000005 38560.455000000009 1.5000000000000002 3937.6200000000003 10.500000000000002 9.5000000000000018 2198.5166666666669 2577.1000000000004 2336.8835000000004 1.5000000000000002 42026.485000000008 3.5000000000000004 2530.8520000000003 4.5000000000000009 2530.8520000000003 2336.8835000000004 18.500000000000004 8.5000000000000018
decision_type=2 2 2 2 2 2 2 2 2 2 2 2 2 2 2 2 2 2 2 2 2 2 2 2 2 2 2 2 2 2
left_child=29 2 4 -4 5 7 -7 -2 -9 -10 12 -12 -8 -14 15 -6 17 18 -17 -20 25 24 23 -23 -22 -21 -25 -16 -29 -1
right_child=1 -3 3 -5 14 6 10 8 9 -11 11 -13 13 -15 27 16 -18 -19 19 20 21 22 -24 26 -26 -27 -28 28 -30 -31
leaf_value=0.55177170029968425 0.69239239710724254 0.55908967845851787 4.6960366302714824 21.843411288791234 19.566602828353645 -29.272437124985913 13.392026238538783 0.73660089292024322 8.1148610186220989 34.25994194030762 -29.836748290598393 -2.5664702125217609 -12.308605637717045 1.6426321833414805 -12.396766719320318 15.665795135498048 -8.8356308025318189 22.865345037719351 -2.7185385652950833 25.735822937223645 -20.123681346953862 26.851766618652437 -21.772037211635659 -2.8339509148346753 1.7408870865689949 6.4405994964682538 14.981430289745331 12.244160214276382 -8.4568939737173228 -0.25015785393570766
leaf_weight=19315 4734 70070 1832 90 96 52 98 95 67 50 50 92 118 229 91 87 91 81 364 81 63 79 57 76 94 92 80 71 65 272108
leaf_count=19315 4734 70070 1832 90 96 52 98 95 67 50 50 92 118 229 91 87 91 81 364 81 63 79 57 76 94 92 80 71 65 272108
internal_value=0.00229442 0.736152 2.10328 5.49898 1.19087 0.463832 -4.71667 1.13313 10.9749 19.288 -2.54137 -12.1687 0.53071 -3.10159 3.78046 5.02329 3.90187 4.9063 3.55059 2.4816 5.52477 1.69102 6.38157 13.2103 -7.03279 15.4748 6.30214 -3.56154 2.35027 -0.197007
internal_weight=370568 79145 9075 1922 7153 5585 639 4946 212 117 587 142 445 347 1568 1341 1245 1154 1073 986 622 449 292 235 157 173 156 227 136 291423
internal_count=370568 79145 9075 1922 7153 5585 639 4946 212 117 587 142 445 347 1568 1341 1245 1154 1073 986 622 449 292 235 157 173 156 227 136 291423
is_linear=0
shrinkage=0.05


Tree=89
num_leaves=31
num_cat=0
split_feature=9 0 6 9 11 1 0 10 9 11 3 3 9 10 3 3 10 11 0 4 6 11 3 10 9 9 0 10 3 3
split_gain=2.10695e+07 6.18201e+06 7.87928e+06 8.48932e+06 6.93845e+06 6.65354e+06 8.1332e+06 5.58325e+06 5.27951e+06 5.03319e+06 4.38485e+06 6.75247e+06 7.21592e+06 9.57508e+06 5.16652e+06 4.31615e+06 5.59764e+06 5.8997e+06 5.82152e+06 4.20254e+06 4.26473e+06 4.04076e+06 5.78704e+06 4.03461e+06 3.85124e+06 5.20668e+06 3.79127e+06 4.99973e+06 4.47034e+06 2.74486e+07
threshold=724.95550000000014 5.5000000000000009 2.5000000000000004 1768.4196666666669 10903.300000000001 1.0000000180025095e-35 9.5000000000000018 2680.8833333333337 2530.8520000000003 24530.555000000004 74.500000000000014 51.500000000000007 2258.7413333333338 2371.4500000000003 134.50000000000003 42.500000000000007 2418.9166666666674 20009.920000000002 3.5000000000000004 1.0000000180025095e-35 31.500000000000004 16431.460000000003 277.50000000000006 2812.8500000000008 2258.7413333333338 2138.2523333333338 18.500000000000004 2955.1166666666672 58.500000000000007 78.500000000000014
decision_type=2 2 2 2 2 2 2 2 2 2 2 2 2 2 2 2 2 2 2 2 2 2 2 2 2 2 2 2 2 2
left_child=19 2 10 4 -4 6 7 8 -3 -9 11 15 -13 -14 23 -2 -17 -18 -19 -1 -21 -16 -23 24 25 -12 -7 28 -28 -30
right_child=1 5 3 -5 -6 26 -8 9 -10 -11 14 12 13 -15 21 16 17 18 -20 20 -22 22 -24 -25 -26 -27 27 -29 29 -31
leaf_value=-0.33643849613818794 -1.0066559971215572 -3.3896300019564332 0.18171860714939153 -20.093798730166064 -15.328120354939532 1.7432453030079966 0.45883578692969773 -22.186724299997898 12.600773083722151 -3.7454560936302759 2.5018164477335274 -5.5291081922757819 22.578431204721042 -0.77967765785184262 1.1176779607241654 1.1257151105582373 -4.5753268971162688 7.0649613388206651 26.887482386635199 0.10980528823763079 -0.96498413988535858 -8.7096433108035125 -0.29672211606751436 15.821895057468092 -7.674636218764566 15.593769580503054 1.5222409972899396 5.5823962597325032 -4.1873010822085979 1.392856396212623
leaf_weight=165200 2431 1171 321 92 93 22789 6220 74 54 74 1963 1220 51 314 1641 1042 51 92 62 131911 9924 301 637 59 88 79 9478 539 2885 9333
leaf_count=165200 2431 1171 321 92 93 22789 6220 74 54 74 1963 1220 51 314 1641 1042 51 92 62 131911 9924 301 637 59 88 79 9478 539 2885 9333
internal_value=0.00604194 0.837766 -0.267683 -6.35536 -3.30238 1.05914 -0.310001 -3.79301 -2.68475 -12.9661 0.0394013 -0.955607 -3.6838 2.48406 1.13771 0.220085 2.61159 10.1642 15.0455 -0.165035 0.0346037 -0.378637 -2.99639 2.92421 2.56695 3.00831 1.29004 0.82554 0.707364 0.0752304
internal_weight=370189 63154 10537 506 414 52617 7593 1373 1225 148 10031 5263 1585 365 4768 3678 1247 205 154 307035 141835 2579 938 2189 2130 2042 45024 22235 21696 12218
internal_count=370189 63154 10537 506 414 52617 7593 1373 1225 148 10031 5263 1585 365 4768 3678 1247 205 154 307035 141835 2579 938 2189 2130 2042 45024 22235 21696 12218
is_linear=0
shrinkage=0.05


Tree=90
num_leaves=31
num_cat=0
split_feature=9 6 10 0 6 1 8 11 3 8 11 10 6 0 8 1 10 3 0 10 11 11 11 0 9 10 11 8 9 3
split_gain=1.94403e+07 5.63942e+06 5.20634e+06 4.33454e+06 7.77604e+06 4.09604e+06 6.99751e+06 7.77107e+06 5.74616e+06 5.71046e+06 5.50003e+06 5.69573e+06 5.01928e+06 4.73478e+06 6.14309e+06 1.08505e+07 6.10522e+06 5.25773e+06 5.00834e+06 4.81814e+06 5.84564e+06 4.71949e+06 4.65758e+06 6.9235e+06 6.45204e+06 4.73943e+06 1.08437e+07 8.36742e+06 7.81898e+06 6.16487e+06
threshold=1375.5241666666668 4.5000000000000009 298.50000000000006 7.5000000000000009 7.5000000000000009 1.0000000180025095e-35 839.72071428571439 11846.610000000002 83.500000000000014 911.86785714285713 65821.285000000018 2324.1500000000001 2.5000000000000004 5.5000000000000009 2693.3414285714293 2.5000000000000004 2494.5000000000005 15.500000000000002 29.500000000000004 2577.1000000000004 22071.445000000003 7223.3450000000003 65821.285000000018 12.500000000000002 1880.9296666666669 2812.8500000000008 4719.5250000000005 1387.0700000000002 2194.8705000000004 264.50000000000006
decision_type=2 2 2 2 2 2 2 2 2 2 2 2 2 2 2 2 2 2 2 2 2 2 2 2 2 2 2 2 2 2
left_child=1 -1 -3 -4 -5 9 7 21 -9 -2 12 -12 -11 14 17 16 -16 -8 22 -17 -21 -7 25 24 -24 -15 -27 -28 -29 -30
right_child=5 2 3 4 -6 6 13 8 -10 10 11 -13 -14 18 15 19 -18 -19 -20 20 -22 -23 23 -25 -26 26 27 28 29 -31
leaf_value=0.12643921331116822 -9.1665291712834289 -0.2709483352562348 -8.8504127229270289 7.1122277007604895 -4.3003771381131539 6.9188847625777132 -10.083815010054773 -10.143954033321805 7.7732034385874034 0.18885451757541361 5.0454582410700191 -15.057006249511453 10.090400535823735 1.3230144039846403 -3.8009799804327624 -7.3776657989344647 -25.236398437585724 0.56511476958805318 -1.3180663837704198 20.064782381057739 -3.1177080949147542 19.214052064530552 7.4350131548724123 7.8336428557277813 -9.0770126771583843 26.050666271315681 19.105153219699861 -3.3377595561375553 6.4084445382908859 -1.9361064103933481
leaf_weight=138242 169 193583 295 190 696 200 119 90 89 5570 51 114 131 21522 53 97 89 4466 1492 52 57 128 103 662 139 54 80 422 979 286
leaf_count=138242 169 193583 295 190 696 200 119 90 89 5570 51 114 131 21522 53 97 89 4466 1492 52 57 128 103 662 139 54 80 422 979 286
internal_value=0.00333189 -0.117789 -0.29114 -3.60086 -1.85298 1.08717 1.31795 7.14405 -1.23542 -0.105147 0.155912 -8.84352 0.416376 1.22165 -0.197372 -6.60191 -17.2359 0.28873 1.49361 0.72828 7.94183 11.717 1.66662 5.18802 -2.04917 1.53025 3.97955 3.30505 2.55578 4.52185
internal_weight=370220 333006 194764 1181 886 37214 31179 507 179 6035 5866 165 5701 30672 4933 348 142 4585 25739 206 109 328 24247 904 242 23343 1821 1767 1687 1265
internal_count=370220 333006 194764 1181 886 37214 31179 507 179 6035 5866 165 5701 30672 4933 348 142 4585 25739 206 109 328 24247 904 242 23343 1821 1767 1687 1265
is_linear=0
shrinkage=0.05


Tree=91
num_leaves=31
num_cat=0
split_feature=10 3 11 0 10 11 3 9 0 10 8 10 11 0 10 9 0 6 8 8 1 10 9 11 8 8 8 9 3 3
split_gain=1.23909e+07 7.81171e+06 8.62658e+06 8.15622e+06 9.00276e+06 6.72395e+06 6.84947e+06 8.43478e+06 6.10375e+06 5.89183e+06 5.8849e+06 8.70936e+06 7.93474e+06 7.36656e+06 7.26212e+06 7.92535e+06 4.87137e+06 4.69584e+06 4.47162e+06 7.01519e+06 9.53709e+06 6.77309e+06 4.47874e+06 1.66363e+07 1.65065e+07 7.87199e+06 4.40873e+06 3.92508e+06 3.48133e+06 6.20769e+06
threshold=556.16666666666686 14.500000000000002 65821.285000000018 22.500000000000004 2444.1500000000001 55972.670000000006 9.5000000000000018 2336.8835000000004 12.500000000000002 2418.9166666666674 2537.0064285714293 2444.1500000000001 45915.240000000013 9.5000000000000018 2469.5833333333335 2041.4540000000004 16.500000000000004 5.5000000000000009 2340.6650000000004 1972.967142857143 3.5000000000000004 2031.3000000000002 1592.5745000000004 12198.740000000002 1669.8157142857144 1593.7250000000001 1750.47 649.56250000000011 69.500000000000014 260.50000000000006
decision_type=2 2 2 2 2 2 2 2 2 2 2 2 2 2 2 2 2 2 2 2 2 2 2 2 2 2 2 2 2 2
left_child=-1 2 5 4 -4 6 -2 10 -9 26 12 -12 14 -14 15 18 -6 28 19 22 -21 -22 25 -24 -25 27 -7 -8 -3 -30
right_child=1 17 3 -5 16 9 7 8 -10 -11 11 -13 13 -15 -16 -17 -18 -19 -20 20 21 -23 23 24 -26 -27 -28 -29 29 -31
leaf_value=-0.19879738859076168 0.72767206265784412 0.005870823379462221 3.3169353509771415 -5.3744685001060617 34.156682112140039 9.710297224885327 1.3450855224681322 23.138037657344736 3.7288070678710938 -16.999190294477675 3.2487362963812694 -20.040206902517994 24.910046751499177 4.1643685955068346 16.633084754321885 -11.613994380892541 13.615192582872181 -6.3817509767208396 17.09321078547725 6.087335642646341 -3.1518588736372175 -27.778681552208077 23.915343629036631 -22.93712332248688 12.366679173340032 -6.6998217592969471 -9.0994838194413621 5.4799989193344203 0.99568380988645022 -0.46827741245684334
leaf_weight=276354 6630 42373 87 61 62 59 1135 91 73 90 98 68 80 92 92 98 54 262 54 85 53 59 112 56 81 209 66 1161 31045 9444
leaf_count=276354 6630 42373 87 61 62 59 1135 91 73 90 98 68 80 92 92 98 54 262 54 85 53 59 112 56 81 209 66 1161 31045 9444
internal_value=-0.0301722 0.465945 1.7306 10.6578 15.4754 1.50704 1.68924 3.41366 14.4986 -7.24458 2.8991 -6.29131 3.35221 13.8135 2.78904 2.37858 24.5943 0.301542 2.83491 2.574 -6.54095 -16.1249 3.22601 9.62145 -2.06407 2.59029 -0.221267 3.43595 0.322673 0.654217
internal_weight=370284 93930 10806 264 203 10542 10327 3697 164 215 3533 166 3367 172 3195 3103 116 83124 3005 2951 197 112 2754 249 137 2505 125 2296 82862 40489
internal_count=370284 93930 10806 264 203 10542 10327 3697 164 215 3533 166 3367 172 3195 3103 116 83124 3005 2951 197 112 2754 249 137 2505 125 2296 82862 40489
is_linear=0
shrinkage=0.05


Tree=92
num_leaves=31
num_cat=0
split_feature=10 8 9 10 3 11 6 0 3 3 8 0 0 11 9 3 11 10 10 9 10 10 0 8 3 11 0 9 10 8
split_gain=1.4347e+07 5.13116e+06 4.98473e+06 1.18121e+07 7.89807e+06 7.70875e+06 4.78732e+06 9.36896e+06 4.56115e+06 9.91942e+06 9.91941e+06 9.60706e+06 9.61932e+06 1.23256e+07 1.14361e+07 8.17802e+06 6.52907e+06 8.31576e+06 6.45372e+06 6.56418e+06 6.40871e+06 1.02871e+07 7.8163e+06 5.67997e+06 5.57138e+06 5.06029e+06 4.62241e+06 5.47797e+06 5.86019e+06 4.61365e+06
threshold=661.16666666666686 2195.8535714285722 1734.5108333333335 2220.0000000000005 51.500000000000007 18339.145 4.5000000000000009 8.5000000000000018 69.500000000000014 53.500000000000007 2133.8221428571437 20.500000000000004 9.5000000000000018 29214.375000000004 2087.0383333333334 58.500000000000007 3699.5900000000006 2720.4666666666672 2680.8833333333337 2087.0383333333334 2519.2500000000005 2418.9166666666674 26.500000000000004 972.09714285714301 66.500000000000014 15809.935000000003 29.500000000000004 1768.4196666666669 2155.8333333333339 1593.7250000000001
decision_type=2 2 2 2 2 2 2 2 2 2 2 2 2 2 2 2 2 2 2 2 2 2 2 2 2 2 2 2 2 2
left_child=-1 6 3 4 -3 -6 8 -8 9 -2 11 12 16 14 -14 18 -11 -18 19 26 21 23 -22 -17 -15 -16 27 28 -13 -26
right_child=1 2 -4 -5 5 -7 7 -9 -10 10 -12 15 13 24 25 20 17 -19 -20 -21 22 -23 -24 -25 29 -27 -28 -29 -30 -31
leaf_value=-0.16699702129210919 0.54542142708856145 4.3872344283511779 1.9522565165116033 -14.7384435365729 -1.6794245879361585 -23.580044339762793 -19.054813983619855 0.26391864199712484 0.92422594730177465 5.8789583279125734 -13.794084322678893 0.45912083857835118 1.2182755795878473 13.80515512083258 -3.5764949000965469 -2.1241173651082295 -7.8957907787154227 10.485133969148293 -14.769621444375893 11.117056657397558 -6.759286618098483 -26.526635126820924 11.437633949612815 -7.5103590173308747 10.564667320251466 -24.332658437982438 -5.2420513473573855 9.8828120869316471 -14.974189402506903 -8.7269150245385099
leaf_weight=292228 28683 463 9565 151 157 54 93 193 29969 134 158 1145 2926 280 55 867 647 68 76 126 111 58 126 1124 63 63 425 146 65 61
leaf_count=292228 28683 463 9565 151 157 54 93 193 29969 134 158 1145 2926 280 55 867 647 68 76 126 111 58 126 1124 63 63 425 146 65 61
internal_value=-0.0061485 0.596071 1.63062 -2.09843 0.733379 -7.28432 0.437209 -6.01805 0.46461 0.0963843 -1.37997 -1.15099 0.518007 1.6919 0.602828 -2.83094 -4.24948 -6.14767 -0.481267 0.0881693 -4.86918 -5.76955 2.91503 -5.16487 9.89771 -14.6582 -0.692089 0.733969 -0.369941 1.07445
internal_weight=370280 78052 10390 825 674 211 67662 286 67376 37407 8724 8566 4297 3448 3044 4269 849 715 1983 1907 2286 2049 237 1991 404 118 1781 1356 1210 124
internal_count=370280 78052 10390 825 674 211 67662 286 67376 37407 8724 8566 4297 3448 3044 4269 849 715 1983 1907 2286 2049 237 1991 404 118 1781 1356 1210 124
is_linear=0
shrinkage=0.05


Tree=93
num_leaves=31
num_cat=0
split_feature=8 1 4 8 10 10 10 0 10 1 10 9 10 8 3 0 6 10 3 9 10 10 10 0 6 1 8 8 1 8
split_gain=1.3356e+07 4.07258e+06 3.82051e+06 4.4143e+06 4.67259e+06 4.02348e+06 9.44242e+06 3.55784e+06 7.45075e+06 3.47887e+06 4.34261e+06 8.74412e+06 6.41418e+06 6.51036e+06 7.42491e+06 4.92831e+06 4.21384e+06 7.74142e+06 3.69067e+06 6.22442e+06 5.93707e+06 3.6231e+06 3.54158e+06 5.08117e+06 5.40053e+06 6.52129e+06 7.45716e+06 6.4978e+06 6.23492e+06 4.97764e+06
threshold=891.91357142857157 5.5000000000000009 1.0000000180025095e-35 1.0000000180025095e-35 231.83333333333334 2303.4000000000005 2494.5000000000005 5.5000000000000009 1584.0166666666669 1.0000000180025095e-35 2762.7666666666669 2422.4765000000002 2872.6833333333338 1925.7600000000002 260.50000000000006 10.500000000000002 1.5000000000000002 2494.5000000000005 29.500000000000004 2530.8520000000003 2812.8500000000008 2680.8833333333337 2812.8500000000008 21.500000000000004 1.5000000000000002 1.5000000000000002 2078.5514285714294 1387.0700000000002 3.5000000000000004 3218.1678571428579
decision_type=2 2 2 2 2 2 2 2 2 2 2 2 2 2 2 2 2 2 2 2 2 2 2 2 2 2 2 2 2 2
left_child=2 9 -1 4 -4 7 -7 8 -5 10 11 -2 18 -14 15 -15 21 -18 -12 20 -20 -13 -11 24 25 26 -24 -27 -26 -25
right_child=1 -3 3 5 -6 6 -8 -9 -10 22 12 16 13 14 -16 -17 17 -19 19 -21 -22 -23 23 29 28 27 -28 -29 -30 -31
leaf_value=-0.30834284661993794 -0.22615715779647677 -0.32821567685977115 -0.50798693561044306 -0.35957428088086218 -3.9524758417538588 24.822806254141739 -4.8848808571144389 0.24462224215753206 -9.4069563953513686 0.92985070864092689 -21.53414090255211 6.2019542773564664 13.884321688223578 13.957454198261477 -20.484484685636033 -3.85934978698862 2.0987392142966943 29.262690936817844 -2.9716561203598975 3.5885995534750132 -27.21802636501836 -5.7054920431855436 -3.0773376683394118 4.9029327015194291 2.2144994699826803 15.868266543635617 14.700339250003593 -1.8928882079403679 22.784745020162866 17.274726983408133
leaf_weight=161235 7416 8564 15578 21442 1051 53 54 111348 230 39879 58 375 69 53 51 145 54 51 50 78 51 77 96 531 93 54 153 1110 61 96
leaf_count=161235 7416 8564 15578 21442 1051 53 54 111348 230 39879 58 375 69 53 51 145 54 51 50 78 51 77 96 531 93 54 153 1110 61 96
internal_value=-0.00844571 0.68014 -0.139447 0.0423954 -0.725688 0.138337 9.83014 0.130541 -0.455592 0.8508 -0.0700475 0.227638 -4.34653 0.293864 -3.47217 0.909795 6.26955 15.2927 -10.5729 -7.02118 -15.2149 4.17347 1.03745 2.99323 1.47117 0.502129 7.8463 -1.06892 10.3625 6.79718
internal_weight=370156 59165 310991 149756 16629 133127 107 133020 21672 50601 8528 7973 555 318 249 198 557 105 237 179 101 452 42073 2194 1567 1413 249 1164 154 627
internal_count=370156 59165 310991 149756 16629 133127 107 133020 21672 50601 8528 7973 555 318 249 198 557 105 237 179 101 452 42073 2194 1567 1413 249 1164 154 627
is_linear=0
shrinkage=0.05


Tree=94
num_leaves=31
num_cat=0
split_feature=10 3 1 8 10 6 10 11 3 3 3 10 9 3 3 9 11 3 2 8 9 10 11 11 3 1 1 10 11 10
split_gain=1.0528e+07 7.24019e+06 7.50955e+06 7.22408e+06 4.93835e+06 4.59781e+06 4.42302e+06 6.6482e+06 1.46415e+07 1.79163e+07 7.09269e+06 4.81017e+06 6.12041e+06 4.6088e+06 8.64323e+06 8.24855e+06 1.46797e+07 9.39811e+06 6.12064e+06 5.3746e+06 4.84314e+06 1.1065e+07 1.19509e+07 6.96588e+06 6.69703e+06 5.20197e+06 1.04564e+07 4.42594e+06 6.77303e+06 4.40966e+06
threshold=605.50000000000011 270.50000000000006 5.5000000000000009 2195.8535714285722 2955.1166666666672 3.5000000000000004 2872.6833333333338 35421.660000000011 114.50000000000001 43.500000000000007 101.50000000000001 3076.1000000000008 2422.4765000000002 68.500000000000014 53.500000000000007 2138.2523333333338 7101.8050000000012 63.500000000000007 1.0000000180025095e-35 1791.3400000000004 2194.8705000000004 2609.7166666666667 10903.300000000001 7354.6600000000008 26.500000000000004 3.5000000000000004 1.5000000000000002 2418.9166666666674 22071.445000000003 2720.4666666666672
decision_type=2 2 2 2 2 2 2 2 2 2 2 2 2 2 2 2 2 2 2 2 2 2 2 2 2 2 2 2 2 2
left_child=-1 2 3 6 -4 -3 13 8 9 -8 -9 12 -11 14 20 18 -17 -18 -16 -20 29 22 23 -22 -24 26 -23 -26 -29 -2
right_child=1 5 4 -5 -6 -7 7 10 -10 11 -12 -13 -14 -15 15 16 17 -19 19 -21 21 25 24 -25 27 -27 -28 28 -30 -31
leaf_value=-0.15664183238862453 0.45405021300612119 -1.1033866359122984 -0.44281704969678692 2.1972903437938158 -8.7435720583321626 -15.134216803211277 -19.443312397003176 6.5569014854897238 -24.922031184271273 15.800110942659096 26.747372212547521 21.956265351543689 -6.821238588403773 1.0861920311641524 -0.11049049436427028 10.20735073504823 -8.7016295248849538 -30.0211417788551 -2.9383835618744558 -16.080562997445828 7.8155836485801862 1.5076687139108642 32.73059437615531 -14.460859558412009 23.661720501366311 10.457549875736238 -24.080646533814686 -6.7718997659683229 18.654790971929376 7.3628047642278069
leaf_weight=284128 26438 5630 11559 8120 182 59 60 266 51 67 52 73 54 24831 5681 89 288 63 1517 82 94 109 56 56 59 50 63 50 55 233
leaf_count=284128 26438 5630 11559 8120 182 59 60 266 51 67 52 73 54 24831 5681 89 288 63 1517 82 94 109 56 56 59 50 63 50 55 233
internal_value=-0.00994068 0.474806 0.596928 0.79703 -0.571489 -1.2489 0.608898 4.80007 -0.473949 4.43492 9.85849 11.8199 5.70463 0.565244 0.195475 -1.28145 -7.92943 -12.5282 -0.879647 -3.61234 0.613692 5.08676 10.3817 -0.500955 17.8017 -3.73814 -7.8648 12.704 6.54684 0.514406
internal_weight=370115 85987 80298 68557 11741 5689 60437 623 305 254 318 194 121 59814 34983 7720 440 351 7280 1599 27263 592 370 150 220 222 172 164 105 26671
internal_count=370115 85987 80298 68557 11741 5689 60437 623 305 254 318 194 121 59814 34983 7720 440 351 7280 1599 27263 592 370 150 220 222 172 164 105 26671
is_linear=0
shrinkage=0.05


Tree=95
num_leaves=31
num_cat=0
split_feature=9 10 6 3 1 0 0 10 10 10 10 8 8 8 10 10 8 3 10 0 9 10 0 8 8 10 0 8 9 9
split_gain=1.26173e+07 8.94228e+06 5.02729e+06 5.03786e+06 4.94719e+06 4.73582e+06 1.50681e+07 8.42425e+06 7.82236e+06 9.73684e+06 7.23302e+06 7.321e+06 6.69844e+06 6.3412e+06 1.15259e+07 8.7923e+06 7.50665e+06 6.78127e+06 9.82063e+06 6.66688e+06 1.06364e+07 6.88601e+06 6.29282e+06 6.55324e+06 6.13948e+06 7.62075e+06 6.22794e+06 6.72664e+06 5.76905e+06 1.08838e+07
threshold=1841.156666666667 1766.3333333333335 3.5000000000000004 260.50000000000006 5.5000000000000009 22.500000000000004 15.500000000000002 1922.3833333333334 2324.1500000000001 2371.4500000000003 2282.6333333333337 2133.8221428571437 1791.3400000000004 1925.7600000000002 2609.7166666666667 2812.8500000000008 2537.0064285714293 109.50000000000001 2494.5000000000005 28.500000000000004 2041.4540000000004 2241.0833333333335 1.5000000000000002 3218.1678571428579 2024.3085714285717 2176.9166666666674 7.5000000000000009 1632.2000000000003 1998.7498333333335 2194.8705000000004
decision_type=2 2 2 2 2 2 2 2 2 2 2 2 2 2 2 2 2 2 2 2 2 2 2 2 2 2 2 2 2 2
left_child=2 -2 3 -1 -3 6 7 -6 10 -10 11 24 28 14 19 16 -15 18 -18 21 -21 -7 -14 -24 25 26 -9 -28 -11 -30
right_child=1 4 -4 -5 5 13 -8 8 9 12 -12 -13 22 15 -16 -17 17 -19 -20 20 -22 -23 23 -25 -26 -27 27 -29 29 -31
leaf_value=0.2502927928716579 12.334311363961962 1.5194461477896806 -0.22959758946242417 -0.75126087307971856 14.139175336788862 16.554153640453631 6.4197559026422368 -2.8760628988983434 15.040232774400222 -23.451698513984681 -19.851146880109262 4.5317045192252721 -12.5447593513288 -8.1637163600510814 20.944286403656008 -20.341074790168054 -17.937865784384989 17.946974244664926 11.312528305053711 -27.457556845925069 3.2334562877128867 -5.5460404557067084 4.1755996662316859 -14.687375190734864 -24.59861837648878 4.1028511764589419 -8.4778184330652646 -32.648558643628967 9.8134900012648245 -12.699463951038688
leaf_weight=131496 180 15622 205355 13881 78 65 769 109 97 50 94 151 76 354 65 97 55 61 60 55 58 77 582 50 51 121 63 53 83 152
leaf_count=131496 180 15622 205355 13881 78 65 769 109 97 50 94 151 76 354 65 97 55 61 60 55 58 77 582 50 51 121 63 53 83 152
internal_value=-0.00178715 1.2419 -0.0703237 0.154662 1.13762 -0.554042 0.556349 -1.93479 -2.65867 -0.0798648 -7.03703 -4.83899 -1.55685 -3.57801 2.14915 -6.50097 -3.96796 4.47122 -2.67679 -2.64177 -11.7046 4.57025 1.04863 2.68328 -8.40315 -6.01596 -11.4576 -19.5213 -8.02942 -4.74808
internal_weight=370060 19328 350732 145377 19148 3526 2579 1810 1732 1090 642 548 993 947 320 627 530 176 115 255 113 142 708 632 397 346 225 116 285 235
internal_count=370060 19328 350732 145377 19148 3526 2579 1810 1732 1090 642 548 993 947 320 627 530 176 115 255 113 142 708 632 397 346 225 116 285 235
is_linear=0
shrinkage=0.05


Tree=96
num_leaves=31
num_cat=0
split_feature=9 11 10 6 10 9 9 9 9 3 6 3 9 9 10 3 9 1 9 9 3 0 8 8 8 11 0 3 11 1
split_gain=1.37989e+07 4.85748e+06 5.49662e+06 7.1411e+06 6.07813e+06 6.33137e+06 5.914e+06 5.86673e+06 5.62814e+06 1.01179e+07 6.37991e+06 5.62677e+06 6.07027e+06 7.85214e+06 6.22392e+06 5.06453e+06 8.05512e+06 4.40036e+06 4.36716e+06 9.62754e+06 9.66647e+06 1.00135e+07 5.67834e+06 7.19843e+06 1.22376e+07 4.84991e+06 6.92142e+06 5.39853e+06 6.93739e+06 5.76075e+06
threshold=1235.1773333333335 31067.535000000003 2010.5333333333335 2.5000000000000004 2220.0000000000005 2138.2523333333338 2087.0383333333334 2041.4540000000004 1592.5745000000004 196.00000000000003 1.5000000000000002 50.500000000000007 1375.5241666666668 1307.0473333333337 1853.7000000000003 267.50000000000006 1592.5745000000004 3.5000000000000004 2087.0383333333334 2422.4765000000002 9.5000000000000018 17.500000000000004 3218.1678571428579 1925.7600000000002 1632.2000000000003 55972.670000000006 8.5000000000000018 51.500000000000007 42026.485000000008 5.5000000000000009
decision_type=2 2 2 2 2 2 2 2 2 2 2 2 2 2 2 2 2 2 2 2 2 2 2 2 2 2 2 2 2 2
left_child=-1 -2 8 4 5 7 -5 15 11 10 -10 12 13 -3 -15 16 -4 -11 -6 -20 21 -21 23 24 -22 27 -27 28 -25 -29
right_child=1 2 3 6 18 -7 -8 -9 9 17 -12 -13 -14 14 -16 -17 -18 -19 19 20 22 -23 -24 25 -26 26 -28 29 -30 -31
leaf_value=-0.1061428519832802 0.5489233811345573 5.825562038965761 2.1147384767036339 25.261314612050214 0.48565108132299539 20.682038074069553 2.5142188450075547 -11.839511495266322 -12.476382592244027 11.965598846190048 2.9756534722272088 -2.6056831649857357 6.9830454624307183 -1.9889536034589435 -19.692420631906263 -3.0599899057908493 10.505919794873758 -2.8681484963556736 5.476948690863793 -30.664041459326651 -6.0655627502792191 -2.3130864477157593 12.812622680055336 -3.1248701737477234 18.834725266799591 -22.866520562395454 -2.7017866630253833 0.2058655293412911 22.462302239735923 -16.658964571877132
leaf_weight=327289 32354 235 572 62 3795 63 53 53 312 101 85 631 549 177 69 165 572 99 1663 51 87 80 94 52 114 64 127 258 54 63
leaf_count=327289 32354 235 572 62 3795 63 53 53 312 101 85 631 549 177 69 165 572 99 1663 51 87 80 94 52 114 64 127 258 54 63
internal_value=0.00409717 0.849981 1.79565 2.40769 2.22823 5.18568 14.7779 4.46889 -0.384159 -4.54794 -9.16801 1.1124 3.39017 -0.710634 -6.95456 5.1292 6.31033 4.62289 1.58007 3.11436 -0.649029 -13.3505 1.17341 -0.162466 8.05699 -2.83578 -9.45856 0.126627 9.9101 -3.10405
internal_weight=369943 42654 10300 8042 7927 1425 115 1362 2258 597 397 1661 1030 481 246 1309 1144 200 6502 2707 1044 131 913 819 201 618 191 427 106 321
internal_count=369943 42654 10300 8042 7927 1425 115 1362 2258 597 397 1661 1030 481 246 1309 1144 200 6502 2707 1044 131 913 819 201 618 191 427 106 321
is_linear=0
shrinkage=0.05


Tree=97
num_leaves=31
num_cat=0
split_feature=10 6 6 10 3 3 4 9 6 7 8 11 6 8 3 3 8 9 9 11 10 11 9 9 11 1 9 4 10 9
split_gain=8.45654e+06 4.60884e+06 4.26756e+06 4.05912e+06 3.56272e+06 3.00233e+07 2.3844e+07 1.43947e+07 4.45645e+06 4.80703e+06 4.40077e+06 5.58731e+06 6.46559e+06 3.41251e+06 9.79576e+06 5.98036e+06 4.37689e+06 1.29123e+07 9.95702e+06 1.39413e+07 4.6246e+06 4.24078e+06 5.03442e+06 3.87376e+06 3.2682e+06 5.58207e+06 5.12917e+06 3.19732e+06 3.12329e+06 7.27018e+06
threshold=631.36666666666679 5.5000000000000009 1.5000000000000002 1468.116666666667 8.5000000000000018 7.5000000000000009 1.0000000180025095e-35 215.2775 3.5000000000000004 18.500000000000004 857.42928571428581 700.36500000000012 4.5000000000000009 3218.1678571428579 6.5000000000000009 14.500000000000002 1972.967142857143 1554.7928333333336 1804.4843333333336 23225.890000000003 2071.4333333333338 14253.120000000001 2041.4540000000004 2194.8705000000004 6050.4550000000008 3.5000000000000004 1196.8403333333333 1.0000000180025095e-35 1965.7166666666669 1734.5108333333335
decision_type=2 2 2 2 2 2 2 2 2 2 2 2 2 2 2 2 2 2 2 2 2 2 2 2 2 2 2 2 2 2
left_child=4 2 -2 -3 5 27 7 -7 -9 -10 11 -11 -13 15 -15 16 17 24 19 -18 -19 23 -23 -20 26 -26 -4 -1 -17 -30
right_child=1 3 13 -5 -6 6 -8 8 9 10 -12 12 -14 14 -16 28 18 20 21 -21 -22 22 -24 -25 25 -27 -28 -29 29 -31
leaf_value=-0.81768993032894088 0.30363744798463899 -3.1423818288400849 3.415581847685802 -19.18052929210663 -0.18507180581924901 1.953821630998678 -0.026110990865696113 23.813080462165502 19.888311875040483 15.504428704579674 15.770647050457981 16.241285973023146 -0.37236335013775118 -18.586338447166394 5.6036226733347005 0.47351794522745039 3.1803099520066205 13.517513928413392 7.2129960750832289 -27.856147726755296 33.427157539367677 24.795381330158197 4.7412311130099827 -11.120189910888673 1.7797352966201101 14.800961531499389 -12.881877566250887 0.57692398155579805 6.7302152749428075 1.0720470862431644
leaf_weight=9649 69508 187 395 50 269294 388 1014 92 167 150 253 78 235 79 89 7717 85 70 68 63 50 51 81 50 173 157 55 7159 726 2604
leaf_count=9649 69508 187 395 50 269294 388 1014 92 167 150 253 78 235 79 89 7717 85 70 68 63 50 51 81 50 173 157 55 7159 726 2604
internal_value=-0.0106558 0.436544 0.456662 -6.52596 -0.138172 0.520147 5.77985 10.0992 13.3406 12.2495 10.4678 7.57015 3.76778 1.30669 -5.77142 1.40302 4.61352 6.54431 0.247406 -10.0312 21.8132 6.33231 12.4894 -0.555303 4.19525 7.97468 1.42367 -0.223685 1.02579 2.30563
internal_weight=370737 82258 82021 237 288479 19185 2377 1363 975 883 716 463 313 12513 168 12345 1298 900 398 148 120 250 132 118 780 330 450 16808 11047 3330
internal_count=370737 82258 82021 237 288479 19185 2377 1363 975 883 716 463 313 12513 168 12345 1298 900 398 148 120 250 132 118 780 330 450 16808 11047 3330
is_linear=0
shrinkage=0.05


Tree=98
num_leaves=31
num_cat=0
split_feature=9 1 11 10 9 8 3 10 3 3 4 9 11 11 0 9 10 8 8 8 8 10 11 11 11 4 8 11 3 10
split_gain=8.61161e+06 4.2408e+06 6.17797e+06 7.64495e+06 4.47064e+06 4.86062e+06 4.10716e+06 7.34824e+06 3.98376e+06 1.88103e+07 2.54152e+07 1.07933e+07 8.47914e+06 6.51295e+06 7.22946e+06 5.46549e+06 5.05947e+06 4.87903e+06 5.10861e+06 4.84014e+06 4.71639e+06 6.15983e+06 4.35745e+06 4.2551e+06 7.89984e+06 3.68036e+06 3.50984e+06 3.35958e+06 6.85551e+06 3.62522e+06
threshold=1341.3198333333337 1.0000000180025095e-35 65821.285000000018 2324.1500000000001 1375.5241666666668 857.42928571428581 14.500000000000002 1965.7166666666669 7.5000000000000009 8.5000000000000018 1.0000000180025095e-35 170.3041666666667 32951.680000000008 4644.1250000000009 18.500000000000004 1121.5418333333334 1208.2000000000003 336.15500000000003 497.75500000000005 665.45428571428579 1593.7250000000001 643.16666666666686 784.61000000000013 3631.3200000000006 2513.8400000000006 1.0000000180025095e-35 839.72071428571439 55972.670000000006 36.500000000000007 2720.4666666666672
decision_type=2 2 2 2 2 2 2 2 2 2 2 2 2 2 2 2 2 2 2 2 2 2 2 2 2 2 2 2 2 2
left_child=6 2 4 -4 -2 -6 7 8 25 10 11 -10 20 14 23 16 -12 -16 -19 -15 21 -11 -20 24 -13 -1 -24 29 -29 -7
right_child=1 -3 3 -5 5 27 -8 -9 9 12 15 13 -14 19 17 -17 -18 18 22 -21 -22 -23 26 -25 -26 -27 -28 28 -30 -31
leaf_value=-0.77735851337650974 7.5713983074332889 0.9295217679188893 6.1501297336583045 -17.077319699320299 -10.431431341965995 -0.025014487777726125 -0.15377713054036973 -18.0328003777398 0.13117366910455713 -0.10686864816089059 -0.10198804411287199 2.7351878695134766 9.954007420768697 32.699930579574023 28.327526241878292 14.145367008447648 -14.417913961410523 1.2460700887792253 19.670884339786269 15.006613073015913 -10.206546332803342 3.071207134457977 2.2910282756971276 -6.4885646979014089 18.843061755963092 0.62336831469313958 17.147927292415073 19.834963381290436 -2.0845467604341965 -4.1874817527830599
leaf_weight=9602 178 32293 51 116 120 5015 293950 54 251 14417 1222 270 224 54 53 64 65 85 206 136 109 1705 92 66 106 9166 70 62 84 584
leaf_count=9602 178 32293 51 116 120 5015 293950 54 251 14417 1222 270 224 54 53 64 65 85 206 136 109 1705 92 66 106 9166 70 62 84 584
internal_value=-0.00843074 0.69941 -0.497206 -9.98391 -0.235038 -0.47196 -0.0905293 0.398507 0.424725 0.931192 4.76692 9.51609 0.292487 11.586 9.89264 -0.115833 -0.825015 13.9735 12.2941 20.0352 0.15915 0.229232 14.846 5.22086 7.27624 -0.0932653 8.71068 -0.263929 7.22374 -0.459178
internal_weight=370470 38503 6210 167 6043 5865 331967 38017 37963 19195 2740 1389 16455 1138 948 1351 1287 506 453 190 16231 16122 368 442 376 18768 162 5745 146 5599
internal_count=370470 38503 6210 167 6043 5865 331967 38017 37963 19195 2740 1389 16455 1138 948 1351 1287 506 453 190 16231 16122 368 442 376 18768 162 5745 146 5599
is_linear=0
shrinkage=0.05


Tree=99
num_leaves=31
num_cat=0
split_feature=9 9 10 10 0 1 10 3 3 10 0 0 0 0 1 1 3 10 11 11 9 0 9 10 10 11 3 3 11 3
split_gain=1.00374e+07 5.18649e+06 7.91062e+06 9.49086e+06 8.18131e+06 5.96123e+06 5.84847e+06 5.31699e+06 9.03924e+06 5.45333e+06 4.99072e+06 5.19907e+06 6.37864e+06 8.99369e+06 7.77641e+06 5.67395e+06 1.08602e+07 5.64324e+06 5.53626e+06 6.48946e+06 5.26497e+06 4.91659e+06 5.71201e+06 7.75106e+06 8.02665e+06 8.31362e+06 7.49934e+06 7.27955e+06 6.15863e+06 8.49176e+06
threshold=1375.5241666666668 2530.8520000000003 2548.1500000000001 2519.2500000000005 3.5000000000000004 1.0000000180025095e-35 2469.5833333333335 29.500000000000004 255.50000000000003 2303.4000000000005 9.5000000000000018 16.500000000000004 21.500000000000004 22.500000000000004 5.5000000000000009 4.5000000000000009 14.500000000000002 2812.8500000000008 9526.4100000000017 6599.3550000000005 2703.9491666666668 5.5000000000000009 2041.4540000000004 2241.0833333333335 2762.7666666666669 25929.405000000002 106.50000000000001 16.500000000000004 5744.1100000000015 74.500000000000014
decision_type=2 2 2 2 2 2 2 2 2 2 2 2 2 2 2 2 2 2 2 2 2 2 2 2 2 2 2 2 2 2
left_child=-1 5 3 4 -3 -2 7 -6 9 -9 -4 15 17 -14 18 16 -12 -13 19 -15 -19 22 27 28 26 -26 -25 -7 -24 -30
right_child=1 2 10 -5 6 21 -8 8 -10 -11 11 12 13 14 -16 -17 -18 20 -20 -21 -22 -23 23 24 25 -27 -28 -29 29 -31
leaf_value=-0.076493857266625734 -0.91380160074313843 23.282787680221816 -1.8190823119829647 26.245320872276167 18.064964726130167 -8.7012007265842612 -8.4857976189578874 10.786231542516639 18.850645909164893 -8.0142108461591928 32.543416708487051 3.8524827604492509 19.32027531553198 5.2666677079038564 -7.7076403209962043 1.004280752948161 7.2740632002353669 -23.649672051479943 7.9718454600028368 -16.698648854305869 -4.4655998120705283 1.1898157776012395 -8.8540813446044933 -4.5314184259540813 13.329721748141143 -4.6377293857597044 -15.241794925775284 1.067475268141618 0.055557816159235288 25.330773550565127
leaf_weight=333302 5316 59 728 65 75 203 83 54 66 135 54 96 81 82 166 178 200 57 368 57 96 24409 51 542 104 169 234 3150 73 61
leaf_count=333302 5316 59 728 65 75 203 83 54 66 135 54 96 81 82 166 178 200 57 368 57 96 24409 51 542 104 169 234 3150 73 61
internal_value=0.0102519 0.791419 2.90139 8.33308 5.86635 0.625386 3.37829 6.36228 2.92032 -2.64266 1.55289 3.26354 1.2884 3.57978 1.68531 7.84935 12.6463 -5.65016 4.76072 -3.74069 -11.6126 0.907573 -0.594335 -3.50277 -5.16692 2.20701 -7.76109 0.476052 5.93338 11.5614
internal_weight=370314 37012 2700 537 472 34312 413 330 255 189 2163 1435 1003 754 673 432 254 249 507 139 153 28996 4587 1234 1049 273 776 3353 185 134
internal_count=370314 37012 2700 537 472 34312 413 330 255 189 2163 1435 1003 754 673 432 254 249 507 139 153 28996 4587 1234 1049 273 776 3353 185 134
is_linear=0
shrinkage=0.05


Tree=100
num_leaves=31
num_cat=0
split_feature=10 3 3 3 0 0 10 3 0 10 9 10 10 8 9 1 10 10 8 9 10 8 0 1 8 9 8 8 10 10
split_gain=6.86029e+06 4.02397e+06 4.58278e+06 7.78472e+06 7.55196e+06 9.95762e+06 8.72165e+06 6.04457e+06 1.34708e+07 9.07706e+06 8.99173e+06 1.22232e+07 6.19392e+06 1.05835e+07 1.06848e+07 8.47831e+06 5.87799e+06 5.83288e+06 5.3734e+06 5.16943e+06 7.61993e+06 5.95285e+06 7.03122e+06 6.83713e+06 5.6154e+06 5.50377e+06 4.87614e+06 6.82062e+06 7.72671e+06 5.32143e+06
threshold=615.83333333333337 260.50000000000006 68.500000000000014 53.500000000000007 25.500000000000004 10.500000000000002 3076.1000000000008 62.500000000000007 19.500000000000004 3076.1000000000008 1412.969166666667 2720.4666666666672 2609.7166666666667 2195.8535714285722 2087.0383333333334 2.5000000000000004 2324.1500000000001 1945.2500000000002 1355.9100000000001 1697.2931666666666 2577.1000000000004 1593.7250000000001 4.5000000000000009 4.5000000000000009 2195.8535714285722 1630.4328333333335 1834.1171428571431 2078.5514285714294 2418.9166666666674 2680.8833333333337
decision_type=2 2 2 2 2 2 2 2 2 2 2 2 2 2 2 2 2 2 2 2 2 2 2 2 2 2 2 2 2 2
left_child=-1 2 3 -2 5 -5 26 10 12 18 17 -12 13 14 16 -14 -9 -7 -10 20 24 22 23 -21 -4 -26 -6 28 -28 -29
right_child=1 -3 19 4 6 7 -8 8 9 -11 11 -13 15 -15 -16 -17 -18 -19 -20 21 -22 -23 -24 -25 25 -27 27 29 -30 -31
leaf_value=-0.13142480226970768 0.54115256408119972 -0.64646901950716196 0.74182381141241349 -4.9303390742210444 -3.326616787661802 0.38685458078557988 9.6273180899948922 1.6378612487066719 -1.7832680245677714 10.983035009557552 6.6280952277134224 -14.212762569427491 -20.936065177356497 15.942741634389932 -17.251919083399315 5.0859805731937806 15.173187947681264 -14.511492123323329 -6.9750473332410738 4.6322596070835891 -16.603201170265674 1.5041923458266298 6.8964514323409878 -15.063789335473793 -17.920542609393596 1.4272544236744151 -8.9414162866771232 2.6538069421052932 -33.5570083597921 -13.186036131005537
leaf_weight=285968 36777 8553 21478 1037 1618 1940 116 1778 943 99 1136 75 68 136 73 58 84 68 1057 103 64 5493 1058 77 80 68 80 120 53 95
leaf_count=285968 36777 8553 21478 1037 1618 1940 116 1778 943 99 1136 75 68 136 73 58 84 68 1057 103 64 5493 1058 77 80 68 80 120 53 95
internal_value=-0.0145268 0.381623 0.49758 0.196634 -0.99486 -0.337417 -3.69536 0.296363 -0.931123 -3.79558 1.93454 5.33737 1.80556 2.4604 1.5128 -8.95766 2.24848 -0.117671 -4.52712 0.999609 0.62396 2.2101 5.34221 -3.79327 0.674942 -9.03101 -4.48144 -9.85072 -18.7506 -4.34519
internal_weight=370353 84385 75832 47411 10634 8552 2082 7515 4296 2099 3219 1211 2197 2071 1935 126 1862 2008 2000 28421 21690 6731 1238 180 21626 148 1966 348 133 215
internal_count=370353 84385 75832 47411 10634 8552 2082 7515 4296 2099 3219 1211 2197 2071 1935 126 1862 2008 2000 28421 21690 6731 1238 180 21626 148 1966 348 133 215
is_linear=0
shrinkage=0.05


Tree=101
num_leaves=31
num_cat=0
split_feature=4 8 10 3 11 0 10 10 10 11 8 0 3 3 9 11 8 9 8 0 11 8 3 3 8 10 0 3 1 8
split_gain=5.97197e+06 4.75611e+06 4.16432e+06 3.98034e+06 5.37985e+06 6.21544e+06 1.41724e+07 6.56652e+06 4.85398e+06 3.83443e+06 7.75124e+06 6.47419e+06 3.00122e+06 4.11515e+06 5.9058e+06 4.30635e+06 9.04527e+06 8.34337e+06 6.02838e+06 6.95444e+06 5.30186e+06 8.32196e+06 4.93043e+06 1.93388e+07 1.36394e+07 7.6022e+06 6.58628e+06 6.34898e+06 5.22121e+06 7.76994e+06
threshold=1.0000000180025095e-35 1.0000000180025095e-35 273.50000000000006 14.500000000000002 65821.285000000018 16.500000000000004 2494.5000000000005 2469.5833333333335 2762.7666666666669 55972.670000000006 2693.3414285714293 18.500000000000004 261.50000000000006 68.500000000000014 1412.969166666667 10301.915000000003 1483.5285714285715 2422.4765000000002 2693.3414285714293 19.500000000000004 2317.0250000000005 1418.4021428571432 112.50000000000001 111.50000000000001 2899.4528571428577 1900.7500000000002 2.5000000000000004 131.50000000000003 3.5000000000000004 1117.6485714285716
decision_type=2 2 2 2 2 2 2 2 2 2 2 2 2 2 2 2 2 2 2 2 2 2 2 2 2 2 2 2 2 2
left_child=-1 2 -2 4 9 6 -6 -7 -9 -3 11 -11 13 -5 -15 16 20 18 -18 -20 -16 -22 23 24 -17 27 -27 -24 -28 -30
right_child=1 3 -4 12 5 7 -8 8 -10 10 -12 -13 -14 14 15 22 17 -19 19 -21 21 -23 25 -25 -26 26 28 -29 29 -31
leaf_value=-0.23646740263636856 -0.45268231287971261 0.85846657837837204 -3.9456790868593523 -0.00072860847280336867 -2.1443354475731944 12.959881502312498 33.988851116443506 -17.506246528625489 4.3126381901594311 8.4436483507571012 -22.035560559792955 -11.574521163105965 -0.43862180101655168 0.31921183202615966 -6.8118266503538756 1.0036364977567889 1.5608759704356394 13.651392089794664 -17.806325188587451 5.5937231330871588 6.5506410359124008 20.752811480426789 -16.393069418026851 23.652826333754135 16.706307904453546 -9.036512263437336 -0.91507622709923975 -2.0376865486619335 22.515328885041754 2.6759478569522859
leaf_weight=166301 15795 20830 902 82739 51 77 58 50 52 92 55 72 18778 53797 57 4198 2088 136 87 50 590 125 130 101 143 178 1556 189 52 969
leaf_count=166301 15795 20830 902 82739 51 77 58 50 52 92 55 72 18778 53797 57 4198 2088 136 87 50 590 125 130 101 143 178 1556 189 52 969
internal_value=-0.0140763 0.16722 -0.64138 0.239303 0.882139 7.66961 17.0825 1.93774 -6.38289 0.78927 -5.79226 -0.344816 0.156657 0.232603 0.532166 1.60798 3.16532 1.62907 0.894222 -9.26616 7.86361 9.03354 0.95881 2.02413 1.52091 -0.580608 0.265493 -7.88784 0.908006 3.68638
internal_weight=370298 203997 16697 187300 21337 288 109 179 102 21049 219 164 165963 147185 64446 10649 3133 2361 2225 137 772 715 7516 4442 4341 3074 2755 319 2577 1021
internal_count=370298 203997 16697 187300 21337 288 109 179 102 21049 219 164 165963 147185 64446 10649 3133 2361 2225 137 772 715 7516 4442 4341 3074 2755 319 2577 1021
is_linear=0
shrinkage=0.05


Tree=102
num_leaves=31
num_cat=0
split_feature=9 10 3 10 3 3 8 0 3 9 9 10 3 0 10 10 0 3 8 8 3 8 8 11 9 11 11 11 1 3
split_gain=6.17743e+06 6.69865e+06 5.54284e+06 8.14631e+06 3.71434e+06 3.85296e+06 5.71896e+06 8.0374e+06 6.36676e+06 5.43101e+06 4.3117e+06 1.29194e+07 4.93206e+06 4.29369e+06 6.94295e+06 4.2311e+06 4.42467e+06 7.76647e+06 7.34869e+06 7.5834e+06 8.62483e+06 7.13302e+06 1.28099e+07 6.86055e+06 6.30616e+06 6.09552e+06 5.61986e+06 7.96621e+06 6.75433e+06 5.34798e+06
threshold=1412.969166666667 2241.0833333333335 90.500000000000014 2324.1500000000001 272.50000000000006 88.500000000000014 1174.069285714286 12.500000000000002 87.500000000000014 2087.0383333333334 1841.156666666667 2111.3500000000008 39.500000000000007 20.500000000000004 2371.4500000000003 2872.6833333333338 22.500000000000004 56.500000000000007 2899.4528571428577 1834.1171428571431 80.500000000000014 2195.8535714285722 2340.6650000000004 29214.375000000004 1630.4328333333335 12198.740000000002 10595.725000000002 9286.6000000000022 2.5000000000000004 29.500000000000004
decision_type=2 2 2 2 2 2 2 2 2 2 2 2 2 2 2 2 2 2 2 2 2 2 2 2 2 2 2 2 2 2
left_child=1 -1 3 -3 5 6 7 -2 15 -10 11 12 -9 -12 -15 16 -8 25 19 20 -19 24 -23 -22 -21 26 27 -18 -29 -27
right_child=4 2 -4 -5 -6 -7 8 10 9 -11 13 -13 -14 14 -16 -17 17 18 -20 21 23 22 -24 -25 -26 29 -28 28 -30 -31
leaf_value=-0.063526255644448498 -6.5027225596637566 -29.03556595095273 2.4221000512441 -4.7305950746816752 -1.1164268917292883 1.5985464202103166 0.97390812767603918 8.8900449279676454 -17.783679733719936 2.8101096620746691 -4.1684760423806999 -14.657507602373759 -1.195059128626724 1.0058319250742593 25.059501808484399 3.2101625565477869 4.5581638591723772 -3.4570563363449653 12.602343229989749 3.0303912009721921 8.841142698815494 9.918319175197821 -7.294141492848782 -10.990218585145241 -11.947081636349809 -3.0415850420015142 12.159168897050151 3.2881950055635891 -18.732841885884604 1.699809371391555
leaf_weight=334553 696 58 72 85 2830 9861 14159 193 86 51 52 138 326 60 60 1552 699 782 74 81 301 157 347 51 531 1124 178 65 75 1263
leaf_count=334553 696 58 72 85 2830 9861 14159 193 86 51 52 138 326 60 60 1552 699 782 74 81 301 157 347 51 531 1124 178 65 75 1263
internal_value=-0.00244396 -0.0691962 -8.89196 -14.5886 0.6219 0.771146 0.417958 -2.54117 0.627111 -10.1174 0.784816 -1.06019 2.55528 7.83232 13.0327 0.69577 0.499545 -0.67303 -2.90124 -3.41114 -0.531513 -6.33721 -1.93232 5.96785 -9.96477 0.84823 4.08973 2.37774 -8.50879 -0.532837
internal_weight=370560 334768 215 143 35792 32962 23101 1525 21576 137 829 657 519 172 120 21439 19887 5728 2324 2250 1134 1116 504 352 612 3404 1017 839 140 2387
internal_count=370560 334768 215 143 35792 32962 23101 1525 21576 137 829 657 519 172 120 21439 19887 5728 2324 2250 1134 1116 504 352 612 3404 1017 839 140 2387
is_linear=0
shrinkage=0.05


Tree=103
num_leaves=31
num_cat=0
split_feature=11 0 1 8 0 0 8 9 10 10 10 0 9 8 9 0 10 9 10 10 10 9 10 9 8 1 8 1 9 8
split_gain=8.04164e+06 6.47698e+06 5.33812e+06 8.17384e+06 6.49493e+06 6.70964e+06 7.25385e+06 6.61618e+06 8.60027e+06 6.92452e+06 5.88823e+06 5.68343e+06 6.65157e+06 6.40524e+06 5.4298e+06 5.02551e+06 7.37499e+06 4.83433e+06 4.82974e+06 5.19208e+06 6.6842e+06 8.35856e+06 6.02477e+06 1.31375e+07 4.80203e+06 4.56754e+06 4.3491e+06 4.54752e+06 4.31185e+06 4.15976e+06
threshold=31067.535000000003 3.5000000000000004 5.5000000000000009 2266.1771428571433 17.500000000000004 12.500000000000002 1326.9885714285717 2336.8835000000004 2720.4666666666672 2872.6833333333338 3076.1000000000008 7.5000000000000009 1768.4196666666669 1632.2000000000003 2422.4765000000002 11.500000000000002 2720.4666666666672 1630.4328333333335 1745.4833333333336 2282.6333333333337 1987.5500000000002 1446.3833333333334 2494.5000000000005 1804.4843333333336 1418.4021428571432 1.0000000180025095e-35 2133.8221428571437 2.5000000000000004 1665.0946666666666 1518.4428571428573
decision_type=2 2 2 2 2 2 2 2 2 2 2 2 2 2 2 2 2 2 2 2 2 2 2 2 2 2 2 2 2 2
left_child=-1 -2 4 11 5 15 -7 9 -9 18 25 -4 13 17 -12 29 26 -13 -8 20 21 -20 -21 -24 -14 -6 27 -17 -15 -3
right_child=1 2 3 -5 10 6 7 8 -10 -11 14 12 24 28 -16 16 -18 -19 19 22 -22 -23 23 -25 -26 -27 -28 -29 -30 -31
leaf_value=-0.042107942553881957 -2.1910800236790733 0.7969219167014806 -7.2378234658241274 -8.3189463907460954 -3.1668628608552165 1.0578833403542778 -4.2516343973685009 -17.642924014727274 7.1192941093444837 25.478939546644689 22.832804057472632 -1.0922385596475113 -5.0215758789791156 -3.1848883496798006 2.4749719396814123 5.7441563647004621 -21.152862583673919 12.280546688422179 17.198538891226054 -0.19947432075228011 19.380934681397463 -9.1284441973033719 29.507222349113889 5.2788798142239397 7.5670734203166248 1.1365395405101855 11.67719443973742 -9.2791215945705243 -22.114589871679033 4.6165225481275689
leaf_weight=357328 1257 1462 200 309 721 535 69 54 100 64 57 506 89 65 77 79 52 78 64 210 224 57 72 251 509 4258 57 139 56 1391
leaf_count=357328 1257 1462 200 309 721 535 69 54 100 64 57 506 89 65 77 79 52 78 64 210 224 57 72 251 509 4258 57 139 56 1391
internal_value=0.00243554 1.22098 1.5843 -0.912596 2.03705 3.34183 5.87754 8.09085 -1.56356 9.56146 0.791731 0.610067 1.81465 -1.4755 11.1346 1.98627 -3.88489 0.693853 8.48572 9.48672 14.2658 4.79657 6.3933 10.6796 5.69351 0.513372 -0.619671 -3.83491 -11.9457 2.65919
internal_weight=370390 13062 11805 1812 9993 4880 1700 1165 154 1011 5113 1503 1303 705 134 3180 327 584 947 878 345 121 533 323 598 4979 275 218 121 2853
internal_count=370390 13062 11805 1812 9993 4880 1700 1165 154 1011 5113 1503 1303 705 134 3180 327 584 947 878 345 121 533 323 598 4979 275 218 121 2853
is_linear=0
shrinkage=0.05


Tree=104
num_leaves=31
num_cat=0
split_feature=10 3 3 10 1 8 9 9 10 10 10 1 11 11 9 10 11 1 8 11 9 8 9 8 10 10 1 11 11 3
split_gain=5.92453e+06 4.39385e+06 4.55068e+06 3.85041e+06 8.52546e+06 6.66185e+06 1.7837e+07 7.8258e+06 4.35924e+06 5.55489e+06 7.54183e+06 5.75132e+06 9.03745e+06 4.81068e+06 3.39255e+06 6.19423e+06 1.07793e+07 1.05988e+07 1.17141e+07 8.02931e+06 7.4869e+06 8.78495e+06 5.88554e+06 5.3924e+06 1.27915e+07 9.44606e+06 9.11526e+06 5.44561e+06 1.07635e+07 9.18027e+06
threshold=526.50000000000011 14.500000000000002 11.500000000000002 2324.1500000000001 4.5000000000000009 2537.0064285714293 2041.4540000000004 1804.4843333333336 2261.6500000000001 2198.5166666666669 2010.5333333333335 3.5000000000000004 21033.945000000003 4644.1250000000009 2087.0383333333334 2220.0000000000005 6970.795000000001 4.5000000000000009 2430.840714285715 21033.945000000003 1917.6366666666668 2133.8221428571437 1957.9808333333337 3218.1678571428579 2609.7166666666667 2548.1500000000001 5.5000000000000009 9526.4100000000017 13348.465000000002 5.5000000000000009
decision_type=2 2 2 2 2 2 2 2 2 2 2 2 2 2 2 2 2 2 2 2 2 2 2 2 2 2 2 2 2 2
left_child=-1 2 14 8 5 6 7 -5 9 10 13 -12 -13 -4 15 -2 -17 18 19 -18 21 -21 -20 24 25 26 -16 29 -29 -25
right_child=1 -3 3 4 -6 -7 -8 -9 -10 -11 11 12 -14 -15 23 16 17 -19 22 20 -22 -23 -24 27 -26 -27 -28 28 -30 -31
leaf_value=-0.11866559526874432 0.72743727134097957 0.21329785608959964 0.49584230566252663 5.0563439724492092 19.327678587373381 -12.64230566371571 -15.695557722611861 32.016575709560463 -11.256663306135881 17.751098716656369 4.8224087911938867 -27.524299837350846 0.034790420532226564 5.6537022231250909 6.9707924793561311 -26.730843963623045 10.507754206207565 -14.579392355466062 0.65740870139033536 8.5330635883769048 -27.620327588228079 -17.984879385307433 17.379718337680981 0.35233192112134853 12.569508893734788 -14.902735583093904 -9.3978785634040829 20.548346450398952 -0.98858460534977022 -23.273405115306378
leaf_weight=271396 6714 87399 837 51 113 55 55 57 57 60 63 60 59 983 375 50 53 139 97 61 52 64 115 115 365 84 110 68 395 64
leaf_count=271396 6714 87399 837 51 113 55 55 57 57 60 63 60 59 983 375 50 53 139 97 61 52 64 115 115 365 84 110 68 395 64
internal_value=0.00200725 0.333587 1.25814 3.16682 8.18207 2.40475 7.48198 19.2854 2.38341 2.76047 2.3112 -7.39337 -13.8605 3.28165 0.733959 0.282302 -4.45405 -2.53694 1.25017 -6.56462 -11.6767 -5.04412 9.72847 2.83892 5.26373 0.577242 3.25831 -0.688759 2.17451 -8.09486
internal_weight=370166 98770 11371 2450 331 218 163 108 2119 2062 2002 182 119 1820 8921 7345 631 581 442 230 177 125 212 1576 934 569 485 642 463 179
internal_count=370166 98770 11371 2450 331 218 163 108 2119 2062 2002 182 119 1820 8921 7345 631 581 442 230 177 125 212 1576 934 569 485 642 463 179
is_linear=0
shrinkage=0.05


Tree=105
num_leaves=31
num_cat=0
split_feature=9 3 10 9 10 10 0 0 4 8 10 10 0 8 10 1 0 3 0 9 0 3 3 8 0 1 1 10 1 8
split_gain=6.85927e+06 6.38919e+06 7.44642e+06 4.79513e+06 7.18808e+06 6.39958e+06 7.09174e+06 1.10835e+07 4.77398e+06 4.19431e+06 4.02255e+06 3.63671e+06 6.7807e+06 4.69936e+06 4.0583e+06 4.84808e+06 3.89292e+06 3.51342e+06 3.16271e+06 3.15974e+06 3.42522e+06 4.5114e+06 4.65007e+06 2.86667e+06 7.64828e+06 5.53881e+06 3.56035e+06 1.01799e+07 8.91897e+06 6.67399e+06
threshold=2530.8520000000003 39.500000000000007 2418.9166666666674 2703.9491666666668 2812.8500000000008 2609.7166666666667 21.500000000000004 14.500000000000002 1.0000000180025095e-35 1.0000000180025095e-35 273.50000000000006 2641.9333333333338 17.500000000000004 2195.8535714285722 2494.5000000000005 2.5000000000000004 6.5000000000000009 283.50000000000006 8.5000000000000018 2422.4765000000002 5.5000000000000009 134.50000000000003 51.500000000000007 1925.7600000000002 6.5000000000000009 3.5000000000000004 2.5000000000000004 2955.1166666666672 1.0000000180025095e-35 2266.1771428571433
decision_type=2 2 2 2 2 2 2 2 2 2 2 2 2 2 2 2 2 2 2 2 2 2 2 2 2 2 2 2 2 2
left_child=8 2 -2 5 -5 -4 7 -7 -1 10 -10 12 14 -14 16 -16 -3 23 19 -11 21 22 -21 24 -13 -26 28 -28 29 -25
right_child=1 11 3 4 -6 6 -8 -9 9 18 -12 17 13 -15 15 -17 -18 -19 -20 20 -22 -23 -24 26 25 -27 27 -29 -30 -31
leaf_value=-0.20751175146563941 21.289344866064532 11.194337693746988 -3.3789254098325161 9.6528283509341151 -7.1747259346644086 22.912889341207652 27.020068505231077 -4.7313177155285349 -0.42141731500289581 -0.088001437341306221 -3.8713385504978102 -8.075614887873332 -12.524830367867377 2.5410312295584156 23.07354545820327 6.6254412536819771 -4.7049476688558407 8.9541851920310886 0.34707786326194096 -6.959609476257774 -12.071987771987915 -12.082969041466713 10.09341319052829 -20.290162820983355 1.1978790910347648 18.743924026055769 -10.474521475160739 2.227731808892178 8.3482605214794301 -0.79465150333823964
leaf_weight=166578 79 77 74 110 150 65 68 82 15698 48534 893 90 71 191 84 96 77 99 135688 68 112 70 97 57 92 88 329 303 233 191
leaf_count=166578 79 77 74 110 150 65 68 82 15698 48534 893 90 71 191 84 96 77 99 135688 68 112 70 97 57 92 88 329 303 233 191
internal_value=0.00891617 2.51706 6.93655 4.87121 -0.055376 9.30344 13.6685 7.49231 -0.00954003 0.154398 -0.607107 1.18143 4.47983 -1.5417 9.2033 14.3012 3.2447 -0.145046 0.22285 -0.121993 -4.87626 -1.44681 3.0655 -0.796401 3.82543 9.77595 -1.9176 -4.38468 1.32396 -5.27547
internal_weight=370444 2706 628 549 260 289 215 147 367738 201160 16591 2078 596 262 334 180 154 1482 184569 48881 347 235 165 1383 270 180 1113 632 481 248
internal_count=370444 2706 628 549 260 289 215 147 367738 201160 16591 2078 596 262 334 180 154 1482 184569 48881 347 235 165 1383 270 180 1113 632 481 248
is_linear=0
shrinkage=0.05


Tree=106
num_leaves=31
num_cat=0
split_feature=9 11 10 6 11 1 0 10 0 10 6 1 11 0 11 11 3 10 0 6 9 0 1 3 6 9 0 9 11 0
split_gain=6.37708e+06 3.89385e+06 6.41031e+06 4.9483e+06 4.89592e+06 9.49614e+06 6.63708e+06 6.52593e+06 4.7297e+06 5.59589e+06 4.35015e+06 3.18613e+06 9.74823e+06 6.51724e+06 6.16508e+06 5.75067e+06 8.38894e+06 1.10586e+07 6.96211e+06 6.87517e+06 6.08197e+06 5.81852e+06 4.3197e+06 4.35558e+06 4.22561e+06 4.32946e+06 5.84414e+06 3.35255e+06 3.26403e+06 1.17492e+07
threshold=1121.5418333333334 4063.9550000000004 2812.8500000000008 5.5000000000000009 3815.8050000000007 3.5000000000000004 10.500000000000002 2090.7166666666667 7.5000000000000009 2577.1000000000004 2.5000000000000004 1.0000000180025095e-35 65821.285000000018 12.500000000000002 4269.5250000000005 65821.285000000018 14.500000000000002 2548.1500000000001 15.500000000000002 1.5000000000000002 1734.5108333333335 23.500000000000004 4.5000000000000009 52.500000000000007 1.5000000000000002 2087.0383333333334 18.500000000000004 1554.7928333333336 55972.670000000006 12.500000000000002
decision_type=2 2 2 2 2 2 2 2 2 2 2 2 2 2 2 2 2 2 2 2 2 2 2 2 2 2 2 2 2 2
left_child=-1 2 4 11 8 6 -6 -8 10 -10 -2 12 14 -14 -3 28 18 19 -17 21 -20 22 27 -24 -16 -26 -27 -18 -13 -30
right_child=1 3 -4 -5 5 -7 7 -9 9 -11 -12 15 13 -15 24 16 17 -19 20 -21 -22 -23 23 -25 25 26 -28 -29 29 -31
leaf_value=-0.073457627230030118 6.3561909462873025 -14.706927720161335 17.121955112901386 -13.472505415789783 -10.008369874954225 21.151162828937657 1.5194615798611795 22.62202095251817 0.71269545329176121 -11.916161962655876 -9.0219510383605961 0.5907447952100412 -25.562688999176029 -5.2942629500332039 -0.62674910521407678 25.257526018848161 6.1919297885635629 -3.9204763952509634 -7.8438501033782959 20.151348818540573 13.072050161633577 -3.1470133443615018 10.785084087665265 -7.1282572548154377 0.64618322259953453 14.131134886237291 -0.33358033645052876 19.417507036209109 -8.3526188058790822 1.8066121256677743
leaf_weight=323223 573 73 70 64 75 93 124 52 2431 91 50 34385 60 117 5207 73 92 448 50 80 114 170 65 71 576 169 119 100 459 749
leaf_count=323223 573 73 70 64 75 93 124 52 2431 91 50 34385 60 117 5207 73 92 448 50 80 114 170 65 71 576 169 119 100 459 749
internal_value=0.00552622 0.551026 2.14075 0.420182 1.84018 7.50346 2.44674 7.75431 1.22073 0.257015 5.12199 0.440775 -0.596363 -12.1649 -0.263089 0.61865 3.9342 1.97571 12.4127 6.54576 6.69525 4.36012 8.25101 1.43327 -0.0894112 3.14892 8.15439 13.0803 0.500999 -2.05356
internal_weight=370023 46800 3559 43241 3489 344 251 176 3145 2522 623 43177 6321 177 6144 36856 1263 1026 237 578 164 498 328 136 6071 864 288 192 35593 1208
internal_count=370023 46800 3559 43241 3489 344 251 176 3145 2522 623 43177 6321 177 6144 36856 1263 1026 237 578 164 498 328 136 6071 864 288 192 35593 1208
is_linear=0
shrinkage=0.05


Tree=107
num_leaves=31
num_cat=0
split_feature=9 4 8 3 6 9 3 8 8 11 0 1 3 3 11 9 0 8 10 1 11 3 0 10 9 11 9 1 0 0
split_gain=4.79033e+06 3.58702e+06 3.55696e+06 1.27514e+07 8.4433e+06 5.30515e+06 6.53044e+06 4.20492e+06 3.9561e+06 6.4754e+06 9.87396e+06 9.55816e+06 1.06741e+07 5.93071e+06 4.54158e+06 9.02303e+06 8.16503e+06 9.12586e+06 7.37212e+06 1.06807e+07 7.96751e+06 6.70892e+06 8.81188e+06 8.67206e+06 6.53826e+06 5.71781e+06 7.30171e+06 4.80535e+06 5.23574e+06 5.88033e+06
threshold=2194.8705000000004 1.0000000180025095e-35 1387.0700000000002 274.50000000000006 1.5000000000000002 2336.8835000000004 267.50000000000006 1174.069285714286 2266.1771428571433 55972.670000000006 8.5000000000000018 1.5000000000000002 44.500000000000007 2.5000000000000004 6599.3550000000005 2530.8520000000003 27.500000000000004 3218.1678571428579 2680.8833333333337 5.5000000000000009 14742.730000000001 110.50000000000001 21.500000000000004 2609.7166666666667 2336.8835000000004 4493.2300000000005 2703.9491666666668 1.0000000180025095e-35 21.500000000000004 10.500000000000002
decision_type=2 2 2 2 2 2 2 2 2 2 2 2 2 2 2 2 2 2 2 2 2 2 2 2 2 2 2 2 2 2
left_child=1 -1 3 4 5 7 -7 -2 -4 13 -11 -12 -13 -10 15 21 -16 18 20 -20 -18 23 -23 27 -22 -17 -27 -15 29 -29
right_child=2 -3 8 -5 -6 6 -8 -9 9 10 11 12 -14 14 16 25 17 -19 19 -21 24 22 -24 -25 -26 26 -28 28 -30 -31
leaf_value=-0.20129238402455454 7.3701712701834881 0.11475600719370367 2.8093770732120862 14.734056796303278 9.9330350373920648 -25.394991591572762 -3.3943737635245692 -11.04696214078348 8.1619637876639874 -23.047517765432165 15.737879904905956 -20.634450274422058 2.6047396953900659 2.9400958597660067 2.2631888124298172 10.399580051052956 -13.873789241716461 8.7928386179768321 -7.839603059942073 -34.412002074043706 -6.6025750637054443 -11.290550035996873 16.644425301099645 -28.806627748723617 17.528601409308614 9.1286305172102793 -15.504766615354098 -18.97713536316494 -23.752104614992614 2.4969040560722355
leaf_weight=166161 51 195297 3106 79 57 96 52 79 273 69 60 84 120 80 3013 155 77 98 132 53 50 55 58 57 64 56 65 53 61 80
leaf_count=166161 51 195297 3106 79 57 96 52 79 273 69 60 84 120 80 3013 155 77 98 132 53 50 55 58 57 64 56 65 53 61 80
internal_value=-0.00320622 -0.0305304 1.18202 -3.33595 -7.59724 -11.1916 -17.665 -3.82178 1.41822 0.520459 -6.2064 -1.80474 -6.96434 1.02047 0.557044 -3.05828 1.30354 -4.79651 -8.33841 -15.4522 -1.44806 -7.47137 3.04776 -11.0625 6.94475 4.04104 -4.10419 -7.37119 -11.6233 -6.06042
internal_weight=369791 361458 8333 414 335 278 148 130 7919 4813 333 264 204 4480 4207 720 3487 474 376 185 191 444 113 331 114 276 121 274 194 133
internal_count=369791 361458 8333 414 335 278 148 130 7919 4813 333 264 204 4480 4207 720 3487 474 376 185 191 444 113 331 114 276 121 274 194 133
is_linear=0
shrinkage=0.05


Tree=108
num_leaves=31
num_cat=0
split_feature=11 3 10 8 9 8 0 8 0 9 9 8 10 3 11 0 9 10 3 0 10 11 0 11 11 10 9 8 10 11
split_gain=7.30922e+06 3.4822e+06 4.99402e+06 4.77594e+06 3.80729e+06 6.48603e+06 6.51567e+06 6.11112e+06 5.94912e+06 1.08799e+07 7.23971e+06 9.941e+06 9.44157e+06 9.02672e+06 6.79889e+06 1.04469e+07 1.18567e+07 8.85087e+06 6.22365e+06 7.84434e+06 5.62677e+06 5.53457e+06 8.14392e+06 5.32634e+06 5.55351e+06 1.38868e+07 8.15478e+06 1.07544e+07 1.18167e+07 6.18593e+06
threshold=38560.455000000009 265.50000000000006 263.50000000000006 1554.1278571428572 2422.4765000000002 1418.4021428571432 23.500000000000004 1834.1171428571431 21.500000000000004 2703.9491666666668 2703.9491666666668 2078.5514285714294 2548.1500000000001 66.500000000000014 23225.890000000003 16.500000000000004 2530.8520000000003 2494.5000000000005 14.500000000000002 14.500000000000002 2720.4666666666672 20009.920000000002 13.500000000000002 31067.535000000003 25929.405000000002 3076.1000000000008 2703.9491666666668 2899.4528571428577 2720.4666666666672 11502.295000000002
decision_type=2 2 2 2 2 2 2 2 2 2 2 2 2 2 2 2 2 2 2 2 2 2 2 2 2 2 2 2 2 2
left_child=1 2 -1 -3 -4 -6 8 -8 10 -10 11 13 -12 -7 17 16 -16 -13 19 -19 -20 -14 -23 24 25 26 27 28 -9 -28
right_child=-2 3 4 -5 5 6 7 23 9 -11 12 14 21 -15 15 -17 -18 18 20 -21 -22 22 -24 -25 -26 -27 29 -29 -30 -31
leaf_value=-0.12191277148823552 1.4462922331272239 -0.36584394242404961 0.2411862123821662 -2.9700342961185884 -13.346828197332528 8.912497457090792 15.081248605251313 -0.31560277938842773 3.8780852263486838 26.324822511324069 14.894101273454726 -3.110716155397697 -11.410542729045407 33.239161556500655 -13.985877473318755 -22.95265257358551 13.861292318011937 32.646550064086917 11.650079556648759 8.6786673869027027 -1.257990826630011 -9.2601217205587201 15.268626439766805 11.820072949374165 -19.123913104459643 18.225348254104158 -28.075341893756203 12.31332916384158 -27.556682069678057 -5.3424191391258908
leaf_weight=207088 8694 30347 119924 1869 65 143 50 132 158 82 64 214 198 52 67 58 89 55 174 90 164 76 61 54 59 67 63 92 57 57
leaf_count=207088 8694 30347 119924 1869 65 143 50 132 158 82 64 214 198 52 67 58 89 55 174 90 164 76 61 54 59 67 63 92 57 57
internal_value=0.0136511 -0.0207875 0.0277279 -0.516925 0.280977 2.23585 2.66214 -1.69207 4.23665 11.5474 3.07081 5.15373 -2.70288 15.3996 2.96059 -4.83483 1.90129 5.35402 9.10444 17.7699 5.38699 -6.06469 1.66144 -3.13555 -4.66801 -2.84558 -6.36616 -1.70663 -8.53117 -17.2772
internal_weight=370363 361669 329453 32216 122365 2441 2376 631 1745 240 1505 1106 399 195 911 214 156 697 483 145 338 335 137 581 527 468 401 281 189 120
internal_count=370363 361669 329453 32216 122365 2441 2376 631 1745 240 1505 1106 399 195 911 214 156 697 483 145 338 335 137 581 527 468 401 281 189 120
is_linear=0
shrinkage=0.05


Tree=109
num_leaves=31
num_cat=0
split_feature=8 3 3 6 9 8 3 9 6 11 10 11 11 11 1 10 9 11 9 11 11 3 10 10 11 8 0 10 9 10
split_gain=4.06383e+06 5.27493e+06 6.07626e+06 6.27597e+06 6.47472e+06 6.41259e+06 6.04235e+06 1.00336e+07 9.43963e+06 5.3925e+06 5.36921e+06 4.99192e+06 4.76505e+06 8.1301e+06 7.08225e+06 7.01044e+06 1.23162e+07 6.34206e+06 8.84766e+06 5.3854e+06 4.80849e+06 8.24676e+06 6.57811e+06 1.04059e+07 6.91469e+06 1.14748e+07 5.67277e+06 4.86742e+06 4.66396e+06 8.99127e+06
threshold=891.91357142857157 6.5000000000000009 14.500000000000002 1.5000000000000002 1957.9808333333337 1972.967142857143 8.5000000000000018 1554.7928333333336 2.5000000000000004 13772.890000000001 2031.3000000000002 505.00500000000005 6970.795000000001 29214.375000000004 3.5000000000000004 1726.0833333333335 1412.969166666667 25929.405000000002 2194.8705000000004 10903.300000000001 10301.915000000003 9.5000000000000018 2519.2500000000005 2371.4500000000003 21033.945000000003 1750.47 13.500000000000002 2051.6500000000001 2138.2523333333338 2241.0833333333335
decision_type=2 2 2 2 2 2 2 2 2 2 2 2 2 2 2 2 2 2 2 2 2 2 2 2 2 2 2 2 2 2
left_child=-1 -2 3 12 5 6 8 -8 -5 -6 -7 -10 -3 15 -15 16 -14 18 20 -20 21 -17 23 24 25 26 -22 -27 29 -16
right_child=1 2 -4 4 9 10 7 -9 11 -11 -12 -13 13 14 28 17 -18 -19 19 -21 22 -23 -24 -25 -26 27 -28 -29 -30 -31
leaf_value=-0.072872525704299293 -1.0645033017890575 4.4468272193969343 0.35783181450283852 -6.9116631750076536 4.4568785949492122 1.7508628042120684 0.59189419010931876 21.509284676445859 0.69305250599699209 23.075026175033216 -19.099889119771813 17.735506578689108 -0.33739067312090465 0.070184014717469351 11.507468150970631 -12.034600078432184 20.132534945011141 -17.678179130554199 -7.6464723477598104 9.6849613818896589 11.562535391913521 9.3827148723602303 -24.463077580726754 14.794144554138184 2.753827213711209 -12.826418310801188 -11.463784217834473 -28.579445811976559 19.696106678962707 -4.1838657036102083
leaf_weight=311178 5716 853 48215 63 71 76 637 63 53 86 52 227 902 592 266 76 80 85 61 169 54 110 59 50 90 105 53 92 75 139
leaf_count=311178 5716 853 48215 63 71 76 637 63 53 86 52 227 902 592 266 76 80 85 61 169 54 110 59 50 90 105 53 92 75 139
internal_value=-0.000648928 0.379179 0.533556 2.15076 5.12059 3.84223 5.13843 2.47446 10.5751 14.6554 -6.71976 14.5096 1.14234 0.220586 3.72965 -1.67353 1.33022 -4.61146 -3.4029 5.08836 -6.23743 0.631554 -8.77745 -6.6931 -9.4199 -13.024 0.156975 -20.1832 8.24299 6.12205
internal_weight=370348 59170 53454 5239 1328 1171 1043 700 343 157 128 280 3911 3058 1072 1986 982 1004 919 230 689 186 503 444 394 304 107 197 480 405
internal_count=370348 59170 53454 5239 1328 1171 1043 700 343 157 128 280 3911 3058 1072 1986 982 1004 919 230 689 186 503 444 394 304 107 197 480 405
is_linear=0
shrinkage=0.05


Tree=110
num_leaves=31
num_cat=0
split_feature=9 11 1 0 9 6 8 3 1 9 3 8 11 8 11 1 3 8 8 3 0 8 3 11 9 0 3 9 11 3
split_gain=5.43036e+06 5.70177e+06 4.626e+06 5.28591e+06 8.72623e+06 5.64784e+06 5.46241e+06 5.13468e+06 4.96815e+06 4.93656e+06 4.30985e+06 4.34246e+06 3.94157e+06 1.31769e+07 1.12734e+07 8.89412e+06 7.9491e+06 7.86511e+06 1.86779e+07 6.64035e+06 5.1094e+06 8.6238e+06 5.09189e+06 7.00184e+06 5.03241e+06 5.04022e+06 4.83053e+06 4.769e+06 4.66569e+06 6.34448e+06
threshold=2138.2523333333338 65821.285000000018 1.0000000180025095e-35 25.500000000000004 1412.969166666667 1.5000000000000002 2024.3085714285717 265.50000000000006 3.5000000000000004 1768.4196666666669 283.50000000000006 2340.6650000000004 4644.1250000000009 1518.4428571428573 5849.9250000000011 4.5000000000000009 5.5000000000000009 1669.8157142857144 2133.8221428571437 271.50000000000006 16.500000000000004 1265.0907142857145 126.50000000000001 2927.6800000000007 2258.7413333333338 29.500000000000004 63.500000000000007 2530.8520000000003 32951.680000000008 253.50000000000003
decision_type=2 2 2 2 2 2 2 2 2 2 2 2 2 2 2 2 2 2 2 2 2 2 2 2 2 2 2 2 2 2
left_child=1 -1 9 5 -5 7 -6 -4 -9 -3 12 -12 13 -2 17 16 -15 -14 -19 20 21 -16 23 -18 25 28 -20 -17 -22 -30
right_child=10 2 3 4 6 -7 -8 8 -10 -11 11 -13 14 15 19 27 22 18 26 -21 24 -23 -24 -25 -26 -27 -28 -29 29 -31
leaf_value=-0.036293654601397954 24.68319334189097 4.123563407527076 7.2113626766813939 -19.807514863644005 9.6481410144740707 18.701520946413975 -8.7087863322227239 5.1322501414162778 -14.564170683844615 -17.568196781943826 20.070214227529675 4.3097271484180091 -26.140720965815525 18.814380600211326 -11.029727614691499 -14.538709699649079 6.9159506720165886 17.198334513625053 -4.8497025342214677 -3.1411439932987726 -5.8234739590026967 3.2453929307893965 10.065935325293454 -6.7799530222135438 1.3905228315135032 9.3703560818918046 -18.95857459418794 4.2519557304382323 5.4899849566764072 -13.896400392972508
leaf_weight=359437 72 54 548 53 117 86 62 70 59 51 52 274 51 89 109 104 172 73 126 852 710 3602 163 204 2553 80 117 50 224 52
leaf_count=359437 72 54 548 53 117 86 62 70 59 51 52 274 51 89 109 104 172 73 126 852 710 3602 163 204 2553 80 117 50 224 52
internal_value=0.00616091 -0.0252939 3.56901 4.62233 -1.98668 6.63189 3.28988 5.09867 -3.87619 -6.41243 1.17181 6.82367 0.975862 4.21478 0.652311 2.33022 4.9708 -7.92075 -4.98018 1.03685 1.52248 2.8261 2.68494 -0.514806 0.185717 -2.69971 -11.6429 -8.43784 -3.67903 1.83748
internal_weight=370266 360537 1100 995 232 763 179 677 129 105 9729 326 9403 854 8549 782 628 367 316 8182 7330 3711 539 376 3619 1066 243 154 986 276
internal_count=370266 360537 1100 995 232 763 179 677 129 105 9729 326 9403 854 8549 782 628 367 316 8182 7330 3711 539 376 3619 1066 243 154 986 276
is_linear=0
shrinkage=0.05


Tree=111
num_leaves=31
num_cat=0
split_feature=9 3 3 3 11 0 3 3 3 0 9 8 3 0 11 3 11 11 11 0 8 3 9 8 3 8 0 1 8 1
split_gain=4.47733e+06 5.2415e+06 4.86316e+06 6.31718e+06 4.67592e+06 5.63904e+06 5.75285e+06 5.57823e+06 4.97455e+06 4.50511e+06 7.15391e+06 8.30533e+06 6.75048e+06 1.90969e+07 7.93392e+06 7.12021e+06 1.0746e+07 5.78209e+06 6.28726e+06 5.79818e+06 5.72102e+06 9.28784e+06 8.29276e+06 7.24502e+06 6.42563e+06 9.50892e+06 5.14946e+06 8.19119e+06 4.90424e+06 8.21578e+06
threshold=597.67666666666685 260.50000000000006 69.500000000000014 44.500000000000007 65821.285000000018 22.500000000000004 28.500000000000004 7.5000000000000009 3.5000000000000004 10.500000000000002 2336.8835000000004 1518.4428571428573 57.500000000000007 19.500000000000004 32951.680000000008 45.500000000000007 42026.485000000008 6839.0850000000009 42026.485000000008 28.500000000000004 2195.8535714285722 62.500000000000007 2258.7413333333338 1355.9100000000001 59.500000000000007 1750.47 3.5000000000000004 3.5000000000000004 2078.5514285714294 1.5000000000000002
decision_type=2 2 2 2 2 2 2 2 2 2 2 2 2 2 2 2 2 2 2 2 2 2 2 2 2 2 2 2 2 2
left_child=-1 2 3 4 -2 7 8 -6 -7 10 28 -12 15 14 -14 -11 -17 -15 19 20 23 -22 -23 -19 25 -25 27 -13 -5 -30
right_child=1 -3 -4 9 5 6 -8 -9 -10 12 11 26 13 17 -16 16 -18 18 -20 -21 21 22 -24 24 -26 -27 -28 -29 29 -31
leaf_value=-0.077655159511462513 0.56341506161897426 -0.75803875298672208 1.0847110610883182 -2.1174264433049808 20.12106204477946 2.5937011566162109 8.479173181808159 5.3175190018756053 -18.181657812218457 -5.4310730844194239 -16.106647024154665 6.5687375816680094 1.6762729493092874 -0.91315801824549736 11.156783918432954 2.9506599347034168 -7.6410698796060759 -2.3012792168863285 1.3133615148501523 -11.171076221136445 12.715204350948333 -15.980827891701146 1.6599985503829648 -10.502292205029065 -11.478293541253212 14.70839641839266 9.1293689438116097 -14.1522633488973 3.7610206230187124 -15.606706334994392
leaf_weight=293116 26494 9371 23514 4085 75 50 73 420 68 330 50 131 2505 2584 242 3511 257 802 436 349 120 95 223 90 598 64 325 75 81 169
leaf_count=293116 26494 9371 23514 4085 75 50 73 420 68 330 50 131 2505 2584 242 3511 257 802 436 349 120 95 223 90 598 64 325 75 81 169
internal_value=0.011563 0.350367 0.50353 0.195059 0.668943 4.74453 -2.55334 7.56048 -9.37854 -0.5572 -1.83519 3.37487 -0.0424878 -0.878437 2.51147 1.61146 2.22824 -2.61544 -4.19941 -5.22614 -4.18458 0.862615 -3.61006 -5.60715 -9.13283 -0.0251229 5.20928 -0.975316 -2.53347 -9.33156
internal_weight=370303 77187 67816 44302 27180 686 191 495 118 17122 4916 581 12206 8108 2747 4098 3768 5361 2777 2341 1992 438 318 1554 752 154 531 206 4335 250
internal_count=370303 77187 67816 44302 27180 686 191 495 118 17122 4916 581 12206 8108 2747 4098 3768 5361 2777 2341 1992 438 318 1554 752 154 531 206 4335 250
is_linear=0
shrinkage=0.05


Tree=112
num_leaves=31
num_cat=0
split_feature=11 6 0 10 10 9 0 8 8 0 3 10 3 3 1 0 9 8 10 3 1 3 3 8 8 3 8 9 3 9
split_gain=5.22484e+06 4.62205e+06 4.22059e+06 6.92262e+06 4.69011e+06 1.21115e+07 8.20972e+06 1.18282e+07 8.5058e+06 1.96905e+07 7.14971e+06 1.17525e+07 7.38876e+06 5.97329e+06 5.78004e+06 1.20689e+07 8.85226e+06 7.489e+06 7.47341e+06 8.48087e+06 6.13596e+06 6.13195e+06 5.53133e+06 6.05149e+06 5.51194e+06 5.5563e+06 5.28018e+06 6.65984e+06 5.65285e+06 5.41624e+06
threshold=38560.455000000009 1.5000000000000002 1.5000000000000002 2548.1500000000001 2680.8833333333337 2336.8835000000004 28.500000000000004 2078.5514285714294 2430.840714285715 11.500000000000002 9.5000000000000018 2261.6500000000001 15.500000000000002 268.50000000000006 1.5000000000000002 27.500000000000004 2087.0383333333334 3218.1678571428579 2872.6833333333338 11.500000000000002 5.5000000000000009 16.500000000000004 57.500000000000007 2024.3085714285717 2899.4528571428577 12.500000000000002 1483.5285714285715 1804.4843333333336 53.500000000000007 1519.3770000000002
decision_type=2 2 2 2 2 2 2 2 2 2 2 2 2 2 2 2 2 2 2 2 2 2 2 2 2 2 2 2 2 2
left_child=-1 2 3 -2 5 6 8 -8 10 -10 11 -4 -12 -7 16 17 -6 18 19 -16 -20 -18 -23 -24 25 -11 27 28 -14 -30
right_child=1 -3 4 -5 14 13 7 -9 9 24 12 -13 26 -15 15 -17 21 -19 20 -21 -22 22 23 -25 -26 -27 -28 -29 29 -31
leaf_value=-0.024836962862251403 0.58538720112342346 4.1543703911761787 -0.79375170568960751 -17.123902132344803 -2.6003509528709183 -14.563015451165022 -2.1760188341300117 -24.570205367973873 -16.675241466295923 26.476138145612637 7.5025336326228249 -21.254043693127841 -2.5381620389028159 2.5316241941590238 24.523734785079956 13.924042675354901 26.007222692517271 -14.843094724632174 -1.0401611065428813 2.8525695489106639 -15.749767499134459 0.78610002010240476 28.449583726269857 6.6001389348343622 1.9792307498091359 9.3799488267780813 2.7509473821414989 -9.5595429489089234 0.45823438409354539 9.5271821007132527
leaf_weight=361187 154 1160 296 86 132 197 374 70 59 115 450 92 1009 69 50 170 69 83 383 465 87 109 56 73 59 81 1725 205 567 232
leaf_count=361187 154 1160 296 86 132 197 374 70 59 115 450 92 1009 69 50 170 69 83 383 465 87 109 56 73 59 81 1725 205 567 232
internal_value=0.00429059 1.21675 0.763423 -5.76044 0.978584 0.283947 0.803213 -5.70663 1.39429 9.35499 0.848037 -5.64516 1.4496 -10.1287 3.29818 1.55019 8.22762 -0.419435 0.795959 4.95657 -3.763 12.8833 9.07845 16.0852 15.3777 19.4109 0.72092 -1.01867 -0.0502657 3.09152
internal_weight=369864 8677 7517 240 7277 5600 5334 444 4890 314 4576 388 4188 266 1677 1238 439 1068 985 515 470 307 238 129 255 196 3738 2013 1808 799
internal_count=369864 8677 7517 240 7277 5600 5334 444 4890 314 4576 388 4188 266 1677 1238 439 1068 985 515 470 307 238 129 255 196 3738 2013 1808 799
is_linear=0
shrinkage=0.05


Tree=113
num_leaves=31
num_cat=0
split_feature=11 0 1 8 10 9 8 11 0 8 11 10 0 9 9 9 10 10 8 10 9 0 9 8 0 0 9 10 10 8
split_gain=3.21536e+06 6.66989e+06 4.50438e+06 1.27363e+07 1.20489e+07 9.89807e+06 6.75388e+06 6.94491e+06 7.71578e+06 8.96418e+06 6.08315e+06 6.04412e+06 8.43779e+06 4.89472e+06 4.82719e+06 4.79795e+06 4.75196e+06 4.84292e+06 4.52787e+06 4.54388e+06 4.7379e+06 5.993e+06 4.71492e+06 8.30499e+06 7.37187e+06 8.43783e+06 6.67663e+06 4.4979e+06 9.65022e+06 4.37513e+06
threshold=31067.535000000003 3.5000000000000004 4.5000000000000009 2899.4528571428577 2577.1000000000004 1998.7498333333335 2340.6650000000004 55972.670000000006 10.500000000000002 1791.3400000000004 50375.340000000004 2812.8500000000008 27.500000000000004 2194.8705000000004 2194.8705000000004 1768.4196666666669 2371.4500000000003 2494.5000000000005 1355.9100000000001 2577.1000000000004 2422.4765000000002 20.500000000000004 1957.9808333333337 1669.8157142857144 18.500000000000004 11.500000000000002 2258.7413333333338 2494.5000000000005 2609.7166666666667 1632.2000000000003
decision_type=2 2 2 2 2 2 2 2 2 2 2 2 2 2 2 2 2 2 2 2 2 2 2 2 2 2 2 2 2 2
left_child=-1 -2 5 11 -5 -3 7 10 9 -9 13 15 -13 -7 -12 29 -8 -18 -17 22 21 -21 -20 -24 25 -25 -26 -15 -29 -4
right_child=1 2 3 4 -6 6 16 8 -10 -11 14 12 -14 27 -16 18 17 -19 19 20 -22 -23 23 24 26 -27 -28 28 -30 -31
leaf_value=-0.052809094610216573 -2.6697904263937353 0.743896999256484 0.65126572323256093 -32.372636948970325 -4.3774476943379739 6.5930892936187453 17.187362756238123 2.4135086657954199 1.8509591967658658 -24.907056841131762 4.8387142499799243 -10.200700018630839 8.7956531842549648 -13.813894825596964 23.543522851126536 -5.7173841742738603 -4.0674475142296327 8.0395623961209193 11.413731859433847 -8.1648120243524769 11.43275369695715 5.6771415310051605 18.346233567943823 -2.9330518946355704 -12.670718777624529 18.151060193517932 8.1539541862629079 20.914637293338778 -3.5270202171234857 -5.2340509168524996
leaf_weight=357426 1289 6010 1486 57 118 395 122 51 226 73 68 265 75 62 70 124 94 681 305 194 74 131 77 98 134 92 54 50 210 401
leaf_count=357426 1289 6010 1486 57 118 395 122 51 226 73 68 265 75 62 70 124 94 681 305 194 74 131 77 98 134 92 54 50 210 401
internal_value=-0.0246257 0.745166 1.1183 -0.331294 -13.4959 1.7768 4.73006 2.28476 -3.64803 -13.6704 4.71339 0.32506 -6.01033 2.86313 14.3267 1.00456 8.01501 6.5711 3.36364 4.3352 0.0144255 -2.58544 6.60361 3.37924 0.330412 7.2761 -6.68916 -1.71243 1.1733 -0.599403
internal_weight=370512 13086 11797 3685 175 8112 2102 1205 350 124 855 3510 340 717 138 3170 897 775 1283 1159 399 325 760 455 378 190 188 322 260 1887
internal_count=370512 13086 11797 3685 175 8112 2102 1205 350 124 855 3510 340 717 138 3170 897 775 1283 1159 399 325 760 455 378 190 188 322 260 1887
is_linear=0
shrinkage=0.05


Tree=114
num_leaves=31
num_cat=0
split_feature=4 8 10 0 11 6 11 11 0 8 1 10 10 0 3 8 1 3 10 3 8 10 3 8 1 10 3 3 11 3
split_gain=3.86133e+06 3.70522e+06 3.29836e+06 3.24131e+06 3.80391e+06 5.84498e+06 4.19153e+06 4.92997e+06 5.36641e+06 5.88099e+06 5.24112e+06 9.61186e+06 1.53588e+07 4.76526e+06 9.4662e+06 6.89022e+06 5.31204e+06 8.19822e+06 5.47451e+06 5.05772e+06 4.99301e+06 4.97367e+06 4.41595e+06 4.23951e+06 4.18909e+06 4.16339e+06 6.63011e+06 1.04897e+07 1.24951e+07 6.70738e+06
threshold=1.0000000180025095e-35 1.0000000180025095e-35 223.50000000000003 5.5000000000000009 31067.535000000003 2.5000000000000004 16431.460000000003 18339.145 21.500000000000004 1632.2000000000003 5.5000000000000009 2720.4666666666672 2519.2500000000005 10.500000000000002 69.500000000000014 1518.4428571428573 4.5000000000000009 88.500000000000014 2031.3000000000002 23.500000000000004 1518.4428571428573 1645.116666666667 54.500000000000007 746.56928571428591 4.5000000000000009 1686.7166666666669 95.500000000000014 101.50000000000001 4493.2300000000005 265.50000000000006
decision_type=2 2 2 2 2 2 2 2 2 2 2 2 2 2 2 2 2 2 2 2 2 2 2 2 2 2 2 2 2 2
left_child=-1 2 -2 -3 6 -6 25 13 -9 -10 -11 12 -12 14 15 21 19 18 -18 20 -15 -8 -20 -21 -16 -5 -27 28 -28 -29
right_child=1 3 -4 4 5 -7 7 8 9 10 11 -13 -14 16 24 -17 17 -19 22 23 -22 -23 -24 -25 -26 26 27 29 -30 -31
leaf_value=-0.16486492865937852 -0.37054038393936273 -0.24730453555041462 -3.2378841816489379 0.23791109632662444 1.0731692268734176 10.235198654293342 -14.647030793040631 0.73546800822399483 0.0043243783329707025 -2.4895658357135377 -12.147794660153213 -28.633419571356342 18.309255018774071 -4.5933761305558063 3.9596033529095034 -23.586248218899684 2.615850493889798 -4.1335797940324621 7.5477293368474934 3.504127336969439 10.778350683420648 4.2486209742228196 25.90582385670055 -5.4241055945100172 -9.0606492580906046 0.31623997251671609 -12.025772088034111 3.0657990082100395 13.028512275887998 -0.97832427775006003
leaf_weight=166392 15570 30612 1072 117183 10538 177 83 7119 2679 1485 189 55 53 95 184 105 263 298 81 151 119 60 55 1113 93 9112 57 3449 392 1459
leaf_count=166392 15570 30612 1072 117183 10538 177 83 7119 2679 1485 189 55 53 95 184 105 263 298 81 151 119 60 55 1113 93 9112 57 3449 392 1459
internal_value=0.0138699 0.159725 -0.555241 0.223265 0.315224 1.22452 0.24846 -0.565177 -0.116581 -1.47631 -3.70224 -9.76559 -5.47745 -2.48916 -6.7646 -13.8603 -1.45715 2.1411 6.82746 -3.15403 3.95445 -6.71879 14.972 -4.35752 -0.411817 0.336713 1.1369 2.53281 9.8479 1.8636
internal_weight=370293 203901 16642 187259 156647 10715 145932 14280 11580 4461 1782 297 242 2700 525 248 2175 697 399 1478 214 143 136 1264 277 131652 14469 5357 449 4908
internal_count=370293 203901 16642 187259 156647 10715 145932 14280 11580 4461 1782 297 242 2700 525 248 2175 697 399 1478 214 143 136 1264 277 131652 14469 5357 449 4908
is_linear=0
shrinkage=0.05


Tree=115
num_leaves=31
num_cat=0
split_feature=3 3 3 4 11 10 9 8 11 11 10 10 10 10 0 10 3 8 10 9 11 11 11 11 7 8 11 9 11 11
split_gain=3.07216e+06 4.55627e+06 1.08798e+07 2.93266e+07 1.17127e+07 1.01388e+07 1.00417e+07 6.24332e+06 6.27788e+06 5.93266e+06 8.15829e+06 5.43235e+06 4.60341e+06 4.81592e+06 1.20406e+07 7.45072e+06 7.27573e+06 1.36873e+07 1.25736e+07 5.00964e+06 4.58114e+06 5.72225e+06 5.09269e+06 4.13109e+06 5.07258e+06 6.47784e+06 7.72403e+06 3.57735e+06 3.64925e+06 3.43637e+06
threshold=14.500000000000002 7.5000000000000009 8.5000000000000018 1.0000000180025095e-35 45915.240000000013 2812.8500000000008 210.23783333333338 426.6571428571429 7931.5700000000006 15243.790000000003 2394.6000000000004 1965.7166666666669 605.50000000000011 2371.4500000000003 8.5000000000000018 2324.1500000000001 10.500000000000002 2537.0064285714293 2469.5833333333335 2336.8835000000004 55972.670000000006 45915.240000000013 50375.340000000004 53.775000000000013 27.500000000000004 735.68857142857155 714.5100000000001 288.52800000000008 1845.2350000000004 25929.405000000002
decision_type=2 2 2 2 2 2 2 2 2 2 2 2 2 2 2 2 2 2 2 2 2 2 2 2 2 2 2 2 2 2
left_child=1 -1 3 6 9 12 -3 -8 23 11 -11 -5 -4 15 -15 20 19 18 -18 -16 21 -14 -23 -9 25 26 -25 28 -28 -2
right_child=29 2 5 4 -6 -7 7 8 -10 10 -12 -13 13 14 16 -17 17 -19 -20 -21 -22 22 -24 24 -26 -27 27 -29 -30 -31
leaf_value=-0.13139971548223126 -0.10127432473376824 2.0245049102886301 -0.077983570675962455 -0.23139628861869643 -21.087924423638512 15.931592479433332 25.53437838236491 20.697150418632912 27.596015595454794 2.1293039942750283 24.434295980280098 -12.323029178619386 2.0521506434700885 10.998789298723615 -5.6923439111440413 18.885177738526291 -24.577270833183739 -30.930688342913779 5.8788880055493653 10.889174968004227 -9.0893087831410497 22.197704702265124 2.6246643345172593 13.389267573533235 21.36464872768947 11.697684186513607 -4.4351611768045736 -8.561495423126221 13.621184260237451 0.68029479733107778
leaf_weight=21432 312781 370 14144 1306 68 105 75 76 51 161 55 100 3273 126 124 68 51 71 101 72 88 68 65 108 70 390 62 125 51 14726
leaf_count=21432 312781 370 14144 1306 68 105 75 76 51 161 55 100 3273 126 124 68 51 71 101 72 88 68 65 108 70 390 62 125 51 14726
internal_value=-0.0140396 0.384052 0.899695 3.65578 -0.75845 0.439047 9.06945 11.6554 10.5397 0.0938334 7.80882 -1.0914 0.349917 1.82355 -2.55364 2.49328 -6.62907 -12.8061 -4.33995 0.398826 2.17426 2.46528 12.6319 9.55347 8.5027 7.27942 2.29929 -2.73314 3.71416 -0.0661319
internal_weight=370363 42856 21424 3068 1690 18356 1378 1008 933 1622 216 1406 18251 4107 545 3562 419 223 152 196 3494 3406 133 882 806 736 346 238 113 327507
internal_count=370363 42856 21424 3068 1690 18356 1378 1008 933 1622 216 1406 18251 4107 545 3562 419 223 152 196 3494 3406 133 882 806 736 346 238 113 327507
is_linear=0
shrinkage=0.05


Tree=116
num_leaves=31
num_cat=0
split_feature=9 10 10 3 1 1 1 3 9 8 8 11 8 3 10 1 3 11 11 0 3 10 11 6 3 11 8 11 9 8
split_gain=4.5281e+06 9.01531e+06 4.38752e+06 8.57065e+06 6.3848e+06 3.56798e+06 8.96886e+06 6.1631e+06 8.45298e+06 9.75886e+06 4.67969e+06 8.40068e+06 6.06043e+06 5.09473e+06 7.96525e+06 8.2231e+06 7.00288e+06 8.71328e+06 4.84767e+06 4.58493e+06 6.33616e+06 4.55701e+06 4.80715e+06 4.55537e+06 7.88442e+06 7.03825e+06 9.66756e+06 6.99914e+06 5.88414e+06 7.42832e+06
threshold=1554.7928333333336 2548.1500000000001 2394.6000000000004 87.500000000000014 2.5000000000000004 5.5000000000000009 3.5000000000000004 5.5000000000000009 2422.4765000000002 2693.3414285714293 3218.1678571428579 6970.795000000001 2899.4528571428577 1.5000000000000002 2548.1500000000001 1.5000000000000002 9.5000000000000018 15243.790000000003 5129.4600000000009 9.5000000000000018 44.500000000000007 1853.7000000000003 2553.6450000000004 1.5000000000000002 108.50000000000001 35421.660000000011 2266.1771428571433 4797.8500000000013 1734.5108333333335 1355.9100000000001
decision_type=2 2 2 2 2 2 2 2 2 2 2 2 2 2 2 2 2 2 2 2 2 2 2 2 2 2 2 2 2 2
left_child=1 2 -1 4 -4 6 10 8 9 -8 12 18 23 -13 15 -15 17 -16 -12 20 -14 22 -7 -2 28 26 27 -26 -25 -30
right_child=5 -3 3 -5 -6 21 7 -9 -10 -11 11 13 19 14 16 -17 -18 -19 -20 -21 -22 -23 -24 24 25 -27 -28 -29 29 -31
leaf_value=-0.038502904196401629 -0.2122947701355952 -18.376872923836782 -12.333262874863365 24.808409698880638 8.8761301573514952 16.845386090771907 16.182795982275689 1.9438796421984375 27.612611106725844 -3.9903803440951564 -7.902648766526899 12.849032341639202 -17.511872383117677 23.796509793225457 -29.578249695517798 -3.4083672085746395 1.3960377541184426 -6.0185407064256884 -26.751851549335555 6.8245415688894697 4.2514820032780714 -1.2205298029864315 1.8494553996129508 8.8619310013688448 2.3716239408139259 8.0841912948099299 8.7977852644743759 -11.49469761025836 -9.9434590665917657 3.451454189430684
leaf_weight=339921 13198 67 55 52 100 58 112 7851 52 129 103 60 50 51 55 61 160 137 51 581 101 4360 680 456 124 133 108 342 114 1124
leaf_count=339921 13198 67 55 52 100 58 112 7851 52 129 103 60 50 51 55 61 160 137 51 581 101 4360 680 456 124 133 108 342 114 1124
internal_value=0.0144441 -0.0376839 -0.0340714 7.2431 1.35022 0.600663 0.845128 2.2096 9.32959 5.38471 0.191812 -3.87853 0.360797 -0.861306 -2.63419 8.97957 -6.32948 -12.7674 -14.1449 4.80719 -2.95493 -0.605502 3.028 0.152145 2.15542 -2.2797 -4.68109 -7.80495 4.00645 2.218
internal_weight=370446 340195 340128 207 155 30251 25153 8144 293 241 17009 678 16331 524 464 112 352 192 154 732 151 5098 738 15599 2401 707 574 466 1694 1238
internal_count=370446 340195 340128 207 155 30251 25153 8144 293 241 17009 678 16331 524 464 112 352 192 154 732 151 5098 738 15599 2401 707 574 466 1694 1238
is_linear=0
shrinkage=0.05


Tree=117
num_leaves=31
num_cat=0
split_feature=9 10 9 10 1 1 3 3 6 3 3 11 11 3 11 11 3 3 10 11 11 0 1 10 11 9 3 0 0 10
split_gain=4.78317e+06 3.59762e+06 7.41199e+06 4.75489e+06 5.32889e+06 7.98008e+06 8.71026e+06 5.70664e+06 4.20366e+06 6.52509e+06 8.81854e+06 5.15687e+06 5.05414e+06 5.51396e+06 4.67884e+06 6.8837e+06 6.22339e+06 4.02198e+06 3.95364e+06 5.43077e+06 1.27671e+07 4.49865e+06 3.821e+06 3.70253e+06 5.50872e+06 5.07568e+06 9.69912e+06 8.48858e+06 1.23585e+07 7.34893e+06
threshold=2194.8705000000004 2418.9166666666674 2703.9491666666668 2469.5833333333335 2.5000000000000004 1.0000000180025095e-35 66.500000000000014 63.500000000000007 1.5000000000000002 60.500000000000007 9.5000000000000018 50375.340000000004 9063.2250000000022 108.50000000000001 23225.890000000003 38560.455000000009 65.500000000000014 28.500000000000004 2031.3000000000002 4644.1250000000009 5391.880000000001 22.500000000000004 1.0000000180025095e-35 2176.9166666666674 14742.730000000001 2336.8835000000004 15.500000000000002 23.500000000000004 15.500000000000002 2324.1500000000001
decision_type=2 2 2 2 2 2 2 2 2 2 2 2 2 2 2 2 2 2 2 2 2 2 2 2 2 2 2 2 2 2
left_child=-1 2 8 4 5 6 -3 17 11 10 -10 14 13 -11 18 16 -16 -6 -2 21 -21 22 -20 24 -22 26 -25 28 29 -27
right_child=1 3 -4 -5 7 -7 -8 -9 9 12 -12 -13 -14 -15 15 -17 -18 -19 19 20 23 -23 -24 25 -26 27 -28 -29 -30 -31
leaf_value=-0.028035746270902464 -12.549874535907399 5.3368025569753215 17.606014828454882 1.0019321635209268 -4.2307555900429783 13.274828303943981 -22.175146419627993 -0.74506236705623685 -3.4972064743041993 -17.721014841397604 21.376875278257558 -13.668675816059114 9.3102628136935994 5.3218528327941899 23.005849121941463 -3.3120901703834535 1.7761038002158918 -21.358966589834274 4.467279462965708 -23.607269183014122 15.589022721270078 -2.0762428206555987 21.071056840017246 -24.905509620666507 -4.8589402806525142 -12.138458698817663 -1.2883119681397002 -9.6081787356208359 22.535994251406922 9.8573382217481917
leaf_weight=361810 55 66 84 5914 53 88 51 122 50 54 124 56 95 50 90 81 56 97 63 56 93 68 77 50 51 70 333 85 98 83
leaf_count=361810 55 66 84 5914 53 88 51 122 50 54 124 56 95 50 90 81 56 97 63 56 93 68 77 50 51 70 333 85 98 83
internal_value=-0.000790318 1.18502 3.08176 0.614608 -4.18756 1.89991 -6.65559 -8.77554 2.41797 7.15685 14.2292 1.21142 0.973029 -6.64271 1.80282 8.37757 14.8629 -15.307 0.540156 1.17898 -0.472272 8.47464 13.5994 1.02896 8.34704 -0.436696 -4.3715 4.04851 8.67328 -0.206098
internal_weight=370123 8313 1922 6391 477 205 117 272 1838 373 174 1465 199 104 1409 227 146 150 1182 1127 919 208 140 863 144 719 383 336 251 153
internal_count=370123 8313 1922 6391 477 205 117 272 1838 373 174 1465 199 104 1409 227 146 150 1182 1127 919 208 140 863 144 719 383 336 251 153
is_linear=0
shrinkage=0.05


Tree=118
num_leaves=31
num_cat=0
split_feature=9 11 0 8 0 8 3 0 8 1 3 3 11 10 8 3 10 0 8 10 9 1 9 10 3 3 4 10 8 8
split_gain=5.04427e+06 3.41986e+06 1.3994e+07 7.45586e+06 7.61903e+06 7.49383e+06 6.81313e+06 6.5958e+06 4.90139e+06 8.59107e+06 5.26237e+06 3.18268e+06 6.56032e+06 1.29165e+07 6.40675e+06 9.74602e+06 8.24789e+06 5.37825e+06 7.21223e+06 9.99708e+06 5.90533e+06 5.10961e+06 7.72917e+06 4.58051e+06 4.57533e+06 1.39713e+07 1.87739e+07 9.70239e+06 8.63266e+06 6.28401e+06
threshold=2194.8705000000004 55972.670000000006 27.500000000000004 1925.7600000000002 8.5000000000000018 1669.8157142857144 54.500000000000007 13.500000000000002 2537.0064285714293 3.5000000000000004 65.500000000000014 14.500000000000002 38560.455000000009 2641.9333333333338 1518.4428571428573 13.500000000000002 1809.7666666666669 22.500000000000004 2430.840714285715 2371.4500000000003 1768.4196666666669 3.5000000000000004 1734.5108333333335 1965.7166666666669 7.5000000000000009 8.5000000000000018 1.0000000180025095e-35 2220.0000000000005 8.7857142857142865 2693.3414285714293
decision_type=2 2 2 2 2 2 2 2 2 2 2 2 2 2 2 2 2 2 2 2 2 2 2 2 2 2 2 2 2 2
left_child=11 -2 3 5 6 -3 -5 -6 10 -10 -9 12 13 24 16 17 -14 18 21 -20 -19 22 23 -16 27 26 28 -1 -26 -28
right_child=1 2 -4 4 7 -7 -8 8 9 -11 -12 -13 14 -15 15 -17 -18 20 19 -21 -22 -23 -24 -25 25 -27 29 -29 -30 -31
leaf_value=-0.08914633118262455 1.5258205230789907 -9.9933092351393285 16.039561694992912 -32.70963548624291 8.9063549135772284 13.432977681954704 -8.3839978051564046 -4.5924564782310942 11.745069080988566 -15.241335487365724 -26.700477221974154 -0.063547006302141829 3.6366314443057046 -24.142182336030185 14.363677733509164 26.092164596758394 -15.063398865593806 5.8949602944510326 31.121206619626005 6.7272643054525068 -14.793504303693773 8.7818687925613457 -12.365192797208074 -1.6892251932732414 -2.2314343845143041 0.31947862519521036 -0.36580641881719256 -10.203639397000273 9.8062417900800316 16.553359285153842
leaf_weight=19618 7706 55 90 53 71 90 63 51 60 58 57 320435 171 54 76 57 90 70 63 126 68 243 99 107 170 17360 1476 240 1202 57
leaf_count=19618 7706 55 90 53 71 90 63 51 60 58 57 320435 171 54 76 57 90 70 63 126 68 243 99 107 170 17360 1476 240 1202 57
internal_value=0.0177732 1.23246 -2.25616 -5.20708 -8.63169 4.54714 -19.4983 -4.38749 -8.56388 -1.51943 -16.2606 -0.0102755 0.402573 0.295097 4.09325 6.07585 -2.81165 4.73673 6.4832 14.8586 -4.29936 3.46806 -1.11086 4.97755 0.327986 0.856527 4.06588 -0.211388 8.31469 0.263282
internal_weight=370136 8354 648 558 413 145 116 297 226 118 108 361782 41347 40177 1170 909 261 852 714 189 138 525 282 183 40123 20265 2905 19858 1372 1533
internal_count=370136 8354 648 558 413 145 116 297 226 118 108 361782 41347 40177 1170 909 261 852 714 189 138 525 282 183 40123 20265 2905 19858 1372 1533
is_linear=0
shrinkage=0.05


Tree=119
num_leaves=31
num_cat=0
split_feature=4 8 10 11 10 0 0 8 10 8 0 6 1 9 9 10 10 10 1 0 10 9 1 9 11 11 8 11 10 11
split_gain=2.88804e+06 3.01666e+06 2.41737e+06 2.13636e+06 5.09045e+06 5.10637e+06 9.91729e+06 7.5809e+06 5.55753e+06 1.01819e+07 4.47388e+06 5.23738e+06 5.32431e+06 6.37202e+06 1.51284e+07 4.27457e+06 3.9802e+06 7.16479e+06 3.59985e+06 4.51365e+06 2.89499e+06 3.44858e+06 2.71631e+06 2.67451e+06 9.71634e+06 6.02718e+06 1.45489e+07 7.38333e+06 7.17074e+06 1.01121e+07
threshold=1.0000000180025095e-35 47.296428571428578 509.16666666666669 65821.285000000018 2548.1500000000001 12.500000000000002 16.500000000000004 1483.5285714285715 2955.1166666666672 2024.3085714285717 5.5000000000000009 1.5000000000000002 5.5000000000000009 1957.9808333333337 1804.4843333333336 2303.4000000000005 3076.1000000000008 2720.4666666666672 1.5000000000000002 11.500000000000002 2394.6000000000004 1554.7928333333336 3.5000000000000004 2530.8520000000003 2175.8900000000008 22071.445000000003 1972.967142857143 50375.340000000004 2641.9333333333338 18339.145
decision_type=2 2 2 2 2 2 2 2 2 2 2 2 2 2 2 2 2 2 2 2 2 2 2 2 2 2 2 2 2 2
left_child=-1 2 -2 23 10 7 -7 -6 9 -8 -5 12 13 14 18 -14 17 -9 -12 -20 21 22 -21 -3 -25 28 -27 -28 29 -26
right_child=1 3 -4 4 5 6 8 16 -10 -11 11 -13 15 -15 -16 -17 -18 -19 19 20 -22 -23 -24 24 25 26 27 -29 -30 -31
leaf_value=-0.15425880185180052 -0.33672214732859679 0.15517636706521085 -3.5938312237324497 13.930024443992549 -23.882785144219032 17.957968977317215 5.7330012302009434 -12.861506733473611 8.8213673383340065 -16.114314592699721 10.563506305334615 13.775033124602666 -18.319950344779276 -9.9497199475765239 30.705277211577808 1.2192355741534318 -13.793505255959253 10.643238629116102 12.403932215486256 2.4491749703884125 -14.067095471858977 10.266234989886016 -11.897546025176547 20.151121877942767 1.5837979038556418 17.457984977788321 3.6985131867982632 -8.6890751002586057 -3.2582126198315602 24.066074642113279
leaf_weight=166482 21731 177369 585 112 52 80 98 51 87 117 102 101 55 74 54 57 55 89 56 65 50 53 67 70 468 173 683 146 981 56
leaf_count=166482 21731 177369 585 112 52 80 98 51 87 117 102 101 55 74 54 57 55 89 56 65 50 53 67 70 468 173 683 146 981 56
internal_value=0.0002289 0.126467 -0.422105 0.193945 2.08907 -1.31746 2.30512 -6.91998 -1.84133 -6.156 4.62182 3.2015 1.51441 3.64054 5.89038 -8.3759 -2.39657 2.0808 2.4807 -0.352451 -3.39227 -0.507182 -4.83287 0.178411 1.77761 1.26459 4.26917 1.51686 -0.735807 3.98648
internal_weight=370219 203737 22316 181421 1475 629 382 247 302 215 846 734 633 521 447 112 195 140 393 291 235 185 132 179946 2577 2507 1002 829 1505 524
internal_count=370219 203737 22316 181421 1475 629 382 247 302 215 846 734 633 521 447 112 195 140 393 291 235 185 132 179946 2577 2507 1002 829 1505 524
is_linear=0
shrinkage=0.05


Tree=120
num_leaves=31
num_cat=0
split_feature=4 8 10 0 11 8 8 0 10 10 0 10 3 11 11 11 11 1 8 3 10 8 11 9 11 0 1 8 11 10
split_gain=2.69306e+06 2.80961e+06 2.90501e+06 1.91849e+06 4.04613e+06 1.40699e+07 5.60102e+06 1.01258e+07 6.76252e+06 5.37631e+06 5.68188e+06 4.21537e+06 4.34352e+06 4.48298e+06 4.39921e+06 4.39642e+06 4.67998e+06 3.95493e+06 2.97506e+06 2.44057e+06 3.37111e+06 2.31145e+06 6.1663e+06 7.10659e+06 6.60619e+06 5.43265e+06 5.94524e+06 5.23618e+06 4.97925e+06 4.21367e+06
threshold=1.0000000180025095e-35 1.0000000180025095e-35 223.50000000000003 8.5000000000000018 55972.670000000006 1791.3400000000004 1483.5285714285715 5.5000000000000009 2469.5833333333335 2394.6000000000004 6.5000000000000009 2872.6833333333338 50.500000000000007 25929.405000000002 42026.485000000008 22071.445000000003 10903.300000000001 2.5000000000000004 2195.8535714285722 23.500000000000004 2090.7166666666667 1925.7600000000002 15809.935000000003 2703.9491666666668 14742.730000000001 1.5000000000000002 3.5000000000000004 2266.1771428571433 14253.120000000001 1809.7666666666669
decision_type=2 2 2 2 2 2 2 2 2 2 2 2 2 2 2 2 2 2 2 2 2 2 2 2 2 2 2 2 2 2
left_child=-1 2 -2 4 11 6 8 -8 19 -7 18 21 -13 15 -15 16 -14 -18 -11 -6 -21 29 24 25 28 26 -24 -26 -23 -3
right_child=1 3 -4 -5 5 9 7 -9 -10 10 -12 12 13 14 -16 -17 17 -19 -20 20 -22 22 23 -25 27 -27 -28 -29 -30 -31
leaf_value=-0.14657984329112086 -0.32410706112058707 -0.0074111855953214031 -3.0046970396048489 0.27610121827013639 9.7952954530715957 -25.833523553212487 17.279950873057047 -7.3334077160175033 -16.632652165996497 -10.050822620352974 -22.377552045624835 13.207657841948777 13.301206995459166 -10.641745138631284 5.534747566975339 19.05933379420528 -13.842246624946595 4.6820208353154795 3.6274827364512854 -9.974252638672338 6.4737518609580356 -0.38246793848812777 6.7851695257363858 -14.018792461048475 -1.7898310987916712 5.6861852166447573 -9.4171541876652665 -21.000183833854788 15.346242575691299 -1.5863532832919454
leaf_weight=166395 15544 40544 1081 137476 64 60 117 65 67 92 58 111 68 103 71 54 50 68 70 66 59 1555 97 55 73 1174 136 69 52 4717
leaf_count=166395 15544 40544 1081 137476 64 60 117 65 67 92 58 111 68 103 71 54 50 68 70 66 59 1555 97 55 73 1174 136 69 52 4717
internal_value=0.00267107 0.124519 -0.498406 0.179843 -0.0863378 -3.81256 1.78366 8.48947 -2.98374 -12.5666 -8.94841 -0.0317339 4.42451 2.06961 -4.04099 6.4998 2.85348 -3.16725 -4.14044 1.85476 -2.21079 -0.0799995 1.21631 3.61284 -0.786966 4.30207 -2.67198 -11.1244 0.126488 -0.171965
internal_weight=370211 203816 16625 187191 49715 718 438 182 256 280 220 48997 525 414 174 240 186 118 162 189 125 48472 3211 1462 1749 1407 233 142 1607 45261
internal_count=370211 203816 16625 187191 49715 718 438 182 256 280 220 48997 525 414 174 240 186 118 162 189 125 48472 3211 1462 1749 1407 233 142 1607 45261
is_linear=0
shrinkage=0.05


Tree=121
num_leaves=31
num_cat=0
split_feature=3 10 10 3 3 0 3 0 11 10 10 10 10 0 9 0 11 9 9 10 6 0 3 9 10 10 11 11 10 10
split_gain=3.04559e+06 3.12151e+06 2.9513e+06 3.87268e+06 5.11667e+06 3.40094e+06 7.02058e+06 7.59492e+06 1.09412e+07 1.16242e+07 9.60356e+06 9.54851e+06 6.51703e+06 6.19284e+06 6.20337e+06 6.14051e+06 6.06081e+06 5.21501e+06 4.91642e+06 7.63885e+06 1.01542e+07 4.60536e+06 6.65369e+06 9.5294e+06 5.90561e+06 4.80327e+06 4.38328e+06 3.7632e+06 6.12803e+06 4.6378e+06
threshold=265.50000000000006 298.50000000000006 263.50000000000006 68.500000000000014 44.500000000000007 12.500000000000002 55.500000000000007 18.500000000000004 29214.375000000004 2494.5000000000005 785.16666666666686 1509.116666666667 3076.1000000000008 14.500000000000002 1880.9296666666669 15.500000000000002 3568.6350000000007 2041.4540000000004 1270.8481666666669 2348.0500000000006 1.5000000000000002 23.500000000000004 64.500000000000014 1768.4196666666669 2680.8833333333337 2762.7666666666669 23225.890000000003 27454.115000000002 2469.5833333333335 2090.7166666666667
decision_type=2 2 2 2 2 2 2 2 2 2 2 2 2 2 2 2 2 2 2 2 2 2 2 2 2 2 2 2 2 2
left_child=2 -2 -1 4 -4 16 18 8 9 11 -9 -8 21 14 -13 -11 -6 -15 -7 -20 -21 22 23 -12 27 -24 -27 28 29 -25
right_child=1 -3 3 -5 5 6 7 10 -10 15 12 13 -14 17 -16 -17 -18 -19 19 20 -22 -23 25 24 -26 26 -28 -29 -30 -31
leaf_value=-0.091754875861417812 -0.12673557372667574 -1.1400537247808364 0.31142091180335796 0.56713525611770588 -0.092106428572515331 0.57680487466869013 -0.32262125211726733 -0.020145186516158931 11.275633305756527 -25.114359507927531 -2.09051483772275 8.4112261519406015 5.6602963455518092 5.142519756319559 27.429159010161779 -1.8077237281799317 -2.412880702948641 -9.9465562991241914 7.0497221373875139 1.7989445372709907 -20.930270208631242 -5.0453976651381574 -6.0250346515824136 -0.24454247792561851 -8.0058818172525488 15.31222614432281 -3.6339053286446465 19.258815096616747 -7.9084591310674499 16.734232322505264
leaf_weight=207145 22271 11537 50464 48287 5905 3289 2333 6655 261 65 1011 183 210 394 56 50 5373 67 838 401 56 2136 953 60 54 53 72 80 55 122
leaf_count=207145 22271 11537 50464 48287 5905 3289 2333 6655 261 65 1011 183 210 394 56 50 5373 67 838 401 56 2136 953 60 54 53 72 80 55 122
internal_value=-0.0201394 -0.472531 0.0252949 0.212549 0.00167823 -0.50694 -0.106455 -0.633829 1.4381 0.622467 -1.25011 1.21409 -2.95328 6.33574 12.8673 -14.981 -1.19776 2.94953 1.60429 4.21386 -0.986255 -3.34685 -1.87201 0.424613 7.27851 -4.81628 4.39925 9.88216 6.71704 11.1368
internal_weight=370436 33808 336628 129483 81196 30732 19454 14870 3409 3148 11461 3033 4806 700 239 115 11278 461 4584 1295 457 4596 2460 1382 371 1078 125 317 237 182
internal_count=370436 33808 336628 129483 81196 30732 19454 14870 3409 3148 11461 3033 4806 700 239 115 11278 461 4584 1295 457 4596 2460 1382 371 1078 125 317 237 182
is_linear=0
shrinkage=0.05


Tree=122
num_leaves=31
num_cat=0
split_feature=9 10 9 10 10 0 11 3 8 0 3 9 11 11 3 11 11 3 0 6 8 3 0 8 3 3 11 11 11 10
split_gain=3.41266e+06 7.27841e+06 7.71574e+06 6.13278e+06 5.23232e+06 4.19072e+06 3.96074e+06 5.87679e+06 9.29481e+06 8.74273e+06 3.87459e+06 3.85999e+06 1.0593e+07 9.25567e+06 7.59137e+06 1.35733e+07 7.84773e+06 6.25175e+06 7.75736e+06 6.07522e+06 6.00241e+06 5.14211e+06 5.34845e+06 5.11198e+06 5.00946e+06 1.17102e+07 4.89218e+06 4.48113e+06 4.24917e+06 3.79491e+06
threshold=2530.8520000000003 2548.1500000000001 2703.9491666666668 2371.4500000000003 2418.9166666666674 12.500000000000002 65821.285000000018 13.500000000000002 2024.3085714285717 16.500000000000004 57.500000000000007 2703.9491666666668 29214.375000000004 50375.340000000004 64.500000000000014 9526.4100000000017 5129.4600000000009 268.50000000000006 21.500000000000004 1.5000000000000002 2537.0064285714293 275.50000000000006 10.500000000000002 2899.4528571428577 8.5000000000000018 37.500000000000007 24530.555000000004 10903.300000000001 13348.465000000002 2469.5833333333335
decision_type=2 2 2 2 2 2 2 2 2 2 2 2 2 2 2 2 2 2 2 2 2 2 2 2 2 2 2 2 2 2
left_child=6 2 3 10 -5 -6 -1 9 -9 -8 -2 12 -3 20 15 16 -13 18 28 24 -14 22 -19 26 -17 -26 27 -23 -16 -11
right_child=1 11 -4 4 5 -7 7 8 -10 29 -12 14 13 -15 17 19 -18 21 -20 -21 -22 23 -24 -25 25 -27 -28 -29 -30 -31
leaf_value=-0.015339449809167897 2.782639476656914 6.4588773928978371 15.254402418909846 19.492815520546657 12.306619543017764 -4.2423758160936966 22.648989966196172 3.5122875056418246 -7.351830472224262 11.186588440504339 -14.483401528633003 -6.4302887384708116 -3.6825996406443489 5.3723927221822407 12.490143157958984 10.12294356775284 -32.580753995478155 -20.202582648543061 21.236534342311678 -17.435689036051432 -21.223194088881044 12.326352482575636 0.82241366068522148 -5.5087195242622071 -24.626797406813679 1.6714979275163397 20.661543787850277 -8.6377882232666021 -6.6517950953227345 -4.4141456876081575
leaf_weight=366342 64 659 185 66 66 91 85 913 251 72 66 52 111 141 50 100 64 61 84 54 87 52 60 112 51 249 54 50 69 85
leaf_count=366342 64 659 185 66 66 91 85 913 251 72 66 52 111 141 50 100 64 61 84 54 87 52 60 112 51 249 54 50 69 85
internal_value=0.00782482 1.7796 6.98319 2.64842 7.6803 2.71453 -0.00517387 2.64353 1.1696 9.73304 -5.9832 0.483518 2.76425 -4.41793 -1.47532 -5.59393 -20.8581 2.49023 9.60297 -1.69382 -11.3898 -1.22156 -9.77696 2.64115 0.431327 -2.79921 8.49234 2.04981 1.39104 2.74033
internal_weight=370446 2698 538 353 223 157 367748 1406 1164 242 130 2160 998 339 1162 570 116 592 203 454 198 389 121 268 400 300 156 102 119 157
internal_count=370446 2698 538 353 223 157 367748 1406 1164 242 130 2160 998 339 1162 570 116 592 203 454 198 389 121 268 400 300 156 102 119 157
is_linear=0
shrinkage=0.05


Tree=123
num_leaves=31
num_cat=0
split_feature=6 9 11 10 10 11 1 3 2 8 10 9 3 3 8 11 1 11 11 9 9 3 8 8 11 11 3 3 10 11
split_gain=2.37378e+06 7.18965e+06 2.41464e+06 2.93223e+06 8.97393e+06 6.21877e+06 3.84653e+06 2.79382e+06 4.91026e+06 3.17019e+06 2.67315e+06 2.62055e+06 3.10192e+06 5.72153e+06 4.60082e+06 8.77722e+06 7.89562e+06 7.33782e+06 5.88737e+06 8.30655e+06 5.29063e+06 7.81169e+06 5.51374e+06 4.80866e+06 1.42349e+07 6.79417e+06 8.32328e+06 1.2562e+07 9.5062e+06 7.40152e+06
threshold=3.5000000000000004 2041.4540000000004 1240.4600000000003 1584.0166666666669 2051.6500000000001 375.23500000000007 3.5000000000000004 259.50000000000006 1.0000000180025095e-35 1554.1278571428572 308.16666666666669 459.22000000000008 68.500000000000014 53.500000000000007 3218.1678571428579 42026.485000000008 4.5000000000000009 9526.4100000000017 5129.4600000000009 2422.4765000000002 2258.7413333333338 3.5000000000000004 1295.9014285714288 2430.840714285715 55972.670000000006 50375.340000000004 26.500000000000004 45.500000000000007 2609.7166666666667 21033.945000000003
decision_type=2 2 2 2 2 2 2 2 2 2 2 2 2 2 2 2 2 2 2 2 2 2 2 2 2 2 2 2 2 2
left_child=2 -2 3 7 6 -6 -5 9 10 -1 -9 -4 13 14 20 17 -17 18 -16 -20 -13 -22 -23 25 -25 26 -24 28 29 -28
right_child=1 -3 11 4 5 -7 -8 8 -10 -11 -12 12 -14 -15 15 16 -18 -19 19 -21 21 22 23 24 -26 -27 27 -29 -30 -31
leaf_value=0.64807254726030072 -0.10114080693441628 -18.347822507664009 -0.26834454590829637 8.0349258661270149 -15.720720261021667 6.8250713070233662 25.982496040942625 1.4464819379170528 2.15807484994721 -11.051477917720533 -1.7897319329737229 0.15777422869330981 0.56024428507640289 -1.1453567351975438 1.355713088793701 -6.2552618637825681 -30.311055755498366 2.6158155945832271 -27.566869556725916 -2.1722384052891885 13.132384890246104 -14.384070360046977 10.953551530049852 1.3279314830703872 -23.135647240653636 14.909788070899854 -6.2904417379634587 6.5648596174931262 -17.303901708305329 15.80846897761027
leaf_weight=33973 205656 54 44403 72 57 66 51 758 1328 58 4034 31971 35385 9637 89 103 51 456 67 62 166 51 242 839 64 138 127 356 133 54
leaf_count=33973 205656 54 44403 72 57 66 51 758 1328 58 4034 31971 35385 9637 89 103 51 456 67 62 166 51 242 839 64 138 127 356 133 54
internal_value=0.00734451 -0.105931 0.148747 0.484604 5.92681 -3.62298 15.4766 0.451261 -0.532258 0.628133 -1.27783 0.0396771 0.21066 -0.0666582 0.230617 -3.45211 -14.2218 -0.991378 -8.5367 -15.3617 0.319932 2.70903 1.84562 2.26943 -0.405921 4.57024 3.0057 0.134989 -7.15493 0.302603
internal_weight=370501 205710 164791 40397 246 123 123 40151 6120 34031 4792 124394 79991 44606 34969 828 154 674 218 129 34141 2170 2004 1953 903 1050 912 670 314 181
internal_count=370501 205710 164791 40397 246 123 123 40151 6120 34031 4792 124394 79991 44606 34969 828 154 674 218 129 34141 2170 2004 1953 903 1050 912 670 314 181
is_linear=0
shrinkage=0.05


Tree=124
num_leaves=31
num_cat=0
split_feature=9 8 8 11 3 10 9 8 11 11 6 8 10 3 0 11 0 0 0 3 10 10 10 1 8 0 3 8 8 10
split_gain=3.10291e+06 4.14078e+06 4.12709e+06 1.05467e+07 7.11638e+06 5.32106e+06 6.32657e+06 1.19996e+07 1.36467e+07 9.06893e+06 5.23557e+06 1.10707e+07 5.24354e+06 7.12256e+06 5.27497e+06 5.16258e+06 4.95131e+06 9.54776e+06 8.06486e+06 4.88209e+06 3.73772e+06 3.64492e+06 3.98613e+06 3.20521e+06 1.35417e+07 1.19211e+07 7.11055e+06 5.19632e+06 8.86353e+06 5.21375e+06
threshold=2530.8520000000003 1295.9014285714288 1925.7600000000002 6839.0850000000009 262.50000000000006 2641.9333333333338 2703.9491666666668 2195.8535714285722 50375.340000000004 32951.680000000008 1.5000000000000002 2899.4528571428577 2577.1000000000004 65.500000000000014 23.500000000000004 27454.115000000002 21.500000000000004 17.500000000000004 25.500000000000004 51.500000000000007 2418.9166666666674 3076.1000000000008 2812.8500000000008 1.0000000180025095e-35 3218.1678571428579 14.500000000000002 11.500000000000002 3218.1678571428579 2899.4528571428577 2955.1166666666672
decision_type=2 2 2 2 2 2 2 2 2 2 2 2 2 2 2 2 2 2 2 2 2 2 2 2 2 2 2 2 2 2
left_child=-1 -2 3 -3 19 10 15 -8 9 23 12 -12 14 -14 -4 16 17 -7 -18 -5 -16 22 -17 24 25 -9 -25 28 -28 -29
right_child=1 2 5 4 -6 6 7 8 -10 -11 11 -13 13 -15 20 21 18 -19 -20 -21 -22 -23 -24 26 -26 -27 27 29 -30 -31
leaf_value=-0.0062946775093356659 -11.636997116239449 -11.856472625655513 3.5157364972268597 17.086236893896963 19.612241552242867 7.3847549385825788 -19.120535260897416 -14.40272883605957 -22.322053218233414 14.538107464199975 1.6009484727131693 31.210018424634583 1.2027318334004966 23.400929579138758 0.88241007460488208 -9.1049323968855411 27.542728209968597 -15.065682905811375 2.9661597883197626 -1.3579421624664434 -16.795528174158353 -12.679524158331064 6.4043426151118004 12.307593986131614 -28.660936560817795 19.954603475682877 -0.1320562766018239 -5.4421250044130813 -20.035119619602114 16.140453795463809
leaf_weight=367814 57 62 291 51 130 240 104 50 69 105 76 54 83 64 54 63 63 59 71 121 67 65 121 103 51 51 176 51 82 62
leaf_count=367814 57 62 291 51 130 240 104 50 69 105 76 54 83 64 54 63 63 59 71 121 67 65 121 103 51 51 176 51 82 62
internal_value=0.00609331 1.69618 1.98416 6.92741 10.7837 1.19325 -0.400564 -3.14347 -1.06645 0.939893 4.86202 13.9001 2.76013 10.8673 -0.132454 3.23519 6.53408 2.95474 14.5208 4.11097 -8.9062 -2.50142 1.0941 -1.34096 -7.65894 2.94602 0.685064 -2.54168 -6.45784 6.39964
internal_weight=370510 2696 2639 364 302 2275 1586 904 800 731 689 130 559 147 412 682 433 299 134 172 121 249 184 626 152 101 474 371 258 113
internal_count=370510 2696 2639 364 302 2275 1586 904 800 731 689 130 559 147 412 682 433 299 134 172 121 249 184 626 152 101 474 371 258 113
is_linear=0
shrinkage=0.05


Tree=125
num_leaves=31
num_cat=0
split_feature=10 1 11 3 3 9 11 1 3 11 11 0 3 0 11 1 11 11 9 0 3 11 3 3 3 11 10 9 11 11
split_gain=2.02653e+06 9.99097e+06 1.19927e+07 1.20278e+07 8.15456e+06 7.46721e+06 1.01446e+07 9.73878e+06 8.48934e+06 6.60245e+06 8.42491e+06 7.50505e+06 7.91069e+06 5.41948e+06 8.18957e+06 1.34422e+07 5.82099e+06 6.56667e+06 5.32489e+06 4.44631e+06 4.21738e+06 3.94534e+06 3.71905e+06 9.26689e+06 7.5905e+06 6.92324e+06 7.59543e+06 5.87985e+06 1.10213e+07 5.5119e+06
threshold=2680.8833333333337 1.0000000180025095e-35 38560.455000000009 17.500000000000004 29.500000000000004 2703.9491666666668 20009.920000000002 2.5000000000000004 60.500000000000007 10040.155000000001 22071.445000000003 9.5000000000000018 66.500000000000014 27.500000000000004 55972.670000000006 5.5000000000000009 4198.4150000000009 5949.7650000000012 2087.0383333333334 12.500000000000002 64.500000000000014 38560.455000000009 137.50000000000003 257.50000000000006 106.50000000000001 25929.405000000002 2762.7666666666669 2336.8835000000004 65821.285000000018 29214.375000000004
decision_type=2 2 2 2 2 2 2 2 2 2 2 2 2 2 2 2 2 2 2 2 2 2 2 2 2 2 2 2 2 2
left_child=5 2 3 -2 -4 -1 7 -7 -9 19 11 -11 -13 16 15 18 -3 -18 -15 -5 -12 -8 24 -24 -19 26 -26 28 -25 -27
right_child=1 13 4 9 -6 6 21 8 -10 10 20 12 -14 14 -16 -17 17 22 -20 -21 -22 -23 23 27 25 29 -28 -29 -30 -31
leaf_value=-0.035886641855986036 -25.618901148507764 14.546460138559343 19.58712762594223 -5.1775096504776563 -0.78386518642053771 11.939486166017247 25.736075235667982 -24.301295104980468 1.7203464156105406 -8.1079341263067537 -18.032392717078331 26.977282207991397 0.40076563443456381 19.521311963476787 19.020965903145928 -11.527474217755454 -12.205399763455956 1.1915842588997723 4.9668666037651246 -24.954023937384289 -1.7970569765567781 7.7588787754376725 -22.663922096252442 12.103797610840957 26.307186922916145 -11.498416212626866 6.391933077353019 -3.5833111956011834 -12.453931700987894 10.401862097619954
leaf_weight=364567 86 80 68 54 177 113 76 50 84 61 80 56 56 82 105 112 93 2741 269 60 80 51 50 182 86 56 108 487 61 59
leaf_count=364567 86 80 68 54 177 113 76 50 84 61 80 56 56 82 105 112 93 2741 269 60 80 51 50 182 86 56 108 487 61 59
internal_value=-0.0144813 0.951681 -4.28617 -8.49498 4.87012 -0.0286425 7.03276 1.12796 -7.98922 -5.20044 -1.64495 6.00339 13.689 1.84318 6.41366 3.55455 1.19466 0.922383 8.36705 -15.5862 -9.91472 18.5169 1.24115 -1.83983 2.02907 9.45808 15.2203 -0.413522 5.9391 -0.262621
internal_weight=370290 5349 778 533 245 364941 374 247 134 447 333 173 112 4571 568 463 4003 3923 351 114 160 127 3830 780 3050 309 194 730 243 115
internal_count=370290 5349 778 533 245 364941 374 247 134 447 333 173 112 4571 568 463 4003 3923 351 114 160 127 3830 780 3050 309 194 730 243 115
is_linear=0
shrinkage=0.05


Tree=126
num_leaves=31
num_cat=0
split_feature=4 6 10 11 8 9 1 0 8 9 8 10 11 8 10 11 10 11 9 0 9 9 10 8 9 10 0 8 0 11
split_gain=2.07114e+06 2.50993e+06 1.6166e+06 1.27051e+06 2.16876e+06 1.58286e+06 2.23982e+06 3.82712e+06 6.32005e+06 7.62262e+06 7.88057e+06 5.45014e+06 5.5144e+06 6.20945e+06 4.92923e+06 4.24834e+06 7.89188e+06 7.75573e+06 6.56964e+06 3.76603e+06 6.46026e+06 5.34751e+06 3.55282e+06 5.71671e+06 3.84754e+06 3.54699e+06 3.12328e+06 2.73096e+06 2.5701e+06 2.51578e+06
threshold=1.0000000180025095e-35 31.500000000000004 298.50000000000006 1133.1150000000002 1.0000000180025095e-35 459.22000000000008 5.5000000000000009 21.500000000000004 1925.7600000000002 2138.2523333333338 1750.47 1922.3833333333334 17684.070000000003 2693.3414285714293 2282.6333333333337 35421.660000000011 2762.7666666666669 50375.340000000004 2258.7413333333338 16.500000000000004 1158.1600000000001 928.8950000000001 2680.8833333333337 2340.6650000000004 2194.8705000000004 2494.5000000000005 25.500000000000004 1972.967142857143 27.500000000000004 50375.340000000004
decision_type=2 2 2 2 2 2 2 2 2 2 2 2 2 2 2 2 2 2 2 2 2 2 2 2 2 2 2 2 2 2
left_child=2 3 -1 -2 -5 -6 -7 19 9 -9 -11 -10 13 14 -13 16 18 -17 -14 -8 21 -21 23 24 27 -15 -19 29 -16 -22
right_child=1 -3 -4 4 5 6 7 8 11 10 -12 12 15 25 28 17 -18 26 -20 20 22 -23 -24 -25 -26 -27 -28 -29 -30 -31
leaf_value=-0.12129286979906032 0.33431805917672824 -0.66643397735726495 -5.1031379322332846 -1.8115012597778755 -0.13643201168390004 0.33342606173935829 -0.36102248594665992 -1.2120702814980284 -18.315659965515135 1.4266818363587936 25.265946202618736 2.8593454142642578 -16.012725675932252 0.94050589891580438 -3.397122210264206 7.2519923085147902 -27.67549706812828 -19.968386768667322 2.4051533791326709 1.1972191003286783 6.6733580543008051 -9.4048993763779158 15.384168108089552 -6.8657236906969663 15.56265779052462 18.998689370406304 -2.9364133348651964 -2.9201901299612865 -18.064483705163003 -3.8047966092824939
leaf_weight=165947 63688 9860 163 1527 49845 67261 6274 2465 75 91 56 129 101 52 56 103 62 57 93 426 546 165 74 107 84 57 51 112 64 64
leaf_count=165947 63688 9860 163 1527 49845 67261 6274 2465 75 91 56 129 101 52 56 103 62 57 93 426 546 165 74 107 84 57 51 112 64 64
internal_value=0.00482988 0.111746 -0.126181 0.151361 0.0617274 0.0839927 0.223733 -0.425517 -1.79751 -0.552463 10.5083 -5.41093 -4.23778 0.431065 -3.92574 -7.81689 -12.1464 -2.56398 -7.18354 0.188143 2.37158 -1.76276 4.84716 3.99312 5.43468 10.3838 -11.9255 4.25635 -11.2197 5.57401
internal_weight=369655 203545 166110 193685 129997 128470 78625 11364 3512 2612 147 900 825 358 249 467 256 211 194 7852 1578 591 987 913 806 109 108 722 120 610
internal_count=369655 203545 166110 193685 129997 128470 78625 11364 3512 2612 147 900 825 358 249 467 256 211 194 7852 1578 591 987 913 806 109 108 722 120 610
is_linear=0
shrinkage=0.05


Tree=127
num_leaves=31
num_cat=0
split_feature=11 8 3 3 9 3 9 1 9 8 0 1 11 9 8 3 8 9 8 1 11 1 11 11 1 9 3 1 8 3
split_gain=2.37847e+06 5.30196e+06 1.22887e+07 4.39351e+06 4.69618e+06 6.51994e+06 4.92157e+06 7.33015e+06 4.52008e+06 5.67385e+06 7.01678e+06 4.01737e+06 8.0611e+06 5.9414e+06 5.67331e+06 4.42126e+06 9.90366e+06 8.28287e+06 1.29399e+07 5.95901e+06 4.16466e+06 4.13417e+06 7.91934e+06 6.46585e+06 5.39842e+06 1.32338e+07 4.05484e+06 4.01481e+06 3.47908e+06 4.39493e+06
threshold=38560.455000000009 3218.1678571428579 9.5000000000000018 1.5000000000000002 1554.7928333333336 27.500000000000004 1592.5745000000004 3.5000000000000004 1697.2931666666666 1554.1278571428572 22.500000000000004 5.5000000000000009 65821.285000000018 1917.6366666666668 2024.3085714285717 7.5000000000000009 2430.840714285715 1734.5108333333335 1669.8157142857144 3.5000000000000004 45915.240000000013 1.5000000000000002 45915.240000000013 42026.485000000008 3.5000000000000004 1957.9808333333337 17.500000000000004 4.5000000000000009 1709.7935714285716 15.500000000000002
decision_type=2 2 2 2 2 2 2 2 2 2 2 2 2 2 2 2 2 2 2 2 2 2 2 2 2 2 2 2 2 2
left_child=-1 3 27 -2 28 11 7 -7 9 10 -8 15 13 -13 -15 16 -6 18 -17 -20 -18 22 -19 -23 25 -25 -24 -3 29 -5
right_child=1 2 -4 4 5 6 8 -9 -10 -11 -12 12 -14 14 -16 17 20 21 19 -21 -22 23 26 24 -26 -27 -28 -29 -30 -31
leaf_value=-0.028248284010563476 -9.8539009187532525 -9.1047086317604844 10.066950726826986 5.3277562755376193 -0.03299592109995151 18.052462238438277 -4.1110528123684418 -3.5032918886704878 1.1478051228820363 -10.450741982117297 16.658943145925349 -15.858170950854268 14.857908906358663 14.283303783490107 -6.260629205201802 28.172998059576472 7.6330345565197524 -4.5920045073586282 -2.8460521869831261 15.256062118263987 24.894217907308459 14.214567766351216 7.5488654860743765 -23.173955786228181 1.6173495315975615 4.275632816269284 23.939102288361255 -26.216788927078252 -5.7540071456882034 -0.68455055016431077
leaf_weight=361865 92 109 75 349 109 98 156 66 3258 200 55 81 66 52 95 84 51 99 111 77 111 59 108 92 225 84 58 50 281 2355
leaf_count=361865 92 109 75 349 109 98 156 66 3258 200 55 81 66 52 95 84 51 99 111 77 111 59 108 92 225 84 58 50 281 2355
internal_value=-0.00860025 0.80807 -6.61637 1.01314 1.13244 2.01287 0.903272 9.37759 0.52448 -4.41662 1.30293 4.73573 -0.530333 -4.98482 1.00661 5.95673 11.6197 4.41744 11.8579 4.56811 19.4601 1.626 6.60052 -1.23976 -3.51358 -10.073 13.2756 -14.4859 -0.458829 0.0914462
internal_weight=370571 8706 234 8472 8380 5395 3833 164 3669 411 211 1562 294 228 147 1268 271 997 272 188 162 725 265 460 401 176 166 159 2985 2704
internal_count=370571 8706 234 8472 8380 5395 3833 164 3669 411 211 1562 294 228 147 1268 271 997 272 188 162 725 265 460 401 176 166 159 2985 2704
is_linear=0
shrinkage=0.05


Tree=128
num_leaves=31
num_cat=0
split_feature=9 8 9 10 8 1 9 0 3 8 11 3 8 0 9 3 8 3 8 10 10 11 10 3 11 11 3 10 10 10
split_gain=3.57293e+06 6.36462e+06 9.04597e+06 8.35404e+06 1.10289e+07 7.5753e+06 8.87601e+06 7.82868e+06 6.66233e+06 6.41889e+06 6.19297e+06 9.70509e+06 9.67909e+06 1.28138e+07 6.06725e+06 1.28272e+07 5.96228e+06 6.66307e+06 5.92178e+06 5.29143e+06 5.0071e+06 9.77235e+06 5.14469e+06 6.02211e+06 6.73396e+06 1.08427e+07 5.93893e+06 1.08598e+07 8.61094e+06 4.89263e+06
threshold=2194.8705000000004 1709.7935714285716 2336.8835000000004 2418.9166666666674 1593.7250000000001 1.0000000180025095e-35 2530.8520000000003 11.500000000000002 272.50000000000006 1387.0700000000002 55972.670000000006 53.500000000000007 1925.7600000000002 8.5000000000000018 2422.4765000000002 42.500000000000007 1451.2592857142861 72.500000000000014 1791.3400000000004 2494.5000000000005 2303.4000000000005 9286.6000000000022 2548.1500000000001 116.50000000000001 4135.6450000000013 12198.740000000002 63.500000000000007 2418.9166666666674 2348.0500000000006 2176.9166666666674
decision_type=2 2 2 2 2 2 2 2 2 2 2 2 2 2 2 2 2 2 2 2 2 2 2 2 2 2 2 2 2 2
left_child=-1 2 3 -2 19 9 8 -8 16 -4 11 18 -12 -14 -15 -16 17 -7 -3 -5 21 29 23 26 -25 -26 27 -22 -28 -13
right_child=1 10 5 4 -6 6 7 -9 -10 -11 12 20 13 14 15 -17 -18 -19 -20 -21 22 -23 -24 24 25 -27 28 -29 -30 -31
leaf_value=-0.024829533057747752 10.759060443528575 18.674622983517857 -10.713838064445639 -11.27635820388794 -22.835581728328361 -15.371735413869224 -9.7331371145898657 10.677738743002822 -1.6924490811073618 10.809404663085939 12.813589223225913 6.9190404850949525 -20.640080465119464 4.9597490012645729 -25.776173083965599 2.0124310648959614 -11.693534257353807 -41.057817672729499 3.8452149835460663 6.6047064782616616 13.563084411621094 12.589807988677109 0.91362644648474822 16.49580427505931 -10.20690876696743 7.3951346689049222 -28.567459507855503 -11.941818237304688 -7.1936704172914148 -7.8759198028700697
leaf_weight=361662 193 69 53 55 55 51 110 82 73 100 78 93 116 180 65 115 123 50 2765 167 85 228 2396 61 177 173 55 82 329 140
leaf_count=361662 193 69 53 55 55 51 110 82 73 100 78 93 116 180 65 115 123 50 2765 167 85 228 2396 61 177 173 55 82 329 140
internal_value=-0.00126405 1.02323 -2.49761 2.77304 -2.79123 -6.35618 -9.39422 -1.01599 -14.8104 3.35364 1.56647 1.98942 -3.51274 -6.18806 -1.5313 -8.02234 -19.0855 -28.0876 4.20627 2.17471 0.344345 5.23063 -0.326464 -3.41509 1.1654 -1.50647 -6.83175 1.03972 -10.255 -1.97064
internal_weight=369981 8319 1112 470 277 642 489 192 297 153 7207 6653 554 476 360 180 224 101 2834 222 3819 461 3358 962 411 350 551 167 384 233
internal_count=369981 8319 1112 470 277 642 489 192 297 153 7207 6653 554 476 360 180 224 101 2834 222 3819 461 3358 962 411 350 551 167 384 233
is_linear=0
shrinkage=0.05


Tree=129
num_leaves=31
num_cat=0
split_feature=3 3 0 4 9 9 10 11 11 0 9 3 10 11 11 9 9 11 11 10 9 3 4 11 6 11 11 9 9 9
split_gain=2.90755e+06 3.75842e+06 1.28184e+07 1.06356e+07 8.5475e+06 4.81641e+06 4.46557e+06 4.42462e+06 4.15451e+06 9.67439e+06 4.12775e+06 4.33852e+06 6.50408e+06 9.75038e+06 1.22288e+07 4.86221e+06 8.60883e+06 5.13558e+06 5.06871e+06 4.29788e+06 7.98895e+06 3.84906e+06 6.75084e+06 6.00976e+06 4.1362e+06 4.03837e+06 4.89706e+06 3.82099e+06 3.6793e+06 3.5132e+06
threshold=14.500000000000002 7.5000000000000009 18.500000000000004 1.0000000180025095e-35 140.99750000000003 1998.7498333333335 1832.116666666667 53.775000000000013 65821.285000000018 21.500000000000004 662.26033333333351 11.500000000000002 2548.1500000000001 19100.720000000005 35421.660000000011 2138.2523333333338 1957.9808333333337 9526.4100000000017 15809.935000000003 2220.0000000000005 1841.156666666667 8.5000000000000018 1.0000000180025095e-35 2513.8400000000006 3.5000000000000004 3410.4700000000003 4644.1250000000009 1121.5418333333334 497.00883333333337 1412.969166666667
decision_type=2 2 2 2 2 2 2 2 2 2 2 2 2 2 2 2 2 2 2 2 2 2 2 2 2 2 2 2 2 2
left_child=1 8 10 4 -4 6 27 -6 -1 -10 21 12 15 -14 -15 16 19 -17 -18 29 -21 22 23 -3 -25 -26 -27 -5 -9 -12
right_child=-2 2 3 5 7 -7 -8 28 9 -11 11 -13 13 14 -16 17 18 -19 -20 20 -22 -23 -24 24 25 26 -28 -29 -30 -31
leaf_value=-0.1370897136941176 -0.049311265244009299 1.5542374823297371 -2.0068222663441642 0.66191743372806489 21.065897474308645 14.5063541488214 -10.829506449457966 8.5530152153140424 25.10991489975541 -1.7162084091915173 0.12866485800732375 4.0246362902925519 6.9463167548179632 -31.007727543757511 -3.0381212283153927 -17.851877431264001 4.9912613339807805 0.52016131033500035 22.604351967650576 -21.720579858259725 5.894293758392334 -0.036697558376477687 -1.1829222976152061 20.918729719538245 18.103138587134225 -6.9138365163947597 10.093388538643467 14.752140731994922 22.855584963630228 5.5913569987903946
leaf_weight=21251 327586 339 122 644 121 66 79 380 54 89 889 1572 82 65 98 63 87 96 77 55 50 15098 561 80 70 66 118 52 51 440
leaf_count=21251 327586 339 122 644 121 66 79 380 54 89 889 1572 82 65 98 63 87 96 77 55 50 15098 561 80 70 66 118 52 51 440
internal_value=0.00133326 0.388824 0.856992 5.29056 9.97021 1.54016 0.435942 12.6173 -0.0799337 8.41394 0.519563 2.0587 0.515017 -7.1169 -14.1916 1.57923 2.40891 -6.75933 13.2608 1.16783 -8.57064 0.182747 2.86766 6.24415 11.0043 7.8816 3.99297 1.71464 10.2454 1.93723
internal_weight=370401 42815 21421 1515 674 841 775 552 21394 143 19906 3574 2002 245 163 1757 1598 159 164 1434 105 16332 1234 673 334 254 184 696 431 1329
internal_count=370401 42815 21421 1515 674 841 775 552 21394 143 19906 3574 2002 245 163 1757 1598 159 164 1434 105 16332 1234 673 334 254 184 696 431 1329
is_linear=0
shrinkage=0.05


Tree=130
num_leaves=31
num_cat=0
split_feature=9 11 8 9 11 11 8 3 1 3 11 1 3 8 3 11 9 9 9 9 11 3 8 3 11 11 10 3 11 8
split_gain=3.22525e+06 3.34645e+06 8.48634e+06 8.18526e+06 5.57663e+06 6.08505e+06 7.28859e+06 6.09254e+06 5.43841e+06 5.57449e+06 7.90852e+06 5.21208e+06 6.1022e+06 4.5786e+06 4.72629e+06 8.20463e+06 6.99652e+06 6.23673e+06 4.28605e+06 5.38288e+06 8.64629e+06 7.42015e+06 5.80427e+06 7.07018e+06 5.09577e+06 1.11463e+07 1.4046e+07 6.17539e+06 4.92218e+06 5.75101e+06
threshold=1341.3198333333337 10301.915000000003 1554.1278571428572 2422.4765000000002 9526.4100000000017 9772.4500000000025 1669.8157142857144 26.500000000000004 5.5000000000000009 4.5000000000000009 23225.890000000003 2.5000000000000004 14.500000000000002 3218.1678571428579 65.500000000000014 5217.0600000000004 2422.4765000000002 2422.4765000000002 1804.4843333333336 1630.4328333333335 11174.860000000002 68.500000000000014 2266.1771428571433 11.500000000000002 12557.920000000002 12198.740000000002 2519.2500000000005 72.500000000000014 12198.740000000002 1174.069285714286
decision_type=2 2 2 2 2 2 2 2 2 2 2 2 2 2 2 2 2 2 2 2 2 2 2 2 2 2 2 2 2 2
left_child=-1 2 3 11 13 7 -7 -6 18 10 -10 -2 -13 -4 15 16 -15 -17 19 22 -21 -22 28 -24 25 -20 27 -27 29 -3
right_child=1 8 4 -5 5 6 -8 -9 9 -11 -12 12 -14 14 -16 17 -18 -19 24 20 21 -23 23 -25 -26 26 -28 -29 -30 -31
leaf_value=-0.032637582219426489 1.6914347598740844 -4.2763527171254161 0.088697353716786248 -10.952451274633409 25.202228638221481 -15.160133180319001 3.5136625556931458 6.3628919823241965 4.024953928860751 -1.083001265679981 -19.941354683430301 18.833974192200639 4.8584081185588728 12.904851118001071 2.6080781211684414 -28.854276238626511 -12.551947701652097 -6.9407417236812536 0.13535500559456418 -12.148657803205735 -3.0904355109318864 1.2928291383859509 -0.1137522198937156 -22.372423300743105 1.4670395829718739 -15.18982834495837 -33.314825352167681 6.3733812511831092 0.42630832888689452 7.8124986277352937
leaf_weight=331961 1828 125 6628 100 58 59 457 165 55 4592 92 82 1645 55 114 67 53 63 1007 188 2206 1717 88 60 10741 64 59 69 5616 462
leaf_count=331961 1828 125 6628 100 58 59 457 165 55 4592 92 82 1645 55 114 67 53 63 1007 188 2206 1717 88 60 10741 64 59 69 5616 462
internal_value=0.0176132 0.450725 1.17068 3.15545 0.230874 4.36117 1.37848 11.2628 0.149014 -1.38982 -10.9744 3.5523 5.52198 -0.206416 -5.76326 -9.77307 0.412163 -18.2346 0.474546 -0.264293 -1.67396 -1.17199 0.648185 -9.13754 1.12193 -1.96969 -13.0102 -4.0029 0.881667 5.23821
internal_weight=370476 38515 11374 3655 7719 739 516 223 27141 4739 147 3555 1727 6980 352 238 108 130 22402 10462 4111 3923 6351 148 11940 1199 192 133 6203 587
internal_count=370476 38515 11374 3655 7719 739 516 223 27141 4739 147 3555 1727 6980 352 238 108 130 22402 10462 4111 3923 6351 148 11940 1199 192 133 6203 587
is_linear=0
shrinkage=0.05


Tree=131
num_leaves=31
num_cat=0
split_feature=11 9 3 11 0 6 1 9 9 0 10 3 9 1 0 9 9 3 1 10 9 10 10 11 0 0 3 3 9 1
split_gain=2.385e+06 2.33614e+06 1.20534e+07 6.01371e+06 4.37848e+06 2.06898e+06 4.76258e+06 6.17122e+06 7.9283e+06 3.89066e+06 6.65239e+06 3.81811e+06 6.58455e+06 4.11001e+06 2.87591e+06 5.64644e+06 2.85584e+06 8.0738e+06 7.67111e+06 7.36118e+06 4.52932e+06 4.65887e+06 5.47773e+06 4.17484e+06 4.45703e+06 5.97833e+06 4.25904e+06 9.12082e+06 7.29837e+06 4.35406e+06
threshold=38560.455000000009 2703.9491666666668 46.500000000000007 50375.340000000004 20.500000000000004 1.5000000000000002 2.5000000000000004 1554.7928333333336 1412.969166666667 1.5000000000000002 2548.1500000000001 62.500000000000007 2138.2523333333338 1.5000000000000002 15.500000000000002 2194.8705000000004 2422.4765000000002 276.50000000000006 5.5000000000000009 2720.4666666666672 2087.0383333333334 2469.5833333333335 2371.4500000000003 65821.285000000018 18.500000000000004 22.500000000000004 10.500000000000002 31.500000000000004 2194.8705000000004 2.5000000000000004
decision_type=2 2 2 2 2 2 2 2 2 2 2 2 2 2 2 2 2 2 2 2 2 2 2 2 2 2 2 2 2 2
left_child=-1 5 -3 4 -4 9 7 8 -7 10 -2 12 13 -9 15 -8 20 18 19 -18 -11 22 -22 24 26 -26 -23 -28 -29 -30
right_child=1 2 3 -5 -6 6 14 11 -10 16 -12 -13 -14 -15 -16 -17 17 -19 -20 -21 21 23 -24 -25 25 -27 27 28 29 -31
leaf_value=-0.025712252602253894 -0.47657065320157721 -16.293700536092125 29.782864093780518 1.8233167580195837 9.7488834063212089 6.0698554932534163 -0.63548288419555066 2.6768341922760008 -17.746256128479455 0.24528762400998821 -18.74747082616242 3.8038872487122015 30.649162837147713 20.522816896438599 3.0226383150651537 -18.988263298034667 -13.985319202211167 10.491844992155441 -17.914317323976352 3.1683321527736945 3.6333769045494222 21.933057107644924 -12.291402469078701 -1.0527927474220202 -6.4794132547793186 7.9502065636256605 -8.4605170184915721 23.267893729259058 15.140568282387475 -0.67768464159965525
leaf_weight=361482 167 51 50 98 60 111 259 85 51 5444 71 124 50 52 348 50 90 89 103 205 135 68 90 202 115 191 66 97 77 100
leaf_count=361482 167 51 50 98 60 111 259 85 51 5444 71 124 50 52 348 50 90 89 103 205 135 68 90 202 115 191 66 97 77 100
internal_value=-0.00602441 0.812093 5.48951 10.8306 18.8552 0.668556 2.65967 6.48531 -1.42781 0.360764 -5.92713 10.6073 15.1186 9.45049 -0.0945587 -3.60519 0.572376 -3.12232 -6.1667 -2.06499 0.845621 3.70996 -2.73653 5.29344 7.08887 2.52731 10.51 8.22543 12.2447 6.2037
internal_weight=370181 8699 259 208 110 8440 1130 473 162 7310 238 311 187 137 657 309 7072 487 398 295 6585 1141 225 916 714 306 408 340 274 177
internal_count=370181 8699 259 208 110 8440 1130 473 162 7310 238 311 187 137 657 309 7072 487 398 295 6585 1141 225 916 714 306 408 340 274 177
is_linear=0
shrinkage=0.05


Tree=132
num_leaves=31
num_cat=0
split_feature=3 8 10 9 11 3 8 3 10 9 9 11 11 8 8 10 0 0 9 8 11 8 0 1 10 11 10 10 11 8
split_gain=2.03049e+06 2.84915e+06 3.2794e+06 5.83837e+06 9.90533e+06 5.92575e+06 4.81054e+06 4.71235e+06 1.1495e+07 3.89481e+06 5.96517e+06 5.63735e+06 3.78956e+06 5.10799e+06 4.66461e+06 4.15515e+06 3.70082e+06 3.6494e+06 3.50973e+06 3.38551e+06 8.31571e+06 8.10804e+06 6.07712e+06 4.3368e+06 7.75444e+06 4.23818e+06 4.38716e+06 3.33468e+06 2.94634e+06 5.25495e+06
threshold=260.50000000000006 2899.4528571428577 2071.4333333333338 2194.8705000000004 2175.8900000000008 284.50000000000006 2266.1771428571433 263.50000000000006 2418.9166666666674 1841.156666666667 1880.9296666666669 8676.4350000000013 5849.9250000000011 1234.1314285714288 1632.2000000000003 2469.5833333333335 5.5000000000000009 12.500000000000002 1697.2931666666666 1709.7935714285716 21033.945000000003 1834.1171428571431 12.500000000000002 1.0000000180025095e-35 2812.8500000000008 9063.2250000000022 2577.1000000000004 2241.0833333333335 10595.725000000002 1972.967142857143
decision_type=2 2 2 2 2 2 2 2 2 2 2 2 2 2 2 2 2 2 2 2 2 2 2 2 2 2 2 2 2 2
left_child=-1 2 9 6 -5 19 7 8 -4 -2 -11 -12 -9 17 15 16 -15 -14 -18 20 25 -21 -22 24 -23 -6 -27 -8 -16 -30
right_child=1 -3 3 4 5 -7 27 12 -10 10 11 -13 13 14 28 -17 18 -19 -20 21 22 23 -24 -25 -26 26 -28 -29 29 -31
leaf_value=0.0421382644602857 -0.28575334484878245 4.4380974296588223 -1.9155801481670804 22.049114477157595 -6.1410163960905164 12.938049808434853 -22.832325492714936 -9.3750461521840869 -30.346301115683794 19.687174703307072 -6.9715599480797268 8.5299266714980639 1.6411577854837693 6.4745703233010845 8.6416611171260325 -16.931066519327654 -18.101896519131131 17.733983258334074 -3.4697078514800355 12.965427955206451 -21.196941060974048 -0.52871347329833296 -0.12604282136056938 0.30267667277566046 -22.640160643669869 -4.0792542862892152 15.312561725888933 -7.2361191720077676 3.3079405936045889 -9.7602911905211922
leaf_weight=328918 37768 311 108 50 117 77 53 155 53 59 102 138 98 66 97 78 54 55 170 111 104 110 51 751 62 50 70 97 221 118
leaf_count=328918 37768 311 108 50 117 77 53 155 53 59 102 138 98 66 97 78 54 55 170 111 104 110 51 751 62 50 70 97 221 118
internal_value=0.000621396 -0.329592 -0.365719 -1.96419 0.15571 -0.572614 -4.27776 -3.27984 -11.2748 -0.240753 5.44339 1.94179 -2.1223 -0.947618 -2.54114 -6.68656 -3.93114 7.42616 -6.99711 -1.30215 -5.25891 0.197896 -14.2639 -1.33753 -8.49912 0.630454 7.23264 -12.7468 0.957756 -1.24088
internal_weight=370272 41354 41043 2976 1553 1503 1423 1273 161 38067 299 240 1112 957 804 368 290 153 224 1426 392 1034 155 923 172 237 120 150 436 339
internal_count=370272 41354 41043 2976 1553 1503 1423 1273 161 38067 299 240 1112 957 804 368 290 153 224 1426 392 1034 155 923 172 237 120 150 436 339
is_linear=0
shrinkage=0.05


Tree=133
num_leaves=31
num_cat=0
split_feature=3 3 0 4 8 10 9 8 8 8 8 10 6 3 10 1 11 10 10 8 8 11 6 3 1 11 9 8 9 0
split_gain=1.79623e+06 4.05638e+06 1.19068e+07 1.08246e+07 7.72698e+06 6.4182e+06 5.93994e+06 4.26279e+06 6.53673e+06 4.01543e+06 3.07859e+06 7.84783e+06 7.6731e+06 6.34935e+06 6.45913e+06 6.64241e+06 9.01787e+06 6.70031e+06 4.18138e+06 2.80538e+06 2.67259e+06 1.0621e+07 5.61358e+06 7.56286e+06 9.54711e+06 8.97376e+06 1.15297e+07 3.59936e+06 2.69915e+06 3.11032e+06
threshold=14.500000000000002 7.5000000000000009 18.500000000000004 1.0000000180025095e-35 2693.3414285714293 1900.7500000000002 149.04733333333334 408.87071428571437 476.32428571428574 825.06500000000017 3218.1678571428579 2872.6833333333338 1.5000000000000002 5.5000000000000009 2418.9166666666674 5.5000000000000009 15243.790000000003 2762.7666666666669 2720.4666666666672 1518.4428571428573 2537.0064285714293 6970.795000000001 1.5000000000000002 10.500000000000002 4.5000000000000009 25929.405000000002 2194.8705000000004 2899.4528571428577 2336.8835000000004 11.500000000000002
decision_type=2 2 2 2 2 2 2 2 2 2 2 2 2 2 2 2 2 2 2 2 2 2 2 2 2 2 2 2 2 2
left_child=1 10 9 6 5 19 -4 -8 -9 -3 11 -1 13 14 -12 16 -16 -18 -15 -5 28 -22 23 25 -25 27 -27 -23 29 -11
right_child=-2 2 3 4 -6 -7 7 8 -10 20 12 -13 -14 18 15 -17 17 -19 -20 -21 21 22 -24 24 -26 26 -28 -29 -30 -31
leaf_value=-0.14541794114530068 -0.037238156258765746 0.092888939227356138 0.052472031578537109 0.22419306296744926 16.974284891287486 -15.578717410179877 21.730205145189842 -6.0165179865700864 12.206240665853905 0.51884384823947394 17.546472302129711 14.490200493646705 -16.865250029462452 -3.2722481447107654 -9.2160219596414006 -15.549520712383723 -2.2637698154823456 21.102640760719002 -21.064490393356042 11.263711681063214 15.393004127544694 15.910212428386396 9.7417950455347704 -27.431593554532981 -2.4383732434865593 4.9269012746810921 -28.700396017844863 -0.54476329298580395 12.554645078144377 3.4391556407897457
leaf_weight=20761 327212 15596 129 665 72 62 93 56 406 1666 59 92 94 85 85 59 51 77 54 63 79 65 60 79 74 50 52 68 63 2014
leaf_count=20761 327212 15596 129 665 72 62 93 56 406 1666 59 92 94 85 85 59 51 77 54 63 79 65 60 79 74 50 52 68 63 2014
internal_value=0.00261666 0.307106 0.793761 5.02035 1.29347 -0.135669 9.71709 11.9635 9.99742 0.464842 -0.179436 -0.080848 -3.82455 -1.21641 2.54958 -0.703428 3.40887 11.7926 -10.1843 1.17954 1.82339 -1.51032 -4.49103 -6.69199 -15.3434 -1.05939 -12.2164 7.49714 2.29276 2.11708
internal_weight=370041 42829 21412 1546 862 790 684 555 462 19866 21417 20853 564 470 331 272 213 128 139 728 4270 527 448 388 153 235 102 133 3743 3680
internal_count=370041 42829 21412 1546 862 790 684 555 462 19866 21417 20853 564 470 331 272 213 128 139 728 4270 527 448 388 153 235 102 133 3743 3680
is_linear=0
shrinkage=0.05


Tree=134
num_leaves=31
num_cat=0
split_feature=3 11 0 8 8 8 8 0 11 10 9 9 10 11 1 11 10 6 10 0 9 11 9 8 0 9 0 0 10 11
split_gain=1.81325e+06 2.31042e+06 4.51231e+06 6.19656e+06 5.72057e+06 4.88405e+06 4.17533e+06 3.90784e+06 3.68251e+06 5.1189e+06 4.67665e+06 6.02804e+06 3.45428e+06 3.42714e+06 3.44809e+06 3.90777e+06 2.75675e+06 3.17993e+06 2.9558e+06 4.44415e+06 3.92023e+06 3.70518e+06 3.438e+06 2.68356e+06 2.59205e+06 2.55745e+06 4.55044e+06 8.74436e+06 4.69155e+06 4.08672e+06
threshold=260.50000000000006 45915.240000000013 13.500000000000002 1234.1314285714288 891.91357142857157 1554.1278571428572 1355.9100000000001 9.5000000000000018 65821.285000000018 2609.7166666666667 2087.0383333333334 1841.156666666667 2444.1500000000001 1652.5550000000003 5.5000000000000009 5849.9250000000011 1922.3833333333334 1.5000000000000002 2324.1500000000001 9.5000000000000018 1804.4843333333336 7101.8050000000012 1519.3770000000002 1174.069285714286 2.5000000000000004 2703.9491666666668 10.500000000000002 5.5000000000000009 2762.7666666666669 11846.610000000002
decision_type=2 2 2 2 2 2 2 2 2 2 2 2 2 2 2 2 2 2 2 2 2 2 2 2 2 2 2 2 2 2
left_child=-1 6 3 4 -3 -5 16 24 10 12 11 -4 -10 -8 25 -16 -2 18 20 -20 22 -22 -18 -24 -7 -15 27 29 -28 -27
right_child=1 2 8 5 -6 7 13 -9 9 -11 -12 -13 -14 14 15 -17 17 -19 19 -21 21 -23 23 -25 -26 26 28 -29 -30 -31
leaf_value=0.030288148082187494 -0.2995373360461569 -4.2408439394632982 7.2699586976851736 -11.942113170331838 13.667220416936008 4.8349295897143234 8.5802686807389072 8.1117158919915386 -0.66560052443394624 -11.127223425476174 14.320568592827042 -10.575082337061565 14.260542953620524 -2.3757881322146086 -19.650863574532902 -4.8676100333257279 13.66957655031173 -5.2776701288020362 7.5501731984158784 -7.7843237235671596 5.9749240455627444 24.94943027496338 -5.8913329175758093 8.3501810217803385 -7.6537027042845027 16.745323297500612 -1.0896378278732299 -16.039930843662571 17.203511367115794 -3.182187091179614
leaf_weight=329269 36386 75 224 147 110 56 72 87 113 76 154 60 59 2160 51 362 61 94 94 95 50 53 88 53 161 50 63 74 79 53
leaf_count=329269 36386 75 224 147 110 56 72 87 113 76 154 60 59 2160 51 362 61 94 94 95 50 53 88 53 161 50 63 74 79 53
internal_value=-0.00886596 -0.321329 1.73517 -1.29863 6.40719 -4.45956 -0.389402 -0.841351 4.54785 -0.320604 7.30441 3.49988 4.45441 -2.19504 -2.46331 -6.69314 -0.244654 3.15159 4.75554 -0.157643 7.80011 15.7385 3.75231 -0.53814 -4.43083 -1.75862 2.42033 -2.9285 9.08754 6.49136
internal_weight=370529 41260 1322 636 185 451 39938 304 686 248 438 284 172 2964 2892 413 36974 588 494 189 305 103 202 141 217 2479 319 177 142 103
internal_count=370529 41260 1322 636 185 451 39938 304 686 248 438 284 172 2964 2892 413 36974 588 494 189 305 103 202 141 217 2479 319 177 142 103
is_linear=0
shrinkage=0.05


Tree=135
num_leaves=31
num_cat=0
split_feature=3 3 9 1 0 0 4 8 9 9 9 11 11 10 8 10 3 10 3 11 0 3 9 10 0 10 0 11 9 9
split_gain=1.77796e+06 4.06275e+06 6.33764e+06 1.24753e+07 3.80394e+06 7.15656e+06 8.45161e+06 8.62203e+06 8.21025e+06 7.95462e+06 3.84769e+06 3.47334e+06 3.32127e+06 8.74466e+06 4.03379e+06 6.02119e+06 4.93028e+06 6.39088e+06 4.87122e+06 4.72734e+06 3.95062e+06 3.59082e+06 3.49982e+06 3.83212e+06 1.16555e+07 5.27615e+06 6.21989e+06 3.30908e+06 6.81339e+06 9.56883e+06
threshold=14.500000000000002 6.5000000000000009 2530.8520000000003 2.5000000000000004 18.500000000000004 19.500000000000004 1.0000000180025095e-35 2693.3414285714293 223.48633333333336 1446.3833333333334 1121.5418333333334 52.965000000000011 5217.0600000000004 2394.6000000000004 3218.1678571428579 2955.1166666666672 5.5000000000000009 2394.6000000000004 3.5000000000000004 14253.120000000001 23.500000000000004 4.5000000000000009 2422.4765000000002 2641.9333333333338 18.500000000000004 2371.4500000000003 18.500000000000004 29214.375000000004 1630.4328333333335 1804.4843333333336
decision_type=2 2 2 2 2 2 2 2 2 2 2 2 2 2 2 2 2 2 2 2 2 2 2 2 2 2 2 2 2 2
left_child=1 12 4 -4 27 6 8 9 11 10 -8 -6 13 -1 15 22 17 -16 19 -19 -21 -20 23 25 -25 -14 -27 -3 -29 -30
right_child=-2 2 3 -5 5 -7 7 -9 -10 -11 -12 -13 14 -15 16 -17 -18 18 21 20 -22 -23 -24 24 -26 26 -28 28 29 -31
leaf_value=0.03503218441394506 -0.046426582453901771 0.28151459701316583 -2.2763050607534558 30.580906018844018 9.1369459236923021 -0.1060014887832867 0.49083316395733079 19.132313969400197 13.070459847217922 -15.808258866610593 14.766981145447375 -3.0503909848238298 -0.78964266677012418 15.258843771281995 11.655946306935673 14.797053845723472 -17.39994537402422 0.11265353105835996 11.185361084848081 -7.1956747901981535 -25.278386990347908 -7.3995482201669738 -10.642542126304226 26.400081361770631 -4.6833947470313628 -18.207941526666129 -1.1499135490225143 6.7749637312314306 -12.417956699942151 2.9325928107816348
leaf_weight=13316 327481 20246 65 52 95 1506 633 63 431 73 51 152 4042 95 58 60 78 59 53 55 67 51 95 50 76 97 119 589 137 392
leaf_count=13316 327481 20246 65 52 95 1506 633 63 431 73 51 152 4042 95 58 60 78 59 53 55 67 51 95 50 76 97 119 589 137 392
internal_value=-0.00679469 0.29605 0.717737 12.3269 0.661997 2.32797 4.77494 1.35993 8.90519 -0.119141 1.55528 1.63705 -0.265978 0.142874 -1.37145 -0.937188 -6.05338 -3.47311 -6.552 -11.507 -17.1263 2.07161 -1.14796 -0.942217 7.65132 -1.19651 -8.81023 0.427744 3.07582 -1.04288
internal_weight=370337 42856 24485 117 24368 3004 1498 820 678 757 684 247 18371 13411 4960 4539 421 343 285 181 122 104 4479 4384 126 4258 216 21364 1118 529
internal_count=370337 42856 24485 117 24368 3004 1498 820 678 757 684 247 18371 13411 4960 4539 421 343 285 181 122 104 4479 4384 126 4258 216 21364 1118 529
is_linear=0
shrinkage=0.05


Tree=136
num_leaves=31
num_cat=0
split_feature=3 3 0 4 8 9 8 8 9 11 10 10 9 3 9 9 8 10 8 9 11 0 9 8 9 11 11 10 10 8
split_gain=2.04243e+06 3.50074e+06 1.1944e+07 7.41642e+06 1.08454e+07 5.85996e+06 5.62178e+06 1.01326e+07 5.31816e+06 9.2026e+06 1.16194e+07 6.50312e+06 8.82559e+06 5.69478e+06 4.61952e+06 1.63314e+07 1.68854e+07 8.90476e+06 1.00014e+07 6.96366e+06 5.99153e+06 8.64986e+06 6.50921e+06 5.98472e+06 5.98647e+06 5.40984e+06 5.17448e+06 5.8658e+06 4.55629e+06 4.39546e+06
threshold=14.500000000000002 7.5000000000000009 18.500000000000004 1.0000000180025095e-35 2693.3414285714293 143.09233333333336 413.25214285714293 486.76000000000005 2336.8835000000004 8676.4350000000013 2609.7166666666667 2641.9333333333338 2138.2523333333338 10.500000000000002 1592.5745000000004 1665.0946666666666 1925.7600000000002 1809.7666666666669 1593.7250000000001 2087.0383333333334 10301.915000000003 12.500000000000002 1768.4196666666669 1593.7250000000001 1375.5241666666668 7629.005000000001 14253.120000000001 2220.0000000000005 1945.2500000000002 2693.3414285714293
decision_type=2 2 2 2 2 2 2 2 2 2 2 2 2 2 2 2 2 2 2 2 2 2 2 2 2 2 2 2 2 2
left_child=1 -1 8 5 28 -4 -7 -8 11 -10 -11 14 -13 -12 23 16 -16 -17 -19 20 21 -20 -22 24 -3 -21 -24 -28 -5 -27
right_child=-2 2 3 4 -6 6 7 -9 9 10 13 12 -14 -15 15 17 -18 18 19 25 22 -23 26 -25 -26 29 27 -29 -30 -31
leaf_value=-0.12347842849443313 -0.038866084384936363 0.3013584966136017 -0.25315856174599355 1.3878680056917085 21.521283410879281 22.89944895300372 -9.9380229624079881 11.949876777471163 26.815405586242676 -10.049418401404431 23.712488305379477 -20.629464032252631 4.9960349355425153 1.7986847886017392 36.100917386355469 18.775795732719313 -0.21510484260425233 -18.162853638331097 0.89670186854423362 -19.096681273610969 -7.982085154439412 22.180120914006974 -9.3509420041684752 -5.2412235851969919 10.077382228042508 4.3849612716867146 17.634967189033826 2.5868432766229064 -12.741979789733888 -11.133963927707157
leaf_weight=21438 327423 17649 139 715 65 87 61 397 50 95 63 84 56 56 73 69 57 69 94 57 137 97 54 485 158 119 96 199 62 74
leaf_count=21438 327423 17649 139 715 65 87 61 397 50 95 63 84 56 56 73 69 57 69 94 57 137 97 54 485 158 119 96 199 62 74
internal_value=0.00361798 0.328207 0.780335 5.04335 1.90167 8.91074 11.248 9.03468 0.453285 7.50261 2.99027 0.358465 -10.3793 13.4001 0.435608 3.44752 20.1777 1.40534 0.201961 1.56892 4.20237 11.7056 1.25358 0.238843 0.3881 -5.56246 4.87905 7.48386 0.26039 -1.5653
internal_weight=370278 42855 21417 1526 842 684 545 458 19891 264 214 19627 140 119 19487 1195 130 1065 996 927 677 191 486 18292 17807 250 349 295 777 193
internal_count=370278 42855 21417 1526 842 684 545 458 19891 264 214 19627 140 119 19487 1195 130 1065 996 927 677 191 486 18292 17807 250 349 295 777 193
is_linear=0
shrinkage=0.05


Tree=137
num_leaves=31
num_cat=0
split_feature=11 3 1 10 11 0 3 11 11 10 6 1 10 3 1 3 10 10 1 10 9 10 1 3 1 9 10 0 10 0
split_gain=1.94335e+06 2.39788e+06 6.11502e+06 7.72244e+06 3.48101e+06 3.2201e+06 5.7196e+06 4.09181e+06 5.49728e+06 5.10337e+06 7.21829e+06 5.06276e+06 5.09595e+06 1.15738e+07 4.60806e+06 4.80473e+06 6.7564e+06 7.25564e+06 5.65719e+06 3.9946e+06 4.02899e+06 3.74967e+06 7.13975e+06 5.69306e+06 4.68278e+06 4.89993e+06 3.64151e+06 3.3944e+06 3.22116e+06 6.02787e+06
threshold=38560.455000000009 5.5000000000000009 4.5000000000000009 2220.0000000000005 55972.670000000006 12.500000000000002 281.50000000000006 55972.670000000006 65821.285000000018 2031.3000000000002 1.5000000000000002 1.0000000180025095e-35 2261.6500000000001 24.500000000000004 1.0000000180025095e-35 23.500000000000004 2519.2500000000005 2720.4666666666672 3.5000000000000004 1809.7666666666669 970.15350000000012 2762.7666666666669 2.5000000000000004 272.50000000000006 3.5000000000000004 2258.7413333333338 2680.8833333333337 18.500000000000004 2494.5000000000005 13.500000000000002
decision_type=2 2 2 2 2 2 2 2 2 2 2 2 2 2 2 2 2 2 2 2 2 2 2 2 2 2 2 2 2 2
left_child=-1 2 -2 -4 -5 6 7 9 11 19 21 -9 -13 -14 -10 -16 18 -18 -17 20 -3 22 -11 24 25 -23 -24 28 -7 -30
right_child=1 5 3 4 -6 27 -8 8 14 10 -12 12 13 -15 15 16 17 -19 -20 -21 -22 23 26 -25 -26 -27 -28 -29 29 -31
leaf_value=-0.025276949429567538 1.4026854318484927 -6.6129138442641455 2.8315578295538826 -26.506489511263574 -8.7622809226696301 2.032151867348913 -15.19821134748913 7.8663915786249889 -12.973192257147568 -2.2985105827663022 13.217540886734106 -0.98339529759543298 -28.441534337130459 -5.99599576324752 10.709290462821279 20.211706180572509 -20.293549585342408 0.41811417902796721 -0.1423849485317866 -6.7598973973824164 3.2197003769097772 -10.370706929195496 5.4493664009898319 10.905243389561491 -16.767343198517221 10.477177470338113 18.881337392489826 0.88412437465947447 18.447759404746435 4.4061397719216515
leaf_weight=361404 342 141 72 59 52 965 63 58 52 351 158 175 77 226 134 55 65 121 90 274 399 63 510 53 81 51 56 3435 93 429
leaf_count=361404 342 141 72 59 52 965 63 58 52 351 158 175 77 226 134 55 65 121 90 274 399 63 510 53 81 51 56 3435 93 429
internal_value=-0.00750043 0.730949 -2.54463 -9.92158 -18.1939 0.941307 -0.279338 0.0152981 -2.53576 1.27232 3.18891 -6.08384 -7.77654 -11.7 1.14271 2.72126 -0.512567 -6.81983 7.57813 -1.84272 0.652296 1.82881 3.30399 -3.62579 -7.57525 -1.04402 6.77832 1.74804 3.74371 6.90781
internal_weight=370104 8700 525 183 111 8175 3253 3190 1053 2137 1323 536 478 303 517 465 331 186 145 814 540 1165 917 248 195 114 566 4922 1487 522
internal_count=370104 8700 525 183 111 8175 3253 3190 1053 2137 1323 536 478 303 517 465 331 186 145 814 540 1165 917 248 195 114 566 4922 1487 522
is_linear=0
shrinkage=0.05


Tree=138
num_leaves=31
num_cat=0
split_feature=3 8 8 11 10 3 0 11 11 10 10 0 11 6 0 10 6 0 6 8 0 10 0 6 1 8 8 0 11 11
split_gain=1.76378e+06 4.1226e+06 5.53858e+06 4.48108e+06 4.42886e+06 7.83246e+06 4.74064e+06 4.56775e+06 4.67601e+06 5.74308e+06 2.75851e+06 2.61253e+06 2.59008e+06 2.88438e+06 1.17349e+07 7.21389e+06 4.56075e+06 6.03523e+06 8.09781e+06 5.39213e+06 4.9611e+06 4.95547e+06 6.97722e+06 5.40762e+06 5.73933e+06 4.88088e+06 4.57805e+06 4.67986e+06 4.61606e+06 1.14776e+07
threshold=260.50000000000006 1834.1171428571431 1709.7935714285716 4198.4150000000009 2394.6000000000004 263.50000000000006 16.500000000000004 19100.720000000005 38560.455000000009 2680.8833333333337 263.50000000000006 9.5000000000000018 1240.4600000000003 3.5000000000000004 6.5000000000000009 1001.5500000000001 1.5000000000000002 3.5000000000000004 2.5000000000000004 2340.6650000000004 1.5000000000000002 1645.116666666667 14.500000000000002 2.5000000000000004 2.5000000000000004 1972.967142857143 1265.0907142857145 20.500000000000004 11174.860000000002 7101.8050000000012
decision_type=2 2 2 2 2 2 2 2 2 2 2 2 2 2 2 2 2 2 2 2 2 2 2 2 2 2 2 2 2 2
left_child=10 2 4 -4 -2 -6 7 11 -9 -10 -1 -7 -12 16 15 -15 -14 18 19 25 -20 -19 23 -23 -25 -18 27 -24 29 -28
right_child=1 -3 3 -5 5 6 -8 8 9 -11 12 -13 13 14 -16 -17 17 21 20 -21 -22 22 26 24 -26 -27 28 -29 -30 -31
leaf_value=-0.074942582650596265 -0.18627933438236438 -2.4598159137438826 -7.9475481618125485 7.6414700470317563 -21.100840884167702 5.8059041767585571 10.534728222205992 -22.212626273356953 -13.086009505307565 4.2118293843050116 0.59365787433923101 -5.846350307555138 -0.017001045491644239 -6.6130212383775859 -0.36444645095372619 -25.055553744495782 -0.82850569607270297 0.60974513135641795 1.2947177774027774 -15.702567274229867 -16.033779115835824 6.2957884071346779 15.804071956933146 7.0432006097175703 -12.164354297172192 10.682926487686611 -1.6653531119382299 2.586718443511189 -1.314236092325338 10.478976448549481
leaf_weight=201863 38106 2110 53 354 64 123 61 52 107 87 34299 79 76532 229 2405 69 1043 8142 57 56 150 1435 99 71 86 101 466 207 1471 334
leaf_count=201863 38106 2110 53 354 64 123 61 52 107 87 34299 79 76532 229 2405 69 1043 8142 57 56 150 1435 99 71 86 101 466 207 1471 334
internal_value=0.00138179 -0.307047 -0.190833 5.61145 -0.251888 -4.61501 -2.54214 -4.32269 -8.89768 -5.32873 0.0399885 1.24883 0.222306 0.0852804 -1.52412 -10.8833 0.133482 0.973021 -2.12919 -0.55375 -11.2622 1.32757 2.72946 5.3319 -3.47814 0.187801 1.12174 6.86292 0.348165 3.4049
internal_weight=370311 41196 39086 407 38679 573 509 448 246 194 329115 202 127252 92953 2703 298 90250 13718 1407 1200 207 12311 4169 1592 157 1144 2577 306 2271 800
internal_count=370311 41196 39086 407 38679 573 509 448 246 194 329115 202 127252 92953 2703 298 90250 13718 1407 1200 207 12311 4169 1592 157 1144 2577 306 2271 800
is_linear=0
shrinkage=0.05


Tree=139
num_leaves=31
num_cat=0
split_feature=8 9 10 9 11 11 1 11 10 1 10 10 10 10 11 10 1 9 9 1 10 1 8 1 8 1 1 9 1 9
split_gain=2.17114e+06 5.09628e+06 5.11533e+06 9.36072e+06 6.69969e+06 1.01433e+07 1.38747e+07 1.32566e+07 1.1141e+07 9.65495e+06 8.06305e+06 7.52338e+06 7.00039e+06 6.90349e+06 6.65384e+06 1.26179e+07 1.66524e+07 7.86802e+06 7.17199e+06 5.40209e+06 5.26103e+06 4.30037e+06 5.7159e+06 1.32428e+07 1.02472e+07 8.78895e+06 4.2015e+06 5.11815e+06 4.11637e+06 3.94777e+06
threshold=2693.3414285714293 1998.7498333333335 2220.0000000000005 2194.8705000000004 12557.920000000002 23225.890000000003 4.5000000000000009 20009.920000000002 2444.1500000000001 3.5000000000000004 2548.1500000000001 2955.1166666666672 2261.6500000000001 2812.8500000000008 27454.115000000002 2955.1166666666672 2.5000000000000004 2530.8520000000003 2336.8835000000004 2.5000000000000004 2577.1000000000004 1.5000000000000002 3218.1678571428579 1.0000000180025095e-35 2899.4528571428577 1.0000000180025095e-35 2.5000000000000004 2336.8835000000004 1.5000000000000002 2703.9491666666668
decision_type=2 2 2 2 2 2 2 2 2 2 2 2 2 2 2 2 2 2 2 2 2 2 2 2 2 2 2 2 2 2
left_child=-1 -2 3 -3 12 7 14 8 -6 20 -9 13 -4 -8 -7 16 17 18 28 -17 -10 22 24 -24 25 -14 -23 -28 -16 -22
right_child=1 2 4 -5 5 6 11 10 9 -11 -12 -13 21 -15 15 19 -18 -19 -20 -21 29 26 23 -25 -26 -27 27 -29 -30 -31
leaf_value=0.0092976661070485103 -6.3155880403241449 14.675339847522444 -21.637929847023706 -3.7718889111738942 15.673499725101232 -8.2907742550047185 -9.2893131518223164 -1.1022610747870409 -20.422650235796734 5.8170957808672643 21.50804879541521 3.7859280389032244 -1.9313048138337976 -26.553845483144126 10.515940500651638 -0.49871158901302293 19.662598120319387 12.298434348106385 -18.941304142908617 -19.551400498610278 -0.1014138826745094 5.9998367949229916 -31.589110393799952 0.34278594047304184 6.992220488463234 -29.545987352371213 -10.382426603611359 0.27590204739157176 -8.1856439931052076 -13.900660554138391
leaf_weight=366614 430 146 55 130 111 139 254 53 63 241 154 81 68 75 62 87 183 90 66 65 173 164 67 63 123 50 167 346 56 74
leaf_count=366614 430 146 55 130 111 139 254 53 63 241 154 81 68 75 62 87 183 90 66 65 173 164 67 63 123 50 167 346 56 74
internal_value=-0.00308415 -1.18644 -0.538894 5.98643 -1.11429 0.59213 -2.47187 4.67512 1.22184 -1.68947 15.7189 -9.8643 -4.2502 -13.225 1.58013 3.83309 7.98377 0.183669 -5.74203 -8.64624 -7.52523 -3.33768 -7.66431 -16.1144 -3.10616 -13.6324 -0.966662 -3.19377 1.64061 -4.2356
internal_weight=370450 3836 3406 276 3130 2027 1158 869 662 551 207 410 1103 329 748 609 457 274 184 152 310 1048 371 130 241 118 677 513 118 247
internal_count=370450 3836 3406 276 3130 2027 1158 869 662 551 207 410 1103 329 748 609 457 274 184 152 310 1048 371 130 241 118 677 513 118 247
is_linear=0
shrinkage=0.05


Tree=140
num_leaves=31
num_cat=0
split_feature=9 10 3 9 0 11 0 11 11 10 11 3 11 11 8 3 1 3 9 9 1 10 3 10 1 11 1 0 10 11
split_gain=2.00381e+06 5.51887e+06 3.90904e+06 1.41767e+07 5.63549e+06 6.03818e+06 5.29333e+06 5.44992e+06 5.44463e+06 7.53985e+06 5.23696e+06 5.1606e+06 3.66237e+06 5.99708e+06 7.95466e+06 1.10683e+07 8.20758e+06 8.1992e+06 1.37941e+07 8.32266e+06 7.14714e+06 1.23187e+07 2.19907e+07 9.46459e+06 6.75908e+06 5.60216e+06 8.9661e+06 1.1654e+07 5.54248e+06 5.36757e+06
threshold=1998.7498333333335 2241.0833333333335 10.500000000000002 2194.8705000000004 7.5000000000000009 4063.9550000000004 9.5000000000000018 38560.455000000009 3307.1200000000003 2111.3500000000008 7223.3450000000003 4.5000000000000009 31067.535000000003 23225.890000000003 2340.6650000000004 43.500000000000007 3.5000000000000004 55.500000000000007 2138.2523333333338 2422.4765000000002 2.5000000000000004 2680.8833333333337 64.500000000000014 2955.1166666666672 1.5000000000000002 25929.405000000002 4.5000000000000009 15.500000000000002 2720.4666666666672 12557.920000000002
decision_type=2 2 2 2 2 2 2 2 2 2 2 2 2 2 2 2 2 2 2 2 2 2 2 2 2 2 2 2 2 2
left_child=-1 2 3 11 5 -4 10 8 9 -8 -6 -2 13 29 15 16 -15 -17 24 28 21 -16 -23 25 -19 -22 -27 -28 -20 -3
right_child=1 12 4 -5 6 -7 7 -9 -10 -11 -12 -13 -14 14 20 17 -18 18 19 -21 23 22 -24 -25 -26 26 27 -29 -30 -31
leaf_value=-0.017871219540230063 7.6165994017464769 -1.0700584016463923 -5.7648620143721381 -5.4868409933867284 -20.472940441414163 9.390624335781693 19.119197854128753 14.58877988171268 -0.60667696853457542 -3.2370276422211619 -1.9690484378174062 25.589724104891545 1.5417781986884298 -19.437261376814408 -1.5353437463860764 14.366391528471736 0.56961391170819597 25.082090886707963 -16.838943505128224 6.6165332909468759 -14.256382763607903 -45.16000863295335 -1.5361719541824783 11.250041456222535 4.7403391368147254 11.561823726311708 5.7103919406091022 -24.369064017907899 -0.11708416584375743 1.7300716590361434
leaf_weight=356349 70 3666 79 108 54 391 88 77 937 66 131 93 3468 110 95 131 96 58 150 91 161 65 52 85 138 78 62 67 74 3210
leaf_count=356349 70 3666 79 108 54 391 88 77 937 66 131 93 3468 110 95 131 96 58 150 91 161 65 52 85 138 78 62 67 74 3210
internal_value=0.00514246 0.592979 2.9594 8.56246 2.12647 6.84321 0.487983 1.73264 0.825288 9.53796 -7.37018 17.8712 0.175058 -0.389942 -3.23986 -0.0293534 -10.1137 3.20642 0.345454 -6.13461 -7.33387 -14.911 -25.7716 -3.78783 10.7598 -7.26125 -1.82058 -9.91227 -11.3148 0.237158
internal_weight=370300 13951 2094 271 1823 470 1353 1168 1091 154 185 163 11857 8389 1513 848 206 642 511 315 665 212 117 453 196 368 207 129 224 6876
internal_count=370300 13951 2094 271 1823 470 1353 1168 1091 154 185 163 11857 8389 1513 848 206 642 511 315 665 212 117 453 196 368 207 129 224 6876
is_linear=0
shrinkage=0.05


Tree=141
num_leaves=31
num_cat=0
split_feature=9 8 3 8 10 8 11 11 8 8 3 0 8 6 3 3 8 11 10 11 3 3 11 0 10 3 3 3 3 0
split_gain=4.18512e+06 3.77014e+06 9.42773e+06 6.06306e+06 5.07132e+06 1.29993e+07 7.86356e+06 8.56149e+06 8.82046e+06 5.55853e+06 5.92759e+06 4.70642e+06 7.72318e+06 4.37462e+06 6.71872e+06 1.09395e+07 6.04246e+06 1.0399e+07 1.10566e+07 8.24557e+06 5.25974e+06 5.82642e+06 5.53938e+06 4.39934e+06 7.69088e+06 5.55164e+06 4.95032e+06 4.35744e+06 4.30203e+06 5.83783e+06
threshold=2194.8705000000004 1387.0700000000002 106.50000000000001 994.49500000000023 2418.9166666666674 1554.1278571428572 55972.670000000006 29214.375000000004 2693.3414285714293 2078.5514285714294 57.500000000000007 6.5000000000000009 1234.1314285714288 1.5000000000000002 26.500000000000004 32.500000000000007 3218.1678571428579 7101.8050000000012 2720.4666666666672 7354.6600000000008 278.50000000000006 17.500000000000004 23225.890000000003 14.500000000000002 2762.7666666666669 46.500000000000007 70.500000000000014 37.500000000000007 64.500000000000014 7.5000000000000009
decision_type=2 2 2 2 2 2 2 2 2 2 2 2 2 2 2 2 2 2 2 2 2 2 2 2 2 2 2 2 2 2
left_child=-1 2 11 -4 5 -3 7 9 27 10 -7 -2 -13 14 16 -16 19 -18 -19 -6 21 22 -15 24 25 -23 -27 -9 -12 -30
right_child=1 4 3 -5 13 6 -8 8 -10 -11 28 12 -14 20 15 -17 17 18 -20 -21 -22 23 -24 -25 -26 26 -28 -29 29 -31
leaf_value=0.00568634636984986 -24.138504087007963 23.422719919085505 -9.5299315668263684 9.4443319915103263 23.060350088171059 14.826436112890182 -16.735115076541899 32.024939395904539 0.058807509132985318 0.079783184595271367 -10.901582706928254 5.8144147238310646 -16.852669455323902 -3.0942991571328076 -13.428070420407236 0.74610421244658576 -18.443289391199748 -8.3781607866287242 9.4001377372839023 5.4978380171047609 -15.59191212521659 3.8987503528594973 -23.074788001731591 4.9575669553934363 6.9005425234098698 -27.174725682918844 -7.54496880081438 13.615375725097127 -7.0293521724144616 12.098810581399613
leaf_weight=361841 52 80 59 147 74 151 50 50 89 1051 50 68 84 97 141 3938 66 136 245 690 72 54 54 306 111 52 84 90 60 119
leaf_count=361841 52 80 59 147 74 151 50 50 89 1051 50 68 84 97 141 3938 66 136 245 690 72 54 54 306 111 52 84 90 60 119
internal_value=0.03118 1.13991 -3.53511 4.00996 1.38223 3.72318 2.80156 3.39002 12.3662 1.95357 7.13608 -11.1541 -6.71213 0.697543 1.22706 0.256141 4.49737 -0.12003 3.05408 7.19892 -2.6773 -1.45058 -10.2396 0.735824 -3.55605 -9.6649 -15.0505 20.1902 2.06514 5.68714
internal_weight=370161 8320 410 206 7910 1790 1710 1660 229 1431 380 204 152 6120 5290 4079 1211 447 381 764 830 758 151 607 301 190 136 140 229 179
internal_count=370161 8320 410 206 7910 1790 1710 1660 229 1431 380 204 152 6120 5290 4079 1211 447 381 764 830 758 151 607 301 190 136 140 229 179
is_linear=0
shrinkage=0.05


Tree=142
num_leaves=31
num_cat=0
split_feature=4 0 8 11 9 8 3 11 0 9 8 11 0 9 3 0 1 10 11 11 8 8 9 8 0 10 11 9 0 8
split_gain=1.47872e+06 2.49224e+06 2.06949e+06 1.90642e+06 1.33767e+07 8.25836e+06 7.65847e+06 5.65575e+06 3.75875e+06 3.20743e+06 2.89292e+06 5.00757e+06 7.55358e+06 7.59608e+06 4.8207e+06 5.44698e+06 6.18498e+06 4.92804e+06 4.16075e+06 6.73806e+06 7.96818e+06 5.08678e+06 4.91871e+06 4.08431e+06 4.73977e+06 4.0462e+06 5.75686e+06 4.60328e+06 7.4972e+06 7.45203e+06
threshold=1.0000000180025095e-35 8.5000000000000018 1.0000000180025095e-35 55972.670000000006 1957.9808333333337 2024.3085714285717 276.50000000000006 65821.285000000018 4.5000000000000009 1734.5108333333335 1925.7600000000002 16973.135000000006 1.5000000000000002 1880.9296666666669 134.50000000000003 4.5000000000000009 5.5000000000000009 2241.0833333333335 22071.445000000003 31067.535000000003 2195.8535714285722 2024.3085714285717 2041.4540000000004 2340.6650000000004 3.5000000000000004 2282.6333333333337 3139.3800000000006 2041.4540000000004 2.5000000000000004 2340.6650000000004
decision_type=2 2 2 2 2 2 2 2 2 2 2 2 2 2 2 2 2 2 2 2 2 2 2 2 2 2 2 2 2 2
left_child=-1 3 -3 10 9 6 8 -7 -6 -5 -2 25 13 -13 15 17 18 -14 22 -20 21 -21 -17 24 -16 27 -27 29 -29 -12
right_child=1 2 -4 4 5 7 -8 -9 -10 -11 11 12 14 -15 23 16 -18 -19 19 20 -22 -23 -24 -25 -26 26 -28 28 -30 -31
leaf_value=-0.10952193840054987 -0.26428218512804302 -0.42498058274425843 0.25173228546684395 0.22431013073579248 13.991317413471364 -28.207431487603625 -17.684367750485738 -8.8502419834201405 -3.4594176908334102 9.7362102445894791 -3.0185607427463199 -21.060722307291897 20.85581023873652 -0.044692457266870489 13.68276942720953 18.064099049568178 13.828340939425548 7.6544529401120691 -8.5999364116648938 6.2521845510450467 16.335197408515288 -14.786577762876238 -0.082536548791929731 -12.985454535484315 -7.0023612412913101 11.65244265978153 -3.7421594521829058 -5.4929485085014349 13.019634154715826 8.6760067046521101
leaf_weight=166456 49680 12308 137649 251 54 77 60 74 72 137 570 55 85 197 53 66 109 420 193 59 83 56 86 64 58 65 924 78 183 179
leaf_count=166456 49680 12308 137649 251 54 77 60 74 72 137 570 55 85 197 53 66 109 420 193 59 83 56 86 64 58 65 924 78 183 179
internal_value=0.00105976 0.0913144 0.19619 -0.199987 -2.74667 -10.0341 -2.98177 -18.7211 4.01947 3.58289 -0.165323 1.2068 3.30665 -4.63152 4.80847 5.97831 2.95903 9.87646 0.777158 -1.95175 4.52855 -3.99278 7.79692 -2.92582 2.87432 -0.457118 -2.73038 1.76888 7.48714 -0.223731
internal_weight=370401 203945 149957 53988 725 337 186 151 126 388 53263 3583 1584 252 1332 1157 652 505 543 391 198 115 152 175 111 1999 989 1010 261 749
internal_count=370401 203945 149957 53988 725 337 186 151 126 388 53263 3583 1584 252 1332 1157 652 505 543 391 198 115 152 175 111 1999 989 1010 261 749
is_linear=0
shrinkage=0.05


Tree=143
num_leaves=31
num_cat=0
split_feature=4 6 3 10 0 9 8 10 0 9 10 10 10 0 9 0 8 6 8 9 10 10 10 10 9 9 9 9 0 8
split_gain=1.7218e+06 2.04912e+06 1.63651e+06 1.68708e+06 2.5301e+06 3.14129e+06 7.01898e+06 3.60807e+06 3.63012e+06 3.27588e+06 2.45493e+06 2.20631e+06 3.07781e+06 7.87578e+06 4.35799e+06 3.85808e+06 2.61325e+06 7.72446e+06 3.23987e+06 4.5792e+06 4.24123e+06 2.50657e+06 2.39894e+06 2.22316e+06 2.72121e+06 2.01878e+06 2.51504e+06 3.42919e+06 1.95957e+06 1.83625e+06
threshold=1.0000000180025095e-35 31.500000000000004 260.50000000000006 308.16666666666669 26.500000000000004 2087.0383333333334 2024.3085714285717 2111.3500000000008 28.500000000000004 1734.5108333333335 785.16666666666686 1488.6333333333334 2303.4000000000005 19.500000000000004 2087.0383333333334 18.500000000000004 994.49500000000023 2.5000000000000004 1117.6485714285716 1554.7928333333336 2071.4333333333338 1603.7166666666669 2577.1000000000004 1686.7166666666669 1519.3770000000002 2041.4540000000004 1880.9296666666669 1804.4843333333336 14.500000000000002 2024.3085714285717
decision_type=2 2 2 2 2 2 2 2 2 2 2 2 2 2 2 2 2 2 2 2 2 2 2 2 2 2 2 2 2 2
left_child=-1 2 -2 -4 11 6 10 9 -9 -8 -6 -5 16 15 -15 -14 -13 18 23 21 -21 -20 -16 -18 -25 26 27 28 -22 -7
right_child=1 -3 3 4 5 29 7 8 -10 -11 -12 12 13 14 22 -17 17 -19 19 20 25 -23 -24 24 -26 -27 -28 -29 -30 -31
leaf_value=-0.10721776215442616 0.19549208095417611 -0.5925426981909182 0.36816236381568512 -1.4900320623117507 2.3610186315753281 13.393977491901474 -10.399497280480727 -5.7458449795842172 -22.864734783172608 7.0196295651522549 -1.3580409539049225 -1.799504442804047 -0.95293178000188239 -20.961004353260648 1.0498808957528378 10.426961280443731 0.46116706169012822 20.449086588079282 3.3258193640873355 4.7636768529946139 0.56690756459779379 -6.3098744879925377 -11.86844341659546 16.560111674556026 4.0861949563026432 2.7514223735833516 -8.4509050130844123 9.4901898161931477 -11.791605555569685 3.42283368760955
leaf_weight=166338 173309 9888 6821 6744 1212 52 53 64 60 55 700 599 1650 69 69 78 99 55 87 669 79 301 75 81 95 207 147 66 54 412
leaf_count=166338 173309 9888 6821 6744 1212 52 53 64 60 55 700 599 1650 69 69 78 99 55 87 669 79 301 75 81 95 207 147 66 54 412
internal_value=0.0121561 0.109563 0.145356 -0.275361 -0.592703 0.810164 0.00289833 -8.20997 -14.0292 -1.52865 0.999438 -0.918672 -0.0585711 -1.55746 -10.6291 -0.439256 1.08729 1.97863 1.4397 0.582998 2.08556 -4.14929 -5.67841 6.45532 9.82703 -1.15433 -3.49102 0.172822 -4.45083 4.54029
internal_weight=370188 203850 193962 20653 13832 2608 2144 232 124 108 1912 11224 4480 1941 213 1728 2539 1940 1885 1610 1222 388 144 275 176 553 346 199 133 464
internal_count=370188 203850 193962 20653 13832 2608 2144 232 124 108 1912 11224 4480 1941 213 1728 2539 1940 1885 1610 1222 388 144 275 176 553 346 199 133 464
is_linear=0
shrinkage=0.05


Tree=144
num_leaves=31
num_cat=0
split_feature=6 10 0 11 1 9 1 8 10 11 10 11 3 3 3 9 11 8 10 10 11 0 1 11 11 9 8 11 11 0
split_gain=1.8007e+06 6.39036e+06 7.13877e+06 2.0627e+06 2.5452e+06 4.4432e+06 6.53151e+06 7.53123e+06 4.92233e+06 4.40818e+06 7.38224e+06 3.9963e+06 3.40644e+06 5.66687e+06 5.2349e+06 1.04348e+07 6.78555e+06 4.95205e+06 6.08626e+06 5.95195e+06 4.72536e+06 4.44828e+06 5.78461e+06 4.56109e+06 9.21809e+06 4.24936e+06 4.20361e+06 6.80919e+06 7.43263e+06 9.95434e+06
threshold=3.5000000000000004 1900.7500000000002 12.500000000000002 1240.4600000000003 1.0000000180025095e-35 706.2118333333334 5.5000000000000009 383.77214285714291 1186.1000000000001 65821.285000000018 2303.4000000000005 1680.8500000000001 68.500000000000014 66.500000000000014 82.500000000000014 2041.4540000000004 11502.295000000002 1387.0700000000002 1686.7166666666669 1787.5333333333335 23225.890000000003 3.5000000000000004 1.5000000000000002 10595.725000000002 12198.740000000002 1446.3833333333334 2340.6650000000004 31067.535000000003 42026.485000000008 28.500000000000004
decision_type=2 2 2 2 2 2 2 2 2 2 2 2 2 2 2 2 2 2 2 2 2 2 2 2 2 2 2 2 2 2
left_child=3 -2 -3 -1 9 -6 7 8 -7 -5 -11 -9 13 21 15 17 -17 19 -19 -14 25 22 -13 -24 -25 -21 -16 -28 -29 -30
right_child=1 2 -4 4 5 6 -8 11 -10 10 -12 12 14 -15 26 16 -18 18 -20 20 -22 -23 23 24 -26 -27 27 28 29 -31
leaf_value=0.45541636036045435 -0.070483853223802656 -24.623450490406583 1.1040664269373968 -0.44026353576793165 -0.1792395431355068 -0.34392112791538243 -0.7463939607013601 -4.9413471652023375 13.900122763065809 6.2543004759426779 -15.500901955716751 2.6404195603288589 2.7486362836403271 -4.8462789248044675 1.1693945239975203 27.665980952473014 8.4646753610036019 8.5333924530491689 -1.943525460324623 15.276542532920837 19.385401705238554 0.62762774156880097 1.2736049204346647 -23.416902268822515 -4.1714743413304518 -4.6138988757955621 -2.8822404358274629 17.8797760084618 7.1686739491416027 -18.028071181200172
leaf_weight=40393 205421 56 52 16922 55023 92 9184 315 178 58 119 488 901 520 14525 59 209 165 867 50 108 21636 332 67 872 58 1411 86 143 54
leaf_count=40393 205421 56 52 16922 55023 92 9184 315 178 58 119 488 901 520 14525 59 209 165 867 50 108 21636 332 67 872 58 1411 86 143 54
internal_value=0.0218568 -0.0768766 -12.2361 0.144965 0.0441949 0.134445 0.464335 0.722109 9.0466 -0.52237 -8.37208 0.669675 0.711213 0.316295 1.218 3.38881 12.6918 2.22864 -0.268437 4.53569 11.99 0.431043 -1.98698 -3.76367 -5.54468 4.59464 0.894499 -1.46256 5.61578 0.261952
internal_weight=370364 205529 108 164835 124442 107343 52320 43136 270 17099 177 42866 42551 23915 18636 2417 268 2149 1032 1117 216 23395 1759 1271 939 108 16219 1694 283 197
internal_count=370364 205529 108 164835 124442 107343 52320 43136 270 17099 177 42866 42551 23915 18636 2417 268 2149 1032 1117 216 23395 1759 1271 939 108 16219 1694 283 197
is_linear=0
shrinkage=0.05


Tree=145
num_leaves=31
num_cat=0
split_feature=11 3 0 8 10 1 10 3 0 6 8 10 8 8 3 10 1 3 1 1 11 3 8 8 1 10 11 10 8 8
split_gain=1.99379e+06 5.76364e+06 8.08991e+06 4.89718e+06 4.23721e+06 3.23263e+06 5.29576e+06 3.2137e+06 2.96922e+06 2.88584e+06 5.17086e+06 4.55442e+06 4.48536e+06 5.37972e+06 3.69859e+06 2.60535e+06 4.10141e+06 3.18926e+06 2.17082e+06 1.8772e+06 1.48968e+06 4.5317e+06 6.09686e+06 7.23257e+06 7.4186e+06 2.14839e+07 8.08432e+06 4.50406e+06 6.08407e+06 6.59831e+06
threshold=65821.285000000018 13.500000000000002 16.500000000000004 2133.8221428571437 2469.5833333333335 1.0000000180025095e-35 2324.1500000000001 269.50000000000006 12.500000000000002 1.5000000000000002 1483.5285714285715 1878.4333333333336 1791.3400000000004 1709.7935714285716 61.500000000000007 2577.1000000000004 3.5000000000000004 256.50000000000006 4.5000000000000009 2.5000000000000004 11846.610000000002 3.5000000000000004 1593.7250000000001 2195.8535714285722 1.5000000000000002 2609.7166666666667 23225.890000000003 1546.1833333333336 578.19000000000017 455.41857142857145
decision_type=2 2 2 2 2 2 2 2 2 2 2 2 2 2 2 2 2 2 2 2 2 2 2 2 2 2 2 2 2 2
left_child=20 2 -2 5 -4 6 -3 8 -5 10 11 -7 13 18 -14 16 -13 -18 19 -12 27 22 -22 -24 25 -25 -26 -1 29 -29
right_child=1 3 4 7 -6 9 -8 -9 -10 -11 12 15 14 -15 -16 -17 17 -19 -20 -21 21 -23 23 24 26 -27 -28 28 -30 -31
leaf_value=-0.017861788817343145 20.817355391684544 6.2028830271500812 11.122105365186124 0.56597882953344614 -4.8729128627701011 8.868628762048834 -15.062279240053094 3.3100913097609337 -13.783234241435199 11.007364468097688 3.1889094289743678 4.2065340816384493 6.4268114864826202 22.208316162138274 -7.806900960549541 -15.105975130984659 -1.3042232790860264 -18.41027976760158 -1.2048298617204032 16.261026435985901 2.7502448995908102 -0.21402195736100899 -13.691850462475339 18.168298868405618 2.7075530748688776 -14.690495172766752 -16.821107589197524 2.3300117499553243 0.78611237400589451 22.359944995711832
leaf_weight=310127 89 52 74 51 94 68 67 67 123 100 53 101 96 66 87 57 55 54 72 57 255 43902 222 118 89 86 131 104 13682 68
leaf_count=310127 89 52 74 51 94 68 67 67 123 100 53 101 96 66 87 57 55 54 72 57 255 43902 222 118 89 86 131 104 13682 68
internal_value=-0.00847122 1.82118 8.62929 0.39403 2.17251 1.95713 -5.76994 -5.99459 -9.57743 3.01894 1.97606 -2.68359 5.59783 9.9794 -0.340035 -5.62572 -3.05251 -9.77878 5.54474 9.96264 -0.0158288 -0.286061 -3.79622 -6.38035 -2.55216 4.31606 -8.92088 0.0215413 0.903594 10.2488
internal_weight=370267 1483 257 1226 168 985 119 241 174 866 766 335 431 248 183 267 210 109 182 110 368784 44803 901 646 424 204 220 323981 13854 172
internal_count=370267 1483 257 1226 168 985 119 241 174 866 766 335 431 248 183 267 210 109 182 110 368784 44803 901 646 424 204 220 323981 13854 172
is_linear=0
shrinkage=0.05


Tree=146
num_leaves=31
num_cat=0
split_feature=9 6 8 0 6 8 8 3 11 6 8 0 10 3 10 3 10 10 10 1 9 0 11 11 11 10 3 10 9 9
split_gain=2.05344e+06 3.94825e+06 4.48841e+06 3.8947e+06 5.62544e+06 5.51056e+06 5.2277e+06 8.44825e+06 5.4278e+06 4.9371e+06 4.25133e+06 6.55476e+06 8.17773e+06 6.53718e+06 6.21775e+06 5.06907e+06 4.99341e+06 6.1941e+06 4.23994e+06 8.0528e+06 3.90342e+06 3.79431e+06 3.69698e+06 3.96776e+06 3.63634e+06 7.52052e+06 5.75175e+06 1.39269e+07 4.73372e+06 1.17775e+07
threshold=970.15350000000012 1.5000000000000002 357.74000000000007 18.500000000000004 2.5000000000000004 2537.0064285714293 3218.1678571428579 5.5000000000000009 65821.285000000018 4.5000000000000009 2195.8535714285722 23.500000000000004 2418.9166666666674 27.500000000000004 2176.9166666666674 84.500000000000014 2071.4333333333338 2394.6000000000004 2010.5333333333335 2.5000000000000004 2041.4540000000004 9.5000000000000018 12198.740000000002 24530.555000000004 4644.1250000000009 2812.8500000000008 16.500000000000004 2261.6500000000001 1880.9296666666669 2138.2523333333338
decision_type=2 2 2 2 2 2 2 2 2 2 2 2 2 2 2 2 2 2 2 2 2 2 2 2 2 2 2 2 2 2
left_child=-1 2 -2 9 6 20 7 -5 10 -3 11 12 14 -12 -9 -13 -15 -18 -17 -20 -6 -11 -19 -24 25 26 27 -4 -28 -30
right_child=1 3 24 4 5 -7 -8 8 -10 21 13 15 -14 16 -16 18 17 22 19 -21 -22 -23 23 -25 -26 -27 28 -29 29 -31
leaf_value=-0.031983048606390563 10.350403430862961 2.5151186129830534 2.6041760204973423 11.243489376923135 4.7142678048545283 -9.7720756004596581 -13.089578074567459 -6.1427249219614204 13.097140420766976 -17.510313495289196 17.071346753567237 -2.6581811739283721 -19.902954636874952 14.317169650684704 7.8454497606857974 0.88647035086424997 -10.329657109103985 11.883738653063775 -3.8858203353881837 21.884210243240581 17.836477490085546 1.4228299807099736 -9.6989313397142638 7.4830439431326727 -0.035910770517784997 19.3422168428615 1.6680686647964915 24.048980117112066 -9.5929473062134321 2.6580880211245628
leaf_weight=318089 107 4538 507 145 401 58 85 582 65 55 68 797 95 55 92 309 134 80 50 77 66 51 72 63 40641 59 2062 89 358 434
leaf_count=318089 107 4538 507 145 401 58 85 582 65 55 68 797 95 55 92 309 134 80 50 77 66 51 72 63 40641 59 2062 89 358 434
internal_value=0.0157131 0.306385 0.122214 1.3332 0.0181727 4.76352 -0.881541 -0.494923 -1.16529 2.26596 -1.54001 -2.54642 -6.16914 2.72866 -4.23336 -0.286989 0.31455 -1.89217 4.04751 11.7385 6.5688 -8.40097 3.36655 -1.68068 0.0974249 1.64171 1.33901 5.8065 0.406059 -2.87963
internal_weight=370284 52195 44257 7938 3294 525 2769 2684 2539 4644 2474 2002 769 472 674 1233 404 349 436 127 467 106 215 135 44150 3509 3450 596 2854 792
internal_count=370284 52195 44257 7938 3294 525 2769 2684 2539 4644 2474 2002 769 472 674 1233 404 349 436 127 467 106 215 135 44150 3509 3450 596 2854 792
is_linear=0
shrinkage=0.05


Tree=147
num_leaves=31
num_cat=0
split_feature=3 3 0 4 10 9 11 9 11 9 9 11 9 9 11 11 11 6 11 9 0 9 11 0 9 11 10 0 0 11
split_gain=1.57907e+06 2.77881e+06 7.18218e+06 8.90009e+06 6.10258e+06 4.60812e+06 5.86862e+06 3.1974e+06 4.79126e+06 4.107e+06 5.94923e+06 3.80258e+06 3.01242e+06 6.29742e+06 2.97829e+06 7.38041e+06 7.06639e+06 1.10959e+07 7.50626e+06 5.28297e+06 1.0151e+07 5.6469e+06 4.17094e+06 3.61322e+06 8.35091e+06 8.18662e+06 7.67789e+06 8.64232e+06 7.27734e+06 7.12949e+06
threshold=14.500000000000002 7.5000000000000009 18.500000000000004 1.0000000180025095e-35 3076.1000000000008 223.48633333333336 50.695000000000007 649.56250000000011 743.05000000000007 1087.7610000000002 1196.8403333333333 4569.1200000000008 1998.7498333333335 1554.7928333333336 11502.295000000002 12557.920000000002 4797.8500000000013 1.5000000000000002 2979.9050000000002 2041.4540000000004 13.500000000000002 1412.969166666667 8471.0000000000018 11.500000000000002 2258.7413333333338 45915.240000000013 2494.5000000000005 7.5000000000000009 7.5000000000000009 32951.680000000008
decision_type=2 2 2 2 2 2 2 2 2 2 2 2 2 2 2 2 2 2 2 2 2 2 2 2 2 2 2 2 2 2
left_child=1 4 7 5 -1 -4 -7 -3 -9 11 -11 -10 13 -5 16 -16 17 18 -12 21 -21 -18 -23 24 25 26 27 -17 -27 -29
right_child=-2 2 3 12 -6 6 -8 8 9 10 14 -13 -14 -15 15 23 19 -19 -20 20 -22 22 -24 -25 -26 28 -28 29 -30 -31
leaf_value=-0.18419151392830807 -0.049072523500855759 0.12414825696697972 2.9525794882004655 1.090446050700614 12.651807924496232 26.708620648817586 9.1917269546803233 14.811204956266758 -0.4312415148612041 -7.5682867575139516 18.883311363366936 6.1584422758629707 11.131288375777585 -14.851410276749556 -17.733419333790479 -9.6397820937883623 -1.2733088197379276 -21.495168260071011 -4.2739322107528972 -15.12442017292631 11.449154652754466 18.630875848840784 6.7785142070185529 -1.7378148457012081 16.474637801104254 25.169127270271041 -18.087807924621384 10.308437559662796 2.1970140105135303 -7.621083502079312
leaf_weight=21340 327409 16220 254 696 93 55 366 69 314 213 52 723 62 68 57 143 87 63 107 69 75 162 137 798 101 58 65 205 85 76
leaf_count=21340 327409 16220 254 696 93 55 366 69 314 213 52 723 62 68 57 143 87 63 107 69 75 162 137 798 101 58 65 205 85 76
internal_value=-0.0117319 0.273827 0.677147 4.01219 -0.128495 8.27126 11.4802 0.425329 1.76043 1.5096 0.431769 4.16311 0.531712 -0.328463 1.15998 -0.0675417 3.75214 -3.73682 3.29951 6.88902 -1.28402 9.93803 13.2002 0.590169 3.12459 0.991118 -2.08624 0.366836 11.5144 5.45917
internal_weight=370222 42813 21380 1501 21433 675 421 19879 3659 3590 2553 1037 826 764 2340 1588 752 222 159 530 144 386 299 1531 733 632 489 424 143 281
internal_count=370222 42813 21380 1501 21433 675 421 19879 3659 3590 2553 1037 826 764 2340 1588 752 222 159 530 144 386 299 1531 733 632 489 424 143 281
is_linear=0
shrinkage=0.05


Tree=148
num_leaves=31
num_cat=0
split_feature=11 9 0 0 9 9 8 10 6 3 0 10 10 0 0 1 1 8 10 11 11 0 1 8 11 8 0 3 11 9
split_gain=1.45453e+06 3.5481e+06 3.82767e+06 7.16268e+06 3.24221e+06 2.36201e+06 4.43884e+06 5.01592e+06 2.19533e+06 2.65839e+06 4.79091e+06 2.34554e+06 3.18506e+06 3.02668e+06 1.88038e+06 4.09131e+06 2.15144e+06 2.13003e+06 1.64149e+06 1.35288e+06 2.1553e+06 1.33719e+06 1.22868e+06 2.48329e+06 9.06331e+06 8.42173e+06 1.39023e+07 6.30889e+06 5.6088e+06 1.57726e+07
threshold=1954.7450000000001 2041.4540000000004 10.500000000000002 17.500000000000004 1917.6366666666668 1804.4843333333336 1750.47 1664.0666666666668 4.5000000000000009 265.50000000000006 26.500000000000004 1645.116666666667 857.58333333333337 26.500000000000004 10.500000000000002 4.5000000000000009 4.5000000000000009 1117.6485714285716 308.16666666666669 1268.2250000000001 967.06500000000017 16.500000000000004 5.5000000000000009 2266.1771428571433 50375.340000000004 2537.0064285714293 9.5000000000000018 39.500000000000007 23225.890000000003 2422.4765000000002
decision_type=2 2 2 2 2 2 2 2 2 2 2 2 2 2 2 2 2 2 2 2 2 2 2 2 2 2 2 2 2 2
left_child=1 4 -3 -4 5 6 8 -8 9 11 18 12 -1 14 16 19 17 -14 -11 20 -16 -17 -2 -24 25 26 27 -25 -27 -30
right_child=22 2 3 -5 -6 -7 7 -9 -10 10 -12 -13 13 -15 15 21 -18 -19 -20 -21 -22 -23 23 24 -26 28 -28 -29 29 -31
leaf_value=0.42548733772101416 -0.051771866754605281 17.23698101749023 -10.625285266694569 11.257841888798968 -10.671453020913262 10.451435585021974 -16.263150867299981 3.651857345581055 -0.02663865864253075 0.69725745162986064 1.8675260573850634 -8.5576052069664001 9.866368194842579 -7.3208425133392723 7.7827280324300139 -10.174430025392965 16.276850721913 -1.9521421032567181 -1.8577333742191984 8.0356123612089849 -4.2860449941190959 0.12862250907346606 -0.31032607741071055 21.548854793585839 -15.198390982300044 5.8781710216375158 -11.596049369823264 -1.037932773872658 13.802814193964005 -13.991930617423769
leaf_weight=51620 163285 60 63 92 70 55 86 50 120879 752 1440 72 99 58 75 62 62 62 3832 216 73 64 25777 50 128 428 339 81 80 141
leaf_count=51620 163285 60 63 92 70 55 86 50 120879 752 1440 72 99 58 75 62 62 62 3832 216 73 64 25777 50 128 428 339 81 80 141
internal_value=-0.00710508 0.0948541 6.51417 2.36341 0.0871707 0.0913649 0.0881906 -8.94146 0.0950371 0.346512 -0.648283 0.460739 0.473132 3.66307 4.55657 2.82435 8.36279 5.31514 -1.43859 5.51241 1.82989 -4.94113 -0.103457 -0.415747 -2.59492 -1.15324 -6.25041 7.58298 2.53809 -3.93048
internal_weight=370151 179842 215 155 179627 179557 179502 136 179366 58487 6024 52463 52391 771 713 490 223 161 4584 364 148 126 190309 27024 1247 1119 470 131 649 221
internal_count=370151 179842 215 155 179627 179557 179502 136 179366 58487 6024 52463 52391 771 713 490 223 161 4584 364 148 126 190309 27024 1247 1119 470 131 649 221
is_linear=0
shrinkage=0.05


Tree=149
num_leaves=31
num_cat=0
split_feature=9 10 8 3 8 3 11 9 6 11 8 11 3 11 11 3 11 11 10 8 3 1 11 3 3 11 3 6 10 11
split_gain=1.13145e+06 5.72617e+06 5.03485e+06 4.89401e+06 4.15614e+06 7.24908e+06 9.0483e+06 4.11766e+06 7.40446e+06 6.39499e+06 5.36928e+06 5.08683e+06 4.96272e+06 1.05886e+07 7.54941e+06 9.24089e+06 7.24013e+06 6.03463e+06 4.82591e+06 5.96862e+06 6.78772e+06 5.19273e+06 4.40279e+06 4.19281e+06 7.37998e+06 3.86199e+06 3.71097e+06 5.24066e+06 4.41788e+06 3.80999e+06
threshold=2530.8520000000003 2548.1500000000001 2195.8535714285722 260.50000000000006 2340.6650000000004 62.500000000000007 7629.005000000001 2703.9491666666668 1.5000000000000002 29214.375000000004 2537.0064285714293 50375.340000000004 5.5000000000000009 15243.790000000003 35421.660000000011 281.50000000000006 25929.405000000002 50375.340000000004 3076.1000000000008 2078.5514285714294 64.500000000000014 4.5000000000000009 10903.300000000001 53.500000000000007 132.50000000000003 14742.730000000001 277.50000000000006 1.5000000000000002 2609.7166666666667 24530.555000000004
decision_type=2 2 2 2 2 2 2 2 2 2 2 2 2 2 2 2 2 2 2 2 2 2 2 2 2 2 2 2 2 2
left_child=-1 2 3 -2 -4 25 -7 9 12 26 -11 -12 13 -9 15 16 18 -16 19 -14 -21 22 -22 -10 -25 -6 27 28 -3 -30
right_child=1 7 4 -5 5 6 -8 8 23 10 11 -13 14 -15 17 -17 -18 -19 -20 20 21 -23 -24 24 -26 -27 -28 -29 29 -31
leaf_value=-0.0027424555603717368 -9.0633159099741185 -8.3244951975547661 22.171224126815797 9.5057239214579266 6.0483158139621516 15.897799015045166 -9.6467036889149611 -7.311493981326068 -23.870848816516354 1.9632564010596512 -17.968258012135824 1.3325341172651812 -19.321797469941281 22.646187368539664 15.398064368247987 10.360982595319335 -19.238948033005002 -2.3459526041279672 4.5348980615118979 -13.198217088986286 5.4067589207699429 14.001328198871915 -14.921646984100343 7.0530623094090874 -18.357414277618933 20.909866242408754 -4.8330977054963631 18.021980470986595 4.27991809647878 17.224559959013071
leaf_weight=367786 94 59 50 57 85 52 104 54 51 202 90 55 78 65 100 92 96 92 119 113 57 63 50 53 62 90 83 84 375 67
leaf_count=367786 94 59 50 57 85 52 104 54 51 202 90 55 78 65 100 92 96 92 119 113 57 63 50 53 62 90 83 84 375 67
internal_value=0.00473315 1.02606 5.67267 -2.05381 8.73487 6.70521 -1.13187 -0.118378 -2.17379 2.20029 -3.30627 -10.6473 -0.518108 9.05195 -1.84234 -4.35387 -6.70416 6.89572 -4.19721 -7.07566 -3.7004 2.61286 -4.0925 -11.9383 -6.6465 13.6914 5.06073 6.46447 4.52669 6.24211
internal_weight=370478 2692 532 151 381 331 156 2160 1145 1015 347 145 979 119 860 668 576 192 480 361 283 170 107 166 115 175 668 585 501 442
internal_count=370478 2692 532 151 381 331 156 2160 1145 1015 347 145 979 119 860 668 576 192 480 361 283 170 107 166 115 175 668 585 501 442
is_linear=0
shrinkage=0.05


Tree=150
num_leaves=31
num_cat=0
split_feature=9 3 11 11 11 11 11 9 10 11 11 3 11 1 11 0 1 11 11 10 11 3 3 10 3 11 3 11 9 0
split_gain=1.61741e+06 3.28831e+06 3.08687e+06 1.95459e+06 4.66654e+06 3.93444e+06 2.33538e+06 1.77146e+06 1.76949e+06 3.94234e+06 5.10776e+06 6.42915e+06 5.9394e+06 1.15788e+07 9.23449e+06 4.27961e+06 3.91786e+06 5.99041e+06 7.95982e+06 4.39717e+06 3.91921e+06 6.87342e+06 5.86945e+06 6.93503e+06 6.31713e+06 5.76822e+06 4.0877e+06 3.84122e+06 5.20734e+06 4.79386e+06
threshold=2530.8520000000003 1.5000000000000002 2175.8900000000008 3699.5900000000006 4413.0950000000003 5043.630000000001 5578.6600000000008 2703.9491666666668 2955.1166666666672 10903.300000000001 16973.135000000006 60.500000000000007 27454.115000000002 2.5000000000000004 35421.660000000011 25.500000000000004 1.5000000000000002 14742.730000000001 11502.295000000002 2872.6833333333338 45915.240000000013 268.50000000000006 28.500000000000004 2641.9333333333338 48.500000000000007 19100.720000000005 53.500000000000007 12557.920000000002 2703.9491666666668 8.5000000000000018
decision_type=2 2 2 2 2 2 2 2 2 2 2 2 2 2 2 2 2 2 2 2 2 2 2 2 2 2 2 2 2 2
left_child=-1 -2 -3 7 -5 -6 -7 -4 16 -10 11 -11 13 -12 -14 -16 17 18 -8 -19 22 -22 23 -18 -24 -25 -26 29 -29 -28
right_child=1 2 3 4 5 6 8 -9 9 10 12 -13 14 -15 15 -17 20 19 -20 -21 21 -23 24 25 26 -27 27 28 -30 -31
leaf_value=-0.012365897845360208 13.313432339754971 11.478157263643602 0.38752216685901991 15.113864025316742 -11.49511224453266 10.972236277973444 4.4767406192046924 -12.42185917620389 9.2256653499603285 -24.765482171976345 -6.8473495843675414 -2.5257536797296432 -18.73961030528659 17.286004721151816 -2.9357306511874128 13.190654034797962 -1.4329465855492487 7.0860587832325752 -18.205157893437608 23.318154655456546 -17.715229685691657 5.6809359064641995 -13.958572638178447 29.55287467264662 14.00033061909226 6.2087495717135344 -18.904159952559564 -2.9383992298552304 8.8445539632524763 -1.5403892266675363
leaf_weight=367588 55 68 55 57 65 57 151 53 80 53 90 84 84 111 197 52 90 252 52 50 77 53 83 51 53 55 53 202 175 159
leaf_count=367588 55 68 55 57 65 57 151 53 80 53 90 84 84 111 197 52 90 252 52 50 77 53 83 51 53 55 53 202 175 159
internal_value=-0.003382 1.21207 0.962038 0.686365 0.972436 0.640587 0.974267 -5.89856 0.727243 -1.26598 -2.51684 -11.1294 -0.307242 6.48003 -4.40406 0.432028 1.68927 5.30874 -1.3334 9.77349 -0.049873 -8.17679 1.09725 8.77404 -0.978133 17.4404 0.700024 -0.496778 2.53114 -5.88133
internal_weight=370305 2717 2662 2594 2486 2429 2364 108 2307 751 671 137 534 201 333 249 1556 505 203 302 1051 130 921 196 725 106 642 589 377 212
internal_count=370305 2717 2662 2594 2486 2429 2364 108 2307 751 671 137 534 201 333 249 1556 505 203 302 1051 130 921 196 725 106 642 589 377 212
is_linear=0
shrinkage=0.05


Tree=151
num_leaves=31
num_cat=0
split_feature=11 8 10 1 10 10 8 10 3 3 9 3 3 8 9 8 1 3 0 0 8 10 0 9 8 1 0 0 9 10
split_gain=1.46558e+06 2.51535e+06 6.71509e+06 5.66696e+06 4.3361e+06 3.3753e+06 3.21142e+06 8.45556e+06 5.1602e+06 5.62356e+06 4.90412e+06 4.70527e+06 5.05687e+06 7.66227e+06 9.423e+06 5.73926e+06 1.22083e+07 7.64827e+06 8.53349e+06 7.36783e+06 6.32804e+06 8.11867e+06 4.92385e+06 4.84046e+06 4.49949e+06 4.73618e+06 8.69921e+06 4.09769e+06 4.1242e+06 3.7568e+06
threshold=38560.455000000009 2899.4528571428577 3076.1000000000008 4.5000000000000009 2609.7166666666667 2680.8833333333337 1418.4021428571432 2220.0000000000005 3.5000000000000004 269.50000000000006 1412.969166666667 284.50000000000006 7.5000000000000009 2430.840714285715 1841.156666666667 2430.840714285715 2.5000000000000004 40.500000000000007 20.500000000000004 19.500000000000004 2340.6650000000004 2609.7166666666667 20.500000000000004 2194.8705000000004 1593.7250000000001 1.0000000180025095e-35 23.500000000000004 5.5000000000000009 1697.2931666666666 2812.8500000000008
decision_type=2 2 2 2 2 2 2 2 2 2 2 2 2 2 2 2 2 2 2 2 2 2 2 2 2 2 2 2 2 2
left_child=-1 6 3 4 -3 -5 -2 8 -8 27 -9 12 13 14 -12 20 19 23 -19 -17 24 -22 -15 -18 25 -14 29 -10 -29 -27
right_child=1 2 -4 5 -6 -7 7 10 9 -11 11 -13 15 22 -16 16 17 18 -20 -21 21 -23 -24 -25 -26 26 -28 28 -30 -31
leaf_value=-0.02463978282974898 -0.52044719507566362 6.1881392023780135 11.201962137558091 -22.889161851406101 -6.7075762616097938 -6.3187680683438749 -6.2270748841642138 -14.91175419183878 -1.5641949327368485 -3.5732829209142083 12.297302466172439 12.623259000536763 -8.6697099873277015 26.021566713051723 -18.103005603790283 12.337923217458385 -13.063147019648898 7.3378421564359932 -16.926706841965796 -10.436687441972587 -4.5415980307782284 18.314936444469705 6.0919811869424487 -33.493555061340338 -0.83624999527340749 12.341632338534012 -7.0861981399667755 5.6928401186330078 12.396312127456522 -1.6310528796294641
leaf_weight=361483 2857 110 71 60 160 63 99 52 133 149 52 79 61 61 50 112 69 74 71 52 61 107 63 50 2461 282 96 753 330 58
leaf_count=361483 2857 110 71 60 160 63 99 52 133 149 52 79 61 61 50 112 69 74 71 52 61 107 63 50 2461 282 96 753 330 58
internal_value=-0.00920911 0.632227 -2.94959 -5.50623 -1.45377 -14.4019 0.834117 1.55412 4.79546 5.5949 0.340787 0.546314 0.293913 7.54611 -2.60481 -0.167257 -5.59741 -12.2531 -4.54342 5.11671 0.576219 10.0158 15.8961 -21.6474 0.0400949 4.3795 6.20519 6.7183 7.73545 9.95806
internal_weight=370179 8696 464 393 270 123 8232 5375 1464 1365 3911 3859 3780 226 102 3554 428 264 145 164 3126 168 124 119 2958 497 436 1216 1083 340
internal_count=370179 8696 464 393 270 123 8232 5375 1464 1365 3911 3859 3780 226 102 3554 428 264 145 164 3126 168 124 119 2958 497 436 1216 1083 340
is_linear=0
shrinkage=0.05


Tree=152
num_leaves=31
num_cat=0
split_feature=3 8 10 9 8 3 8 9 3 8 9 9 9 9 10 3 8 0 9 8 3 8 8 10 1 10 9 10 10 10
split_gain=1.56035e+06 2.71382e+06 4.49916e+06 1.03246e+07 5.94413e+06 5.48305e+06 4.03409e+06 6.09884e+06 6.31322e+06 3.48661e+06 5.43307e+06 7.78499e+06 3.84415e+06 3.39732e+06 5.11031e+06 3.88018e+06 3.46173e+06 2.987e+06 3.33224e+06 2.92384e+06 2.66534e+06 2.94618e+06 6.86648e+06 2.63463e+06 2.61913e+06 2.32368e+06 2.2635e+06 2.0573e+06 2.19335e+06 2.04804e+06
threshold=265.50000000000006 1834.1171428571431 2720.4666666666672 2422.4765000000002 2340.6650000000004 275.50000000000006 1709.7935714285716 1998.7498333333335 270.50000000000006 1554.1278571428572 2087.0383333333334 1630.4328333333335 2258.7413333333338 2422.4765000000002 2641.9333333333338 274.50000000000006 2195.8535714285722 4.5000000000000009 2087.0383333333334 2266.1771428571433 271.50000000000006 2693.3414285714293 3218.1678571428579 2371.4500000000003 2.5000000000000004 1922.3833333333334 2087.0383333333334 2010.5333333333335 2261.6500000000001 2872.6833333333338
decision_type=2 2 2 2 2 2 2 2 2 2 2 2 2 2 2 2 2 2 2 2 2 2 2 2 2 2 2 2 2 2
left_child=-1 6 13 29 5 -5 9 25 -9 -2 11 -11 -12 15 16 23 -15 26 19 -19 -6 -22 -23 -3 -18 -8 -17 -13 -29 -4
right_child=1 2 3 4 20 -7 7 8 -10 10 12 27 -14 14 -16 17 24 18 -20 -21 21 22 -24 -25 -26 -27 -28 28 -30 -31
leaf_value=0.025918114905337904 -0.21758753444745313 -7.0509755828945915 18.211893876699303 -18.396733715025228 11.626078230874581 -1.253451923934781 4.6057578189952961 -2.4844219308633075 18.509952548483145 -12.300889606298284 -23.044654868199274 -1.9299264946980264 -6.705907038490996 12.755058376209156 -11.431821384032567 -3.7056074323325321 -7.7130620382834172 -1.5649653737137958 3.0109448163493262 -11.041349353790284 7.301792489220114 -11.889388678898321 8.6173331289580375 -19.529903544108073 4.900037848715689 -7.6507087289551157 -17.151095953583717 15.251062265309422 2.2603314489126207 6.5176828099621673
leaf_weight=337013 31046 97 78 89 57 98 74 52 115 94 52 67 117 74 72 58 69 205 185 135 85 107 66 75 102 81 68 66 64 72
leaf_count=337013 31046 97 78 89 57 98 74 52 115 94 52 67 117 74 72 58 69 205 185 135 85 107 66 75 102 81 68 66 64 72
internal_value=-0.00648481 -0.331298 -2.2245 1.0883 -2.35105 -9.41255 -0.224705 5.3434 11.9728 -0.281613 -4.60276 -0.461709 -11.7332 -4.11919 0.278819 -5.8132 3.72031 -4.0485 -2.38929 -5.32765 1.84101 -0.320807 -4.06602 -12.4924 -0.189459 -1.79923 -10.9619 5.18744 8.85563 12.5987
internal_weight=370633 33620 1792 652 502 187 31828 322 167 31506 460 291 169 1140 317 823 245 651 525 340 315 258 173 172 171 155 126 197 130 150
internal_count=370633 33620 1792 652 502 187 31828 322 167 31506 460 291 169 1140 317 823 245 651 525 340 315 258 173 172 171 155 126 197 130 150
is_linear=0
shrinkage=0.05


Tree=153
num_leaves=31
num_cat=0
split_feature=3 11 11 10 0 10 10 8 3 3 4 9 8 11 9 1 10 0 11 8 11 8 11 11 0 11 8 8 9 8
split_gain=1.40837e+06 3.10688e+06 5.40567e+06 6.4333e+06 4.07802e+06 8.69999e+06 6.22385e+06 2.92368e+06 2.42954e+06 8.58554e+06 1.4138e+07 7.44704e+06 7.17811e+06 4.83216e+06 4.22077e+06 6.3291e+06 6.22393e+06 4.98732e+06 4.33685e+06 5.1983e+06 3.99213e+06 6.19222e+06 4.47568e+06 5.44018e+06 3.82587e+06 3.26493e+06 5.93947e+06 2.86065e+06 4.4991e+06 4.18849e+06
threshold=14.500000000000002 65821.285000000018 55972.670000000006 2577.1000000000004 16.500000000000004 2469.5833333333335 2519.2500000000005 1750.47 7.5000000000000009 8.5000000000000018 1.0000000180025095e-35 190.64483333333337 413.25214285714293 4877.3750000000009 2336.8835000000004 1.0000000180025095e-35 2641.9333333333338 10.500000000000002 45915.240000000013 1750.47 52.135000000000012 492.15500000000009 3631.3200000000006 2390.3800000000006 10.500000000000002 784.61000000000013 874.19928571428591 2899.4528571428577 1768.4196666666669 2024.3085714285717
decision_type=2 2 2 2 2 2 2 2 2 2 2 2 2 2 2 2 2 2 2 2 2 2 2 2 2 2 2 2 2 2
left_child=1 2 8 7 6 -6 -3 -4 -1 10 11 -10 -13 20 16 -16 18 -17 -11 -20 -14 -22 23 25 -21 -23 -27 28 29 -12
right_child=-2 4 3 -5 5 -7 -8 -9 9 14 27 12 13 -15 15 17 -18 -19 19 24 21 22 -24 -25 -26 26 -28 -29 -30 -31
leaf_value=-0.10607215417765048 -0.037226006094111246 0.54276126229763033 5.515345306396485 -22.467429933114488 13.746193202766214 -8.9662923479566778 24.916826530803334 -8.4336597785521104 -0.036182392031828041 0.13633287966868021 -0.48202418494811028 23.201069973111153 16.759655016213657 15.688870352848321 -4.7562609411875405 24.345990867129828 -13.937993543575971 5.5997852845138381 17.021559799568994 9.609138677738331 -8.8286367547022149 9.6760843068884128 -4.1148031397797595 16.692564806149161 -9.4870963451909081 -4.4330017489771691 12.342170610427857 8.6041543174575974 -11.119947664788429 11.215379075650816
leaf_weight=21221 327720 50 65 55 74 98 55 89 307 17737 1386 80 80 157 75 59 78 89 84 54 73 228 87 139 51 155 80 91 94 81
leaf_count=21221 327720 50 65 55 74 98 55 89 307 17737 1386 80 80 157 75 59 78 89 84 54 73 228 87 139 51 155 80 91 94 81
internal_value=-0.00193507 0.267206 0.232962 -7.78855 5.54543 0.805358 13.3101 -2.54609 0.272422 0.650133 3.11098 6.83485 8.78981 7.63575 0.239969 7.07657 0.15529 13.0729 0.216613 7.7506 6.13416 5.01863 6.48575 8.01773 0.333825 5.4134 1.2777 -0.013279 -0.515641 0.163845
internal_weight=370692 42972 42695 209 277 172 105 154 42486 21265 3038 1386 1079 999 18227 223 18004 148 17926 189 842 762 689 602 105 463 235 1652 1561 1467
internal_count=370692 42972 42695 209 277 172 105 154 42486 21265 3038 1386 1079 999 18227 223 18004 148 17926 189 842 762 689 602 105 463 235 1652 1561 1467
is_linear=0
shrinkage=0.05


Tree=154
num_leaves=31
num_cat=0
split_feature=8 11 9 3 3 8 0 3 0 0 3 11 3 11 1 11 0 0 1 1 1 1 11 3 9 11 11 3 9 3
split_gain=2.23028e+06 5.08255e+06 3.75857e+06 3.58484e+06 8.29088e+06 8.00877e+06 4.32805e+06 3.86808e+06 3.94775e+06 3.56045e+06 7.19377e+06 3.5309e+06 1.6152e+07 3.81477e+06 9.26815e+06 5.34252e+06 3.92995e+06 5.66833e+06 3.32447e+06 4.45278e+06 3.5735e+06 3.25322e+06 3.2399e+06 3.23721e+06 4.40398e+06 3.16018e+06 5.38894e+06 7.46001e+06 4.48825e+06 6.76114e+06
threshold=2537.0064285714293 1510.2900000000002 2087.0383333333334 10.500000000000002 11.500000000000002 2899.4528571428577 14.500000000000002 3.5000000000000004 17.500000000000004 13.500000000000002 8.5000000000000018 50375.340000000004 257.50000000000006 35421.660000000011 2.5000000000000004 25929.405000000002 5.5000000000000009 4.5000000000000009 2.5000000000000004 1.0000000180025095e-35 4.5000000000000009 4.5000000000000009 31067.535000000003 50.500000000000007 2422.4765000000002 27454.115000000002 15809.935000000003 82.500000000000014 2041.4540000000004 25.500000000000004
decision_type=2 2 2 2 2 2 2 2 2 2 2 2 2 2 2 2 2 2 2 2 2 2 2 2 2 2 2 2 2 2
left_child=-1 -2 25 5 -5 6 -4 -8 -9 -7 -11 13 21 15 -15 16 17 18 19 -6 -20 -13 23 -17 -25 26 28 -28 29 -3
right_child=1 2 3 4 11 9 7 8 -10 10 -12 12 -14 14 -16 22 -18 -19 20 -21 -22 -23 -24 24 -26 -27 27 -29 -30 -31
leaf_value=-0.0036551240006357875 13.806237230802836 -6.6916325046979326 22.274929656982422 -20.359293700101084 2.0384244710549542 7.7677039778750885 13.500526772453671 8.5374583799627768 -7.8962484608678256 -0.34048295532626038 -18.297317008972168 -10.927471152941386 11.535334324836732 -7.6469174676782945 13.043624663993018 -1.9295114906934594 0.82317300554034967 -18.680390820195598 13.721652506048029 -13.291013502043027 -3.2565531522455355 -26.403485525700088 -0.60751288062647779 -6.8149619417885949 -26.740961135061163 0.71751085191868658 -5.4690204248093721 -23.967395238876346 -11.944898408542981 4.5072290526590315
leaf_weight=364925 57 259 50 57 87 115 105 79 68 792 60 84 75 85 149 52 1558 62 55 104 71 57 95 54 57 309 171 80 110 281
leaf_count=364925 57 259 50 57 87 115 105 79 68 792 60 84 75 85 149 52 1558 62 55 104 71 57 95 54 57 309 171 80 110 281
internal_value=-0.0183591 -1.04277 -1.20613 -0.46274 -1.49228 1.72939 8.83714 6.17091 0.935472 -0.490399 -1.60505 -1.08569 -7.21183 -0.540925 5.52783 -1.18789 -0.287624 -4.85391 -2.14967 -6.30849 4.15457 -17.1837 -7.94686 -12.2244 -17.0472 -3.6458 -5.14221 -11.3649 -2.73929 -0.864077
internal_weight=370163 5238 5181 3971 2702 1269 302 252 147 967 852 2645 216 2429 234 2195 1937 379 317 191 126 141 258 163 111 1210 901 251 650 540
internal_count=370163 5238 5181 3971 2702 1269 302 252 147 967 852 2645 216 2429 234 2195 1937 379 317 191 126 141 258 163 111 1210 901 251 650 540
is_linear=0
shrinkage=0.05


Tree=155
num_leaves=31
num_cat=0
split_feature=9 10 8 3 3 9 3 3 9 8 0 3 0 10 6 6 1 9 10 8 0 1 10 1 8 0 10 9 3 10
split_gain=2.19474e+06 4.39982e+06 3.87623e+06 7.95029e+06 9.43501e+06 6.83904e+06 6.75309e+06 6.195e+06 5.73334e+06 5.55009e+06 6.19439e+06 6.18903e+06 4.6705e+06 5.54101e+06 4.44039e+06 4.22373e+06 4.83111e+06 4.29632e+06 4.18296e+06 3.99733e+06 4.46551e+06 1.2402e+07 9.13942e+06 8.83586e+06 8.67114e+06 1.00319e+07 5.74578e+06 5.24891e+06 4.95428e+06 4.84064e+06
threshold=1841.156666666667 2282.6333333333337 2195.8535714285722 138.50000000000003 257.50000000000006 1880.9296666666669 133.50000000000003 255.50000000000003 1917.6366666666668 2693.3414285714293 12.500000000000002 115.50000000000001 26.500000000000004 2220.0000000000005 1.5000000000000002 1.5000000000000002 4.5000000000000009 1998.7498333333335 2051.6500000000001 2078.5514285714294 16.500000000000004 5.5000000000000009 1945.2500000000002 1.5000000000000002 1632.2000000000003 6.5000000000000009 1965.7166666666669 1957.9808333333337 65.500000000000014 2090.7166666666667
decision_type=2 2 2 2 2 2 2 2 2 2 2 2 2 2 2 2 2 2 2 2 2 2 2 2 2 2 2 2 2 2
left_child=-1 2 3 6 -5 -6 12 9 -7 11 -11 15 19 18 -10 -4 17 -17 -14 20 21 26 -23 -22 -24 -26 -2 -28 -29 -25
right_child=1 -3 7 4 5 8 -8 -9 14 10 -12 -13 13 -15 -16 16 -18 -19 -20 -21 23 22 24 29 25 -27 27 28 -30 -31
leaf_value=-0.01325886910307182 -4.9922574889498792 0.060149249366366911 3.5642135011554448 22.777485529354642 15.215936947543666 -10.19562677913242 -17.976145106774791 -5.6592157513262284 5.905532756522673 -9.7474714046130426 3.1654604201566592 16.692772252112629 -9.7505722140675193 -17.002151039242744 -5.7421386828410981 17.542132231284835 24.208515365773984 0.16588963840318763 2.6171418612592676 -4.2727739636595725 -2.512785754478895 8.8283497164214868 -1.9614109587162099 15.62881912130841 -0.99741312776293078 -26.526837187569317 0.37671430291754482 4.4517674298129952 15.799611320994259 4.8601043783666524
leaf_weight=350149 185 13850 881 70 106 90 54 166 398 122 389 128 111 80 103 58 55 92 178 347 260 69 141 173 56 123 356 259 153 263
leaf_count=350149 185 13850 881 70 106 90 54 166 398 122 389 128 111 80 103 58 55 92 178 347 260 69 141 173 56 123 356 259 153 263
internal_value=0.0153636 0.534215 1.73543 0.767041 5.27858 3.52115 -0.465277 3.56619 1.42361 4.45397 0.0825295 6.294 -0.121927 -5.35673 3.5109 5.06837 11.5326 6.8847 -2.13309 0.687987 1.53263 -0.152882 -7.67624 4.78257 -11.235 -18.54 2.91804 4.82351 8.66589 9.13301
internal_weight=369465 19316 5466 3575 767 697 2808 1891 591 1725 511 1214 2754 369 501 1086 205 150 289 2385 2038 1342 389 696 320 179 953 768 412 436
internal_count=369465 19316 5466 3575 767 697 2808 1891 591 1725 511 1214 2754 369 501 1086 205 150 289 2385 2038 1342 389 696 320 179 953 768 412 436
is_linear=0
shrinkage=0.05


Tree=156
num_leaves=31
num_cat=0
split_feature=8 11 11 11 10 0 11 0 9 11 1 9 9 8 8 10 9 8 0 11 10 9 10 8 0 0 10 10 11 10
split_gain=1.37498e+06 3.39452e+06 6.32905e+06 8.09622e+06 7.67622e+06 6.50259e+06 7.76606e+06 9.2248e+06 6.11138e+06 8.35048e+06 5.60394e+06 9.64969e+06 5.80275e+06 6.47584e+06 4.74058e+06 4.64733e+06 5.8442e+06 4.15835e+06 3.90277e+06 3.90871e+06 5.60703e+06 3.75377e+06 3.54344e+06 3.38818e+06 3.30928e+06 4.96838e+06 3.74328e+06 3.07966e+06 3.61339e+06 3.83389e+06
threshold=2693.3414285714293 15243.790000000003 23225.890000000003 22071.445000000003 2371.4500000000003 24.500000000000004 27454.115000000002 18.500000000000004 2703.9491666666668 45915.240000000013 3.5000000000000004 2422.4765000000002 2087.0383333333334 2899.4528571428577 3218.1678571428579 2444.1500000000001 2422.4765000000002 2899.4528571428577 29.500000000000004 55972.670000000006 2812.8500000000008 2422.4765000000002 2762.7666666666669 3218.1678571428579 5.5000000000000009 3.5000000000000004 2494.5000000000005 2872.6833333333338 55972.670000000006 2609.7166666666667
decision_type=2 2 2 2 2 2 2 2 2 2 2 2 2 2 2 2 2 2 2 2 2 2 2 2 2 2 2 2 2 2
left_child=-1 24 3 10 23 6 7 -6 15 -10 11 17 -12 -14 -13 -8 27 -3 19 20 21 -7 -18 -4 25 26 -2 28 29 -17
right_child=1 2 4 -5 5 18 8 -9 9 -11 12 14 13 -15 -16 16 22 -19 -20 -21 -22 -23 -24 -25 -26 -27 -28 -29 -30 -31
leaf_value=-0.00078531698251916432 5.2646192374596232 -20.04763313711506 10.375268767712384 18.546557078758877 -6.5568196585748062 12.576890861381919 -19.145987098000269 -30.948818061311371 17.421937141920392 -8.0236112935202453 -7.955104309573489 -0.94777550190053095 21.678399270988375 4.6073111864782517 16.694729684293272 -8.5986111640930183 -0.93564130371692134 -3.544363049268723 -8.5551529745622119 -5.2533034576069229 23.375615609133689 -5.5803152777931908 -16.975264256855226 -4.0115729985413733 -1.8147188252761586 -20.42111705041701 -11.704316881619967 7.2776022405624392 -14.828564475132868 6.231945860329664
leaf_weight=366143 65 73 169 87 113 59 55 59 76 56 53 94 83 168 64 74 51 80 55 55 54 55 106 54 1547 62 65 100 52 106
leaf_count=366143 65 73 169 87 113 59 55 59 76 56 53 94 83 168 64 74 51 80 55 55 54 55 106 54 1547 62 65 100 52 106
internal_value=-0.0105927 -0.958056 0.419808 4.2701 -1.58383 -3.26233 -5.43787 -14.9238 -3.02428 6.62686 2.2505 -2.46834 7.07801 10.2523 6.19856 -5.3661 -3.81622 -11.4185 3.37388 6.31601 10.1036 3.81684 -11.7649 6.89146 -2.58313 -8.77443 -3.21985 -0.0573376 -3.21895 0.134939
internal_weight=369933 3790 2051 702 1349 1126 848 172 676 132 615 311 304 251 158 544 489 153 278 223 168 114 157 223 1739 192 130 332 232 180
internal_count=369933 3790 2051 702 1349 1126 848 172 676 132 615 311 304 251 158 544 489 153 278 223 168 114 157 223 1739 192 130 332 232 180
is_linear=0
shrinkage=0.05


Tree=157
num_leaves=31
num_cat=0
split_feature=11 9 3 8 6 1 3 10 9 9 1 10 8 9 1 9 10 8 8 10 3 3 9 6 3 9 8 10 8 10
split_gain=2.2189e+06 3.49787e+06 7.76761e+06 4.44578e+06 4.33839e+06 3.43597e+06 3.96535e+06 3.3099e+06 3.75013e+06 7.00793e+06 4.41121e+06 4.33178e+06 9.49112e+06 6.96295e+06 3.23951e+06 4.62197e+06 9.88715e+06 5.62125e+06 6.04978e+06 4.97459e+06 3.2286e+06 3.0082e+06 4.22611e+06 3.34496e+06 2.98759e+06 3.68247e+06 5.33156e+06 3.06766e+06 5.60681e+06 6.46075e+06
threshold=38560.455000000009 2703.9491666666668 46.500000000000007 1972.967142857143 1.5000000000000002 5.5000000000000009 66.500000000000014 2872.6833333333338 2194.8705000000004 2087.0383333333334 2.5000000000000004 2220.0000000000005 1518.4428571428573 1697.2931666666666 1.0000000180025095e-35 2336.8835000000004 2641.9333333333338 2078.5514285714294 1925.7600000000002 2371.4500000000003 64.500000000000014 41.500000000000007 1412.969166666667 2.5000000000000004 276.50000000000006 2336.8835000000004 2024.3085714285717 1645.116666666667 1418.4021428571432 2282.6333333333337
decision_type=2 2 2 2 2 2 2 2 2 2 2 2 2 2 2 2 2 2 2 2 2 2 2 2 2 2 2 2 2 2
left_child=-1 4 -3 -4 14 6 -5 8 9 11 -10 21 -13 -14 15 16 17 18 19 -2 -17 23 -23 -6 27 26 -26 -16 -29 -30
right_child=1 2 3 5 7 -7 -8 -9 10 -11 -12 12 13 -15 24 20 -18 -19 -20 -21 -22 22 -24 -25 25 -27 -28 28 29 -31
leaf_value=-0.0032574586675990255 -0.92468853560889641 -11.05324505076689 23.713358478546144 10.899663751167164 7.0591765248944984 17.2762462249169 -8.0080147849188901 14.457032337922318 6.0116754812352795 21.06844850267683 -13.100189208984375 22.30763515189842 -13.492036884235887 7.1534361625655309 3.547579724769065 -4.9088757967020014 13.473014120101929 -15.484786273397152 13.823546245641877 -13.412837423489552 -21.034814697504046 2.5471921949670655 -9.1549864301745529 -6.4985288081497989 5.4915458023752954 12.45271707792525 -7.7451645925207053 -2.9564182053527777 3.9289739720964643 -0.51518143889855361
leaf_weight=361552 410 51 50 57 211 52 54 65 51 56 74 81 53 178 631 77 100 84 57 99 52 160 149 58 291 108 103 1323 1165 2744
leaf_count=361552 410 51 50 57 211 52 54 65 51 56 74 81 53 178 631 77 100 84 57 99 52 160 149 58 291 108 103 1323 1165 2744
internal_value=0.0156701 0.807353 6.47411 10.6708 0.62883 6.67002 1.70133 3.50168 2.83678 3.91228 -5.30255 2.83279 7.58062 2.4166 0.178312 -2.66697 -1.1633 -3.41504 -1.62377 -3.35362 -11.4093 0.269947 -3.09561 4.13595 0.571243 4.27327 2.03119 0.254269 -0.142918 0.809311
internal_weight=370196 8644 264 213 8380 163 111 1136 1071 946 125 890 312 231 7244 879 750 650 566 509 129 578 309 269 6365 502 394 5863 5232 3909
internal_count=370196 8644 264 213 8380 163 111 1136 1071 946 125 890 312 231 7244 879 750 650 566 509 129 578 309 269 6365 502 394 5863 5232 3909
is_linear=0
shrinkage=0.05


Tree=158
num_leaves=31
num_cat=0
split_feature=3 11 11 10 0 9 0 10 1 11 11 0 0 10 11 9 9 11 11 11 10 9 0 0 10 1 9 11 11 0
split_gain=1.15645e+06 3.49998e+06 5.80759e+06 8.64614e+06 5.05881e+06 6.20055e+06 3.81672e+06 3.5081e+06 7.20244e+06 6.07312e+06 1.26284e+07 9.02983e+06 8.17119e+06 7.76648e+06 6.5711e+06 5.66136e+06 1.02355e+07 5.6596e+06 4.95235e+06 4.82825e+06 5.65379e+06 4.73451e+06 4.1097e+06 1.23024e+07 3.42357e+06 6.9444e+06 3.83574e+06 8.29259e+06 4.95864e+06 4.8268e+06
threshold=13.500000000000002 65821.285000000018 55972.670000000006 2418.9166666666674 15.500000000000002 1697.2931666666666 22.500000000000004 2444.1500000000001 1.0000000180025095e-35 23225.890000000003 29214.375000000004 15.500000000000002 19.500000000000004 2494.5000000000005 6050.4550000000008 2530.8520000000003 2422.4765000000002 8471.0000000000018 11502.295000000002 9772.4500000000025 2762.7666666666669 2258.7413333333338 15.500000000000002 13.500000000000002 2371.4500000000003 2.5000000000000004 2041.4540000000004 27454.115000000002 3357.3900000000003 15.500000000000002
decision_type=2 2 2 2 2 2 2 2 2 2 2 2 2 2 2 2 2 2 2 2 2 2 2 2 2 2 2 2 2 2
left_child=1 2 7 -4 -3 -6 -7 15 19 13 11 -11 22 -10 -15 16 24 -16 -19 -9 -21 -20 23 -12 26 -26 -1 28 -28 -30
right_child=-2 4 3 -5 5 6 -8 8 9 10 12 -13 -14 14 17 -17 -18 18 21 20 -22 -23 -24 -25 25 -27 27 -29 29 -31
leaf_value=0.16660018842605881 -0.021518352525494104 17.996931255224979 1.1774321257466018 -20.849660049250097 -13.204333576202394 13.390246611056121 -3.3553462408207082 6.1478014310201017 23.949187492256737 -1.5010895971042009 16.294509410345427 -29.121181466444483 -7.5903778096680998 -7.6184852055140908 22.216369685819075 16.994545776367186 -21.594066852386351 -4.3950821860452711 -0.65772768491986167 -2.419345277193047 -22.614275676921267 13.2937833852107 17.692190749235831 -12.188321959972383 5.4562941302114467 -15.387959679690276 13.334731566387674 18.212567820238032 7.8176927629407942 -6.2105076512757771
leaf_weight=37276 330462 66 99 81 50 92 54 60 67 67 93 53 93 77 62 50 54 89 87 84 59 202 99 64 67 99 69 92 91 188
leaf_count=37276 330462 66 99 81 50 92 54 60 67 67 93 53 93 77 62 50 54 89 87 84 59 202 99 64 67 99 69 92 91 188
internal_value=0.00910786 0.264143 0.225862 -8.73476 6.02403 1.99233 7.19667 0.266964 2.86681 4.52926 0.292032 -13.7 5.10303 7.9321 5.85639 0.181001 0.15884 8.21449 5.91788 -5.75665 -10.7515 9.09385 9.71431 4.68367 0.189848 -6.97492 0.221383 4.86247 1.33314 -1.635
internal_weight=370146 39684 39422 180 262 196 146 39242 1256 1053 469 120 349 584 517 37986 37936 440 378 203 143 289 256 157 37882 166 37716 440 348 279
internal_count=370146 39684 39422 180 262 196 146 39242 1256 1053 469 120 349 584 517 37986 37936 440 378 203 143 289 256 157 37882 166 37716 440 348 279
is_linear=0
shrinkage=0.05


Tree=159
num_leaves=31
num_cat=0
split_feature=8 11 11 10 9 0 11 11 6 10 1 9 9 1 0 10 11 0 10 11 11 9 0 11 0 10 8 1 11 11
split_gain=1.20272e+06 6.98428e+06 7.40864e+06 7.07269e+06 7.92557e+06 8.56083e+06 7.64626e+06 5.65791e+06 5.55908e+06 5.39697e+06 6.50413e+06 5.19701e+06 6.59057e+06 4.67017e+06 9.34043e+06 3.90682e+06 3.76874e+06 3.03019e+06 2.01791e+06 1.73887e+06 1.35923e+06 3.30926e+06 5.07088e+06 9.59075e+06 7.17042e+06 5.40732e+06 7.6924e+06 5.89556e+06 8.52298e+06 5.75825e+06
threshold=3218.1678571428579 9526.4100000000017 24530.555000000004 2519.2500000000005 2422.4765000000002 20.500000000000004 18339.145 15809.935000000003 1.5000000000000002 2609.7166666666667 2.5000000000000004 2703.9491666666668 2422.4765000000002 3.5000000000000004 20.500000000000004 2872.6833333333338 5578.6600000000008 18.500000000000004 2872.6833333333338 42026.485000000008 27454.115000000002 1917.6366666666668 14.500000000000002 55972.670000000006 12.500000000000002 2762.7666666666669 1593.7250000000001 2.5000000000000004 42026.485000000008 29214.375000000004
decision_type=2 2 2 2 2 2 2 2 2 2 2 2 2 2 2 2 2 2 2 2 2 2 2 2 2 2 2 2 2 2
left_child=20 9 3 7 -5 6 -6 -3 11 10 -2 12 19 14 -11 -13 -12 -14 -7 -4 -1 -22 23 24 25 29 -27 28 -28 -23
right_child=1 2 8 4 5 18 -8 -9 -10 13 16 15 17 -15 -16 -17 -18 -19 -20 -21 21 22 -24 -25 -26 26 27 -29 -30 -31
leaf_value=-0.01828217145922029 -3.4546042020504291 26.867742066464185 8.883372942876008 -12.146298005912877 -11.449842812549109 9.5158280570552041 11.318603436648846 4.3594147304318991 -19.161783090004555 6.3613649912178518 -12.130410425186158 17.357137560376934 -22.046578943311122 11.396102538198797 -22.019030502607237 -0.8373616300310408 -31.448259286319509 -6.9990799480014374 23.069016147078131 -2.9724596359638067 -0.026709824002098259 16.307933663386926 3.1106950094525199 -5.6450522350381389 -7.0250839189352368 15.004209184646607 -6.5755237314436172 -8.9860842427449246 15.686284114185135 3.7777631253628381
leaf_weight=353651 91 59 59 79 87 53 64 53 52 64 50 51 57 53 53 70 51 81 57 65 10756 102 2498 589 204 62 99 239 76 907
leaf_count=353651 91 59 59 79 87 53 64 53 52 64 50 51 57 53 53 70 51 81 57 65 10756 102 2498 589 204 62 99 239 76 907
internal_value=-0.00341665 -1.55237 0.836223 5.31906 1.72932 5.92922 -1.79964 16.2165 -3.82181 -7.40508 -13.1497 -1.73909 -5.69722 -0.916987 -6.49471 6.83139 -21.885 -13.2144 16.5388 2.66862 0.00182368 0.459618 1.55487 -0.151205 1.76465 2.97213 -1.42066 -3.88042 3.09246 5.04444
internal_weight=370432 1249 887 452 340 261 151 112 435 362 192 383 262 170 117 121 101 138 110 124 369183 15532 4776 2278 1689 1485 476 414 175 1009
internal_count=370432 1249 887 452 340 261 151 112 435 362 192 383 262 170 117 121 101 138 110 124 369183 15532 4776 2278 1689 1485 476 414 175 1009
is_linear=0
shrinkage=0.05


Tree=160
num_leaves=31
num_cat=0
split_feature=8 3 3 3 11 10 11 0 6 0 0 3 0 10 10 0 11 9 3 0 10 10 0 3 11 11 8 6 10 9
split_gain=2.39758e+06 7.37588e+06 6.7637e+06 5.62424e+06 8.52128e+06 7.68966e+06 7.41023e+06 5.36605e+06 4.92449e+06 4.91743e+06 4.10059e+06 3.69051e+06 3.37085e+06 4.54511e+06 2.30243e+06 4.71983e+06 1.84124e+06 4.0484e+06 1.48287e+07 4.48838e+06 7.21613e+06 6.28488e+06 6.44248e+06 5.92547e+06 4.48584e+06 3.95928e+06 3.79213e+06 3.29973e+06 3.82736e+06 5.07362e+06
threshold=3218.1678571428579 9.5000000000000018 19.500000000000004 5.5000000000000009 8676.4350000000013 2348.0500000000006 23225.890000000003 7.5000000000000009 1.5000000000000002 17.500000000000004 19.500000000000004 58.500000000000007 23.500000000000004 2762.7666666666669 3076.1000000000008 28.500000000000004 38560.455000000009 2703.9491666666668 38.500000000000007 5.5000000000000009 2872.6833333333338 2680.8833333333337 10.500000000000002 66.500000000000014 11174.860000000002 14742.730000000001 2537.0064285714293 1.5000000000000002 2680.8833333333337 2336.8835000000004
decision_type=2 2 2 2 2 2 2 2 2 2 2 2 2 2 2 2 2 2 2 2 2 2 2 2 2 2 2 2 2 2
left_child=16 3 -3 5 -5 -2 -6 -4 9 -7 -9 -12 13 -11 15 -13 17 -1 -19 20 -20 23 25 -21 -24 -23 -26 28 29 -18
right_child=1 2 7 4 6 8 -8 10 -10 12 11 14 -14 -15 -16 -17 27 18 19 21 -22 22 24 -25 26 -27 -28 -29 -30 -31
leaf_value=-0.015093200426739903 15.678942916078388 16.876838438546482 -11.821044368434835 -25.599903480630175 4.935626382937377 -12.817045346284525 -14.973149203782036 12.419290673732759 -18.348081384386337 -3.5300794376134874 -12.284763588657919 -4.8040672386470051 -5.1266127801710564 16.659450071577041 10.97449911545063 11.072669105818777 0.038419094535929565 17.411268154144288 -9.6357084986529777 -12.742102759855765 11.414810725620816 -13.39875059884692 1.1400875295201938 8.081296717479665 -4.8742360699176785 -32.242268852233892 -20.317942846274075 3.2473382689994255 2.5165125815684402 -7.6207906945016646
leaf_weight=359961 53 67 81 76 87 78 101 80 56 50 53 161 93 63 58 66 5539 75 79 54 84 63 96 93 80 50 79 1123 1581 225
leaf_count=359961 53 67 81 76 87 78 101 80 56 50 53 161 93 63 58 66 5539 75 79 54 84 63 96 93 80 50 79 1123 1581 225
internal_value=-0.0129676 -2.22314 1.96035 -5.82717 -11.4715 -2.03555 -5.76005 -0.042468 -4.79693 -2.12487 2.23998 -0.16932 1.92362 7.72603 2.08373 -0.187924 -0.00564588 -0.0227545 -3.68511 -6.01878 1.21241 -8.30749 -11.7985 0.431885 -7.39454 -21.7366 -12.5475 0.723133 0.3372 -0.260561
internal_weight=370405 1223 566 657 264 393 188 499 340 284 418 338 206 113 285 227 369182 360714 753 678 163 515 368 147 255 113 159 8468 7345 5764
internal_count=370405 1223 566 657 264 393 188 499 340 284 418 338 206 113 285 227 369182 360714 753 678 163 515 368 147 255 113 159 8468 7345 5764
is_linear=0
shrinkage=0.05


Tree=161
num_leaves=31
num_cat=0
split_feature=11 8 10 10 10 6 3 0 10 8 9 10 10 0 0 0 1 11 3 9 10 10 10 11 8 6 3 3 11 0
split_gain=1.58866e+06 2.34839e+06 7.96934e+06 3.24349e+06 1.02473e+07 2.02914e+06 2.10651e+06 3.21985e+06 1.56204e+06 2.41812e+06 5.86378e+06 1.92522e+06 3.00656e+06 3.26453e+06 1.64001e+06 2.64072e+06 3.31948e+06 2.09234e+06 1.62938e+06 1.55914e+06 1.52709e+06 1.5186e+06 1.43305e+06 1.31705e+06 3.43743e+06 3.57324e+06 4.01615e+06 4.06334e+06 3.57881e+06 4.70317e+06
threshold=2029.8350000000003 2537.0064285714293 2241.0833333333335 2282.6333333333337 2111.3500000000008 4.5000000000000009 265.50000000000006 26.500000000000004 1945.2500000000002 1750.47 1592.5745000000004 884.35000000000002 1645.116666666667 25.500000000000004 16.500000000000004 10.500000000000002 4.5000000000000009 1535.3150000000003 60.500000000000007 970.15350000000012 1324.3166666666668 1034.2000000000003 308.16666666666669 21033.945000000003 839.72071428571439 2.5000000000000004 270.50000000000006 269.50000000000006 24530.555000000004 8.5000000000000018
decision_type=2 2 2 2 2 2 2 2 2 2 2 2 2 2 2 2 2 2 2 2 2 2 2 2 2 2 2 2 2 2
left_child=1 3 -3 4 5 6 8 22 9 11 -11 -1 13 14 15 20 17 -17 19 -16 21 -13 -8 -2 -25 26 27 -26 29 -28
right_child=23 2 -4 -5 -6 -7 7 -9 -10 10 -12 12 -14 -15 18 16 -18 -19 -20 -21 -22 -23 -24 24 25 -27 28 -29 -30 -31
leaf_value=0.40532557613394266 -0.15585358668904592 22.169266395568851 -4.7580355222107933 10.356326105687526 -18.766959590382047 -0.016958397756011854 0.81109051919537345 1.4980208884072725 7.3338722182483211 -18.925997866966107 3.0032476043701175 9.6706003061930339 -7.0068812741173652 -6.1232482851325694 6.0630734468842382 7.5939502202547517 -10.728187242150307 -4.6897893933313233 4.2819176595069868 17.340111975303063 11.938159735806018 -0.5761077555981311 -1.5618597197947228 -1.4059998960566673 0.55162209957399133 5.8177423409053262 1.4175708625627603 11.509111768147527 -1.1745070849776054 -15.35527225485388
leaf_weight=52761 164353 50 61 77 72 122638 759 1478 82 54 70 60 72 77 58 91 64 56 152 65 83 91 3934 2765 18252 308 69 85 1457 106
leaf_count=52761 164353 50 61 77 72 122638 759 1478 82 54 70 60 72 77 58 91 64 56 152 65 83 91 3934 2765 18252 308 69 85 1457 106
internal_value=-0.00390551 0.100922 7.37138 0.0965071 0.0921834 0.0996179 0.337868 -0.537136 0.438166 0.427647 -6.54659 0.443772 2.77805 3.66201 4.70849 2.83257 -1.22361 2.91443 7.74406 12.0225 6.49007 3.49543 -1.17808 -0.106221 0.247793 0.473307 0.390875 0.602415 -1.98597 -8.74198
internal_weight=370300 182905 111 182794 182717 182645 60007 6171 53836 53754 124 53630 869 797 720 445 211 147 275 123 234 151 4693 187395 23042 20277 19969 18337 1632 175
internal_count=370300 182905 111 182794 182717 182645 60007 6171 53836 53754 124 53630 869 797 720 445 211 147 275 123 234 151 4693 187395 23042 20277 19969 18337 1632 175
is_linear=0
shrinkage=0.05


Tree=162
num_leaves=31
num_cat=0
split_feature=9 10 11 11 11 3 3 8 10 0 10 0 3 1 8 3 3 0 10 8 8 9 10 10 0 10 3 9 9 11
split_gain=2.43478e+06 7.11621e+06 6.92275e+06 6.34553e+06 4.45898e+06 7.73159e+06 7.3693e+06 6.72825e+06 4.26096e+06 3.7885e+06 3.56371e+06 5.17116e+06 1.07989e+07 3.66983e+06 2.97794e+06 2.65227e+06 9.92823e+06 6.15111e+06 6.77023e+06 5.41903e+06 7.51967e+06 1.20734e+07 8.13732e+06 7.09124e+06 4.12089e+06 3.789e+06 3.76892e+06 3.48629e+06 6.69696e+06 6.30221e+06
threshold=1697.2931666666666 2609.7166666666667 375.23500000000007 1485.9950000000001 2317.0250000000005 36.500000000000007 58.500000000000007 2024.3085714285717 2051.6500000000001 15.500000000000002 1664.0666666666668 16.500000000000004 46.500000000000007 4.5000000000000009 1632.2000000000003 69.500000000000014 61.500000000000007 15.500000000000002 3076.1000000000008 1483.5285714285715 2195.8535714285722 1998.7498333333335 2348.0500000000006 2519.2500000000005 1.5000000000000002 2519.2500000000005 70.500000000000014 2194.8705000000004 2087.0383333333334 29214.375000000004
decision_type=2 2 2 2 2 2 2 2 2 2 2 2 2 2 2 2 2 2 2 2 2 2 2 2 2 2 2 2 2 2
left_child=1 -1 -2 8 5 -5 -7 14 -4 -9 11 12 -6 -13 -8 16 24 19 -19 -18 21 22 -21 -23 27 -22 -17 28 -12 -29
right_child=2 -3 3 4 10 6 7 9 -10 -11 15 13 -14 -15 -16 26 17 18 -20 20 25 23 -24 -25 -26 -27 -28 29 -30 -31
leaf_value=0.005766987119381204 -13.17652051863463 -13.401460227580987 21.799016729422981 -18.191992695752315 16.984875400393616 15.812586797858186 -5.6178726372895422 13.104078712053942 4.1947091225827675 -4.8787320144474506 -3.9031164790259467 5.6104845390319831 -13.751121491652269 24.673137552597947 -22.223137203852335 11.95851748585701 14.553565579280258 -6.8631395730425284 5.9260640770456066 -5.6633894544727399 14.955999651516187 -6.7303844948337499 16.497032471264109 -30.150623406623971 0.7512487242136433 -0.01760491191387354 1.0623715576298975 -4.779505761599137 -23.970332841312185 16.401426254272462
leaf_weight=345440 92 99 56 85 51 53 54 54 89 64 225 50 65 51 54 80 64 1033 115 106 85 73 68 58 11935 84 9948 118 51 50
leaf_count=345440 92 99 56 85 51 53 54 54 89 64 225 50 65 51 54 80 64 1033 115 106 85 73 68 58 11935 84 9948 118 51 50
internal_value=0.0363434 0.0019257 0.51375 0.564498 0.50321 -4.9898 -0.96762 -4.9028 10.9936 3.35069 0.585458 6.96433 -0.237881 15.2362 -13.9205 0.528005 0.0850383 -3.51453 -5.58199 0.897089 -0.946823 -5.63467 2.99701 -17.0997 0.575293 7.5135 1.1493 -4.1545 -7.61119 1.52434
internal_weight=370450 345539 24911 24819 24674 364 279 226 145 118 24310 217 116 101 108 24093 14065 1686 1148 538 474 305 174 131 12379 169 10028 444 276 168
internal_count=370450 345539 24911 24819 24674 364 279 226 145 118 24310 217 116 101 108 24093 14065 1686 1148 538 474 305 174 131 12379 169 10028 444 276 168
is_linear=0
shrinkage=0.05


Tree=163
num_leaves=31
num_cat=0
split_feature=10 9 1 3 10 11 0 9 11 3 3 3 11 1 9 11 10 10 3 11 11 10 11 11 10 11 1 0 0 11
split_gain=1.5427e+06 5.13246e+06 2.96024e+06 5.72071e+06 5.8769e+06 5.45362e+06 3.81348e+06 3.20478e+06 4.45161e+06 4.91586e+06 3.9319e+06 3.45313e+06 2.86436e+06 2.8045e+06 6.81737e+06 6.77757e+06 3.31535e+06 8.8552e+06 1.12584e+07 7.44284e+06 1.92623e+07 6.29909e+06 6.87894e+06 5.63473e+06 5.45041e+06 4.65783e+06 7.67862e+06 4.50365e+06 6.62134e+06 7.20024e+06
threshold=2220.0000000000005 2041.4540000000004 4.5000000000000009 54.500000000000007 1965.7166666666669 31067.535000000003 24.500000000000004 2138.2523333333338 6151.9100000000008 66.500000000000014 16.500000000000004 130.50000000000003 3469.9150000000004 1.5000000000000002 1485.087666666667 2061.7100000000005 2371.4500000000003 2394.6000000000004 28.500000000000004 8100.2700000000013 13772.890000000001 2241.0833333333335 15243.790000000003 2927.6800000000007 2324.1500000000001 4719.5250000000005 1.0000000180025095e-35 3.5000000000000004 23.500000000000004 35421.660000000011
decision_type=2 2 2 2 2 2 2 2 2 2 2 2 2 2 2 2 2 2 2 2 2 2 2 2 2 2 2 2 2 2
left_child=1 -1 3 4 -3 7 -5 8 -4 -10 -9 -12 -6 14 -2 -16 19 18 -18 24 -21 -22 -23 -19 25 -17 -27 -24 -29 -30
right_child=13 2 5 6 12 -7 -8 10 9 -11 11 -13 -14 -15 15 16 17 23 -20 20 21 22 27 -25 -26 26 -28 28 29 -31
leaf_value=0.0015420092560288682 -14.678954931058383 -5.5883310673492304 9.51194794424649 3.815103732954316 1.647020424263818 -14.970947855490227 -6.0546149646962881 -7.2493343278473503 -13.415934184165231 3.2798795501652513 11.403244523129651 -3.1264417227709069 14.068663111647997 -0.063928370097827217 -15.432468885328712 7.6722978026002329 7.1488901213595746 14.893762029100348 -18.955314131418866 14.264091758777873 -13.307210398779976 -14.014642943127056 -8.0259514133581966 -1.3775390984824176 -15.374704484144846 -16.1016876073984 5.7516785410129359 7.629653205216858 -13.549288253162217 8.1898638050372785
leaf_weight=349550 95 56 58 387 56 54 131 51 105 76 179 53 271 13714 82 91 57 54 150 287 90 71 89 3623 96 91 72 386 92 65
leaf_count=349550 95 56 58 387 56 54 131 51 105 76 179 53 271 13714 82 91 57 54 150 287 90 71 89 3623 96 91 72 386 92 65
internal_value=-0.00990327 0.0139699 2.95518 4.74493 9.37831 0.155595 1.31909 1.72041 -2.54272 -6.40554 5.32072 8.08396 11.9414 -0.446255 -1.40113 -1.16737 -0.947243 -1.70504 -11.7672 1.111 3.16449 -0.852642 0.741826 -1.13858 -5.2255 -1.38958 -6.44867 2.39959 4.10838 -4.549
internal_weight=370232 351027 1477 901 383 576 518 522 239 181 283 232 327 19205 5491 5396 5314 3884 207 1430 1080 793 703 3677 350 254 163 632 543 157
internal_count=370232 351027 1477 901 383 576 518 522 239 181 283 232 327 19205 5491 5396 5314 3884 207 1430 1080 793 703 3677 350 254 163 632 543 157
is_linear=0
shrinkage=0.05


Tree=164
num_leaves=31
num_cat=0
split_feature=9 11 3 11 9 8 11 8 0 3 0 11 11 1 0 3 3 0 8 8 11 8 10 8 11 8 0 8 8 10
split_gain=2.27509e+06 3.81253e+06 4.20093e+06 4.05529e+06 4.53959e+06 4.5401e+06 1.18265e+07 6.87357e+06 5.06201e+06 1.35128e+07 1.20811e+07 6.51471e+06 6.57407e+06 4.81259e+06 3.91028e+06 3.69212e+06 4.12874e+06 4.81021e+06 4.78958e+06 5.9565e+06 3.24099e+06 3.06909e+06 4.2852e+06 4.00515e+06 3.57606e+06 5.43804e+06 4.01442e+06 2.91503e+06 9.92646e+06 4.71263e+06
threshold=2530.8520000000003 2175.8900000000008 1.5000000000000002 22071.445000000003 2703.9491666666668 2024.3085714285717 8676.4350000000013 2340.6650000000004 23.500000000000004 82.500000000000014 21.500000000000004 11174.860000000002 18339.145 1.5000000000000002 16.500000000000004 17.500000000000004 276.50000000000006 8.5000000000000018 2078.5514285714294 2340.6650000000004 14742.730000000001 1593.7250000000001 2394.6000000000004 1972.967142857143 9772.4500000000025 2537.0064285714293 20.500000000000004 2899.4528571428577 2430.840714285715 2955.1166666666672
decision_type=2 2 2 2 2 2 2 2 2 2 2 2 2 2 2 2 2 2 2 2 2 2 2 2 2 2 2 2 2 2
left_child=-1 -2 -3 4 21 6 -6 -7 10 -10 11 13 20 -9 15 -5 17 18 -17 -20 -13 -4 -23 -24 25 -25 -27 28 -16 -29
right_child=1 2 3 14 5 7 -8 8 9 -11 -12 12 -14 -15 27 16 -18 -19 19 -21 -22 22 23 24 -26 26 -28 29 -30 -31
leaf_value=-0.019716459572837495 12.954862597329276 15.341451635080226 12.786193361536402 15.968679492856252 -29.264752479961942 10.819240243460543 1.562838403412274 12.324918068924996 -23.30806870557824 4.1999582285561212 20.204079113168234 -10.600644361271577 3.7772632374482997 -4.9955847900904971 3.387351944003786 8.4175863137116309 15.025302880460567 9.0278239955136819 -18.817464263737204 0.71682356224954136 -27.369760690689091 -9.3427307873271239 -7.9744696864834088 0.94844731032246288 0.70935988137466277 7.5986065270765781 27.15264242612399 9.4327177376147144 -16.972205728488966 -4.9229250203008235
leaf_weight=367492 70 51 61 81 56 93 70 73 98 82 59 68 51 89 175 74 77 162 64 100 50 86 77 99 289 53 52 151 91 92
leaf_count=367492 70 51 61 81 56 93 70 73 98 82 59 68 51 89 175 74 77 162 64 100 50 86 77 99 289 53 52 151 91 92
internal_value=-0.00910356 1.43862 1.1314 0.849738 -0.821087 -3.43799 -12.1383 -1.78453 -3.84093 -10.7766 -0.639843 -4.35522 -11.223 2.80933 3.208 6.0989 4.4229 2.38193 -2.14174 -6.90631 -17.7062 2.0586 1.06106 2.63076 4.28715 9.35569 17.2825 0.038796 -3.57776 3.99766
internal_weight=370186 2694 2624 2573 1506 789 126 663 570 180 390 331 169 162 1067 558 477 400 238 164 118 717 656 570 493 204 105 509 266 243
internal_count=370186 2694 2624 2573 1506 789 126 663 570 180 390 331 169 162 1067 558 477 400 238 164 118 717 656 570 493 204 105 509 266 243
is_linear=0
shrinkage=0.05


Tree=165
num_leaves=31
num_cat=0
split_feature=9 10 11 8 8 8 11 8 11 1 3 0 11 3 10 0 11 3 3 10 10 8 6 9 3 9 3 3 9 3
split_gain=1.17903e+06 7.68732e+06 5.24976e+06 7.48943e+06 6.12534e+06 6.48675e+06 5.34946e+06 4.74771e+06 4.97406e+06 6.6961e+06 5.94717e+06 5.42711e+06 3.65709e+06 7.06407e+06 6.83265e+06 5.68584e+06 8.31533e+06 4.96481e+06 2.03398e+06 1.6295e+06 4.7624e+06 5.32397e+06 1.02598e+07 8.26799e+06 5.27271e+06 9.13605e+06 5.86721e+06 7.00694e+06 1.22624e+07 8.11562e+06
threshold=2703.9491666666668 2394.6000000000004 22071.445000000003 1925.7600000000002 2078.5514285714294 2340.6650000000004 8676.4350000000013 2195.8535714285722 50375.340000000004 5.5000000000000009 50.500000000000007 9.5000000000000018 11174.860000000002 64.500000000000014 2720.4666666666672 12.500000000000002 14253.120000000001 274.50000000000006 58.500000000000007 2418.9166666666674 2220.0000000000005 2078.5514285714294 2.5000000000000004 1697.2931666666666 269.50000000000006 2194.8705000000004 75.500000000000014 116.50000000000001 1998.7498333333335 254.50000000000003
decision_type=2 2 2 2 2 2 2 2 2 2 2 2 2 2 2 2 2 2 2 2 2 2 2 2 2 2 2 2 2 2
left_child=19 -2 4 -4 6 -6 -3 -5 9 10 -9 -12 13 -7 -15 -14 -17 -16 -18 20 -1 24 23 -23 25 26 -22 28 -28 -29
right_child=1 2 3 7 5 12 -8 8 -10 -11 11 -13 15 14 17 16 18 -19 -20 -21 21 22 -24 -25 -26 -27 27 29 -30 -31
leaf_value=0.004087935746474005 14.389085592826209 -27.029260592190724 17.015034345318291 -15.011079832223746 10.77410244409387 -10.978427959371496 -6.7427410809766686 23.85449036492242 -8.8957138102541702 -6.6771272249274212 -8.6364560183356787 12.087968441951707 -20.824477645513173 -7.3394766432135858 24.551152381896973 -20.174872293965571 9.45785134141728 3.2178978617986043 -3.144827003479004 0.59217676373690764 -2.2094676116510192 -16.07554063840346 -23.621695550282798 -2.040066357291662 -6.0701426170662591 8.0055357823969668 2.6582939987806116 -5.5662101359336411 20.730398512316182 5.1278876595613028
leaf_weight=350744 72 53 68 52 76 108 84 54 93 91 51 83 74 67 50 58 59 60 70 11169 2072 110 60 2275 359 347 608 462 111 288
leaf_count=350744 72 53 68 52 76 108 84 54 93 91 51 83 74 67 50 58 59 60 70 11169 2072 110 60 2275 359 347 608 462 111 288
internal_value=-0.00788609 -1.49784 -2.4122 1.61079 -5.01999 -2.91195 -14.5908 -0.859697 1.11845 4.45651 9.84566 4.20031 -4.81696 -0.900995 5.24795 -9.09302 -4.45063 12.9148 2.61919 -0.00253832 -0.0211217 -1.34242 -3.20113 -2.6874 -0.272361 0.262979 -0.495752 1.92142 5.44829 -1.45968
internal_weight=369928 1323 1251 492 759 622 137 424 372 279 188 134 546 285 177 261 187 110 129 368605 357436 6692 2445 2385 4247 3888 3541 1469 719 750
internal_count=369928 1323 1251 492 759 622 137 424 372 279 188 134 546 285 177 261 187 110 129 368605 357436 6692 2445 2385 4247 3888 3541 1469 719 750
is_linear=0
shrinkage=0.05


Tree=166
num_leaves=31
num_cat=0
split_feature=4 9 11 9 1 8 3 10 10 8 0 10 0 8 9 11 11 11 8 3 11 8 8 11 10 10 1 10 9 10
split_gain=973466 1.59464e+06 1.55716e+06 2.76259e+06 5.47301e+06 1.76195e+06 1.72474e+06 1.83187e+06 3.31057e+06 5.3923e+06 6.35781e+06 5.15358e+06 7.28553e+06 4.04934e+06 5.98741e+06 3.47335e+06 3.36797e+06 3.15869e+06 2.45395e+06 1.61964e+06 2.18985e+06 1.82137e+06 1.83794e+06 1.50478e+06 1.40067e+06 1.33914e+06 1.28857e+06 2.59659e+06 4.68185e+06 4.40644e+06
threshold=1.0000000180025095e-35 1.0000000180025095e-35 1133.1150000000002 1804.4843333333336 3.5000000000000004 1.0000000180025095e-35 2.5000000000000004 1584.0166666666669 2394.6000000000004 2430.840714285715 24.500000000000004 1987.5500000000002 24.500000000000004 2899.4528571428577 2138.2523333333338 27454.115000000002 8676.4350000000013 19100.720000000005 1632.2000000000003 286.50000000000006 5744.1100000000015 1632.2000000000003 2195.8535714285722 22071.445000000003 298.50000000000006 1160.1500000000003 1.0000000180025095e-35 2371.4500000000003 1998.7498333333335 2444.1500000000001
decision_type=2 2 2 2 2 2 2 2 2 2 2 2 2 2 2 2 2 2 2 2 2 2 2 2 2 2 2 2 2 2
left_child=24 -2 3 -3 -5 -4 7 17 9 11 -11 15 -13 14 -10 16 -9 18 25 26 -21 -22 -23 -15 -1 -7 27 28 -8 -29
right_child=1 2 5 4 -6 6 19 8 13 10 -12 12 -14 23 -16 -17 -18 -19 -20 20 21 22 -24 -25 -26 -27 -28 29 -30 -31
leaf_value=-0.077250920788496977 -0.54011764034957133 0.29812168162003205 -1.7072226275396767 -0.78435681853443384 17.919574798237193 -1.2858157846662734 -0.33799595164350005 -13.013438916673849 -4.8135072900698743 -23.815874492967286 -3.292395549851495 18.413695880922219 -6.4341902393405723 -7.771153824908712 17.79770430664518 -17.507947272267838 3.2756356943221321 9.4868281008249316 -11.476251424527637 3.7360943944830645 -13.62677615537482 4.3934724110823415 -6.9342583141897043 1.0281425990415423 -4.7871981326537805 6.448912456716811 0.1239745289141596 -7.2170573973516277 3.3527894608218944 -0.95706940970517485
leaf_weight=166207 9828 63819 1471 96 66 279 14856 51 52 77 74 59 59 107 67 58 84 83 51 76 59 52 115 89 158 70 109447 342 912 1579
leaf_count=166207 9828 63819 1471 96 66 279 14856 51 52 77 74 59 59 107 67 58 84 83 51 76 59 52 115 89 158 70 109447 342 912 1579
internal_value=0.00803722 0.0812467 0.112701 0.314675 6.83576 0.0134256 0.0330924 -1.80772 -3.31085 -6.00576 -13.758 -2.24181 5.98975 0.641699 7.91717 -7.27457 -2.87801 0.61035 -1.23152 0.0512928 -3.60601 -6.07504 -3.40706 -3.77555 -0.081724 0.265562 0.0599804 -0.33597 -0.124526 -2.07155
internal_weight=370343 203978 194150 63981 162 130169 128698 1260 777 462 151 311 118 315 119 193 135 483 400 127438 302 226 167 196 166365 349 127136 17689 15768 1921
internal_count=370343 203978 194150 63981 162 130169 128698 1260 777 462 151 311 118 315 119 193 135 483 400 127438 302 226 167 196 166365 349 127136 17689 15768 1921
is_linear=0
shrinkage=0.05


Tree=167
num_leaves=31
num_cat=0
split_feature=11 9 8 11 11 0 1 3 8 3 9 8 0 0 11 11 3 1 3 8 3 0 8 3 9 8 9 3 0 3
split_gain=1.39223e+06 3.18027e+06 6.95114e+06 5.76887e+06 7.60732e+06 7.28735e+06 4.99552e+06 6.15798e+06 4.64607e+06 4.57195e+06 7.36503e+06 7.57278e+06 6.58075e+06 4.74722e+06 4.2542e+06 4.15383e+06 4.08439e+06 3.80637e+06 3.458e+06 3.44413e+06 2.91274e+06 3.80516e+06 3.96276e+06 2.78016e+06 3.96121e+06 1.25982e+07 8.36475e+06 6.0207e+06 4.81247e+06 2.96366e+06
threshold=10301.915000000003 1270.8481666666669 1554.1278571428572 9526.4100000000017 9772.4500000000025 16.500000000000004 2.5000000000000004 13.500000000000002 1834.1171428571431 40.500000000000007 1734.5108333333335 2133.8221428571437 18.500000000000004 19.500000000000004 10040.155000000001 1240.4600000000003 25.500000000000004 2.5000000000000004 86.500000000000014 2195.8535714285722 23.500000000000004 15.500000000000002 1387.0700000000002 3.5000000000000004 2258.7413333333338 3218.1678571428579 1697.2931666666666 2.5000000000000004 18.500000000000004 2.5000000000000004
decision_type=2 2 2 2 2 2 2 2 2 2 2 2 2 2 2 2 2 2 2 2 2 2 2 2 2 2 2 2 2 2
left_child=1 8 6 -4 5 -5 14 -8 -1 12 18 -12 19 -13 15 -3 -9 -7 -11 -6 21 22 -17 24 26 -26 29 -27 -28 -2
right_child=23 2 3 4 9 17 7 16 -10 10 11 13 -14 -15 -16 20 -18 -19 -20 -21 -22 -23 -24 -25 25 27 28 -29 -30 -31
leaf_value=-0.0053147045629455998 1.6482548284546621 14.477876306047628 -0.51781384857406643 20.269163713535342 -5.9997415172851696 -7.2318410477548269 16.781175277544104 -5.3921696531772616 -10.575198561755512 24.178704891017841 -10.557479652491484 -0.49409988100935776 -16.677743447910654 18.598079275201869 13.661155286911995 4.4863084867747141 4.1127759354641285 12.000009383440018 7.0089851423450149 11.561480698495542 0.66036106481286982 -17.567821516036986 -11.403426782167877 -0.20067606726788881 16.007346760886058 1.1951288323653373 -1.8913780409236289 -19.359800840678972 -16.21912692202174 -5.9328759280558172
leaf_weight=304385 373 51 7145 119 59 53 92 120 104 51 110 82 77 54 62 99 1944 50 69 53 1899 50 65 52415 105 95 86 57 184 197
leaf_count=304385 373 51 7145 119 59 53 92 120 104 51 110 82 77 54 62 99 1944 50 69 53 1899 50 65 52415 105 95 86 57 184 197
internal_value=-0.016925 0.0229209 0.811013 -0.0728677 4.01869 11.8412 2.40894 4.12432 -0.00892491 0.889691 4.1508 -0.803019 -5.42546 7.08662 0.747493 0.377508 3.56016 2.10401 14.3061 2.31048 0.0371777 -5.49285 -1.81145 -0.252814 -2.74399 2.68794 -4.4059 -6.51297 -11.6555 -0.97189
internal_weight=370305 316793 12304 7922 777 222 4382 2156 304489 555 366 246 189 136 2226 2164 2064 103 120 112 2113 214 164 53512 1097 257 840 152 270 570
internal_count=370305 316793 12304 7922 777 222 4382 2156 304489 555 366 246 189 136 2226 2164 2064 103 120 112 2113 214 164 53512 1097 257 840 152 270 570
is_linear=0
shrinkage=0.05


Tree=168
num_leaves=31
num_cat=0
split_feature=11 6 10 9 3 10 8 9 8 9 3 2 10 9 11 11 3 9 9 3 8 9 1 11 10 3 3 8 9 2
split_gain=1.40029e+06 1.79826e+06 1.80474e+06 7.04825e+06 6.71226e+06 3.06976e+06 5.51538e+06 2.95476e+06 2.18513e+06 2.68584e+06 1.74273e+06 3.07506e+06 1.69625e+06 2.42384e+06 2.10555e+06 4.14133e+06 1.35179e+06 3.82844e+06 1.41411e+06 1.18877e+06 3.2118e+06 4.79014e+06 6.56283e+06 4.45942e+06 5.68301e+06 5.10433e+06 9.81728e+06 3.31714e+06 6.29904e+06 4.9406e+06
threshold=2029.8350000000003 4.5000000000000009 2090.7166666666667 1804.4843333333336 83.500000000000014 2261.6500000000001 2340.6650000000004 1697.2931666666666 1750.47 1519.3770000000002 265.50000000000006 1.0000000180025095e-35 884.35000000000002 1485.087666666667 375.23500000000007 1459.5000000000002 65.500000000000014 1008.4355 970.15350000000012 68.500000000000014 2899.4528571428577 2336.8835000000004 3.5000000000000004 9063.2250000000022 2641.9333333333338 113.50000000000001 266.50000000000006 2340.6650000000004 1665.0946666666666 1.0000000180025095e-35
decision_type=2 2 2 2 2 2 2 2 2 2 2 2 2 2 2 2 2 2 2 2 2 2 2 2 2 2 2 2 2 2
left_child=1 2 3 7 -5 -4 -7 8 10 -10 12 -12 -1 14 -14 16 17 -16 -18 -2 27 22 -22 24 -23 -25 -27 -21 -29 -30
right_child=19 -3 5 4 -6 6 -8 -9 9 -11 11 -13 13 -15 15 -17 18 -19 -20 20 21 23 -24 25 -26 26 -28 28 29 -31
leaf_value=0.38403714356269719 -0.21914465477027356 -0.019723017591625751 -11.185259983850564 21.726974975387257 -0.31706869602203369 10.480731487945773 -8.9004667382491274 -10.878791824841905 -15.263101020812989 1.1254306640625 -1.1026535782243378 1.5207488201482615 10.98757903348832 -5.4773336750915256 1.7418020893918709 6.2040145205379513 -2.8063093438744549 -13.832907007722293 6.8524650381671055 0.055661266078256749 3.1823518150502985 -2.1385467295061078 23.221613650688759 8.7018028555846794 19.819701673163745 -23.106176457541892 -0.0065135178479918815 -18.707073423212226 0.14202034936760957 -5.3879808734954944
leaf_weight=52725 102360 122680 92 75 64 71 76 59 50 50 4642 1471 84 83 94 367 80 68 72 82528 110 57 65 82 61 61 187 55 1325 581
leaf_count=52725 102360 122680 92 75 64 71 76 59 50 50 4642 1471 84 83 94 367 80 68 72 82528 110 57 65 82 61 61 187 55 1325 581
internal_value=-0.00830556 0.0901219 0.313887 0.331164 11.5772 -4.02237 0.46052 0.305043 0.31608 -7.06884 0.328453 -0.471372 0.419718 2.63818 3.51869 2.59741 -1.61795 -4.79573 1.7689 -0.104334 0.0337427 3.61063 10.6255 0.870441 9.21275 -2.11257 -5.68829 0.00736763 -2.02505 -1.54367
internal_weight=370375 182903 60223 59984 139 239 147 59845 59786 100 59686 6113 53573 848 765 681 314 162 152 187472 85112 623 175 448 118 330 248 84489 1961 1906
internal_count=370375 182903 60223 59984 139 239 147 59845 59786 100 59686 6113 53573 848 765 681 314 162 152 187472 85112 623 175 448 118 330 248 84489 1961 1906
is_linear=0
shrinkage=0.05


Tree=169
num_leaves=31
num_cat=0
split_feature=8 3 0 3 11 1 1 1 0 3 1 11 10 10 0 11 11 11 3 10 0 8 10 11 11 8 0 0 3 10
split_gain=1.91018e+06 4.70691e+06 5.37213e+06 6.88856e+06 8.29127e+06 5.87494e+06 5.50704e+06 8.19564e+06 5.05056e+06 5.65499e+06 4.70289e+06 4.2005e+06 3.99785e+06 4.7631e+06 3.7128e+06 3.68921e+06 3.14578e+06 4.46529e+06 2.14404e+06 4.51339e+06 7.81105e+06 4.07268e+06 3.4703e+06 6.09736e+06 4.12318e+06 6.02604e+06 1.56382e+07 1.38355e+07 7.31425e+06 6.87806e+06
threshold=3218.1678571428579 65.500000000000014 23.500000000000004 5.5000000000000009 8676.4350000000013 1.5000000000000002 2.5000000000000004 1.0000000180025095e-35 21.500000000000004 126.50000000000001 3.5000000000000004 32951.680000000008 2720.4666666666672 2444.1500000000001 13.500000000000002 5391.880000000001 18339.145 8471.0000000000018 14.500000000000002 2812.8500000000008 20.500000000000004 2537.0064285714293 2720.4666666666672 29214.375000000004 45915.240000000013 2340.6650000000004 7.5000000000000009 17.500000000000004 9.5000000000000018 2282.6333333333337
decision_type=2 2 2 2 2 2 2 2 2 2 2 2 2 2 2 2 2 2 2 2 2 2 2 2 2 2 2 2 2 2
left_child=18 2 3 11 15 -6 7 -4 9 -3 -10 16 13 -7 -14 -5 17 -2 19 22 21 -21 24 -24 -1 26 -26 -27 29 -28
right_child=1 8 6 4 5 12 -8 -9 10 -11 -12 -13 14 -15 -16 -17 -18 -19 -20 20 -22 -23 23 -25 25 27 28 -29 -30 -31
leaf_value=0.24820619405782823 12.727037262738641 2.8794371231182203 -18.964449647756723 -9.0529310033871582 9.8269970432112501 -11.100674990507272 -22.504724532113951 8.4851159580966886 0.12954358286067341 -16.972756785266807 15.968210959675336 -5.2244186660389849 -3.4175898554148496 8.9385719548101008 -21.713240743938247 -28.07465843486786 17.726863781350559 -6.136229831940037 -0.05077462600668925 2.927872932658476 -9.4457216145857341 18.605402586595069 -18.797223007678987 3.3891394519805909 28.207024663925171 -2.3467090707666736 -2.0260934481780497 25.782364103396738 5.3624521636161484 -20.134617260524209
leaf_weight=40987 67 111 52 52 79 52 71 57 89 53 99 81 54 69 57 50 61 59 327009 68 53 106 64 60 50 85 209 90 238 70
leaf_count=40987 67 111 52 52 79 52 71 57 89 53 99 81 54 69 57 50 61 59 327009 68 53 106 64 60 50 85 209 90 238 70
internal_value=-0.0140555 -1.99496 -3.98645 -1.95594 -6.00685 -1.94966 -11.6685 -4.61009 2.87626 -3.53621 8.47012 4.2867 -5.95982 0.326664 -12.8127 -18.3773 8.40648 3.89424 -0.00754528 0.328395 7.35967 12.4786 0.29026 -8.06189 0.315078 4.009 1.50571 12.1197 -1.07662 -6.56945
internal_weight=370302 1213 861 681 413 311 180 109 352 164 188 268 232 121 111 102 187 126 369089 42080 227 174 41853 124 41729 742 567 175 517 279
internal_count=370302 1213 861 681 413 311 180 109 352 164 188 268 232 121 111 102 187 126 369089 42080 227 174 41853 124 41729 742 567 175 517 279
is_linear=0
shrinkage=0.05


Tree=170
num_leaves=31
num_cat=0
split_feature=11 1 6 10 3 10 3 10 8 10 0 10 0 10 3 3 1 1 10 8 0 11 11 3 8 11 8 10 0 11
split_gain=920874 6.08561e+06 8.115e+06 6.41088e+06 4.42152e+06 2.81887e+06 2.79528e+06 3.71165e+06 6.3494e+06 5.66119e+06 4.84626e+06 3.57681e+06 7.70796e+06 2.82123e+06 5.90896e+06 4.6532e+06 4.49315e+06 2.971e+06 1.64914e+06 3.11458e+06 2.24385e+06 4.04505e+06 6.26803e+06 4.01747e+06 3.07962e+06 6.20456e+06 3.47766e+06 1.76089e+06 9.87295e+06 8.68964e+06
threshold=65821.285000000018 1.0000000180025095e-35 1.5000000000000002 2220.0000000000005 48.500000000000007 2641.9333333333338 7.5000000000000009 2609.7166666666667 1483.5285714285715 2680.8833333333337 25.500000000000004 3076.1000000000008 16.500000000000004 2444.1500000000001 16.500000000000004 25.500000000000004 4.5000000000000009 3.5000000000000004 3076.1000000000008 1709.7935714285716 19.500000000000004 35421.660000000011 24530.555000000004 64.500000000000014 2899.4528571428577 35421.660000000011 2266.1771428571433 2872.6833333333338 4.5000000000000009 9286.6000000000022
decision_type=2 2 2 2 2 2 2 2 2 2 2 2 2 2 2 2 2 2 2 2 2 2 2 2 2 2 2 2 2 2
left_child=18 3 6 -2 -4 -5 -3 10 -9 -10 13 12 -11 14 -8 -16 -17 -15 27 -20 24 22 23 -22 25 26 -21 -1 -29 -30
right_child=1 2 4 5 -6 -7 7 8 9 11 -12 -13 -14 17 15 16 -18 -19 19 20 21 -23 -24 -25 -26 -27 -28 28 29 -31
leaf_value=-0.00078328130180305839 7.6217036094665538 8.5152891665433366 3.6815121246922402 -20.110466688451634 21.470832222104075 -4.9526669025421146 -12.434670253233477 -20.035074211569395 -14.085114903375507 14.744548540917513 -4.9026400641761043 -6.5610983332465684 -5.232158068364317 19.300889691368482 17.107727407686639 6.546238020175621 -9.0713000554304859 4.8031315911383858 11.904177292799339 -0.19632418970518475 14.991585614983464 15.601561022922397 -13.112629193392667 -2.9196327124323167 -9.9148993794511 -10.699953222274781 14.888131423576461 8.6120925718152588 -16.111228250284665 -2.0413950991056069
leaf_weight=366685 50 113 62 71 80 54 55 51 68 107 163 85 88 61 66 158 65 84 78 79 71 64 55 56 82 72 74 197 122 1092
leaf_count=366685 50 113 62 71 80 54 55 51 68 107 163 85 88 61 66 158 65 84 78 79 71 64 55 56 82 72 74 197 122 1092
internal_value=0.0018087 1.2461 2.41935 -7.50973 13.7037 -13.5623 1.04275 0.239323 -3.55898 -1.14438 2.56374 1.99837 5.72942 5.05254 2.58684 5.44561 1.99404 10.9022 -0.00318903 2.55076 1.23147 4.78947 0.98741 7.09373 -1.61956 1.40362 7.09943 -0.00756707 -1.77051 -3.45533
internal_weight=370208 1481 1306 175 142 125 1164 1051 399 348 652 280 195 489 344 289 223 145 368727 631 553 246 182 127 307 225 153 368096 1411 1214
internal_count=370208 1481 1306 175 142 125 1164 1051 399 348 652 280 195 489 344 289 223 145 368727 631 553 246 182 127 307 225 153 368096 1411 1214
is_linear=0
shrinkage=0.05


Tree=171
num_leaves=31
num_cat=0
split_feature=3 11 1 11 8 0 10 3 1 9 0 9 0 10 10 9 6 9 10 9 8 8 3 9 0 1 3 8 3 1
split_gain=1.01733e+06 2.11191e+06 4.27614e+06 3.19054e+06 9.39679e+06 1.47273e+07 6.53044e+06 7.35278e+06 6.47888e+06 9.95613e+06 5.30228e+06 7.75469e+06 5.80324e+06 4.1228e+06 6.26476e+06 3.32087e+06 2.86088e+06 3.61819e+06 1.07979e+07 6.62266e+06 3.0995e+06 8.2874e+06 5.35132e+06 3.32522e+06 4.17578e+06 2.649e+06 1.00228e+07 6.10917e+06 4.89166e+06 2.2595e+06
threshold=260.50000000000006 65821.285000000018 1.0000000180025095e-35 55972.670000000006 2537.0064285714293 16.500000000000004 2955.1166666666672 43.500000000000007 5.5000000000000009 1917.6366666666668 25.500000000000004 1697.2931666666666 9.5000000000000018 2444.1500000000001 2198.5166666666669 1804.4843333333336 1.5000000000000002 1412.969166666667 2051.6500000000001 1485.087666666667 2133.8221428571437 1972.967142857143 41.500000000000007 1998.7498333333335 18.500000000000004 3.5000000000000004 52.500000000000007 1709.7935714285716 48.500000000000007 2.5000000000000004
decision_type=2 2 2 2 2 2 2 2 2 2 2 2 2 2 2 2 2 2 2 2 2 2 2 2 2 2 2 2 2 2
left_child=1 3 -3 -1 6 -6 7 8 9 13 11 -9 -13 14 -5 -12 17 18 -4 -19 21 25 23 -22 -25 28 27 -27 -21 -16
right_child=-2 2 16 4 5 -7 -8 10 -10 -11 15 12 -14 -15 29 -17 -18 19 -20 20 22 -23 -24 24 -26 26 -28 -29 -30 -31
leaf_value=0.02789229118821937 -0.23716382455116414 -6.8103432883296096 8.1540214374840971 -0.93191622023046383 -34.948645450418645 -0.37406909942626954 -14.494528197079172 -26.79334947041103 -9.5076306331304874 18.701099074514289 11.149689102172852 5.8954162077470258 -15.07216526486657 -6.7482196223502076 7.3539682725690447 -6.1477529716491706 11.773107097626374 20.76527279073542 -18.021751276016236 16.904033112525941 -5.7186423009947731 22.339418809140316 -15.817563630949776 -2.4449346294403078 17.51995998989452 -19.97679229161956 16.235788486621999 2.2658258483327667 -3.829355055809021 22.023991496746358
leaf_weight=326964 41349 114 83 169 55 70 82 56 81 114 56 66 66 102 53 55 93 55 75 66 76 61 53 50 55 66 54 58 50 52
leaf_count=326964 41349 114 83 169 55 70 82 56 81 114 56 66 66 102 53 55 93 55 75 66 76 61 53 50 55 66 54 58 50 52
internal_value=-0.00340634 0.025968 2.30996 0.0189428 -2.698 -15.5869 -1.00566 0.265708 3.59195 5.75739 -6.08641 -11.2026 -4.58837 1.83297 5.02742 2.57888 3.47165 2.50902 -4.27119 4.17248 2.62307 5.56785 -1.84443 2.24715 8.01287 2.08803 -1.74336 -9.57299 7.96723 14.6191
internal_weight=370399 329050 1009 328041 1077 125 952 870 571 490 299 188 132 376 274 111 895 802 158 644 589 355 234 181 105 294 178 124 116 105
internal_count=370399 329050 1009 328041 1077 125 952 870 571 490 299 188 132 376 274 111 895 802 158 644 589 355 234 181 105 294 178 124 116 105
is_linear=0
shrinkage=0.05


Tree=172
num_leaves=31
num_cat=0
split_feature=8 3 0 0 3 1 6 3 0 10 10 0 1 10 3 10 9 10 8 1 3 3 0 3 0 1 9 3 3 10
split_gain=910228 4.79914e+06 7.44651e+06 5.78309e+06 4.20038e+06 5.25233e+06 5.41957e+06 2.92729e+06 3.87893e+06 2.91036e+06 4.45893e+06 3.4532e+06 2.58167e+06 2.71314e+06 2.05207e+06 1.96239e+06 5.2509e+06 2.06231e+06 1.63618e+06 9.70544e+06 1.21525e+07 5.08827e+06 4.10025e+06 3.67657e+06 5.93012e+06 6.61597e+06 5.28133e+06 4.11992e+06 3.78813e+06 3.35991e+06
threshold=3218.1678571428579 9.5000000000000018 7.5000000000000009 25.500000000000004 5.5000000000000009 5.5000000000000009 1.5000000000000002 82.500000000000014 27.500000000000004 2371.4500000000003 2720.4666666666672 18.500000000000004 2.5000000000000004 2812.8500000000008 46.500000000000007 2762.7666666666669 2703.9491666666668 2609.7166666666667 2899.4528571428577 4.5000000000000009 11.500000000000002 5.5000000000000009 25.500000000000004 63.500000000000007 23.500000000000004 1.0000000180025095e-35 2138.2523333333338 5.5000000000000009 14.500000000000002 2282.6333333333337
decision_type=2 2 2 2 2 2 2 2 2 2 2 2 2 2 2 2 2 2 2 2 2 2 2 2 2 2 2 2 2 2
left_child=18 4 14 12 5 6 15 -5 -9 -6 11 -11 -4 -14 -3 17 -17 -2 -1 23 21 -21 -22 24 25 -20 29 -28 -29 -27
right_child=1 2 3 7 9 -7 -8 8 -10 10 -12 -13 13 -15 -16 16 -18 -19 19 20 22 -23 -24 -25 -26 26 27 28 -30 -31
leaf_value=-0.0015622020538936347 5.6339517662324106 -3.1829950231772202 17.339028444697586 -12.003868343353272 -18.689240974676416 -12.747507170887737 -11.531251434356937 -9.4354645004272459 7.5927452605844721 -7.9944744186401371 -13.490209075120781 10.588312210083009 11.874199369218616 -0.7334141286214193 -17.369649764060977 18.852131882134607 -1.4415954430898033 -6.9912889071230628 -8.1108757608238307 -9.4660943072775137 5.4672892980946752 -30.4129572057724 -9.963714183198995 0.23229471052025127 16.788059017658234 9.1044985809326189 1.6133206888834637 23.189637843773646 8.4708855311075855 -7.4581529122364678
leaf_weight=367646 83 52 79 50 61 77 62 50 101 50 104 50 99 75 50 68 60 53 87 69 167 50 58 323 120 50 75 85 90 79
leaf_count=367646 83 52 79 50 61 77 62 50 101 50 104 50 99 75 50 68 60 53 87 69 167 50 58 323 120 50 75 85 90 79
internal_value=6.86316e-05 -1.36117 2.07055 4.81327 -4.21752 -1.0024 1.77175 -1.51791 1.95427 -9.10692 -6.24162 1.29692 9.84317 6.43988 -10.1372 4.89594 9.33945 0.713821 0.0045852 1.80831 -5.34496 -18.2673 1.48952 4.51538 6.87619 4.32378 7.17818 11.418 15.62 -1.03852
internal_weight=370123 1224 556 454 668 403 326 201 151 265 204 100 253 174 102 264 128 136 368899 1253 344 119 225 909 586 466 379 250 175 129
internal_count=370123 1224 556 454 668 403 326 201 151 265 204 100 253 174 102 264 128 136 368899 1253 344 119 225 909 586 466 379 250 175 129
is_linear=0
shrinkage=0.05


Tree=173
num_leaves=31
num_cat=0
split_feature=9 11 3 11 11 1 3 11 11 1 3 3 3 8 11 0 11 11 11 11 8 11 11 11 11 0 0 11 9 9
split_gain=2.05862e+06 3.62589e+06 2.98152e+06 4.05656e+06 1.01836e+07 1.26059e+07 3.64725e+06 3.45247e+06 3.787e+06 2.17438e+06 4.68573e+06 4.36625e+06 3.44752e+06 2.82985e+06 4.36874e+06 5.28935e+06 3.66319e+06 2.59877e+06 9.91777e+06 3.36732e+06 3.97677e+06 2.46075e+06 4.02102e+06 4.37804e+06 4.85512e+06 3.49993e+06 2.40893e+06 2.54136e+06 1.78671e+06 1.53792e+06
threshold=2530.8520000000003 2175.8900000000008 7.5000000000000009 42026.485000000008 21033.945000000003 3.5000000000000004 11.500000000000002 3469.9150000000004 4413.0950000000003 1.5000000000000002 19.500000000000004 57.500000000000007 34.500000000000007 1925.7600000000002 10903.300000000001 12.500000000000002 22071.445000000003 6839.0850000000009 7931.5700000000006 9063.2250000000022 1593.7250000000001 10301.915000000003 12557.920000000002 14742.730000000001 20009.920000000002 20.500000000000004 12.500000000000002 23225.890000000003 2703.9491666666668 2336.8835000000004
decision_type=2 2 2 2 2 2 2 2 2 2 2 2 2 2 2 2 2 2 2 2 2 2 2 2 2 2 2 2 2 2
left_child=29 -2 3 4 5 -3 -4 -8 -9 11 -11 26 -12 -13 -15 -16 -17 -14 -19 -20 -21 -22 -23 -24 25 -25 27 -10 -6 -1
right_child=1 2 6 -5 28 -7 7 8 9 10 12 13 17 14 15 16 -18 18 19 20 21 22 23 24 -26 -27 -28 -29 -30 -31
leaf_value=-0.014156717587083149 12.432224882973566 -8.8449891718228653 -10.523383011689058 -6.1756127796475857 13.801771839141848 17.975915723607159 -9.1793229738871265 13.43381437747205 -2.3417326367090623 14.738550060272217 -12.7740091950729 8.3067356141765476 -7.823299636480944 6.7300701973573211 -14.689555646003562 9.2185389074412267 -6.8829182994993108 22.144464462280276 -11.747496592300013 10.857482012917725 9.2097928828206559 -11.517682389998704 10.863704873338531 -14.263114642880181 0.61655317344307126 0.37097884838397688 15.235764433508335 12.755128149986268 27.039407671414889 -1.1910828223335432
leaf_weight=364889 72 120 74 63 50 69 84 61 63 50 58 89 106 106 94 66 76 50 64 79 58 89 79 110 612 65 92 50 52 2797
leaf_count=364889 72 120 74 63 50 69 84 61 63 50 58 89 106 106 94 66 76 50 64 79 58 89 79 110 612 65 92 50 52 2797
internal_value=-0.0130066 1.36232 1.05915 5.32772 7.81813 0.94677 0.394943 0.762029 1.15649 0.792231 -0.295973 3.22187 -0.844678 0.364711 -1.70207 -5.48939 0.600858 -0.317315 0.342415 -0.60058 0.0527194 -0.789903 -1.39721 -0.35712 -1.48348 -8.82759 9.22887 4.33829 20.5504 -0.0231096
internal_weight=370387 2701 2629 354 291 189 2275 2201 2117 2056 1420 636 1370 431 342 236 142 1312 1206 1156 1092 1013 955 866 787 175 205 113 102 367686
internal_count=370387 2701 2629 354 291 189 2275 2201 2117 2056 1420 636 1370 431 342 236 142 1312 1206 1156 1092 1013 955 866 787 175 205 113 102 367686
is_linear=0
shrinkage=0.05


Tree=174
num_leaves=31
num_cat=0
split_feature=11 10 9 10 8 9 9 11 1 10 0 3 10 8 0 3 10 9 3 8 1 8 10 9 1 3 8 11 0 9
split_gain=1.27936e+06 6.66368e+06 6.72236e+06 1.02481e+07 4.87645e+06 9.73958e+06 4.00242e+06 6.82431e+06 8.2251e+06 4.07923e+06 7.0284e+06 6.24219e+06 5.16828e+06 4.74956e+06 4.74053e+06 4.15945e+06 3.96204e+06 4.11023e+06 3.98027e+06 1.08653e+07 3.94386e+06 6.75719e+06 3.2143e+06 1.03084e+07 6.97444e+06 4.31777e+06 4.06285e+06 7.3237e+06 4.24873e+06 3.73132e+06
threshold=10301.915000000003 1546.1833333333336 1917.6366666666668 2198.5166666666669 2340.6650000000004 1880.9296666666669 2041.4540000000004 9286.6000000000022 2.5000000000000004 2198.5166666666669 24.500000000000004 13.500000000000002 2031.3000000000002 1791.3400000000004 14.500000000000002 33.500000000000007 2371.4500000000003 1998.7498333333335 108.50000000000001 2133.8221428571437 1.0000000180025095e-35 2133.8221428571437 2111.3500000000008 1841.156666666667 3.5000000000000004 77.500000000000014 683.59357142857141 6151.9100000000008 30.500000000000004 1665.0946666666666
decision_type=2 2 2 2 2 2 2 2 2 2 2 2 2 2 2 2 2 2 2 2 2 2 2 2 2 2 2 2 2 2
left_child=1 -1 3 22 5 -5 7 9 -9 11 16 12 -4 14 -13 -15 18 -18 19 -11 -17 -22 26 24 29 -25 27 -3 -28 -24
right_child=-2 2 6 4 -6 -7 -8 8 -10 10 -12 13 -14 15 -16 20 17 -19 -20 -21 21 -23 23 25 -26 -27 28 -29 -30 -31
leaf_value=0.0010225966722601006 -0.21875313113030881 -0.33390725378942965 20.49880204290714 11.661525548334088 20.908037247235264 -8.1766287803649913 0.60303421121676237 -5.1468795884040093 20.033490532987258 8.414762509623662 -24.496219570296152 -5.292798531617759 -1.6881789849354671 -19.174565324329194 9.8834359920024877 -16.561316138080187 11.552552917085846 -7.3534900732207724 -17.623262448420473 -19.069877058086973 -10.379140344949869 8.0165410389502849 -15.406313731623634 -0.28925400860607625 -23.175543582247151 18.149913030200533 1.9086044569329521 18.953423383863022 -10.849760562723333 0.42100543983928534
leaf_weight=305049 53430 101 53 273 79 80 3588 62 68 79 56 106 52 63 100 56 58 57 87 66 104 96 51 64 62 63 5776 96 66 138
leaf_count=305049 53430 101 53 273 79 80 3588 62 68 79 56 106 52 63 100 56 58 57 87 66 104 96 51 64 62 63 5776 96 66 138
internal_value=0.00756323 0.0457509 1.22199 2.22448 9.67871 7.16563 -0.223199 -2.77223 8.02439 -4.13095 -8.05945 -1.61796 9.51096 -3.84375 2.07431 -7.66544 -5.40683 2.18173 -9.1684 -4.09549 -4.83311 -1.54921 1.72265 -2.7502 -8.62353 8.85773 2.00262 9.06499 1.76447 -3.84986
internal_weight=370079 316649 11600 6849 432 353 4751 1163 130 1033 403 630 105 525 206 319 347 115 232 145 256 200 6417 378 251 127 6039 197 5842 189
internal_count=370079 316649 11600 6849 432 353 4751 1163 130 1033 403 630 105 525 206 319 347 115 232 145 256 200 6417 378 251 127 6039 197 5842 189
is_linear=0
shrinkage=0.05


Tree=175
num_leaves=31
num_cat=0
split_feature=8 9 9 1 3 11 8 1 1 0 10 11 3 8 11 3 9 9 3 6 3 11 3 11 11 3 0 0 10 8
split_gain=1.55157e+06 5.66042e+06 9.6643e+06 5.96632e+06 8.60698e+06 8.02611e+06 6.52701e+06 5.41294e+06 6.17272e+06 7.21359e+06 5.90542e+06 5.44168e+06 5.09406e+06 5.45178e+06 6.56645e+06 4.96586e+06 4.91902e+06 9.56623e+06 4.69839e+06 4.40682e+06 5.7586e+06 6.63943e+06 6.319e+06 4.3564e+06 4.95515e+06 4.29212e+06 4.40094e+06 5.31066e+06 5.72209e+06 4.11852e+06
threshold=1834.1171428571431 2258.7413333333338 2336.8835000000004 1.0000000180025095e-35 278.50000000000006 8282.5850000000009 1669.8157142857144 3.5000000000000004 5.5000000000000009 15.500000000000002 2720.4666666666672 15809.935000000003 262.50000000000006 1879.7300000000002 50375.340000000004 263.50000000000006 1519.3770000000002 1412.969166666667 102.50000000000001 1.5000000000000002 10.500000000000002 20009.920000000002 6.5000000000000009 35421.660000000011 10040.155000000001 255.50000000000003 25.500000000000004 24.500000000000004 2324.1500000000001 2266.1771428571433
decision_type=2 2 2 2 2 2 2 2 2 2 2 2 2 2 2 2 2 2 2 2 2 2 2 2 2 2 2 2 2 2
left_child=1 -1 -3 5 7 -4 -7 11 10 18 -9 -5 13 14 -2 -14 17 23 -10 20 22 -22 -19 24 -15 -18 27 28 -27 -28
right_child=12 2 3 4 -6 6 -8 8 9 -11 -12 -13 15 16 -16 -17 25 19 -20 -21 21 -23 -24 -25 -26 26 29 -29 -30 -31
leaf_value=-0.0022798647490224508 -2.4720148265990645 10.812018593778978 -8.0464320889541092 -2.0392551451921466 17.321932329954926 6.4491719824572407 28.444002705353956 -2.4984910964965823 -19.649676723480226 7.5671652116637311 16.197588879978934 -18.91860172070955 -17.393796905718354 -5.4000758818217687 -17.489462183683347 -2.4193698038355755 -0.28974405382768348 9.0487444285342562 -1.4632851506842943 -4.1669908175392756 10.487609258972773 -6.456173284554187 28.929352271038553 -13.48541459125631 6.1427789185705084 -5.152811431884766 21.834769752479737 -12.340133079182019 11.961819772797872 3.1989021709987098
leaf_weight=349693 1090 325 56 96 54 96 52 83 85 69 86 95 57 189 78 1930 14829 95 61 63 202 81 69 68 183 81 63 55 123 56
leaf_count=349693 1090 325 56 96 54 96 52 83 85 69 86 95 57 189 78 1930 14829 95 61 63 202 81 69 68 183 81 63 55 123 56
internal_value=-0.0147395 0.0092771 3.49925 0.64613 -1.76372 8.07651 14.1771 -3.55612 -0.134715 -5.75511 7.01549 -10.4347 -0.451061 -0.176049 -3.47489 -2.84893 0.0624263 3.55294 -12.0513 8.2133 9.95817 5.63798 17.4131 -1.84885 0.278264 -0.15563 5.10568 1.44872 5.1663 13.0649
internal_weight=370163 350851 1158 833 629 204 148 575 384 215 169 191 19312 17325 1168 1987 16157 950 146 510 447 283 164 440 372 15207 378 259 204 119
internal_count=370163 350851 1158 833 629 204 148 575 384 215 169 191 19312 17325 1168 1987 16157 950 146 510 447 283 164 440 372 15207 378 259 204 119
is_linear=0
shrinkage=0.05


Tree=176
num_leaves=31
num_cat=0
split_feature=11 8 8 8 10 10 10 3 3 0 8 10 3 10 10 0 3 10 3 0 3 1 8 1 11 11 10 0 0 3
split_gain=1.54936e+06 2.56262e+06 2.52378e+06 5.07038e+06 1.03096e+07 8.05003e+06 6.62882e+06 8.23639e+06 8.03871e+06 6.24099e+06 7.54858e+06 7.87577e+06 5.53488e+06 5.27161e+06 5.20047e+06 5.07803e+06 5.06171e+06 1.31993e+07 1.05872e+07 9.21247e+06 8.66365e+06 9.84055e+06 6.78998e+06 8.253e+06 6.59154e+06 6.31578e+06 5.59627e+06 6.89555e+06 5.18939e+06 4.72478e+06
threshold=38560.455000000009 631.69785714285729 1750.47 1879.7300000000002 2324.1500000000001 2303.4000000000005 2469.5833333333335 265.50000000000006 11.500000000000002 14.500000000000002 2537.0064285714293 2241.0833333333335 24.500000000000004 2282.6333333333337 2371.4500000000003 16.500000000000004 38.500000000000007 2444.1500000000001 53.500000000000007 16.500000000000004 34.500000000000007 2.5000000000000004 2133.8221428571437 3.5000000000000004 55972.670000000006 55972.670000000006 2548.1500000000001 25.500000000000004 25.500000000000004 5.5000000000000009
decision_type=2 2 2 2 2 2 2 2 2 2 2 2 2 2 2 2 2 2 2 2 2 2 2 2 2 2 2 2 2 2
left_child=-1 -2 -3 6 5 9 8 -8 -4 -5 11 29 -10 -14 15 -6 17 19 25 -16 21 28 24 -24 -23 -18 27 -20 -19 -11
right_child=1 2 3 4 14 -7 7 -9 12 10 -12 -13 13 -15 16 -17 18 20 26 -21 -22 22 23 -25 -26 -27 -28 -29 -30 -31
leaf_value=-0.013963249108729934 -5.8182215798596539 1.5878186430695369 -17.299286022009674 -9.496624182045208 23.714861928292041 -22.03460553010305 -12.262725097734368 8.3599171284971572 14.015957400563 -8.4610481018490269 15.491980430441842 -17.414674825668335 5.640715547130533 -9.260881873726845 -27.507840178764031 4.3606944033757165 17.421313717216254 11.098361079390234 14.890315235083831 -1.4105323443337092 -15.123320345560709 -2.8162775206875494 -18.20327916195518 -1.1483183809689113 18.46364352737648 2.8361178658225321 -0.74665627281638192 -3.7146086110697163 -5.2577713615015931 5.1652866246513511
leaf_weight=361427 150 4511 54 237 53 60 293 58 91 90 71 70 146 100 73 94 192 325 141 63 75 77 95 280 69 121 777 77 57 217
leaf_count=361427 150 4511 54 237 53 60 293 58 91 90 71 70 146 100 73 94 192 325 141 63 75 77 95 280 69 121 777 77 57 217
internal_value=0.00192348 0.660624 0.774063 -0.13098 0.705522 -4.47315 -3.86706 -8.855 0.610606 -2.93493 0.536331 -2.28025 3.48044 -0.416844 2.20732 11.3387 1.6531 -0.82371 3.76255 -15.4186 1.20585 2.56209 -1.9073 -5.46891 7.24067 11.7829 1.23956 8.31885 8.65779 1.1706
internal_weight=370144 8717 8567 4056 3314 745 742 351 391 685 448 377 337 246 2569 147 2422 1114 1308 136 978 903 521 375 146 313 995 218 382 307
internal_count=370144 8717 8567 4056 3314 745 742 351 391 685 448 377 337 246 2569 147 2422 1114 1308 136 978 903 521 375 146 313 995 218 382 307
is_linear=0
shrinkage=0.05


Tree=177
num_leaves=31
num_cat=0
split_feature=9 3 11 11 11 9 8 1 11 11 3 3 10 1 10 10 11 1 10 3 8 10 8 3 9 8 10 10 3 9
split_gain=1.66982e+06 3.32652e+06 3.24491e+06 3.31364e+06 4.71961e+06 2.7631e+06 8.78703e+06 8.22644e+06 1.20499e+07 1.17661e+07 1.48248e+07 1.08009e+07 1.13025e+07 8.87284e+06 1.07758e+07 8.45685e+06 1.24419e+07 7.66429e+06 6.84298e+06 6.32783e+06 1.00576e+07 6.06294e+06 7.89666e+06 6.38458e+06 6.00799e+06 4.76495e+06 4.41794e+06 3.9076e+06 4.05721e+06 5.52748e+06
threshold=2530.8520000000003 1.5000000000000002 2280.0000000000005 3139.3800000000006 4135.6450000000013 2336.8835000000004 1709.7935714285716 3.5000000000000004 4493.2300000000005 23225.890000000003 29.500000000000004 87.500000000000014 2241.0833333333335 1.0000000180025095e-35 2469.5833333333335 2371.4500000000003 9526.4100000000017 1.5000000000000002 2872.6833333333338 258.50000000000006 2693.3414285714293 2444.1500000000001 1387.0700000000002 50.500000000000007 2422.4765000000002 3218.1678571428579 2609.7166666666667 2371.4500000000003 39.500000000000007 2422.4765000000002
decision_type=2 2 2 2 2 2 2 2 2 2 2 2 2 2 2 2 2 2 2 2 2 2 2 2 2 2 2 2 2 2
left_child=5 -2 -3 -4 -5 -1 18 9 -9 11 24 12 -8 14 -13 -14 17 -17 21 -15 -21 22 -7 -23 -11 -18 -25 28 -10 -30
right_child=1 2 3 4 -6 6 7 8 27 10 -12 13 15 19 -16 16 25 -19 -20 20 -22 23 -24 26 -26 -27 -28 -29 29 -31
leaf_value=0.0069958884263989817 13.892610213335823 11.322901338499946 -11.326405553306852 12.920619900226592 0.57811487820405216 -17.824119264602661 -17.721841067188191 -18.373293842588151 -0.8352626500306306 -14.562152823648956 -3.6582319397037311 -12.095959349545566 23.690563478923981 -23.513180140086586 17.974946388831508 -15.632870942896062 13.333954852474623 6.1689244410570936 6.3074287675675897 3.6181536213044199 -23.672516797623544 -32.592088081359861 8.4339096220571612 -0.20920508824861966 -36.036309011358966 -2.8507846832275394 -18.47865277830061 2.6740613949593204 6.2351849098728138 26.814612117056118
leaf_weight=364541 51 74 56 80 2433 50 53 63 54 76 295 55 63 84 65 99 242 68 63 93 53 50 67 52 57 56 91 810 73 59
leaf_count=364541 51 74 56 80 2433 50 53 63 54 76 295 55 63 84 65 99 242 68 63 93 53 50 67 52 57 56 91 810 73 59
internal_value=0.00409305 1.24437 1.00031 0.702968 0.971032 -0.00500312 -1.57223 -0.470342 2.83343 -3.0448 -9.90648 0.109651 4.28959 -6.82905 4.19245 6.49907 4.1699 -6.75549 -8.7153 -12.5794 -6.28873 -11.7683 -2.78747 -17.2126 -23.7654 10.2925 -11.8352 4.17482 10.7104 15.4336
internal_weight=370026 2694 2643 2569 2513 367332 2791 2418 1059 1359 428 931 581 350 120 528 465 167 373 230 146 310 117 193 133 298 143 996 186 132
internal_count=370026 2694 2643 2569 2513 367332 2791 2418 1059 1359 428 931 581 350 120 528 465 167 373 230 146 310 117 193 133 298 143 996 186 132
is_linear=0
shrinkage=0.05


Tree=178
num_leaves=31
num_cat=0
split_feature=9 11 8 8 11 0 11 11 10 9 3 11 0 3 0 10 8 8 8 8 11 11 0 9 3 11 0 3 1 11
split_gain=1.6528e+06 4.6243e+06 2.31369e+06 2.62635e+06 1.17641e+07 4.76913e+06 3.52863e+06 6.85201e+06 3.85859e+06 4.94044e+06 3.49387e+06 3.04848e+06 2.75249e+06 7.10599e+06 6.11004e+06 5.70034e+06 4.36762e+06 4.14349e+06 4.086e+06 3.61206e+06 6.05869e+06 9.17392e+06 3.53533e+06 7.98074e+06 4.66677e+06 5.89363e+06 9.84759e+06 6.61641e+06 6.02021e+06 6.48282e+06
threshold=2530.8520000000003 2175.8900000000008 1355.9100000000001 1925.7600000000002 9286.6000000000022 6.5000000000000009 4493.2300000000005 5302.5500000000011 2418.9166666666674 2703.9491666666668 262.50000000000006 3030.4800000000005 16.500000000000004 269.50000000000006 6.5000000000000009 2577.1000000000004 2340.6650000000004 2430.840714285715 2195.8535714285722 2340.6650000000004 10595.725000000002 14742.730000000001 21.500000000000004 2703.9491666666668 2.5000000000000004 18339.145 25.500000000000004 78.500000000000014 5.5000000000000009 35421.660000000011
decision_type=2 2 2 2 2 2 2 2 2 2 2 2 2 2 2 2 2 2 2 2 2 2 2 2 2 2 2 2 2 2
left_child=-1 -2 -3 4 -4 -6 11 -8 9 -9 -7 -5 13 18 17 -14 -16 -15 -10 -20 -21 -22 23 -17 -24 26 -26 -28 -27 -30
right_child=1 2 3 6 5 10 7 8 12 -11 -12 -13 15 14 16 22 -18 -19 19 20 21 -23 24 -25 25 28 27 -29 29 -31
leaf_value=-0.0042291975301367215 13.922413025030068 -8.2712427043203096 -12.101371831642956 -1.630532992327655 0.71909546066414232 8.7620655878625744 -15.635000627181109 2.176884140452342 14.906323949680772 20.090475022351299 22.962998298545941 13.191830473831018 -12.655416009361693 11.290344797010007 -20.331512222791972 -15.865982813205362 -2.5273053683931868 -5.4312192000448709 -6.7053555748130709 18.288226981901786 -15.560609264373779 5.7660208070957211 -13.109217628778197 3.6771034037025232 21.839701254983968 3.5075910915294894 -12.915900095159358 9.9811069954086005 -22.147161753376324 1.8509747919046653
leaf_weight=367583 70 67 76 54 88 99 68 134 86 54 77 97 113 69 76 106 63 80 79 71 60 316 51 103 89 203 55 74 60 53
leaf_count=367583 70 67 76 54 88 99 68 134 86 54 77 97 113 69 76 106 63 80 79 71 60 316 51 103 89 203 55 74 60 53
internal_value=0.00480934 1.23945 0.90072 1.14133 5.23286 10.223 0.513003 -0.0270338 0.504967 7.32228 14.975 7.89112 -0.204305 1.7547 -4.7218 -2.14819 -12.262 2.31232 4.80247 3.15051 4.89237 2.36284 -0.652832 -6.2347 1.34137 2.72149 9.04569 0.218817 -1.64141 -10.8914
internal_weight=370274 2691 2621 2554 340 264 2214 2063 1995 188 176 151 1807 900 288 907 139 149 612 526 447 376 794 209 585 534 218 129 316 113
internal_count=370274 2691 2621 2554 340 264 2214 2063 1995 188 176 151 1807 900 288 907 139 149 612 526 447 376 794 209 585 534 218 129 316 113
is_linear=0
shrinkage=0.05


Tree=179
num_leaves=31
num_cat=0
split_feature=11 10 11 10 8 9 3 10 6 8 11 10 3 2 10 8 3 8 6 10 8 10 9 1 3 10 3 3 2 3
split_gain=1.02968e+06 1.97055e+06 4.83679e+06 3.29461e+06 2.74598e+06 4.43989e+06 2.489e+06 5.65525e+06 1.48864e+06 1.10194e+06 1.21129e+06 1.50772e+06 1.10069e+06 2.40829e+06 2.25928e+06 2.22695e+06 1.10375e+06 1.40408e+06 1.34395e+06 1.21431e+06 1.18719e+06 1.07246e+06 5.77147e+06 8.60285e+06 6.57328e+06 5.63819e+06 7.52339e+06 5.47401e+06 7.7443e+06 5.81191e+06
threshold=1317.4500000000003 1584.0166666666669 375.23500000000007 2031.3000000000002 1593.7250000000001 1270.8481666666669 96.500000000000014 2051.6500000000001 4.5000000000000009 796.77499999999998 1240.4600000000003 1186.1000000000001 259.50000000000006 1.0000000180025095e-35 308.16666666666669 647.82000000000005 275.50000000000006 585.23357142857162 3.5000000000000004 620.75000000000011 278.98428571428582 2680.8833333333337 2703.9491666666668 2.5000000000000004 52.500000000000007 2444.1500000000001 65.500000000000014 10.500000000000002 1.0000000180025095e-35 2.5000000000000004
decision_type=2 2 2 2 2 2 2 2 2 2 2 2 2 2 2 2 2 2 2 2 2 2 2 2 2 2 2 2 2 2
left_child=1 4 3 -3 5 8 7 -4 9 12 11 -11 -1 14 -14 16 18 19 -16 20 -18 22 -2 24 -24 -25 -27 28 29 -23
right_child=21 2 6 -5 -6 -7 -8 -9 -10 10 -12 -13 13 -15 15 -17 17 -19 -20 -21 -22 27 23 25 -26 26 -28 -29 -30 -31
leaf_value=0.49686249503223295 -0.091373723049148411 5.0395658984328762 17.40277101443364 -10.881855167448521 -8.8859259008660043 13.702085753679278 19.476353723526003 -6.1482301712036138 -0.0051702509878702963 -0.94711577004326097 -7.3745745357445305 7.5574933440596972 1.523331509753904 1.6719533451946074 -0.64562198357270151 -7.7271611131372913 -3.8886013212308925 5.9986298392800732 4.699660748582545 -6.3228364733132452 -0.5829126687980446 18.261444003383318 27.884608146010851 12.357609001521407 6.8518257141113281 -20.753065405951606 3.2818358203259912 0.044077121387420183 -9.3895571196951533 4.7485387577036375
leaf_weight=36236 215595 66 52 64 85 60 50 50 104355 1492 70 54 944 1357 2675 126 443 51 123 176 702 96 61 58 95 54 82 4698 82 465
leaf_count=36236 215595 66 52 64 85 60 50 50 104355 1492 70 54 944 1357 2675 126 443 51 123 176 702 96 61 58 95 54 82 4698 82 465
internal_value=0.00480159 0.106301 4.282 -2.79867 0.0983954 0.103525 10.3378 5.85816 0.0980422 0.340359 -0.941344 -0.65006 0.388715 -0.205318 -0.691474 -1.17815 -0.98027 -2.14194 -0.410644 -2.45623 -1.86188 -0.0636477 -0.0809588 6.33449 15.0762 -0.694916 -6.26143 0.636267 4.96303 7.06091
internal_weight=370517 149231 282 130 148949 148864 152 102 148804 44449 1616 1546 42833 6597 5240 4296 4170 1372 2798 1321 1145 221286 215945 350 156 194 136 5341 643 561
internal_count=370517 149231 282 130 148949 148864 152 102 148804 44449 1616 1546 42833 6597 5240 4296 4170 1372 2798 1321 1145 221286 215945 350 156 194 136 5341 643 561
is_linear=0
shrinkage=0.05


Tree=180
num_leaves=31
num_cat=0
split_feature=11 3 1 8 10 0 6 3 10 6 3 1 10 9 11 9 9 0 10 8 3 10 8 6 1 3 11 0 0 1
split_gain=1.44298e+06 4.00521e+06 4.6173e+06 4.30269e+06 5.18142e+06 5.1083e+06 3.81306e+06 4.83535e+06 3.60475e+06 5.81943e+06 3.42064e+06 3.27345e+06 3.05127e+06 3.90595e+06 1.32917e+07 5.06295e+06 3.32255e+06 2.54232e+06 2.32454e+06 6.62071e+06 6.48117e+06 5.15465e+06 6.97024e+06 5.52483e+06 7.6126e+06 7.34289e+06 5.75552e+06 5.09381e+06 7.92943e+06 5.63402e+06
threshold=27454.115000000002 6.5000000000000009 5.5000000000000009 891.91357142857157 1645.116666666667 11.500000000000002 2.5000000000000004 263.50000000000006 2132.4000000000005 1.5000000000000002 53.500000000000007 3.5000000000000004 2955.1166666666672 2258.7413333333338 42026.485000000008 2087.0383333333334 1917.6366666666668 15.500000000000002 2220.0000000000005 1518.4428571428573 65.500000000000014 1766.3333333333335 1092.6764285714287 1.5000000000000002 3.5000000000000004 274.50000000000006 42026.485000000008 21.500000000000004 18.500000000000004 1.5000000000000002
decision_type=2 2 2 2 2 2 2 2 2 2 2 2 2 2 2 2 2 2 2 2 2 2 2 2 2 2 2 2 2 2
left_child=-1 2 8 4 -3 10 18 17 11 12 -6 -2 13 15 -15 16 -10 -8 19 21 27 -5 -23 25 26 -24 -25 28 -21 -29
right_child=1 3 -4 6 5 -7 7 -9 9 -11 -12 -13 -14 14 -16 -17 -18 -19 -20 20 -22 22 23 24 -26 -27 -28 29 -30 -31
leaf_value=-0.010206883577256663 -8.1144059571163165 -0.57094720872405291 -9.8521915827383548 2.2814853224190776 -5.8046032991409309 -0.78034461594502869 -4.516794392370409 20.943101175014789 7.5732608834091497 -13.048455576385772 -22.979235873015032 1.4557669726895615 14.558631585439045 12.823972896429209 -22.133069910082902 18.802582790111675 -6.7494951557422027 8.5827406966167938 0.28725941623012891 6.0416192152241406 -0.29379173060364477 4.6953072397591837 -2.6933596360526102 10.314021039476582 -21.795234338627306 11.572065454905797 -13.108042141243264 -9.6336452289294172 18.709139580629309 5.0257634285333994
leaf_weight=354522 241 1692 179 2018 50 109 62 52 98 56 69 142 60 52 57 58 69 92 6957 774 561 387 1288 51 86 97 54 93 147 222
leaf_count=354522 241 1692 179 2018 50 109 62 52 98 56 69 142 60 52 57 58 69 92 6957 774 561 387 1288 51 86 97 54 93 147 222
internal_value=0.0106753 0.477077 -2.56652 0.684339 -1.52443 -8.60024 1.01204 7.76025 -1.00093 2.03351 -15.763 -4.5662 4.17714 2.3122 -5.45632 6.07562 1.65548 3.3089 0.902886 1.64413 4.16329 0.506997 -1.31721 -2.79363 -10.7655 -1.69426 -1.73161 6.18628 8.06347 0.697748
internal_weight=370395 15873 1012 14861 1920 228 12941 206 833 450 119 383 394 334 109 225 167 154 12735 5778 1797 3981 1963 1576 191 1385 105 1236 921 315
internal_count=370395 15873 1012 14861 1920 228 12941 206 833 450 119 383 394 334 109 225 167 154 12735 5778 1797 3981 1963 1576 191 1385 105 1236 921 315
is_linear=0
shrinkage=0.05


Tree=181
num_leaves=31
num_cat=0
split_feature=9 10 1 9 10 10 0 1 6 0 11 10 0 11 11 11 11 3 10 11 0 3 11 11 11 11 10 11 11 10
split_gain=1.12021e+06 4.66803e+06 4.20199e+06 4.35736e+06 5.82239e+06 6.81049e+06 6.92882e+06 2.81433e+06 5.19012e+06 4.49378e+06 9.17601e+06 1.15031e+07 5.83844e+06 5.10981e+06 5.64552e+06 5.28103e+06 5.53615e+06 5.50941e+06 4.8218e+06 4.74678e+06 4.70482e+06 4.55099e+06 3.81789e+06 6.09845e+06 8.75824e+06 5.6876e+06 5.08507e+06 3.68201e+06 4.36832e+06 5.07692e+06
threshold=1841.156666666667 1745.4833333333336 5.5000000000000009 1917.6366666666668 2220.0000000000005 1945.2500000000002 17.500000000000004 1.0000000180025095e-35 2.5000000000000004 5.5000000000000009 35421.660000000011 2609.7166666666667 9.5000000000000018 14742.730000000001 12557.920000000002 23225.890000000003 32951.680000000008 59.500000000000007 2641.9333333333338 65821.285000000018 10.500000000000002 80.500000000000014 23225.890000000003 8852.8700000000008 6151.9100000000008 35421.660000000011 2348.0500000000006 8282.5850000000009 7354.6600000000008 1987.5500000000002
decision_type=2 2 2 2 2 2 2 2 2 2 2 2 2 2 2 2 2 2 2 2 2 2 2 2 2 2 2 2 2 2
left_child=-1 -2 7 4 5 -4 -7 8 9 10 -3 -12 22 14 20 17 18 -15 -17 -18 -14 -16 23 24 -11 -24 -25 28 29 -22
right_child=1 2 3 -5 -6 6 -8 -9 -10 12 11 -13 13 15 21 16 19 -19 -20 -21 27 -23 25 26 -26 -27 -28 -29 -30 -31
leaf_value=-0.0090589410368185613 8.9952166688747894 5.5945669309349526 -15.661235052347184 -0.68219258430942553 -16.044333598850013 -5.8801703450225649 15.503442057319312 1.0212963453361315 11.40487350658937 -11.456042769295829 -22.837500665528434 8.0400738194303702 12.800441864301574 13.741683701041399 -5.097541344524867 -2.2240287707646686 4.1653759564711716 1.4333195745944978 -18.040000955823441 -9.7871732449027871 8.1547711543475891 -23.64320156444203 9.8358919513852978 -5.9685424662925106 12.365667030459546 -7.645069048404693 -23.081875617617655 2.0119616098923259 -15.3848200100014 -5.146094817577497
leaf_weight=350958 156 542 64 3238 111 84 69 12212 88 105 70 53 53 157 83 150 431 216 71 71 85 55 76 74 61 120 105 303 83 460
leaf_count=350958 156 542 64 3238 111 84 69 12212 88 105 70 53 53 157 83 150 431 216 71 71 85 55 76 74 61 120 105 303 83 460
internal_value=0.0114088 0.380807 0.311142 -1.23847 -6.72999 -1.96551 3.76342 0.662573 -0.584787 -0.892933 2.79662 -9.53253 -1.78222 -0.64627 -3.01819 1.78192 -0.711005 6.61405 -7.30518 2.19201 -1.68998 -12.4889 -6.43942 -9.60536 -2.70228 -0.866737 -16.0071 -2.51489 -4.69903 -3.07165
internal_weight=370404 19446 19290 3566 328 217 153 15724 3512 3424 665 123 2759 2218 1122 1096 723 373 221 502 984 138 541 345 166 196 179 931 628 545
internal_count=370404 19446 19290 3566 328 217 153 15724 3512 3424 665 123 2759 2218 1122 1096 723 373 221 502 984 138 541 345 166 196 179 931 628 545
is_linear=0
shrinkage=0.05


Tree=182
num_leaves=31
num_cat=0
split_feature=1 10 0 8 10 10 8 8 10 10 0 8 10 8 3 3 10 8 6 9 8 0 9 8 3 10 3 3 10 10
split_gain=1.04997e+06 2.99091e+06 3.78618e+06 3.85194e+06 8.03838e+06 3.47162e+06 3.28574e+06 3.16601e+06 2.63434e+06 8.57125e+06 5.99916e+06 3.92124e+06 7.94398e+06 3.87122e+06 5.44782e+06 3.99874e+06 2.83485e+06 2.75201e+06 2.75063e+06 2.53458e+06 2.47192e+06 2.36285e+06 2.76556e+06 3.66507e+06 6.98901e+06 2.64256e+06 2.55173e+06 2.46591e+06 9.89741e+06 5.81132e+06
threshold=1.0000000180025095e-35 1427.8500000000001 4.5000000000000009 1593.7250000000001 1766.3333333333335 2111.3500000000008 1265.0907142857145 1418.4021428571432 2680.8833333333337 2577.1000000000004 15.500000000000002 2693.3414285714293 2609.7166666666667 1791.3400000000004 253.50000000000003 64.500000000000014 2812.8500000000008 1593.7250000000001 2.5000000000000004 1008.4355 1593.7250000000001 9.5000000000000018 2258.7413333333338 2266.1771428571433 38.500000000000007 1900.7500000000002 73.500000000000014 80.500000000000014 2371.4500000000003 2469.5833333333335
decision_type=2 2 2 2 2 2 2 2 2 2 2 2 2 2 2 2 2 2 2 2 2 2 2 2 2 2 2 2 2 2
left_child=1 7 3 4 -3 6 -6 -1 9 18 -11 12 -12 17 15 16 -15 -10 21 -9 -21 22 23 24 25 -4 -24 -23 -29 -30
right_child=-2 2 8 -5 5 -7 -8 19 13 10 11 -13 -14 14 -16 -17 -18 -19 -20 20 -22 27 26 -25 -26 -27 -28 28 29 -31
leaf_value=-0.092214218647415191 0.028259992531418223 4.6344641259396413 0.56919215857982641 3.8712218920272421 -3.6686572270315203 -1.2682042956352235 -18.569938840764635 -1.4607113307399247 -3.0759129868613351 15.623549108016187 -19.014129383385182 13.05278973309499 5.4777361804125269 -13.809289155083318 -20.305612571164968 2.047484881212922 -3.9390230517495759 12.104937572105259 5.8580497619325085 17.165147368587665 2.6366322709963872 -0.43275211692509946 -4.6925792784917926 -18.108062381010789 -6.4541001897415473 15.222101385593414 9.2742513881010176 -1.3727491404947294 -20.583992628656844 -3.9532818620403614
leaf_weight=46377 316925 249 80 677 61 116 94 65 72 117 50 53 98 124 64 147 176 51 113 67 52 2280 63 52 676 50 68 1255 116 96
leaf_count=46377 316925 249 80 677 61 116 94 65 72 117 50 53 98 124 64 147 176 51 113 67 52 2280 63 52 676 50 68 1255 116 96
internal_value=-0.00634286 -0.211099 -1.17488 1.3854 -1.85095 -7.80987 -12.7056 -0.0662442 -1.70318 -1.32995 6.62222 1.38263 -2.79654 -4.74497 -6.66184 -4.70837 -8.01873 3.21859 -1.85146 6.47948 10.8166 -2.0354 -4.20924 -5.24237 -4.41232 6.20493 2.55738 -1.46163 -3.06071 -13.0531
internal_weight=370484 53559 6998 1197 520 271 155 46561 5801 5167 318 201 148 634 511 447 300 123 4849 184 119 4736 989 858 806 130 131 3747 1467 212
internal_count=370484 53559 6998 1197 520 271 155 46561 5801 5167 318 201 148 634 511 447 300 123 4849 184 119 4736 989 858 806 130 131 3747 1467 212
is_linear=0
shrinkage=0.05


Tree=183
num_leaves=31
num_cat=0
split_feature=4 6 10 3 3 9 6 0 0 8 9 0 0 8 3 9 10 9 8 9 9 9 3 0 0 8 8 8 3 8
split_gain=838553 1.38156e+06 1.28377e+06 1.27248e+06 1.85403e+06 2.8014e+06 5.71037e+06 5.41126e+06 5.51252e+06 1.07683e+07 4.76109e+06 6.83212e+06 6.80216e+06 4.30508e+06 4.34294e+06 3.8372e+06 3.71786e+06 3.6142e+06 3.58305e+06 5.06871e+06 4.22736e+06 5.64557e+06 8.42324e+06 4.76318e+06 3.94876e+06 5.08602e+06 3.38658e+06 2.88745e+06 2.66951e+06 2.91526e+06
threshold=1.0000000180025095e-35 31.500000000000004 298.50000000000006 270.50000000000006 68.500000000000014 1412.969166666667 1.5000000000000002 27.500000000000004 17.500000000000004 1042.8514285714289 1734.5108333333335 7.5000000000000009 14.500000000000002 1066.9100000000003 70.500000000000014 1998.7498333333335 2494.5000000000005 2138.2523333333338 1750.47 1485.087666666667 2138.2523333333338 1841.156666666667 115.50000000000001 23.500000000000004 23.500000000000004 1387.0700000000002 2078.5514285714294 2340.6650000000004 102.50000000000001 1750.47
decision_type=2 2 2 2 2 2 2 2 2 2 2 2 2 2 2 2 2 2 2 2 2 2 2 2 2 2 2 2 2 2
left_child=2 3 -1 4 -2 -6 13 8 9 -8 -11 16 -13 15 26 -7 28 -14 19 -10 21 22 -20 -23 25 -21 -15 -9 -12 -30
right_child=1 -3 -4 -5 5 6 7 27 18 10 11 12 17 14 -16 -17 -18 -19 20 24 -22 23 -24 -25 -26 -27 -28 -29 29 -31
leaf_value=-0.066842558666411173 0.012429079959093654 -0.49703310823600938 -4.5477228300273422 -0.36702316748750097 0.19989878847877512 6.6765280341120006 -13.389550726572674 13.921626792008849 8.6041067201357624 10.993518184607648 2.4176488708047308 13.674479199537013 -9.3039192431606352 11.65330704270977 0.18691720413148694 -7.6912369965360714 8.159624145179988 8.3499969353091057 -14.111609401124898 7.9186820736637831 -6.3824692374935346 4.4625863374982568 11.887984296628986 24.026725534030373 -19.328235331792683 -11.026257706498638 -2.2167237433176195 0.59170109730846476 -19.31058455872536 -4.0952666142407592
leaf_weight=166021 108148 9867 160 13069 60795 437 75 174 52 343 68 215 64 146 9616 52 64 53 66 54 102 70 59 56 63 103 63 53 50 85
leaf_count=166021 108148 9867 160 13069 60795 437 75 174 52 343 68 215 64 146 9616 52 64 53 66 54 102 70 59 56 63 103 63 53 50 85
internal_value=0.0122271 0.0801321 -0.0711568 0.109458 0.143838 0.338576 1.03059 3.57352 2.5732 4.84431 6.29605 3.60618 8.39492 0.569791 0.341896 5.14867 -2.34836 -1.30685 -1.12235 -5.43515 2.20082 5.68885 -1.8398 13.1578 -8.75352 -4.51016 7.47239 10.8094 -5.66122 -9.73057
internal_weight=370243 204062 166181 194195 181126 72978 12183 1869 1642 1017 942 599 332 10314 9825 489 267 117 625 272 353 251 125 126 220 157 209 227 203 135
internal_count=370243 204062 166181 194195 181126 72978 12183 1869 1642 1017 942 599 332 10314 9825 489 267 117 625 272 353 251 125 126 220 157 209 227 203 135
is_linear=0
shrinkage=0.05


Tree=184
num_leaves=31
num_cat=0
split_feature=9 11 1 8 11 8 10 11 0 10 11 11 11 11 8 1 0 0 8 0 10 9 11 8 3 11 3 11 3 8
split_gain=1.23274e+06 3.2824e+06 4.77153e+06 3.1302e+06 7.30778e+06 7.60273e+06 7.36671e+06 2.77645e+06 3.45971e+06 2.66178e+06 6.08427e+06 1.01276e+07 4.5064e+06 3.92081e+06 4.57406e+06 9.02815e+06 4.32532e+06 8.38475e+06 6.49587e+06 5.19748e+06 5.14613e+06 8.35884e+06 3.93477e+06 3.25451e+06 2.8796e+06 2.80933e+06 5.54818e+06 7.53452e+06 5.27886e+06 3.96482e+06
threshold=2530.8520000000003 4569.1200000000008 3.5000000000000004 1925.7600000000002 24530.555000000004 1632.2000000000003 2812.8500000000008 3568.6350000000007 15.500000000000002 3076.1000000000008 24530.555000000004 16973.135000000006 35421.660000000011 5391.880000000001 2133.8221428571437 1.5000000000000002 10.500000000000002 12.500000000000002 2430.840714285715 5.5000000000000009 2872.6833333333338 2703.9491666666668 50375.340000000004 2899.4528571428577 2.5000000000000004 23225.890000000003 28.500000000000004 15243.790000000003 20.500000000000004 2899.4528571428577
decision_type=2 2 2 2 2 2 2 2 2 2 2 2 2 2 2 2 2 2 2 2 2 2 2 2 2 2 2 2 2 2
left_child=-1 2 7 4 6 -6 -3 8 -2 13 11 23 -12 -5 15 -15 18 -18 19 -16 21 -20 24 -11 -19 26 27 -26 -27 -30
right_child=1 3 -4 9 5 -7 -8 -9 -10 10 12 -13 -14 14 16 -17 17 22 20 -21 -22 -23 -24 -25 25 28 -28 -29 29 -31
leaf_value=0.0025814622898148272 4.9983632073886159 5.5581321011344311 17.252473256032761 -12.015212739524195 0.2598814781974344 22.411609757741292 -13.802159402872386 10.285686060961556 -12.080398882352391 1.7499465585838665 -18.521773230892489 15.731285780596446 -3.6527569670018138 -22.619438585330702 6.438859803748854 1.249106537628174 -14.94207920737383 11.953955325832617 6.7935626096064503 26.95479475711954 12.783205816073297 -15.157829710684325 -8.932830564281609 -14.958207182105511 2.593615178708677 -13.871158492565156 0.73964527224151189 26.084179194498873 -4.7979462250223701 9.1911945438876597
leaf_weight=367232 69 139 73 59 68 90 76 68 52 55 87 83 123 58 66 125 82 77 101 58 78 76 79 62 81 72 355 59 106 97
leaf_count=367232 69 139 73 59 68 90 76 68 52 55 87 83 123 58 66 125 82 77 101 58 78 76 79 62 81 72 355 59 106 97
internal_value=0.0103703 1.08004 6.39528 0.502678 4.71403 12.878 -1.28551 2.20176 -2.34127 -0.267716 -3.86865 2.37267 -9.81278 0.638597 1.11412 -6.31579 2.09442 0.382316 6.64799 16.035 2.08331 -2.63189 1.73934 -7.10395 2.73473 1.81281 4.06389 12.4932 -2.23913 1.88652
internal_weight=369906 2674 262 2412 373 158 215 189 121 2039 410 200 210 1629 1570 183 1387 1008 379 124 255 177 926 117 847 770 495 140 275 203
internal_count=369906 2674 262 2412 373 158 215 189 121 2039 410 200 210 1629 1570 183 1387 1008 379 124 255 177 926 117 847 770 495 140 275 203
is_linear=0
shrinkage=0.05


Tree=185
num_leaves=31
num_cat=0
split_feature=11 9 3 10 10 0 9 11 9 10 11 9 10 10 3 0 9 0 8 0 6 8 11 10 11 9 10 10 10 9
split_gain=1.04482e+06 2.38528e+06 6.73436e+06 5.75114e+06 5.23901e+06 4.67772e+06 4.5319e+06 4.50574e+06 3.94161e+06 3.58807e+06 6.02174e+06 8.14556e+06 6.48083e+06 6.77411e+06 5.40572e+06 4.61164e+06 5.18459e+06 4.36372e+06 3.62502e+06 4.17598e+06 3.91238e+06 3.72201e+06 4.46412e+06 3.39097e+06 7.96247e+06 1.0974e+07 9.06406e+06 6.71566e+06 6.38398e+06 5.09451e+06
threshold=16431.460000000003 1734.5108333333335 284.50000000000006 1878.4333333333336 1945.2500000000002 18.500000000000004 1917.6366666666668 24530.555000000004 1804.4843333333336 1787.5333333333335 18339.145 1341.3198333333337 2241.0833333333335 2111.3500000000008 92.500000000000014 27.500000000000004 1446.3833333333334 16.500000000000004 891.91357142857157 8.5000000000000018 2.5000000000000004 1017.3635714285716 50375.340000000004 2371.4500000000003 55972.670000000006 1957.9808333333337 2324.1500000000001 2394.6000000000004 2282.6333333333337 2336.8835000000004
decision_type=2 2 2 2 2 2 2 2 2 2 2 2 2 2 2 2 2 2 2 2 2 2 2 2 2 2 2 2 2 2
left_child=-1 9 3 5 6 8 7 -5 -3 -2 11 17 13 15 -14 16 -13 -11 19 -12 21 22 -20 24 26 -26 -6 29 -27 -25
right_child=1 2 -4 4 23 -7 -8 -9 -10 10 18 12 14 -15 -16 -17 -18 -19 20 -21 -22 -23 -24 27 25 28 -28 -29 -30 -31
leaf_value=0.015520210736787702 -0.11630671701453597 4.13979834354285 9.6483422590062986 -3.7035647132179954 0.90448658743432253 -0.16342143639274265 3.8826318359375005 -21.850868496424717 20.511322454659336 -7.8735029856363941 -19.364785793371368 8.6231618946506874 -3.4420616681759171 9.921620518944481 -26.352256786122041 -18.346833003044129 -5.9252030592049119 -26.642615035176277 7.5224393890873236 -2.3123595938240129 10.197763362111925 -1.2791266507830121 -7.7385215155283609 -9.9174875174719723 1.5018391622312415 -7.2185859021273533 8.0580321105780879 -0.15856688725690038 -31.535487495728258 6.808989065664786
leaf_weight=338500 12350 66 188 66 2547 115 55 71 83 60 57 84 52 110 51 50 226 64 238 97 79 5833 60 290 159 55 536 8081 53 54
leaf_count=338500 12350 66 188 66 2547 115 55 71 83 60 57 84 52 110 51 50 226 64 238 97 79 5833 60 290 159 55 536 8081 53 54
internal_value=-0.0102332 -0.284111 0.257019 0.112667 -0.0483701 7.4124 -8.24116 -13.1084 13.2595 -0.630322 -1.52936 -5.94147 -3.42699 -0.937689 -14.7859 -4.25581 -1.98307 -17.5608 -1.04613 -8.62397 -0.858211 -1.00067 4.44976 0.0852193 1.43081 -6.85247 2.14818 -0.449824 -19.1519 -7.29182
internal_weight=370330 31830 12419 12231 11967 264 192 137 149 19411 7061 697 573 470 103 360 310 124 6364 154 6210 6131 298 11775 3350 267 3083 8425 108 344
internal_count=370330 31830 12419 12231 11967 264 192 137 149 19411 7061 697 573 470 103 360 310 124 6364 154 6210 6131 298 11775 3350 267 3083 8425 108 344
is_linear=0
shrinkage=0.05


Tree=186
num_leaves=31
num_cat=0
split_feature=9 1 11 9 9 3 10 10 9 8 10 3 11 8 8 10 3 8 3 9 8 0 3 8 9 8 11 10 10 10
split_gain=1.10843e+06 2.11206e+06 2.55186e+06 3.13389e+06 4.28099e+06 6.28267e+06 5.07756e+06 3.70009e+06 3.35371e+06 2.70196e+06 2.30303e+06 1.06141e+07 1.19596e+07 9.56422e+06 5.00571e+06 9.17166e+06 4.6785e+06 5.28085e+06 7.95088e+06 4.90666e+06 3.46811e+06 4.73142e+06 2.50498e+06 2.3343e+06 4.94128e+06 4.31783e+06 5.59658e+06 5.79105e+06 3.74087e+06 4.61366e+06
threshold=597.67666666666685 5.5000000000000009 5217.0600000000004 1270.8481666666669 2138.2523333333338 58.500000000000007 1945.2500000000002 2324.1500000000001 1519.3770000000002 375.78428571428577 2680.8833333333337 39.500000000000007 35421.660000000011 2340.6650000000004 2899.4528571428577 2469.5833333333335 65.500000000000014 2266.1771428571433 81.500000000000014 2703.9491666666668 1879.7300000000002 17.500000000000004 137.50000000000003 2693.3414285714293 2422.4765000000002 2340.6650000000004 9286.6000000000022 2071.4333333333338 2241.0833333333335 2494.5000000000005
decision_type=2 2 2 2 2 2 2 2 2 2 2 2 2 2 2 2 2 2 2 2 2 2 2 2 2 2 2 2 2 2
left_child=-1 -2 3 -3 5 6 -5 -6 -7 -4 14 12 -12 -14 23 -16 20 22 -19 -20 -13 -22 -18 25 -25 -11 -27 -28 -29 -30
right_child=1 2 9 4 7 8 -8 -9 -10 10 11 16 13 -15 15 -17 17 18 19 -21 21 -23 -24 24 -26 26 27 28 29 -31
leaf_value=-0.018943662123830085 0.30328249519337358 -0.0055953983659833614 -10.926805909711755 8.5315221574184665 -12.905339784622193 8.8108455801954371 27.146945803642275 3.3118308151469513 -2.6927203515697933 -0.67538172598371127 24.066534316901006 -17.285065132198913 15.91431589126587 -14.047234638950281 -20.225798432723337 2.9225098675489427 14.171697764280367 11.946408297735104 -22.062009483370289 -1.7497917816287183 4.9812471628189092 -14.226516175270081 2.213731878773963 12.087107067803544 -7.1716266482484103 -21.319603142371548 11.654053567006038 -17.139259584248066 3.0752632691164412 -11.131426724172989
leaf_weight=293104 65647 2078 66 137 60 101 50 85 170 7192 99 66 50 57 92 80 82 51 58 61 75 56 94 96 51 52 52 64 124 106
leaf_count=293104 65647 2078 66 137 60 101 50 85 170 7192 99 66 50 57 92 80 82 51 58 61 75 56 94 96 51 52 52 64 124 106
internal_value=0.0254184 0.194171 -0.433874 0.915277 4.0887 6.45917 13.5089 -3.39872 1.59459 -0.848486 -0.771659 1.87825 11.5418 -0.0465101 -1.02261 -9.45914 -1.78785 1.71417 -4.57098 -11.6499 -7.93861 -3.22971 7.78506 -0.83506 5.40551 -0.955924 -6.02543 -3.72688 -6.44732 -3.47217
internal_weight=370156 77052 11405 2681 603 458 187 145 271 8724 8658 749 206 107 7909 172 543 346 170 119 197 131 176 7737 147 7590 398 346 294 230
internal_count=370156 77052 11405 2681 603 458 187 145 271 8724 8658 749 206 107 7909 172 543 346 170 119 197 131 176 7737 147 7590 398 346 294 230
is_linear=0
shrinkage=0.05


Tree=187
num_leaves=31
num_cat=0
split_feature=10 8 9 6 10 11 11 11 0 8 9 9 11 11 8 11 6 11 1 11 1 11 10 0 8 1 11 1 11 11
split_gain=1.74683e+06 4.0376e+06 3.93973e+06 4.94545e+06 7.01743e+06 3.36779e+06 6.77496e+06 6.73881e+06 3.16426e+06 5.51741e+06 6.2548e+06 7.47954e+06 9.14351e+06 6.15772e+06 4.6655e+06 3.80618e+06 4.3365e+06 4.43515e+06 7.04083e+06 7.12647e+06 5.21997e+06 4.86113e+06 4.16563e+06 6.41968e+06 3.68769e+06 3.51054e+06 6.30072e+06 8.53328e+06 5.75423e+06 4.90066e+06
threshold=2577.1000000000004 972.09714285714301 2703.9491666666668 1.5000000000000002 2418.9166666666674 2390.3800000000006 4877.3750000000009 5391.880000000001 26.500000000000004 1669.8157142857144 1804.4843333333336 2087.0383333333334 55972.670000000006 50375.340000000004 3218.1678571428579 55972.670000000006 1.5000000000000002 8676.4350000000013 4.5000000000000009 19100.720000000005 1.0000000180025095e-35 25929.405000000002 2720.4666666666672 17.500000000000004 2078.5514285714294 5.5000000000000009 22071.445000000003 3.5000000000000004 25929.405000000002 9772.4500000000025
decision_type=2 2 2 2 2 2 2 2 2 2 2 2 2 2 2 2 2 2 2 2 2 2 2 2 2 2 2 2 2 2
left_child=2 -2 -1 4 -4 -3 -7 -8 15 -10 -11 13 14 -12 25 16 -9 -18 19 -19 -21 -22 23 -17 -23 26 29 -28 -27 -13
right_child=1 5 3 -5 -6 6 7 8 9 10 11 12 -14 -15 -16 22 17 18 -20 20 21 24 -24 -25 -26 28 27 -29 -30 -31
leaf_value=-0.0070010940505252335 -12.390356714612452 -10.755436937270627 15.588074866705576 20.338341006110696 -5.4548891773590675 9.3968110818448292 -14.646376014763201 0.43171352478786834 12.364309710345857 -14.767726232420722 18.521537825018168 -8.2215595245361328 15.016422221809627 -1.8098549348336679 8.3872167739001195 -14.457866908989701 18.032920667680642 -1.9971801708281882 -6.8087520824324699 -0.82027254912812841 27.262117520845852 18.353203945606946 -0.50806663575405442 1.6423185632779049 0.61125736589784985 -23.912518913269043 -16.731227823063335 3.166205918557436 -0.85747205766580881 9.7824329800801735
leaf_weight=362396 58 62 64 51 104 230 71 4770 146 53 120 51 96 54 99 153 59 142 124 59 65 64 706 104 54 50 113 103 59 146
leaf_count=362396 58 62 64 51 104 230 71 4770 146 53 120 51 96 54 99 153 59 142 124 59 65 64 706 104 54 50 113 103 59 146
internal_value=0.0129862 0.752785 -0.00294964 6.7013 2.56148 0.851109 0.944674 0.68412 0.831409 3.31878 1.91979 2.91243 0.655677 12.2118 -1.56434 0.401054 0.9231 5.05699 3.54994 6.89493 12.1126 16.2822 -2.49216 -7.94262 10.234 -3.45171 -1.34522 -7.2431 -11.4332 5.1215
internal_weight=370426 7811 362615 219 168 7753 7691 7461 7390 1090 944 891 717 174 621 6300 5337 567 508 384 242 183 963 257 118 522 413 216 109 197
internal_count=370426 7811 362615 219 168 7753 7691 7461 7390 1090 944 891 717 174 621 6300 5337 567 508 384 242 183 963 257 118 522 413 216 109 197
is_linear=0
shrinkage=0.05


Tree=188
num_leaves=31
num_cat=0
split_feature=11 10 10 10 8 11 10 9 10 0 8 6 0 6 11 8 0 0 8 9 3 8 10 8 0 8 8 3 9 9
split_gain=1.06278e+06 1.39639e+06 5.05575e+06 3.35357e+06 4.02519e+06 3.54366e+06 2.08689e+06 2.0733e+06 1.40317e+06 1.89768e+06 1.55439e+06 1.93148e+06 1.82712e+06 1.48243e+06 1.51707e+06 1.73684e+06 1.39005e+06 1.3859e+06 1.38199e+06 1.30316e+06 1.29138e+06 4.84242e+06 3.45592e+06 5.58733e+06 6.09002e+06 2.66879e+06 4.20038e+06 3.94345e+06 3.20559e+06 2.31182e+06
threshold=1810.5500000000002 2282.6333333333337 2090.7166666666667 1832.116666666667 1750.47 604.98500000000013 1664.0666666666668 1592.5745000000004 857.58333333333337 25.500000000000004 1326.9885714285717 2.5000000000000004 8.5000000000000018 1.5000000000000002 1591.9250000000004 874.19928571428591 14.500000000000002 15.500000000000002 891.91357142857157 769.2596666666667 2.5000000000000004 3218.1678571428579 2680.8833333333337 2430.840714285715 24.500000000000004 1925.7600000000002 1669.8157142857144 1.5000000000000002 1697.2931666666666 1121.5418333333334
decision_type=2 2 2 2 2 2 2 2 2 2 2 2 2 2 2 2 2 2 2 2 2 2 2 2 2 2 2 2 2 2
left_child=1 2 3 4 6 -5 8 -6 -1 10 11 12 -10 14 15 19 -12 -3 -15 -14 21 22 23 25 -25 26 29 -27 -29 -2
right_child=20 17 -4 5 7 -7 -8 -9 9 -11 16 -13 13 18 -16 -17 -18 -19 -20 -21 -22 -23 -24 24 -26 27 -28 28 -30 -31
leaf_value=0.077487225287581771 -0.76445170886000668 11.758759412578508 -12.987754177402806 -1.7037916917067308 -16.615420965878467 15.376212890180824 -9.9307574437214789 -2.8184848341824758 8.4362048767861868 -4.66433711720037 -6.5306090165490973 12.839524695747778 -1.5949040291356107 9.9486440470189237 4.7039894321630165 2.842308630662806 3.6504953542063312 0.10233374296450148 0.46272429113518704 -12.642862533671517 -0.074592789657443329 -10.114791942949166 9.5735973768596416 -18.160640086123816 -0.76656432330051327 11.686503447727723 -10.860125295080321 6.3801051123388888 -10.71629980378426 7.421058770148985
leaf_weight=172863 1190 51 74 52 53 73 52 56 126 91 73 57 51 81 86 68 62 51 73 56 193921 146 79 95 107 110 99 58 52 93
leaf_count=172863 1190 51 74 52 53 73 52 56 126 91 73 57 51 81 86 68 62 51 73 56 193921 146 79 95 107 110 99 58 52 93
internal_value=-0.0078456 0.0820307 0.0786032 0.084161 0.0782746 8.27093 0.0843008 -9.52709 0.0872992 2.1457 2.99115 4.08514 3.16277 1.56168 -0.733794 -3.40608 -1.85484 5.93055 5.45207 -7.37701 -0.0877225 -1.34259 -0.662425 -1.11068 -8.94695 -0.122583 -0.936825 4.99234 -1.70183 -0.171114
internal_weight=370099 174149 174047 173973 173848 125 173739 109 173687 824 733 598 541 415 261 175 135 102 154 107 195950 2029 1883 1804 202 1602 1382 220 110 1283
internal_count=370099 174149 174047 173973 173848 125 173739 109 173687 824 733 598 541 415 261 175 135 102 154 107 195950 2029 1883 1804 202 1602 1382 220 110 1283
is_linear=0
shrinkage=0.05


Tree=189
num_leaves=31
num_cat=0
split_feature=11 1 10 9 10 9 8 8 8 3 3 0 3 3 1 0 8 8 8 3 3 0 11 8 0 9 10 8 8 10
split_gain=1.15897e+06 4.02688e+06 7.0012e+06 4.21341e+06 2.89076e+06 4.46382e+06 6.79492e+06 4.27414e+06 3.92499e+06 4.29281e+06 3.6996e+06 3.57056e+06 3.39268e+06 6.01827e+06 4.20127e+06 2.6779e+06 2.49009e+06 2.38185e+06 7.1014e+06 1.55678e+06 2.27703e+06 1.26519e+06 1.07373e+06 6.67843e+06 4.23228e+06 7.93804e+06 8.45472e+06 5.73136e+06 7.50302e+06 4.18153e+06
threshold=65821.285000000018 1.0000000180025095e-35 2303.4000000000005 2138.2523333333338 2609.7166666666667 1554.7928333333336 1593.7250000000001 1387.0700000000002 1234.1314285714288 255.50000000000003 15.500000000000002 5.5000000000000009 13.500000000000002 256.50000000000006 4.5000000000000009 27.500000000000004 1669.8157142857144 1593.7250000000001 1791.3400000000004 266.50000000000006 41.500000000000007 18.500000000000004 55972.670000000006 2899.4528571428577 10.500000000000002 2087.0383333333334 2641.9333333333338 1709.7935714285716 1483.5285714285715 2641.9333333333338
decision_type=2 2 2 2 2 2 2 2 2 2 2 2 2 2 2 2 2 2 2 2 2 2 2 2 2 2 2 2 2 2
left_child=22 2 -2 -4 5 6 7 8 9 -3 -6 -7 -13 16 21 17 -14 -12 -19 20 -20 -15 -1 24 27 26 -26 28 -24 -29
right_child=1 4 3 -5 10 11 -8 -9 -10 -11 15 12 13 14 -16 -17 -18 18 19 -21 -22 -23 23 -25 25 -27 -28 29 -30 -31
leaf_value=-0.0025600270990903296 8.7396451238928172 -3.9320379980405171 -23.329000296545967 -4.5449941469563377 8.0114737202723827 19.036481960196245 -12.35114034303399 13.742132560928148 -10.499583309696568 15.695812948850486 -12.53079459667206 14.828357235687534 4.2940834926623923 8.6793618894090852 -0.2081007951184323 7.3021237514637143 -9.5913277618925683 14.459459323883056 -1.9283568414591128 0.63252569954350313 -14.808800838051773 18.943263189596674 -5.4815941367004859 -16.21230463716719 1.0889109153772745 9.1952717306723653 -13.886534252683674 -18.182631680430202 13.177221725368874 -3.9184646506000451
leaf_weight=367680 58 60 51 72 96 57 86 77 62 52 75 82 51 51 76 54 88 50 59 53 82 73 165 72 568 239 113 98 80 108
leaf_count=367680 58 60 51 72 96 57 86 77 62 52 75 82 51 51 76 54 88 50 59 53 82 73 165 72 568 239 113 98 80 108
internal_value=-0.00233187 1.40121 -5.58077 -12.3335 2.38543 4.18514 -0.221864 3.93398 -0.406403 5.18089 -0.741986 7.29217 5.70208 3.49455 9.04845 -2.99489 -4.49668 -4.73795 -2.34261 -6.67305 -9.41911 14.7218 -0.00790236 -1.36914 -0.589631 1.35543 -1.396 -4.55738 0.61108 -10.7043
internal_weight=370588 1465 181 123 1284 815 337 251 174 112 469 478 421 339 200 373 139 319 244 194 141 124 369123 1443 1371 920 681 451 245 206
internal_count=370588 1465 181 123 1284 815 337 251 174 112 469 478 421 339 200 373 139 319 244 194 141 124 369123 1443 1371 920 681 451 245 206
is_linear=0
shrinkage=0.05


Tree=190
num_leaves=31
num_cat=0
split_feature=11 10 8 0 3 10 6 1 6 8 3 11 3 8 10 11 10 8 9 0 3 11 11 8 10 8 1 8 3 10
split_gain=1.74372e+06 4.18372e+06 6.86603e+06 7.76828e+06 4.79459e+06 4.72834e+06 6.82966e+06 4.684e+06 4.19374e+06 7.61522e+06 7.78268e+06 6.65637e+06 1.0845e+07 9.09286e+06 9.68889e+06 1.28195e+07 8.74013e+06 6.05093e+06 6.31851e+06 7.50786e+06 7.2623e+06 5.1209e+06 4.89594e+06 4.16311e+06 4.07988e+06 5.52052e+06 3.87879e+06 3.42596e+06 5.627e+06 5.94899e+06
threshold=10903.300000000001 1787.5333333333335 1355.9100000000001 14.500000000000002 28.500000000000004 1922.3833333333334 1.5000000000000002 1.0000000180025095e-35 1.5000000000000002 1418.4021428571432 92.500000000000014 7101.8050000000012 67.500000000000014 1593.7250000000001 2577.1000000000004 5578.6600000000008 2762.7666666666669 2899.4528571428577 1880.9296666666669 22.500000000000004 125.50000000000001 2029.8350000000003 3196.5550000000007 2195.8535714285722 2051.6500000000001 1972.967142857143 3.5000000000000004 631.69785714285729 49.500000000000007 2111.3500000000008
decision_type=2 2 2 2 2 2 2 2 2 2 2 2 2 2 2 2 2 2 2 2 2 2 2 2 2 2 2 2 2 2
left_child=1 -1 3 7 -5 -6 -7 -3 9 10 -4 13 23 -10 15 17 -16 18 22 20 21 -20 -15 -13 -14 -26 -23 -9 29 -29
right_child=-2 2 8 4 5 6 -8 27 11 -11 -12 12 24 14 16 -17 -18 -19 19 -21 -22 26 -24 -25 25 -27 -28 28 -30 -31
leaf_value=0.01173072954327796 -0.2736110840769963 -7.4543689120171681 -21.584505495210976 23.281203038785975 0.41021060530160897 13.566138638724787 -3.8323517177415933 -8.773694411639509 13.574840742247737 0.2291261246756077 -0.40047905160033181 8.987847008083909 9.3944709658622738 2.2748491346836093 -25.879078445093974 -11.598578300199858 1.0359355458673443 19.653513435731856 1.31669131398201 11.080845343372197 8.7986129581154184 -7.5918741703033454 20.650563752814517 21.755628733799377 -13.202197825340997 3.9588641830210416 -23.805302205918327 -9.4262400291442869 7.2200726428400976 10.30669137434526
leaf_weight=310758 50499 134 82 51 173 309 69 58 117 5914 92 142 88 72 70 164 53 57 80 103 77 89 73 116 84 106 63 125 407 55
leaf_count=310758 50499 134 82 51 173 309 69 58 117 5914 92 142 88 72 70 164 53 57 80 103 77 89 73 116 84 106 63 125 407 55
internal_value=-0.000570244 0.0425477 1.1039 4.34845 8.61431 7.25675 10.3902 1.05186 0.517575 -0.0741987 -10.3838 2.83593 7.3457 0.461428 -1.24142 0.820191 -14.2816 4.13726 2.54942 -0.609843 -4.50674 -8.92274 11.5261 14.7284 0.494131 -3.62813 -14.3119 2.81904 3.96449 -3.39673
internal_weight=370280 319781 9023 1381 602 551 378 779 7642 6088 174 1554 536 1018 901 778 123 614 557 412 309 232 145 258 278 190 152 645 587 180
internal_count=370280 319781 9023 1381 602 551 378 779 7642 6088 174 1554 536 1018 901 778 123 614 557 412 309 232 145 258 278 190 152 645 587 180
is_linear=0
shrinkage=0.05


Tree=191
num_leaves=31
num_cat=0
split_feature=11 3 8 10 10 3 8 9 10 8 8 8 9 9 8 1 8 3 1 3 9 8 10 10 9 3 1 9 1 11
split_gain=1.69363e+06 4.34924e+06 3.67469e+06 2.99595e+06 9.57237e+06 4.12973e+06 5.4356e+06 3.23842e+06 2.65462e+06 2.5057e+06 2.39715e+06 5.06329e+06 4.88426e+06 3.8951e+06 5.35769e+06 3.91713e+06 3.41629e+06 2.20192e+06 4.81457e+06 3.81973e+06 3.69434e+06 1.37743e+06 4.02231e+06 6.4821e+06 6.1179e+06 5.26533e+06 4.22825e+06 6.68621e+06 5.01267e+06 6.61046e+06
threshold=65821.285000000018 7.5000000000000009 2024.3085714285717 2444.1500000000001 2548.1500000000001 65.500000000000014 2266.1771428571433 2336.8835000000004 2469.5833333333335 1879.7300000000002 1791.3400000000004 1709.7935714285716 1880.9296666666669 1554.7928333333336 1418.4021428571432 3.5000000000000004 1483.5285714285715 48.500000000000007 3.5000000000000004 27.500000000000004 1341.3198333333337 1632.2000000000003 2303.4000000000005 2324.1500000000001 1804.4843333333336 93.500000000000014 1.5000000000000002 1630.4328333333335 5.5000000000000009 9286.6000000000022
decision_type=2 2 2 2 2 2 2 2 2 2 2 2 2 2 2 2 2 2 2 2 2 2 2 2 2 2 2 2 2 2
left_child=21 8 9 -4 -5 6 -6 -7 -2 10 11 12 13 17 -15 -16 -14 19 -19 20 -3 22 -1 24 -24 -26 27 -25 29 -28
right_child=1 2 3 4 5 7 -8 -9 -10 -11 -12 -13 16 14 15 -17 -18 18 -20 -21 -22 -23 23 26 25 -27 28 -29 -30 -31
leaf_value=-0.0016767104246416511 18.167971095789611 6.4166689690790681 -13.664158523877461 18.586547874927522 13.643792193543678 -19.231430725490348 -6.9145682453424087 -3.0729712687040633 4.420564628451058 9.5929778061531206 -6.7299591091275222 13.440164725335089 -13.982378517698359 17.094313404271286 11.188441647223707 -7.2563827507079601 0.67837317784627282 3.2431927101272677 -16.207720532333642 12.451679451266926 -11.748052370764993 -0.37048200601093922 1.1368160126057079 -17.227320235325742 28.849373628353248 6.8253337511829306 -7.4788385984177399 -0.4837876517143509 -2.5554246615998601 4.7480559856549212
leaf_weight=341194 58 57 60 50 51 68 87 57 89 108 80 91 81 97 53 63 78 72 57 69 55 24973 94 65 58 51 120 721 392 1403
leaf_count=341194 58 57 60 50 51 68 87 57 89 108 80 91 81 97 53 63 78 72 57 69 55 24973 94 65 58 51 120 721 392 1403
internal_value=-0.0051563 1.6823 0.782844 -3.42936 -1.46742 -5.27996 0.683087 -11.8632 9.84471 2.41776 1.50929 2.36199 0.883823 3.21688 8.42246 1.17099 -6.79031 -0.359861 -5.3514 3.19764 -2.50351 -0.0119277 0.0140945 1.86707 10.4838 18.5445 1.21946 -1.86843 2.48686 3.78468
internal_weight=370552 1481 1334 373 313 263 138 125 147 961 853 773 682 523 213 116 159 310 129 181 112 369071 344098 2904 203 109 2701 786 1915 1523
internal_count=370552 1481 1334 373 313 263 138 125 147 961 853 773 682 523 213 116 159 310 129 181 112 369071 344098 2904 203 109 2701 786 1915 1523
is_linear=0
shrinkage=0.05


Tree=192
num_leaves=31
num_cat=0
split_feature=10 8 9 0 9 11 11 0 3 11 0 3 3 3 4 11 9 10 10 8 8 11 9 9 11 11 10 10 9 11
split_gain=1.39914e+06 3.58419e+06 6.39318e+06 8.24588e+06 6.01217e+06 5.50256e+06 8.04144e+06 2.93093e+06 3.33665e+06 2.87899e+06 2.71525e+06 844425 2.82415e+06 6.56528e+06 1.41138e+07 7.92553e+06 4.83952e+06 8.71954e+06 6.49841e+06 4.38008e+06 4.31339e+06 5.7642e+06 3.72499e+06 8.61389e+06 6.44809e+06 3.81535e+06 9.80145e+06 3.36189e+06 3.35038e+06 3.6699e+06
threshold=3076.1000000000008 2133.8221428571437 2530.8520000000003 16.500000000000004 2336.8835000000004 25929.405000000002 16431.460000000003 22.500000000000004 53.500000000000007 10903.300000000001 11.500000000000002 13.500000000000002 7.5000000000000009 8.5000000000000018 1.0000000180025095e-35 4644.1250000000009 2336.8835000000004 2609.7166666666667 2641.9333333333338 631.69785714285729 159.09642857142859 50.695000000000007 2258.7413333333338 1998.7498333333335 42026.485000000008 20009.920000000002 1766.3333333333335 1965.7166666666669 269.67283333333336 3631.3200000000006
decision_type=2 2 2 2 2 2 2 2 2 2 2 2 2 2 2 2 2 2 2 2 2 2 2 2 2 2 2 2 2 2
left_child=11 4 3 -3 -2 6 9 8 -7 -4 -6 12 -1 14 15 20 18 -18 -15 -17 -14 -22 23 24 25 27 -27 -16 -23 -30
right_child=1 2 5 -5 10 7 -8 -9 -10 -11 -12 -13 13 16 22 19 17 -19 -20 -21 21 28 -24 -25 -26 26 -28 -29 29 -31
leaf_value=-0.16601036277526346 -4.3610571943683389 -4.3662128035701926 0.24166414607654918 19.479694954353043 17.974479578900084 2.3575774678012782 12.451854481235628 -20.464903283119202 -14.986560743826409 -16.250461867406013 5.611200801344479 -0.018970638010779268 -1.9711239817335799 0.23176168594915128 -0.29312522914840494 28.588658523559573 -1.4255664367477099 18.620572076662622 -13.026349101528044 11.440504733375882 16.52348176201836 0.60564432878686925 -13.582750129699708 16.463129950343788 -17.175491484006248 -3.3774239246216085 25.439246101379396 -13.022028555693451 8.5777209902647886 -3.8663973310100497
leaf_weight=21285 81 67 55 79 93 57 93 52 54 51 85 329929 185 14919 1317 51 120 99 93 138 122 297 51 77 57 72 50 54 512 67
leaf_count=21285 81 67 55 79 93 57 93 52 54 51 85 329929 185 14919 1317 51 120 99 93 138 122 297 51 77 57 72 50 54 512 67
internal_value=0.0116333 2.14494 -0.295605 8.53671 6.93179 -3.85781 1.72131 -10.6691 -6.08011 -7.69323 12.0707 0.00720498 0.225476 0.681292 2.79873 6.56023 0.257276 7.63639 0.149627 16.0678 5.04127 6.34117 -0.276824 0.140264 -0.670613 -0.0404874 8.43269 -0.794482 4.92308 7.13773
internal_weight=370262 767 508 146 259 362 199 163 111 106 178 369495 39566 18281 3050 1372 15231 219 15012 189 1183 998 1678 1627 1550 1493 122 1371 876 579
internal_count=370262 767 508 146 259 362 199 163 111 106 178 369495 39566 18281 3050 1372 15231 219 15012 189 1183 998 1678 1627 1550 1493 122 1371 876 579
is_linear=0
shrinkage=0.05


Tree=193
num_leaves=31
num_cat=0
split_feature=8 11 11 9 0 3 11 11 8 9 3 9 3 3 11 1 3 9 3 8 11 9 9 9 3 0 6 3 11 8
split_gain=1.2065e+06 3.40671e+06 6.58883e+06 8.8654e+06 6.36112e+06 4.62584e+06 8.50583e+06 1.24826e+07 5.34886e+06 4.82083e+06 8.20157e+06 7.39657e+06 7.65393e+06 5.67484e+06 5.88124e+06 4.17677e+06 5.30508e+06 4.667e+06 4.2168e+06 5.06823e+06 7.37522e+06 5.34089e+06 8.46712e+06 6.82781e+06 5.8991e+06 4.77065e+06 4.82737e+06 9.56597e+06 4.59526e+06 5.53388e+06
threshold=2195.8535714285722 6599.3550000000005 7931.5700000000006 2422.4765000000002 20.500000000000004 5.5000000000000009 4797.8500000000013 2637.7850000000003 2899.4528571428577 2258.7413333333338 10.500000000000002 2530.8520000000003 265.50000000000006 110.50000000000001 2927.6800000000007 4.5000000000000009 283.50000000000006 1630.4328333333335 43.500000000000007 2430.840714285715 11846.610000000002 2041.4540000000004 1880.9296666666669 2336.8835000000004 70.500000000000014 27.500000000000004 1.5000000000000002 2.5000000000000004 9526.4100000000017 2340.6650000000004
decision_type=2 2 2 2 2 2 2 2 2 2 2 2 2 2 2 2 2 2 2 2 2 2 2 2 2 2 2 2 2 2
left_child=-1 5 3 -3 -5 6 7 -2 -9 -7 -11 13 -13 14 -12 18 17 -17 25 20 28 22 24 -23 -22 26 -4 -28 -20 -30
right_child=1 2 15 4 -6 9 -8 8 -10 10 11 12 -14 -15 -16 16 -18 -19 19 -21 21 23 -24 -25 -26 -27 27 -29 29 -31
leaf_value=-0.0079526208157920525 -9.7125589482924521 2.955934061847552 -0.5727501382302449 31.019459575306286 7.1838154943365797 -0.13602192485816153 -7.1702111153602601 10.701598571723617 31.693133374879945 -22.902718999981882 -1.4512133262775562 9.8403219223022464 -7.336409718303357 -0.98409808722593017 -21.295436600638816 -12.873934609011599 -14.620698371614729 -0.29542984775299613 5.2661461099711335 0.86453704308998125 12.108537572972915 -4.6907367254100674 15.584823864274989 6.1274846863200647 -4.1219357433479002 -12.434443734194105 -13.979566536697687 9.5777089170414769 27.171901366478064 6.441545961487968
leaf_weight=359819 51 396 2174 55 57 838 100 71 53 64 54 144 118 118 121 76 70 2483 110 1665 85 329 183 262 164 76 51 278 82 53
leaf_count=359819 51 396 2174 55 57 838 100 71 53 64 54 144 118 118 121 76 70 2483 110 1665 85 329 183 262 164 76 51 278 82 53
internal_value=0.00737917 0.538799 0.944129 6.4687 18.8888 -1.48528 4.4625 11.1098 19.6738 -2.60788 -5.95428 -3.99987 2.10424 -9.45815 -15.1721 0.599395 -1.04048 -0.669 1.38155 2.67836 5.06007 3.19394 7.41956 0.105158 1.41859 -0.0932654 0.281457 5.92597 12.8521 19.0333
internal_weight=370200 10381 8649 508 112 1732 275 175 124 1457 619 555 262 293 175 8141 2629 2559 5512 2933 1268 1023 432 591 249 2579 2503 329 245 135
internal_count=370200 10381 8649 508 112 1732 275 175 124 1457 619 555 262 293 175 8141 2629 2559 5512 2933 1268 1023 432 591 249 2579 2503 329 245 135
is_linear=0
shrinkage=0.05


Tree=194
num_leaves=31
num_cat=0
split_feature=9 10 11 11 9 11 11 9 0 0 11 8 3 3 3 0 6 3 11 11 3 0 3 3 11 11 8 3 8 8
split_gain=1.60913e+06 3.79716e+06 5.01528e+06 8.09781e+06 4.83301e+06 5.53608e+06 5.50136e+06 4.80741e+06 4.48109e+06 1.64154e+07 9.36061e+06 4.77176e+06 4.5421e+06 1.23964e+07 5.90852e+06 5.6361e+06 4.39217e+06 5.04538e+06 5.46572e+06 4.23534e+06 4.87371e+06 3.98493e+06 3.89806e+06 7.28896e+06 6.10244e+06 5.23848e+06 4.52277e+06 7.44838e+06 3.05574e+06 7.59695e+06
threshold=2530.8520000000003 2680.8833333333337 18339.145 38560.455000000009 2703.9491666666668 32951.680000000008 50375.340000000004 2703.9491666666668 5.5000000000000009 10.500000000000002 15243.790000000003 2693.3414285714293 3.5000000000000004 7.5000000000000009 60.500000000000007 28.500000000000004 1.5000000000000002 55.500000000000007 5302.5500000000011 7931.5700000000006 129.50000000000003 20.500000000000004 50.500000000000007 6.5000000000000009 6599.3550000000005 50375.340000000004 2195.8535714285722 34.500000000000007 3218.1678571428579 2899.4528571428577
decision_type=2 2 2 2 2 2 2 2 2 2 2 2 2 2 2 2 2 2 2 2 2 2 2 2 2 2 2 2 2 2
left_child=-1 2 16 -4 22 8 21 -5 11 10 -10 -6 -11 -14 15 -15 17 -2 -19 -20 -21 -7 23 -3 -24 -26 -25 -28 29 -16
right_child=1 4 3 7 5 6 -8 -9 9 12 -12 -13 13 14 28 -17 -18 18 19 20 -22 -23 24 26 25 -27 27 -29 -30 -31
leaf_value=-0.014991880479940871 -7.8093545687462083 -4.0197879617864443 14.741488622916599 -7.2380094959861356 11.999187131245932 18.746717004906643 -4.2902802590970639 11.792709436603623 -10.873534223437311 -14.107446283102036 -39.747035041809085 -7.3904129167036574 22.857601142883301 -25.911673507690434 2.7757594462689457 -2.2878669205833884 9.4022166669861349 -8.6623243001302086 19.600864749796251 -5.8192901189510637 11.913332241851014 1.3539405541618665 15.477263748234718 25.981589458538934 -4.1374271689407314 10.680270459618368 21.070073598225914 -3.4513764586998152 7.3548219005266837 -20.232805143356327
leaf_weight=367596 181 88 210 95 75 73 108 51 64 72 50 55 50 50 127 51 121 75 51 78 77 60 58 52 373 71 60 64 96 50
leaf_count=367596 181 88 210 95 75 73 108 51 64 72 50 55 50 50 127 51 121 75 51 78 77 60 58 52 373 71 60 64 96 50
internal_value=-0.0060821 1.21328 3.77753 8.45374 -0.164988 -2.48886 4.09293 -0.590293 -4.63239 -6.42858 -23.5374 3.79589 -2.49632 -0.524624 -3.65059 -13.9828 0.92207 -1.29892 2.89463 7.10226 2.98982 10.9004 2.81115 7.72961 0.224542 -1.76793 13.6043 8.41384 0.171956 -3.72384
internal_weight=370282 2686 939 356 1747 981 241 146 740 610 114 130 496 424 374 101 583 462 281 206 155 133 766 264 502 444 176 124 273 177
internal_count=370282 2686 939 356 1747 981 241 146 740 610 114 130 496 424 374 101 583 462 281 206 155 133 766 264 502 444 176 124 273 177
is_linear=0
shrinkage=0.05


Tree=195
num_leaves=31
num_cat=0
split_feature=1 10 10 11 0 11 9 0 0 3 10 3 11 3 9 9 10 9 11 11 3 11 0 10 3 9 9 0 9 10
split_gain=1.13409e+06 5.68288e+06 1.35142e+07 9.65029e+06 8.82114e+06 7.06223e+06 6.43785e+06 9.04241e+06 7.74043e+06 6.28498e+06 5.54313e+06 2.75557e+06 1.90024e+06 4.62467e+06 4.86335e+06 3.54134e+06 3.51559e+06 3.93238e+06 3.51281e+06 2.76593e+06 2.52552e+06 2.4321e+06 3.84636e+06 6.05732e+06 7.63404e+06 3.53661e+06 1.02985e+07 8.24448e+06 7.75343e+06 6.34086e+06
threshold=5.5000000000000009 2812.8500000000008 2680.8833333333337 32951.680000000008 18.500000000000004 12198.740000000002 2422.4765000000002 20.500000000000004 14.500000000000002 130.50000000000003 805.96666666666681 60.500000000000007 6151.9100000000008 11.500000000000002 2422.4765000000002 2258.7413333333338 1708.4333333333336 1768.4196666666669 5849.9250000000011 10595.725000000002 9.5000000000000018 38560.455000000009 25.500000000000004 2394.6000000000004 109.50000000000001 2138.2523333333338 2087.0383333333334 13.500000000000002 2194.8705000000004 2519.2500000000005
decision_type=2 2 2 2 2 2 2 2 2 2 2 2 2 2 2 2 2 2 2 2 2 2 2 2 2 2 2 2 2 2
left_child=-1 2 10 9 -5 -4 8 -8 -7 11 -2 -3 18 14 15 16 19 -18 -12 -14 -19 22 25 -24 -25 26 29 28 -27 -15
right_child=1 3 5 4 -6 6 7 -9 -10 -11 12 -13 13 21 -16 -17 17 20 -20 -21 -22 -23 23 24 -26 27 -28 -29 -30 -31
leaf_value=0.03823604337007902 0.0033795774983466399 1.8981111240386963 26.977574573778639 -23.937984800338747 -2.2451414136659529 1.6099575204849246 9.3767686229862584 -18.223806228637695 23.587833062992541 -10.44115489618278 -0.35533733430941961 16.000192019624532 -10.408562005193611 -1.4694681185136154 -19.747397097225846 7.5163261760364879 -17.775694624910653 -9.7683645218610771 9.5936129492207591 2.5665024831992431 3.669089428294789 1.0753781327500906 -3.0534970906021459 -28.245319819032105 -3.2654346321568348 11.402032786149245 -16.230921447075019 7.7269330656425117 -6.1314746940027263 16.272314108119293
leaf_weight=316846 43795 100 51 106 84 75 73 50 86 81 1343 53 57 4019 58 55 97 96 95 147 55 914 956 57 66 78 118 346 329 51
leaf_count=316846 43795 100 51 106 84 75 73 50 86 81 1343 53 57 4019 58 55 97 96 95 147 55 914 956 57 66 78 118 346 329 51
internal_value=0.00228498 -0.210666 -0.164599 -5.97625 -14.3475 9.84618 6.76977 -1.84298 13.3497 0.820888 -0.228197 6.78315 -1.36302 -1.68228 -6.03216 -4.46316 -5.92084 -9.92018 0.30193 -1.05888 -4.87393 -1.32785 -1.69272 -4.39726 -14.8415 -1.10211 -1.66933 2.05262 -2.77124 -1.24715
internal_weight=370337 53491 53067 424 190 335 284 123 161 234 52732 153 8937 7499 565 507 452 248 1438 204 151 6934 6020 1079 123 4941 4188 753 407 4070
internal_count=370337 53491 53067 424 190 335 284 123 161 234 52732 153 8937 7499 565 507 452 248 1438 204 151 6934 6020 1079 123 4941 4188 753 407 4070
is_linear=0
shrinkage=0.05


Tree=196
num_leaves=31
num_cat=0
split_feature=3 8 8 9 9 11 11 9 8 9 3 0 0 10 11 8 8 3 8 8 10 11 11 11 0 8 9 8 8 10
split_gain=883676 2.29486e+06 5.05523e+06 4.89806e+06 4.33031e+06 8.52171e+06 1.08466e+07 7.11586e+06 4.62344e+06 4.11365e+06 5.10792e+06 5.78441e+06 4.33236e+06 3.9432e+06 3.87493e+06 3.51081e+06 3.49085e+06 8.40551e+06 3.40484e+06 3.9393e+06 4.00952e+06 6.15858e+06 4.92016e+06 4.20653e+06 3.05776e+06 4.50946e+06 3.95307e+06 5.75743e+06 3.03376e+06 3.29369e+06
threshold=270.50000000000006 1834.1171428571431 1709.7935714285716 1998.7498333333335 1880.9296666666669 20009.920000000002 9286.6000000000022 1804.4843333333336 1451.2592857142861 2138.2523333333338 275.50000000000006 28.500000000000004 8.5000000000000018 2444.1500000000001 17684.070000000003 2266.1771428571433 1355.9100000000001 277.50000000000006 2133.8221428571437 2266.1771428571433 2609.7166666666667 8852.8700000000008 9063.2250000000022 13772.890000000001 2.5000000000000004 2430.840714285715 2336.8835000000004 2078.5514285714294 2537.0064285714293 2872.6833333333338
decision_type=2 2 2 2 2 2 2 2 2 2 2 2 2 2 2 2 2 2 2 2 2 2 2 2 2 2 2 2 2 2
left_child=-1 2 4 -4 7 6 8 -2 13 10 -3 -12 24 -6 -5 -13 -7 -18 -14 -20 21 -21 -22 -24 25 -11 -26 -28 29 -29
right_child=1 9 3 14 5 16 -8 -9 -10 12 11 15 18 -15 -16 -17 17 -19 19 20 22 -23 23 -25 26 -27 27 28 -30 -31
leaf_value=0.024490711588054603 -0.17774227595889844 -19.820855597792004 -0.081571490424019955 4.0226782569518456 -21.810570168314559 -1.6263583486730402 9.8298717098828607 13.462943863123655 1.3795057053036162 9.8431951503694801 0.3879046631203662 -6.1747580872882502 10.256955294023481 -3.5919120488343417 22.212826780063004 -21.464434873012078 -22.648376737657141 -0.039171748007497481 -12.643088329315185 -1.8222065485292867 9.7459115533085612 20.043920748269382 -17.209688627494955 -0.9314701332321651 4.7247342915858255 -7.4840377807617191 -20.699669558107857 9.3762973273241972 -13.323718280792235 -8.3420780892465629
leaf_weight=344002 23420 58 119 52 66 66 169 96 90 81 277 110 114 54 67 57 122 62 50 62 77 67 53 158 59 70 80 54 60 51
leaf_count=344002 23420 58 119 52 66 66 169 96 90 81 277 110 114 54 67 57 122 62 50 62 77 67 53 158 59 70 80 54 60 51
internal_value=0.00327751 -0.278246 -0.16009 7.09131 -0.231568 -4.3258 0.400905 -0.122057 -7.18717 -2.15146 -5.86625 -4.04335 -0.351441 -13.6122 14.2642 -11.3934 -11.4915 -15.0301 2.5099 0.61876 2.20891 9.53462 -1.0724 -5.02031 -4.00516 1.8107 -6.89396 -9.69193 -4.35484 0.770229
internal_weight=369923 25921 24383 238 24145 629 379 23516 210 1538 502 444 1036 120 119 167 250 184 581 467 417 129 288 211 455 151 304 245 165 105
internal_count=369923 25921 24383 238 24145 629 379 23516 210 1538 502 444 1036 120 119 167 250 184 581 467 417 129 288 211 455 151 304 245 165 105
is_linear=0
shrinkage=0.05


Tree=197
num_leaves=31
num_cat=0
split_feature=11 10 8 8 0 6 3 3 10 8 1 3 10 11 3 11 11 11 10 8 10 11 11 10 11 1 3 11 6 1
split_gain=1.00984e+06 1.55889e+06 4.89407e+06 4.04171e+06 3.91836e+06 1.27507e+06 1.75836e+06 3.05326e+06 1.44656e+06 1.26131e+06 4.36214e+06 1.23372e+07 1.10456e+07 7.94448e+06 7.48438e+06 6.51614e+06 6.23349e+06 6.72902e+06 6.43887e+06 6.21779e+06 5.60281e+06 5.25194e+06 4.89672e+06 4.52998e+06 3.87549e+06 8.77928e+06 9.63248e+06 4.17025e+06 3.27032e+06 6.77091e+06
threshold=2029.8350000000003 2577.1000000000004 2537.0064285714293 2078.5514285714294 17.500000000000004 3.5000000000000004 259.50000000000006 281.50000000000006 308.16666666666669 2899.4528571428577 4.5000000000000009 52.500000000000007 2577.1000000000004 2979.9050000000002 9.5000000000000018 4002.1750000000006 23225.890000000003 16973.135000000006 2609.7166666666667 3218.1678571428579 2111.3500000000008 5949.7650000000012 7629.005000000001 2762.7666666666669 12557.920000000002 2.5000000000000004 11.500000000000002 7931.5700000000006 1.5000000000000002 1.0000000180025095e-35
decision_type=2 2 2 2 2 2 2 2 2 2 2 2 2 2 2 2 2 2 2 2 2 2 2 2 2 2 2 2 2 2
left_child=1 2 3 5 -5 6 -1 8 -8 -2 13 12 14 -11 -12 -15 17 18 -13 20 -17 -22 -23 -14 25 27 -27 -21 29 -24
right_child=9 -3 -4 4 -6 -7 7 -9 -10 10 11 16 23 15 -16 19 -18 -19 -20 24 21 22 28 -25 -26 26 -28 -29 -30 -31
leaf_value=0.38238125400858353 -0.10618178568593793 -8.6665862008637085 12.36383734750159 -16.533331371015972 0.92945740736764049 -0.011264391232318476 0.80381070983527003 1.4010342677537464 -1.3687741391926136 -17.009856059504493 -7.8111547067247589 17.585138738380291 7.80718454473159 18.928899857305712 -27.275751906217536 21.315851637663751 -4.045569786665463 25.142661533355714 -5.8160722541086605 8.9378498705950644 -9.9761173054323375 20.319996562370889 -9.0737227858044207 -6.5247134836514791 1.8501661777895753 -32.275183587349382 -1.6928297903023513 -6.5444286236929345 13.716593681893698 5.4826247408109552
leaf_weight=49106 184738 51 81 72 58 126171 916 1709 4684 51 116 53 102 62 86 52 101 60 66 88 59 52 96 120 485 52 51 86 82 476
leaf_count=49106 184738 51 81 72 58 126171 916 1709 4684 51 116 53 102 62 86 52 101 60 66 88 59 52 96 120 485 52 51 86 82 476
internal_value=-0.00974505 0.0738224 0.076261 0.0708137 -8.74224 0.0770886 0.274688 -0.448855 -1.0134 -0.0913985 1.04843 -2.259 -7.63783 2.42457 -16.0981 3.02856 5.8861 11.49 4.60632 2.40423 5.43438 4.35485 5.55248 0.0602126 -0.844624 -5.56294 -17.1325 1.28569 4.37831 3.0396
internal_weight=369982 182848 182797 182716 130 182586 56415 7309 5600 187134 2396 704 424 1692 202 1641 280 179 119 1579 817 765 706 222 762 277 103 174 654 572
internal_count=369982 182848 182797 182716 130 182586 56415 7309 5600 187134 2396 704 424 1692 202 1641 280 179 119 1579 817 765 706 222 762 277 103 174 654 572
is_linear=0
shrinkage=0.05


Tree=198
num_leaves=31
num_cat=0
split_feature=9 10 11 3 6 11 3 3 11 0 3 3 10 3 10 11 0 11 3 10 10 10 11 11 3 11 10 11 1 11
split_gain=887801 5.70018e+06 5.49034e+06 7.55534e+06 5.39425e+06 6.89345e+06 7.7582e+06 8.20631e+06 7.6026e+06 6.10621e+06 5.1045e+06 1.34622e+07 4.37099e+06 5.0914e+06 3.12625e+06 2.87408e+06 2.61192e+06 5.95542e+06 818029 2.21991e+06 1.74482e+06 1.26916e+07 9.54829e+06 7.90738e+06 1.3982e+07 3.77733e+06 7.62201e+06 7.37259e+06 4.78246e+06 3.69666e+06
threshold=2703.9491666666668 2680.8833333333337 27454.115000000002 82.500000000000014 1.5000000000000002 35421.660000000011 280.50000000000006 272.50000000000006 50375.340000000004 12.500000000000002 10.500000000000002 3.5000000000000004 2762.7666666666669 67.500000000000014 2548.1500000000001 10301.915000000003 8.5000000000000018 15243.790000000003 260.50000000000006 298.50000000000006 2680.8833333333337 2609.7166666666667 5849.9250000000011 11502.295000000002 276.50000000000006 50375.340000000004 2872.6833333333338 22071.445000000003 3.5000000000000004 65821.285000000018
decision_type=2 2 2 2 2 2 2 2 2 2 2 2 2 2 2 2 2 2 2 2 2 2 2 2 2 2 2 2 2 2
left_child=18 2 3 14 5 6 7 10 -7 -6 11 -3 -12 16 -2 -5 -14 -18 -1 -20 21 -21 -22 -23 -25 26 -24 28 -28 -27
right_child=1 4 -4 15 9 8 -8 -9 -10 -11 12 -13 13 -15 -16 -17 17 -19 19 20 22 23 25 24 -26 29 27 -29 -30 -31
leaf_value=0.027842747336995034 -1.0224512248099606 -11.609313528878349 15.115036535817524 15.672137595511771 0.050620126724243167 16.347709990520865 9.1032422644026738 -20.82659956500644 -3.6101102972543369 -20.782530207072988 -19.999623178086193 23.379777484469944 -0.27941391210298278 7.0777557934800246 -16.161555945078533 1.0780398922581826 0.17489727139472963 -19.515783144036931 0.049432605353610132 -0.67856855521218173 21.851916523774467 1.9839994681508917 3.0801364057905536 -36.197593647811345 -4.0143816492450775 10.825970267836865 -12.390123529072049 -25.342392977646419 5.6977012767511255 -1.1681371080593801
leaf_weight=328363 79 56 86 74 60 98 94 84 93 85 53 54 74 73 60 62 64 96 27359 12532 54 57 255 68 67 130 79 56 68 127
leaf_count=328363 79 56 86 74 60 98 94 84 93 85 53 54 74 73 60 62 64 96 27359 12532 54 57 255 68 67 130 79 56 68 127
internal_value=-0.00307927 -1.28534 4.08865 0.640399 -3.2569 -1.71789 -4.17847 -6.43204 6.63003 -12.1619 -3.8594 5.56715 -6.73973 -4.45056 -7.55732 9.01895 -8.047 -11.6395 0.00159184 -0.209409 -0.734249 -0.874028 1.57856 -13.6318 -20.2252 0.047423 -2.67492 -9.90419 -4.02297 4.89892
internal_weight=370560 1345 361 275 984 839 648 554 191 145 470 110 360 307 139 136 234 160 369215 40852 13493 12724 769 192 135 715 458 203 147 257
internal_count=370560 1345 361 275 984 839 648 554 191 145 470 110 360 307 139 136 234 160 369215 40852 13493 12724 769 192 135 715 458 203 147 257
is_linear=0
shrinkage=0.05


Tree=199
num_leaves=31
num_cat=0
split_feature=8 1 8 11 8 11 11 0 9 3 3 3 9 3 3 3 11 0 11 1 3 9 11 9 11 1 1 11 11 3
split_gain=1.2006e+06 2.89286e+06 4.42047e+06 1.5001e+07 7.86469e+06 7.47345e+06 8.02718e+06 5.23259e+06 5.59388e+06 4.75568e+06 8.04743e+06 7.11368e+06 4.69373e+06 4.47277e+06 4.95834e+06 6.13302e+06 6.90275e+06 4.40716e+06 4.37842e+06 4.64214e+06 4.84292e+06 5.39082e+06 3.96239e+06 1.09166e+07 1.07865e+07 5.06912e+06 3.7681e+06 8.23925e+06 5.3269e+06 9.26636e+06
threshold=2693.3414285714293 3.5000000000000004 2899.4528571428577 2828.3750000000005 3218.1678571428579 50375.340000000004 3517.8500000000004 11.500000000000002 2336.8835000000004 1.5000000000000002 9.5000000000000018 50.500000000000007 2422.4765000000002 1.5000000000000002 8.5000000000000018 17.500000000000004 6151.9100000000008 18.500000000000004 9526.4100000000017 2.5000000000000004 63.500000000000007 2422.4765000000002 23225.890000000003 2703.9491666666668 11846.610000000002 1.5000000000000002 4.5000000000000009 23225.890000000003 12943.180000000002 67.500000000000014
decision_type=2 2 2 2 2 2 2 2 2 2 2 2 2 2 2 2 2 2 2 2 2 2 2 2 2 2 2 2 2 2
left_child=-1 2 5 -4 13 6 -2 8 -8 -6 22 -12 -13 -5 17 -16 -17 -15 -18 20 -20 -22 23 24 -11 -24 28 -28 29 -3
right_child=1 26 3 4 9 -7 7 -9 -10 10 11 12 -14 14 15 16 18 -19 19 -21 21 -23 25 -25 -26 -27 27 -29 -30 -31
leaf_value=0.0026337820224724886 10.339201322150609 7.1901199069591843 -23.723761089642846 -9.8379255661597629 8.8444121535395226 11.584156438561736 -22.466771030426028 -5.4058940410884944 -4.8223439819415415 -10.117070147634923 15.144484497795643 -16.383242575327554 1.4580747016390463 4.2559823112284887 -9.3846205349626217 -11.790864733153699 21.445006454692169 19.263661053601435 12.420689312379752 15.773884152762498 7.9239521078629922 -12.516698629428179 -7.1474273780296587 -26.07556623077393 17.719830281158973 -28.051805903993809 2.5764381695927971 -6.1307986506943628 7.9291973991610751 -14.834212474542506
leaf_weight=366521 63 109 66 52 71 61 112 440 75 87 71 51 133 94 87 51 51 102 67 79 55 78 58 50 58 58 670 457 339 85
leaf_count=366521 63 109 66 52 71 61 112 440 75 87 71 51 133 94 87 51 51 102 67 79 55 78 58 50 58 58 670 457 339 85
internal_value=-0.00656886 -0.887237 -2.08911 -0.447376 0.688058 -5.19114 -6.67417 -8.38365 -15.3901 -3.3535 -4.88363 1.70054 -3.48707 4.28369 5.3896 2.59346 5.32861 12.0661 7.97434 5.51196 1.45851 -4.0638 -10.2822 -5.9293 1.01769 -17.5996 0.683886 -0.954358 4.14787 -2.45972
internal_weight=370351 3830 2170 1419 1353 751 690 627 187 637 566 255 184 716 664 468 381 196 330 279 200 133 311 195 145 116 1660 1127 533 194
internal_count=370351 3830 2170 1419 1353 751 690 627 187 637 566 255 184 716 664 468 381 196 330 279 200 133 311 195 145 116 1660 1127 533 194
is_linear=0
shrinkage=0.05


Tree=200
num_leaves=31
num_cat=0
split_feature=11 1 9 3 6 1 8 8 3 9 8 1 9 8 8 0 0 8 0 3 9 11 3 3 9 3 9 9 11 1
split_gain=1.44501e+06 5.44027e+06 4.89664e+06 6.75257e+06 4.0188e+06 4.24884e+06 2.86882e+06 2.75365e+06 3.85899e+06 3.74582e+06 3.05992e+06 2.7337e+06 4.27404e+06 2.77066e+06 5.18979e+06 6.19825e+06 2.1861e+06 4.14389e+06 3.02491e+06 1.61456e+06 1.24182e+06 2.35e+06 4.71332e+06 5.09104e+06 4.57646e+06 5.3342e+06 8.93146e+06 8.12117e+06 7.15213e+06 1.0466e+07
threshold=65821.285000000018 1.0000000180025095e-35 1804.4843333333336 253.50000000000003 1.5000000000000002 4.5000000000000009 1593.7250000000001 2266.1771428571433 24.500000000000004 1998.7498333333335 1593.7250000000001 2.5000000000000004 1554.7928333333336 2133.8221428571437 1632.2000000000003 13.500000000000002 7.5000000000000009 1972.967142857143 21.500000000000004 27.500000000000004 2258.7413333333338 23225.890000000003 262.50000000000006 255.50000000000003 2336.8835000000004 280.50000000000006 2530.8520000000003 2530.8520000000003 25929.405000000002 3.5000000000000004
decision_type=2 2 2 2 2 2 2 2 2 2 2 2 2 2 2 2 2 2 2 2 2 2 2 2 2 2 2 2 2 2
left_child=20 2 -2 -4 5 11 -6 8 -7 10 -10 13 19 14 15 -3 -14 -18 -19 -13 -1 22 23 -22 -23 26 28 -27 29 -26
right_child=1 4 3 -5 6 7 -8 -9 9 -11 -12 12 16 -15 -16 -17 17 18 -20 -21 21 24 -24 -25 25 27 -28 -29 -30 -31
leaf_value=-0.013732563652838124 4.345874141924309 -14.239365471386519 -0.64958027313495503 -24.776703811513968 18.74294274737758 8.731713166444198 4.2922709229704621 -9.7428864294482835 -2.2979757924469153 4.5327762990581748 -16.354543155431749 -7.809336210250855 2.037335866292318 -6.3677711933851242 13.099124199648699 7.0976608434280797 21.120606816898693 13.958110772317916 -1.9451052497934413 4.1022426056590948 1.9738934383498692 3.6898290306344936 -1.585730170983926 14.590337990551461 -33.544923293373806 21.939625862549093 1.0786287700876276 -1.9007115979348459 -4.3354799340497037 -3.6945981521455069
leaf_weight=362270 66 61 58 58 62 92 77 93 98 98 64 50 60 96 90 77 88 67 54 66 3214 490 1031 82 55 58 846 93 726 63
leaf_count=362270 66 61 58 58 62 92 77 93 98 98 64 50 60 96 90 77 88 67 54 66 3214 490 1031 82 55 58 846 93 726 63
internal_value=0.00494797 1.56681 -6.52691 -12.7131 2.70607 1.73863 10.7379 -2.0909 -0.0692122 -3.18339 -7.85119 4.14221 6.99037 0.75782 3.75807 -2.33392 10.4499 12.8649 6.86081 -1.03206 -0.00129647 0.675367 1.36483 2.28777 -0.60447 -1.74744 -2.55193 7.2565 -6.1911 -17.6079
internal_weight=370403 1475 182 116 1293 1154 139 445 352 260 162 709 385 324 228 138 269 209 121 116 368928 6658 4327 3296 2331 1841 1690 151 844 118
internal_count=370403 1475 182 116 1293 1154 139 445 352 260 162 709 385 324 228 138 269 209 121 116 368928 6658 4327 3296 2331 1841 1690 151 844 118
is_linear=0
shrinkage=0.05


Tree=201
num_leaves=31
num_cat=0
split_feature=9 1 8 8 9 11 11 0 0 11 0 11 1 1 3 3 11 3 0 8 3 8 8 10 11 11 9 3 1 11
split_gain=900723 2.79383e+06 3.91699e+06 7.61149e+06 7.87936e+06 6.47183e+06 4.20025e+06 3.97454e+06 5.75672e+06 4.62436e+06 3.5696e+06 2.98275e+06 6.64919e+06 6.99374e+06 3.71092e+06 3.55e+06 2.61897e+06 2.33175e+06 3.98462e+06 3.42782e+06 3.77154e+06 4.97795e+06 4.17975e+06 2.69238e+06 2.39795e+06 8.6273e+06 2.29705e+06 2.2732e+06 5.38331e+06 5.40746e+06
threshold=2422.4765000000002 5.5000000000000009 1791.3400000000004 2266.1771428571433 2530.8520000000003 11846.610000000002 23225.890000000003 23.500000000000004 17.500000000000004 23225.890000000003 10.500000000000002 55972.670000000006 1.0000000180025095e-35 2.5000000000000004 1.5000000000000002 264.50000000000006 50375.340000000004 273.50000000000006 1.5000000000000002 1593.7250000000001 279.50000000000006 2340.6650000000004 2430.840714285715 2176.9166666666674 14253.120000000001 9063.2250000000022 2703.9491666666668 4.5000000000000009 1.5000000000000002 17684.070000000003
decision_type=2 2 2 2 2 2 2 2 2 2 2 2 2 2 2 2 2 2 2 2 2 2 2 2 2 2 2 2 2 2
left_child=-1 11 10 5 6 -4 -5 8 26 -9 -3 14 -13 -14 -2 -15 17 18 -16 -19 21 -21 -22 -20 25 -24 -6 28 29 -25
right_child=1 2 3 4 7 -7 -8 9 -10 -11 -12 12 13 15 16 -17 -18 19 23 20 22 -23 24 27 -26 -27 -28 -29 -30 -31
leaf_value=0.005980841116463736 13.214834436228578 -17.62850549185454 -8.2407395553588874 -6.3539991826186952 4.9266991349153741 12.169496803722163 -24.070055877953248 1.2475836038589478 13.385015482952198 -16.106563235691617 -1.8930591901143392 9.8601809308894222 -23.687089212451664 -10.822106170654298 13.816766639436995 7.481587046843309 9.98210891891312 10.304274788609257 -9.5451346883407009 -15.599656716832577 10.241905876956409 2.059783097729087 2.5963258504867555 -18.357312259674071 3.7229789895775882 -22.790795160222938 -5.6728733989927509 2.4998774084552684 9.4703575234664115 2.2873922315137141
leaf_weight=366329 71 67 50 81 86 174 57 85 96 70 78 62 56 54 70 52 91 54 52 106 79 64 88 70 81 54 126 1865 57 58
leaf_count=366329 71 67 50 81 86 174 57 85 96 70 78 62 56 54 70 52 91 54 52 106 79 64 88 70 81 54 126 1865 57 58
internal_value=0.0141833 0.755381 -1.58507 -0.253031 -3.18504 7.61364 -13.6715 -0.05948 3.22687 -6.58977 -9.16392 1.49152 -4.06472 -9.394 1.92669 -1.84294 1.63932 1.35793 2.08129 -1.62901 -2.99426 -8.9514 0.359091 1.69048 -3.142 -7.05793 -1.37305 1.97548 -3.31099 -9.00268
internal_weight=370383 4054 970 825 601 224 138 463 308 155 145 3084 224 162 2860 106 2789 2698 2172 526 472 170 302 2102 223 142 212 2050 185 128
internal_count=370383 4054 970 825 601 224 138 463 308 155 145 3084 224 162 2860 106 2789 2698 2172 526 472 170 302 2102 223 142 212 2050 185 128
is_linear=0
shrinkage=0.05


Tree=202
num_leaves=31
num_cat=0
split_feature=11 8 3 3 9 0 3 3 8 10 9 10 0 3 0 3 3 3 10 0 0 8 8 10 10 9 9 9 10 10
split_gain=1.1722e+06 2.82331e+06 6.27846e+06 3.47961e+06 3.60463e+06 4.11234e+06 3.69818e+06 4.2103e+06 3.69546e+06 6.31313e+06 6.04333e+06 4.56978e+06 5.05115e+06 3.64149e+06 3.12486e+06 5.71916e+06 5.40498e+06 5.04967e+06 3.69834e+06 3.39127e+06 3.25067e+06 5.6869e+06 1.06489e+07 1.00736e+07 7.58627e+06 6.78402e+06 4.74694e+06 7.19989e+06 4.47187e+06 4.40829e+06
threshold=38560.455000000009 3218.1678571428579 9.5000000000000018 1.5000000000000002 2703.9491666666668 24.500000000000004 19.500000000000004 20.500000000000004 1387.0700000000002 1787.5333333333335 2194.8705000000004 2762.7666666666669 16.500000000000004 14.500000000000002 24.500000000000004 26.500000000000004 21.500000000000004 281.50000000000006 3076.1000000000008 8.5000000000000018 18.500000000000004 1750.47 1925.7600000000002 2641.9333333333338 2469.5833333333335 1804.4843333333336 1841.156666666667 2138.2523333333338 2680.8833333333337 2348.0500000000006
decision_type=2 2 2 2 2 2 2 2 2 2 2 2 2 2 2 2 2 2 2 2 2 2 2 2 2 2 2 2 2 2
left_child=-1 3 -3 -2 6 -6 8 -8 9 -5 -10 12 -12 -11 16 -16 -9 18 20 -20 29 23 24 25 -23 -22 -24 28 -28 -18
right_child=1 2 -4 4 5 -7 7 14 10 13 11 -13 -14 -15 15 -17 17 -19 19 -21 21 22 26 -25 -26 -27 27 -29 -30 -31
leaf_value=-0.011885843197982124 -9.3377556214613087 -10.811915374581332 6.3346842498314091 3.3326435946727515 3.1226246702498286 19.621345884066361 -9.4584458851181292 -15.197348953465946 5.1792701701425568 -20.417934608459475 -16.705701670535774 7.0743795385283805 3.034600399090694 -3.8632468473375514 12.125454567770923 1.261523328179158 -0.78520809937506286 -16.012412826061247 -0.35704969247182211 -17.239004405878358 1.198849973262875 -5.7557489909134905 -13.145599227020705 22.336443111943264 -27.879429637927274 -13.33919763772384 14.594172937465164 -6.9631076807635175 -2.5800711890398449 3.0617745121464894
leaf_weight=361399 85 153 82 233 138 52 113 61 1213 53 86 62 52 89 131 1610 1504 50 60 59 628 77 69 51 78 92 106 140 59 1475
leaf_count=361399 85 153 82 233 138 52 113 61 1213 53 86 62 52 89 131 1610 1504 50 60 59 628 77 69 51 78 92 106 140 59 1475
internal_value=0.00189022 0.576727 -4.82885 0.727487 0.830058 7.63806 0.671364 0.106802 2.68048 -1.73193 3.8515 -4.2014 -9.26733 -10.0421 0.279742 2.07897 -0.41497 -0.212244 -0.0326151 -8.72709 0.20918 -1.87699 -5.8694 0.862296 -16.889 -0.658789 -1.30247 1.3768 8.45308 1.11956
internal_weight=370060 8661 235 8426 8341 190 8151 6363 1788 375 1413 200 138 142 6250 1741 4509 4448 4398 119 4279 1300 529 771 155 720 374 305 165 2979
internal_count=370060 8661 235 8426 8341 190 8151 6363 1788 375 1413 200 138 142 6250 1741 4509 4448 4398 119 4279 1300 529 771 155 720 374 305 165 2979
is_linear=0
shrinkage=0.05


Tree=203
num_leaves=31
num_cat=0
split_feature=11 10 3 10 3 3 0 0 3 9 8 0 10 6 8 9 10 3 8 10 3 3 10 10 3 11 10 8 0 3
split_gain=983211 3.75473e+06 4.33856e+06 5.26437e+06 4.84833e+06 4.00485e+06 6.68558e+06 5.40962e+06 4.95473e+06 3.53268e+06 6.82812e+06 2.92705e+06 3.51849e+06 2.55996e+06 2.56707e+06 2.64147e+06 5.35112e+06 4.50214e+06 2.1079e+06 5.65479e+06 6.3122e+06 1.81311e+06 3.94842e+06 2.25121e+06 1.56942e+06 1.16631e+06 2.61246e+06 4.04326e+06 4.57633e+06 5.35276e+06
threshold=65821.285000000018 2548.1500000000001 257.50000000000006 2469.5833333333335 273.50000000000006 45.500000000000007 16.500000000000004 12.500000000000002 27.500000000000004 1768.4196666666669 1355.9100000000001 22.500000000000004 2762.7666666666669 1.5000000000000002 1593.7250000000001 1412.969166666667 2010.5333333333335 31.500000000000004 1554.1278571428572 3076.1000000000008 269.50000000000006 8.5000000000000018 2444.1500000000001 2303.4000000000005 6.5000000000000009 11846.610000000002 1546.1833333333336 839.72071428571439 8.5000000000000018 35.500000000000007
decision_type=2 2 2 2 2 2 2 2 2 2 2 2 2 2 2 2 2 2 2 2 2 2 2 2 2 2 2 2 2 2
left_child=25 2 13 4 9 6 7 -3 24 10 -4 18 -13 14 15 16 -2 -17 -7 20 -20 -16 23 -23 -8 26 -1 28 -28 -30
right_child=1 5 3 -5 -6 11 8 -9 -10 -11 -12 12 -14 -15 21 17 -18 -19 19 -21 -22 22 -24 -25 -26 -27 27 -29 29 -31
leaf_value=0.0038233428249201673 7.6866335883973136 2.9226667441330947 15.133701955408291 21.122644475967654 -4.9682704624675571 -16.935581135749818 -4.531858840942383 24.044167701721193 8.3549565993103325 20.279360894803649 -8.993207467771045 -8.0961772588583152 9.7432963128817285 9.8588097942409245 2.8629755504314716 -0.76408394116621758 -13.657664337591692 18.48744786245781 -10.917073944211007 -19.63788627752891 11.656768728097282 -5.1340322256088262 4.7512437189326571 -18.719874690771103 -17.059523313045503 -0.23828424908658585 -3.3696662367279853 0.52420550788042397 22.577448204040529 5.239677030317889
leaf_weight=310293 63 77 69 62 84 56 50 50 51 54 51 52 59 67 65 65 55 57 64 52 60 62 51 60 50 44782 134 13377 50 406
leaf_count=310293 63 77 69 62 84 56 50 50 51 54 51 52 59 67 65 65 55 57 64 52 60 62 51 60 50 44782 134 13377 50 406
internal_value=0.00606924 1.28962 3.41916 8.0404 4.8966 -1.67666 2.78341 11.2382 -4.32759 9.65895 4.87977 -5.29153 1.38607 0.70578 -0.577176 3.07169 -2.26198 8.23048 -8.48642 -5.79805 0.00575316 -4.2567 -6.93173 -11.8156 -10.7957 0.000900858 0.0339336 0.702867 4.75364 7.14075
internal_weight=370528 1486 865 320 258 621 278 127 151 174 120 343 111 545 478 240 118 122 232 176 124 238 173 122 100 369042 324260 13967 590 456
internal_count=370528 1486 865 320 258 621 278 127 151 174 120 343 111 545 478 240 118 122 232 176 124 238 173 122 100 369042 324260 13967 590 456
is_linear=0
shrinkage=0.05


Tree=204
num_leaves=31
num_cat=0
split_feature=9 11 3 11 11 10 10 10 10 8 11 3 3 3 10 8 8 11 10 0 10 11 8 8 9 11 9 3 1 3
split_gain=1.67047e+06 2.67756e+06 2.07881e+06 4.45137e+06 4.03628e+06 9.65234e+06 5.19515e+06 9.05157e+06 3.89254e+06 3.87681e+06 1.17585e+07 3.8722e+06 3.67366e+06 2.98346e+06 2.93446e+06 6.08476e+06 5.5732e+06 5.16432e+06 5.92593e+06 3.79021e+06 3.50982e+06 4.92629e+06 4.77151e+06 4.69328e+06 8.68601e+06 4.07354e+06 3.72989e+06 3.43204e+06 3.17016e+06 2.56744e+06
threshold=2530.8520000000003 2175.8900000000008 51.500000000000007 55972.670000000006 14742.730000000001 2548.1500000000001 2720.4666666666672 2872.6833333333338 2872.6833333333338 3218.1678571428579 6970.795000000001 11.500000000000002 4.5000000000000009 44.500000000000007 2720.4666666666672 3218.1678571428579 3218.1678571428579 8100.2700000000013 2609.7166666666667 23.500000000000004 2872.6833333333338 15243.790000000003 1972.967142857143 2693.3414285714293 2703.9491666666668 25929.405000000002 2703.9491666666668 270.50000000000006 3.5000000000000004 265.50000000000006
decision_type=2 2 2 2 2 2 2 2 2 2 2 2 2 2 2 2 2 2 2 2 2 2 2 2 2 2 2 2 2 2
left_child=-1 -2 3 4 6 -6 9 -8 11 10 -3 -7 -10 -14 16 20 17 27 19 -19 25 -22 -23 24 -24 26 -16 -4 -28 -20
right_child=1 2 14 -5 5 8 7 -9 12 -11 -12 -13 13 -15 15 -17 -18 18 29 -21 21 22 23 -25 -26 -27 28 -29 -30 -31
leaf_value=-0.00070244056044565595 11.195851195942273 6.3929103963515344 2.1321714526024933 -9.4591661771138504 21.335487800387927 -9.5694567081540125 21.186849358876547 -5.1924246233953557 18.040416923669667 5.0451756570853448 -25.789639294147491 4.7095334874009191 -2.3043596255078036 12.187772280246508 -4.3177826780261412 6.8878738066337633 -10.078333759307862 6.5557407237234573 8.6638228577833925 -6.6701119383720497 5.7006349254028965 6.5817672650954311 -0.21034585523605345 1.4279283571859887 -20.278942678728676 0.53988645767497123 -26.219514285000891 -12.971498882462241 -9.5333892628297985 22.417011462466817
leaf_weight=367597 66 51 107 66 93 86 60 71 65 51 64 106 85 61 99 179 76 210 65 73 191 85 100 116 117 107 55 58 59 71
leaf_count=367597 66 51 107 66 93 86 60 71 65 51 64 106 85 61 99 179 76 210 65 73 191 85 100 116 117 107 55 58 59 71
internal_value=0.00838729 1.24914 0.999245 3.01711 4.05549 6.81582 -0.554363 6.88969 3.46513 -6.42888 -11.5174 -1.68626 8.15266 3.75057 0.0188459 -1.55331 2.65816 4.31565 7.26621 3.14413 -3.17976 -0.951986 -3.99182 -6.69078 -11.0307 -7.41949 -11.4179 -3.177 -17.5837 15.8438
internal_weight=370290 2693 2627 859 793 496 297 131 403 166 115 192 211 146 1768 1108 660 584 419 283 929 609 418 333 217 320 213 165 114 136
internal_count=370290 2693 2627 859 793 496 297 131 403 166 115 192 211 146 1768 1108 660 584 419 283 929 609 418 333 217 320 213 165 114 136
is_linear=0
shrinkage=0.05


Tree=205
num_leaves=31
num_cat=0
split_feature=8 0 10 3 0 10 10 10 1 3 3 9 10 0 11 9 3 3 10 11 10 10 0 8 0 11 9 0 0 1
split_gain=970895 3.27509e+06 5.0101e+06 5.25832e+06 4.3597e+06 5.25481e+06 1.39559e+07 9.33176e+06 7.58884e+06 7.3524e+06 6.73792e+06 3.09865e+06 2.27466e+06 5.81911e+06 3.9156e+06 3.60876e+06 6.69582e+06 8.97382e+06 5.69506e+06 5.5829e+06 4.50068e+06 7.01148e+06 8.77603e+06 1.06598e+07 1.49222e+07 1.04478e+07 6.20087e+06 5.3341e+06 5.58331e+06 5.20313e+06
threshold=2430.840714285715 1.5000000000000002 2348.0500000000006 77.500000000000014 5.5000000000000009 2418.9166666666674 2198.5166666666669 2494.5000000000005 1.5000000000000002 76.500000000000014 107.50000000000001 2258.7413333333338 2641.9333333333338 7.5000000000000009 8282.5850000000009 2087.0383333333334 80.500000000000014 2.5000000000000004 2282.6333333333337 8282.5850000000009 2155.8333333333339 2198.5166666666669 22.500000000000004 2537.0064285714293 15.500000000000002 12943.180000000002 1592.5745000000004 20.500000000000004 17.500000000000004 3.5000000000000004
decision_type=2 2 2 2 2 2 2 2 2 2 2 2 2 2 2 2 2 2 2 2 2 2 2 2 2 2 2 2 2 2
left_child=-1 2 -2 -4 5 6 -3 -7 10 -8 -9 -10 13 14 -6 16 17 -15 19 -18 26 -22 23 -23 -25 -26 -19 28 29 -28
right_child=1 4 3 -5 12 7 9 8 11 -11 -12 -13 -14 15 -16 -17 18 20 -20 -21 21 22 -24 24 25 -27 27 -29 -30 -31
leaf_value=-0.014413115404443897 17.583974079030462 4.0648973198347198 -9.949332780910261 9.0109868956775205 21.369236614227297 17.793944391770797 -12.014471251623972 -26.078972865304639 11.29125295745002 -36.081734129026827 -1.9205110430717469 -2.3223385185808749 -1.698857927540911 -14.19559858152182 4.3689772484416052 1.2921447595804192 -13.519223619219083 13.086999658952681 -15.113560735723775 4.697050974221356 22.085226172667284 21.499998615564927 -9.7363449102198629 -12.157034899281191 -6.2054750137329107 22.189850830254347 3.5707244957817927 3.3564058382119706 -23.599241028840726 -13.163366337617241
leaf_weight=364083 61 93 66 82 50 55 84 62 54 51 54 185 2096 101 105 2015 67 57 157 113 52 89 108 113 50 92 90 134 52 96
leaf_count=364083 61 93 66 82 50 55 84 62 54 51 54 185 2096 101 105 2015 67 57 157 113 52 89 108 113 50 92 90 134 52 96
internal_value=-0.0252136 -0.631673 5.52568 0.555709 -0.836754 -4.75422 -10.8392 -1.37035 -4.33946 -21.1065 -14.8328 0.753536 -0.393373 0.379374 9.85293 -0.0542945 -2.0332 -0.0383584 -8.15386 -2.08345 1.4942 4.69812 2.69784 6.60159 1.40176 12.1915 -2.26984 -4.6229 -9.11546 -5.06623
internal_weight=370567 6484 209 148 6275 638 228 410 355 135 116 239 5637 3541 155 3386 1371 1034 337 180 933 504 452 344 255 142 429 372 238 186
internal_count=370567 6484 209 148 6275 638 228 410 355 135 116 239 5637 3541 155 3386 1371 1034 337 180 933 504 452 344 255 142 429 372 238 186
is_linear=0
shrinkage=0.05


Tree=206
num_leaves=31
num_cat=0
split_feature=8 11 11 11 0 6 1 1 9 0 1 0 1 1 0 10 10 10 0 11 11 10 10 9 11 9 10 6 9 11
split_gain=887949 3.16142e+06 7.50996e+06 6.75729e+06 7.99444e+06 6.52609e+06 7.13708e+06 6.49789e+06 7.32142e+06 5.71703e+06 6.9598e+06 4.79407e+06 3.84513e+06 2.22582e+06 2.00823e+06 1.4514e+06 993862 4.33407e+06 3.44534e+06 5.92948e+06 9.55107e+06 3.82493e+06 6.4338e+06 3.43188e+06 5.40238e+06 4.45449e+06 4.42232e+06 1.20836e+07 4.74982e+06 4.81892e+06
threshold=3218.1678571428579 9526.4100000000017 8100.2700000000013 23225.890000000003 15.500000000000002 1.5000000000000002 1.5000000000000002 4.5000000000000009 2422.4765000000002 23.500000000000004 3.5000000000000004 12.500000000000002 3.5000000000000004 1.5000000000000002 16.500000000000004 2872.6833333333338 2444.1500000000001 2371.4500000000003 1.5000000000000002 20009.920000000002 10903.300000000001 2812.8500000000008 2641.9333333333338 2530.8520000000003 10301.915000000003 2422.4765000000002 2394.6000000000004 1.5000000000000002 1768.4196666666669 35421.660000000011
decision_type=2 2 2 2 2 2 2 2 2 2 2 2 2 2 2 2 2 2 2 2 2 2 2 2 2 2 2 2 2 2
left_child=16 2 12 4 11 6 -5 8 -6 10 -8 -3 13 -2 -12 -10 17 -1 19 20 -18 22 -21 25 -25 26 27 28 -19 -30
right_child=1 3 -4 5 7 -7 9 -9 15 -11 14 -13 -14 -15 -16 -17 18 23 -20 21 -22 -23 -24 24 -26 -27 -28 -29 29 -31
leaf_value=0.010285541929573384 -0.44990178206186188 2.2144056206462031 -21.8334531668959 11.18942124621854 -11.471719980239868 -20.28734199559247 -13.837193012036181 20.954336104067892 6.19738207363788 -16.297874693029069 -0.36021213802424346 -16.975306619130649 6.1734802121811727 -11.46474481317186 10.899554583761429 16.558694699714923 3.0651606923883614 0.20559938745644257 0.65483727308829909 -3.9891160316074017 -24.290268756213944 -9.5819090707337153 15.661722891298059 -5.555371192932129 16.871844269489422 -13.661702247099445 -0.51392367879475964 10.97088616701464 -8.0471964010876196 -21.033452412787451
leaf_weight=356365 87 87 58 84 52 54 74 88 81 85 88 52 94 97 72 58 55 131 10339 97 76 68 73 50 58 88 1348 96 362 89
leaf_count=356365 87 87 58 84 52 54 74 88 81 85 88 52 94 97 72 58 55 131 10339 97 76 68 73 50 58 88 1348 96 362 89
internal_value=0.00630133 -1.3454 -5.46802 0.237685 4.83201 -3.96457 -1.7774 9.7127 4.53331 -5.19186 -1.15762 -4.96448 -2.05365 -6.25664 4.70668 10.5208 0.0107339 -0.0034405 0.485401 -4.26202 -12.8052 0.440301 4.44919 -2.20483 6.48887 -2.64897 -2.17063 -5.46449 -8.17548 -10.6099
internal_weight=370506 1211 336 875 418 457 403 279 191 319 234 139 278 184 160 139 369295 358587 10708 369 131 238 170 2222 108 2114 2026 678 582 451
internal_count=370506 1211 336 875 418 457 403 279 191 319 234 139 278 184 160 139 369295 358587 10708 369 131 238 170 2222 108 2114 2026 678 582 451
is_linear=0
shrinkage=0.05


Tree=207
num_leaves=31
num_cat=0
split_feature=3 10 9 10 8 0 10 0 6 0 0 8 0 3 10 6 3 10 8 8 10 1 8 3 8 10 3 9 0 8
split_gain=798961 2.11458e+06 1.42359e+06 6.6928e+06 2.21465e+06 5.58646e+06 2.70898e+06 2.17652e+06 1.87857e+06 2.77219e+06 3.32577e+06 1.39886e+06 1.27001e+06 998559 4.37526e+06 4.08959e+06 4.32146e+06 7.93489e+06 4.20903e+06 5.50243e+06 4.15549e+06 7.0614e+06 4.70254e+06 4.1497e+06 7.59108e+06 4.78229e+06 4.08603e+06 5.24845e+06 3.70192e+06 3.69771e+06
threshold=260.50000000000006 298.50000000000006 2703.9491666666668 2641.9333333333338 2693.3414285714293 21.500000000000004 2872.6833333333338 28.500000000000004 1.5000000000000002 12.500000000000002 3.5000000000000004 2899.4528571428577 13.500000000000002 68.500000000000014 828.96666666666681 1.5000000000000002 258.50000000000006 2494.5000000000005 1117.6485714285716 1145.382142857143 2577.1000000000004 4.5000000000000009 2537.0064285714293 73.500000000000014 1326.9885714285717 1809.7666666666669 74.500000000000014 1957.9808333333337 17.500000000000004 1972.967142857143
decision_type=2 2 2 2 2 2 2 2 2 2 2 2 2 2 2 2 2 2 2 2 2 2 2 2 2 2 2 2 2 2
left_child=13 -2 4 12 -3 -6 7 -7 9 10 -5 -11 -4 -1 -15 16 18 -18 -16 -20 22 28 29 24 25 -21 27 -25 -22 -17
right_child=1 2 3 8 5 6 -8 -9 -10 11 -12 -13 -14 14 15 20 17 -19 19 23 21 -23 -24 26 -26 -27 -28 -29 -30 -31
leaf_value=-0.04152705992134556 0.046645271503109514 -0.71358285110964625 18.649803841788813 6.8980184723349183 -18.193961200118064 -2.6063907855368678 -11.223819485832664 9.7103310839883221 -9.5965487102844893 10.33344038885993 -8.2883310287039933 0.19591407473125155 7.5409403982162475 -0.0018106612459671456 1.3873856749391906 1.7136614669554424 2.8533502607183028 23.120833213112572 -6.9334650520537355 6.2293594211948164 25.878842091964465 -5.0212669835640833 -8.3062324543979695 -15.899495371095426 0.88209720885647203 23.802226622775198 -0.16369046764334907 4.1370960871378584 7.5802747488021858 7.0721520128145903
leaf_weight=207918 27376 13176 53 51 64 94 51 58 56 74 123 63 50 99077 6495 2675 396 55 296 98 59 52 107 91 560 64 10350 51 52 366
leaf_count=207918 27376 13176 53 51 64 94 51 58 56 74 123 63 50 99077 6495 2675 396 55 296 98 59 52 107 91 560 64 10350 51 52 366
internal_value=-0.00113051 -0.208443 -0.710369 1.99453 -0.804939 -5.31322 -1.2523 2.09341 -1.16636 0.351612 -3.83716 5.67166 13.2572 0.0249057 0.139207 0.781076 0.490793 5.32499 0.369703 -0.204567 2.39916 10.1836 1.99609 -0.0269542 3.6396 13.1717 -0.279266 -8.70325 17.3065 2.35858
internal_weight=370051 41289 13913 470 13443 267 203 152 367 311 174 137 103 328762 120844 21767 18456 451 18005 11510 3311 163 3148 11214 722 162 10492 142 111 3041
internal_count=370051 41289 13913 470 13443 267 203 152 367 311 174 137 103 328762 120844 21767 18456 451 18005 11510 3311 163 3148 11214 722 162 10492 142 111 3041
is_linear=0
shrinkage=0.05


Tree=208
num_leaves=31
num_cat=0
split_feature=1 8 0 10 10 10 10 8 3 3 10 10 8 0 10 3 0 8 10 3 0 11 11 11 3 8 3 11 11 11
split_gain=733848 1.83536e+06 9.07168e+06 1.78801e+06 1.87616e+06 3.80651e+06 4.13779e+06 7.10465e+06 5.00787e+06 4.63188e+06 6.39456e+06 3.80497e+06 8.5583e+06 5.2631e+06 7.01636e+06 4.03406e+06 3.91601e+06 3.66131e+06 3.35129e+06 9.52628e+06 3.49474e+06 2.82392e+06 2.76209e+06 4.53398e+06 3.90582e+06 3.03963e+06 2.56946e+06 2.48223e+06 2.31982e+06 5.80921e+06
threshold=1.0000000180025095e-35 3218.1678571428579 22.500000000000004 3076.1000000000008 2762.7666666666669 2609.7166666666667 2371.4500000000003 2430.840714285715 80.500000000000014 43.500000000000007 2469.5833333333335 2469.5833333333335 2078.5514285714294 14.500000000000002 2418.9166666666674 64.500000000000014 7.5000000000000009 2693.3414285714293 2324.1500000000001 36.500000000000007 18.500000000000004 31067.535000000003 38560.455000000009 21033.945000000003 115.50000000000001 2430.840714285715 24.500000000000004 31067.535000000003 22071.445000000003 45915.240000000013
decision_type=2 2 2 2 2 2 2 2 2 2 2 2 2 2 2 2 2 2 2 2 2 2 2 2 2 2 2 2 2 2
left_child=1 3 -3 4 5 6 18 9 17 10 26 13 15 16 -15 -13 -11 -9 -1 -20 -21 -17 23 24 25 -7 -8 -12 -6 -30
right_child=-2 2 -4 -5 28 22 7 8 -10 11 27 12 -14 14 -16 21 -18 -19 19 20 -22 -23 -24 -25 -26 -27 -28 -29 29 -31
leaf_value=-0.13858960565512449 0.032579948187009773 5.3121283614500001 -18.528849021702595 6.7755912903816471 0.97897371441484937 9.0685258686542518 5.2013094938718361 18.714680873986449 -5.7492828208130682 -7.478716920237793 -28.061136173248293 16.603028944672129 -14.512069801662278 -0.81739142029373735 -24.389264576137066 6.1468196054674547 10.431536831575283 2.7135685327725536 23.215736909640039 -6.638116844215741 9.7444052546632065 -8.0787659626740673 11.731819806978542 -5.7658409629549299 17.60094898272369 -5.6588877527530386 -10.043607265666381 -13.474764856610982 -13.487044104407815 2.2980605585902345
leaf_weight=51451 316610 88 73 93 166 76 52 66 77 76 50 61 69 54 76 106 51 78 59 90 51 52 103 112 59 65 59 70 136 102
leaf_count=51451 316610 88 73 93 166 76 52 66 77 76 50 61 69 54 76 106 51 78 59 90 51 52 103 112 59 65 59 70 136 102
internal_value=0.0035873 -0.167284 -5.49776 -0.15126 -0.163309 -0.137465 -0.175064 -3.36554 4.54359 -5.61801 -11.5515 -3.10308 0.843469 -7.52567 -14.5979 5.68152 -0.28641 10.0474 -0.113479 6.34631 -0.712524 1.46498 4.63238 2.28866 6.79918 2.27929 -2.90184 -19.5524 -3.55774 -6.722
internal_weight=370331 53721 161 53560 53467 53063 52648 997 221 776 231 545 288 257 130 219 127 144 51651 200 141 158 415 312 200 141 111 120 404 238
internal_count=370331 53721 161 53560 53467 53063 52648 997 221 776 231 545 288 257 130 219 127 144 51651 200 141 158 415 312 200 141 111 120 404 238
is_linear=0
shrinkage=0.05


Tree=209
num_leaves=31
num_cat=0
split_feature=10 3 3 0 11 8 3 11 11 9 9 3 0 10 11 10 11 8 9 11 10 3 11 11 9 10 8 0 3 11
split_gain=1.07276e+06 6.06734e+06 7.20934e+06 6.35695e+06 5.29004e+06 7.16555e+06 4.63354e+06 6.87196e+06 5.16667e+06 4.91832e+06 8.33162e+06 4.132e+06 8.66133e+06 1.14083e+07 1.3897e+07 9.25209e+06 8.30783e+06 6.14448e+06 7.41655e+06 4.9592e+06 3.74889e+06 5.37265e+06 4.84926e+06 9.50355e+06 3.63305e+06 4.03727e+06 7.17837e+06 4.85477e+06 1.03037e+07 7.86784e+06
threshold=2220.0000000000005 68.500000000000014 134.50000000000003 30.500000000000004 4877.3750000000009 2693.3414285714293 253.50000000000003 16973.135000000006 12198.740000000002 2087.0383333333334 1804.4843333333336 62.500000000000007 19.500000000000004 2609.7166666666667 27454.115000000002 2371.4500000000003 12557.920000000002 2340.6650000000004 2087.0383333333334 4569.1200000000008 2132.4000000000005 11.500000000000002 14253.120000000001 8100.2700000000013 1998.7498333333335 1987.5500000000002 2693.3414285714293 9.5000000000000018 14.500000000000002 11846.610000000002
decision_type=2 2 2 2 2 2 2 2 2 2 2 2 2 2 2 2 2 2 2 2 2 2 2 2 2 2 2 2 2 2
left_child=20 11 3 -3 5 -4 7 8 -6 10 -9 -2 13 17 -15 16 -14 18 -13 -17 24 22 23 -22 25 -1 27 28 -27 -29
right_child=1 2 4 -5 6 -7 -8 9 -10 -11 -12 12 15 14 -16 19 -18 -19 -20 -21 21 -23 -24 -25 -26 26 -28 29 -30 -31
leaf_value=0.010642833431679223 -0.82257180391236029 1.7688737969455748 8.8936837517835343 16.955227236747742 -7.2268741998586563 -10.058464782468734 -0.87824789565953232 -20.470007643943106 8.8940831751293601 -25.348683278313999 3.3508447170257569 10.326872272321157 -28.652417523361915 -27.106154821789456 7.2908462719483813 10.494935248879827 -5.6312784756223362 22.497268434004354 -9.701954650878907 -5.9602250003921142 13.22477225226325 1.1002358595088186 14.634539504278274 -13.939331216979447 2.9035063732183044 -23.341411587037147 -15.880533476997824 3.1256699590460819 -2.7696777049173571 -2.0456434508431212
leaf_weight=342362 9953 4425 255 70 111 62 2929 71 90 58 76 140 86 63 55 51 72 55 69 448 74 2697 147 57 1074 64 85 1159 1244 2013
leaf_count=342362 9953 4425 255 70 111 62 2929 71 90 58 76 140 86 63 55 51 72 55 69 448 74 2697 147 57 1074 64 85 1159 1244 2013
internal_value=-0.0048332 -0.369361 0.664706 2.00537 -0.985424 5.18695 -1.57212 -6.57794 -0.00853508 -13.0192 -8.15446 -1.13579 -4.1362 1.85075 -11.0737 -7.6172 -18.1618 7.62756 3.71448 -4.27844 0.0150448 1.78242 8.40061 1.40528 -6.41836e-05 -0.00905292 -1.48618 -1.21307 -3.77625 -0.156125
internal_weight=370115 19139 8147 4495 3652 317 3335 406 201 205 147 10992 1039 382 118 657 158 264 209 499 350976 2975 278 131 348001 346927 4565 4480 1308 3172
internal_count=370115 19139 8147 4495 3652 317 3335 406 201 205 147 10992 1039 382 118 657 158 264 209 499 350976 2975 278 131 348001 346927 4565 4480 1308 3172
is_linear=0
shrinkage=0.05


Tree=210
num_leaves=31
num_cat=0
split_feature=11 0 1 9 8 8 9 9 8 9 3 8 9 3 0 8 8 3 3 11 3 9 9 9 8 11 3 8 9 8
split_gain=1.69479e+06 2.2483e+06 3.11616e+06 4.82206e+06 7.319e+06 5.42506e+06 3.8729e+06 5.55585e+06 3.1102e+06 3.12597e+06 2.70992e+06 3.0525e+06 4.73699e+06 3.68328e+06 3.42322e+06 6.81642e+06 4.87769e+06 8.03319e+06 7.37976e+06 5.34e+06 5.33127e+06 5.14667e+06 4.64538e+06 1.06352e+07 6.93231e+06 3.13847e+06 5.29773e+06 3.3654e+06 9.81159e+06 4.77016e+06
threshold=38560.455000000009 27.500000000000004 1.5000000000000002 1697.2931666666666 1791.3400000000004 2430.840714285715 2087.0383333333334 1804.4843333333336 994.49500000000023 1519.3770000000002 27.500000000000004 3218.1678571428579 2422.4765000000002 1.5000000000000002 10.500000000000002 2693.3414285714293 2430.840714285715 9.5000000000000018 9.5000000000000018 45915.240000000013 6.5000000000000009 1270.8481666666669 2258.7413333333338 2087.0383333333334 1483.5285714285715 65821.285000000018 13.500000000000002 1709.7935714285716 1917.6366666666668 1355.9100000000001
decision_type=2 2 2 2 2 2 2 2 2 2 2 2 2 2 2 2 2 2 2 2 2 2 2 2 2 2 2 2 2 2
left_child=-1 10 -3 4 8 6 7 -5 -4 -10 11 13 -13 -2 15 22 18 -18 19 21 -21 -16 23 24 -15 27 -27 29 -29 -20
right_child=1 2 3 5 -6 -7 -8 -9 9 -11 -12 12 -14 14 16 -17 17 -19 25 20 -22 -23 -24 -25 -26 26 -28 28 -30 -31
leaf_value=-0.0058230734426753649 -8.2455025292578199 -1.489062420198241 12.597679364856553 18.913178493037368 -16.515962105137962 -1.7539818522347899 18.13802699143848 1.3160034503255573 -3.6436989753351861 10.462717464235094 -0.31781039233093489 4.331695089890407 -12.296114558169718 -2.5588849543215155 -4.8225931600161971 -17.536440844629325 13.485732033139184 -6.6043996703240184 5.0513824605656241 -1.0858260748061268 -14.96537890266954 13.741972781419754 15.899872289919387 -17.684869532267253 6.0246137272895481 8.2889065273346443 -13.028310724605214 -5.6181078947252701 14.064640491409641 17.516992211006059
leaf_weight=361382 84 296 68 66 56 108 124 140 144 54 4822 78 95 455 70 51 252 62 167 176 114 80 51 75 487 62 55 144 113 142
leaf_count=361382 84 296 68 66 56 108 124 140 144 54 4822 78 95 455 70 51 252 62 167 176 114 80 51 75 487 62 55 144 113 142
internal_value=0.0107704 0.700745 2.86314 4.55821 -0.0868248 7.97305 11.1564 6.95393 3.37194 0.203506 0.401663 1.63497 -4.79918 2.0566 2.39517 0.321594 4.00988 9.51889 2.46951 -2.58041 -6.54193 5.07851 1.17437 0.435918 1.87866 5.72276 -1.73201 7.26376 3.03617 10.7799
internal_weight=370073 8691 1056 760 322 438 330 206 266 198 7635 2813 173 2640 2556 1119 1437 314 1123 440 290 150 1068 1017 942 683 117 566 257 309
internal_count=370073 8691 1056 760 322 438 330 206 266 198 7635 2813 173 2640 2556 1119 1437 314 1123 440 290 150 1068 1017 942 683 117 566 257 309
is_linear=0
shrinkage=0.05


Tree=211
num_leaves=31
num_cat=0
split_feature=8 1 9 3 10 3 11 3 11 10 3 3 11 10 10 11 0 9 0 9 11 9 10 8 10 0 10 3 11 11
split_gain=1.98153e+06 3.49499e+06 6.97655e+06 5.26273e+06 1.28438e+07 8.62675e+06 1.02031e+07 9.76716e+06 8.01877e+06 1.50895e+07 9.50828e+06 7.71468e+06 6.80677e+06 6.01668e+06 5.19262e+06 5.43224e+06 4.83709e+06 4.74363e+06 8.7106e+06 4.4166e+06 3.81899e+06 3.63665e+06 8.99185e+06 3.37166e+06 3.3352e+06 3.16711e+06 3.15814e+06 2.81289e+06 2.78959e+06 2.68641e+06
threshold=2899.4528571428577 1.5000000000000002 2336.8835000000004 60.500000000000007 2577.1000000000004 7.5000000000000009 16973.135000000006 3.5000000000000004 42026.485000000008 3076.1000000000008 3.5000000000000004 255.50000000000003 7354.6600000000008 2469.5833333333335 2641.9333333333338 24530.555000000004 16.500000000000004 2530.8520000000003 21.500000000000004 2422.4765000000002 10301.915000000003 2422.4765000000002 2872.6833333333338 3218.1678571428579 2371.4500000000003 27.500000000000004 2577.1000000000004 8.5000000000000018 13772.890000000001 31067.535000000003
decision_type=2 2 2 2 2 2 2 2 2 2 2 2 2 2 2 2 2 2 2 2 2 2 2 2 2 2 2 2 2 2
left_child=-1 2 27 4 5 7 24 -3 9 10 -6 17 -9 -13 -12 21 -10 19 -19 20 -5 -16 -23 28 -7 -25 -22 -2 -15 -4
right_child=1 3 29 11 8 6 -8 12 16 -11 14 13 -14 23 15 -17 -18 18 -20 -21 26 22 -24 25 -26 -27 -28 -29 -30 -31
leaf_value=0.0096716616395011584 17.10577028312235 -19.46339476036303 -0.89643400610275481 -2.7897752494812011 25.014859715486185 -14.543661700354683 -29.018806905663293 -9.6207295504483312 2.8818164693898169 -19.786697525024415 20.096113238426355 11.472866717576981 8.7303030968726087 -21.337037787717932 -11.988394542278783 12.646353084483046 -16.461109910599173 -7.889908027648926 15.44982091889662 24.909789537965207 21.942808662834818 14.341964055450871 -13.338480005264282 -10.306236267089844 3.1976411526019759 5.97932725035482 5.9058343363925818 5.7458500202087803 -4.7995385674869313 8.037361322508918
leaf_weight=367750 117 66 381 50 78 54 86 77 58 50 52 60 147 51 62 94 73 97 68 57 59 71 50 51 52 72 64 102 51 108
leaf_count=367750 117 66 381 50 78 54 86 77 58 50 52 60 147 51 62 94 73 97 68 57 59 71 50 51 52 72 64 102 51 108
internal_value=0.0191288 1.43405 4.39823 0.234829 -1.95101 -8.0015 -16.2224 -2.55871 3.00874 6.13491 9.31938 3.67432 2.42214 -2.59544 5.59827 2.87665 -7.89707 8.19806 1.72889 12.839 8.86191 -2.14167 2.90376 -6.34699 -5.84038 -0.773223 13.5984 11.8148 -13.0683 1.07667
internal_weight=370208 2458 708 1750 1070 482 192 290 588 457 407 680 224 285 329 277 131 395 165 230 173 183 121 225 106 123 123 219 102 489
internal_count=370208 2458 708 1750 1070 482 192 290 588 457 407 680 224 285 329 277 131 395 165 230 173 183 121 225 106 123 123 219 102 489
is_linear=0
shrinkage=0.05


Tree=212
num_leaves=31
num_cat=0
split_feature=11 8 0 8 11 9 3 9 3 0 0 8 0 9 9 11 1 9 1 3 9 0 9 3 3 6 0 0 11 0
split_gain=948795 4.89503e+06 8.70007e+06 5.84437e+06 5.43715e+06 4.09072e+06 5.94805e+06 3.22796e+06 9.03288e+06 1.11633e+07 9.15211e+06 5.25584e+06 4.31654e+06 5.15123e+06 3.88246e+06 3.62028e+06 4.2242e+06 3.09188e+06 2.65347e+06 4.99214e+06 4.87231e+06 3.66513e+06 2.87426e+06 3.42621e+06 2.6136e+06 3.11078e+06 3.15336e+06 6.05272e+06 3.42464e+06 4.90072e+06
threshold=55972.670000000006 2024.3085714285717 8.5000000000000018 1972.967142857143 65821.285000000018 1734.5108333333335 3.5000000000000004 1665.0946666666666 254.50000000000003 5.5000000000000009 10.500000000000002 1355.9100000000001 25.500000000000004 1768.4196666666669 1880.9296666666669 65821.285000000018 3.5000000000000004 1957.9808333333337 3.5000000000000004 19.500000000000004 1554.7928333333336 23.500000000000004 1196.8403333333333 21.500000000000004 7.5000000000000009 1.5000000000000002 11.500000000000002 14.500000000000002 65821.285000000018 20.500000000000004
decision_type=2 2 2 2 2 2 2 2 2 2 2 2 2 2 2 2 2 2 2 2 2 2 2 2 2 2 2 2 2 2
left_child=-1 3 4 7 -3 -4 -7 18 9 -9 17 -12 13 -11 -14 16 -15 -10 20 -20 21 22 -2 -24 -8 26 -26 -28 29 -29
right_child=1 2 5 -5 -6 6 24 8 10 12 11 -13 14 15 -16 -17 -18 -19 19 -21 -22 -23 23 -25 25 -27 27 28 -30 -31
leaf_value=0.0042671827290630656 14.808906364050069 -22.675553439172468 -12.974117424752979 13.02783721752381 -4.592500066145873 -14.609598778966649 9.3866862363204717 7.3111830787133361 3.7703966397505542 -24.575894042968752 -5.060241631507874 13.064059931576253 -11.142979503890217 -22.890436216903062 6.8466884175284966 -1.6485409322049884 -5.8218174706989281 -11.261075231552125 8.3154716204053596 -3.9013559426683369 14.322044155385235 -5.1841255875884507 -6.2559280382443783 7.2072753660714461 9.9053539823602748 10.860415027016089 -19.08654008846657 14.659752704786218 -5.423427230706487 -2.0889316663020803
leaf_weight=367214 61 89 72 89 78 67 82 118 52 75 50 200 59 73 61 90 72 100 112 330 101 122 73 134 54 57 51 69 193 119
leaf_count=367214 61 89 72 89 78 67 82 118 52 75 50 200 59 73 61 90 72 100 112 330 101 122 73 134 54 57 51 69 193 119
internal_value=-0.00285069 -0.903224 -3.89138 0.507512 -14.2296 -1.63159 -0.451441 -0.0842617 -2.13584 -6.31168 3.5566 9.4392 -10.05 -13.1669 -1.99823 -9.52571 -14.415 -6.11873 2.0047 -0.805689 4.53462 1.99993 5.27028 2.45938 1.06631 -0.19017 -1.48623 -2.91017 -0.744833 4.05819
internal_weight=370117 2903 931 1972 167 764 692 1883 950 548 402 250 430 310 120 235 145 152 933 442 491 390 268 207 625 543 486 432 381 188
internal_count=370117 2903 931 1972 167 764 692 1883 950 548 402 250 430 310 120 235 145 152 933 442 491 390 268 207 625 543 486 432 381 188
is_linear=0
shrinkage=0.05


Tree=213
num_leaves=31
num_cat=0
split_feature=3 3 3 4 11 10 9 9 9 11 9 10 11 11 10 8 9 10 11 8 8 9 3 11 11 1 11 10 9 8
split_gain=883920 2.01889e+06 5.92588e+06 1.27462e+07 4.97867e+06 8.0444e+06 7.85823e+06 6.94789e+06 5.89576e+06 6.07026e+06 4.7787e+06 4.54508e+06 4.08688e+06 4.17068e+06 3.18233e+06 3.15905e+06 5.72893e+06 5.59529e+06 4.71942e+06 1.26473e+07 1.03707e+07 7.63908e+06 6.80254e+06 9.7229e+06 6.46481e+06 9.26807e+06 1.69558e+07 7.70132e+06 1.03736e+07 8.40504e+06
threshold=14.500000000000002 7.5000000000000009 8.5000000000000018 1.0000000180025095e-35 50375.340000000004 2348.0500000000006 1768.4196666666669 2194.8705000000004 1121.5418333333334 21033.945000000003 126.94033333333336 1745.4833333333336 53.775000000000013 4797.8500000000013 643.16666666666686 1326.9885714285717 1485.087666666667 1686.7166666666669 8282.5850000000009 2693.3414285714293 2693.3414285714293 2138.2523333333338 10.500000000000002 25929.405000000002 38560.455000000009 2.5000000000000004 12943.180000000002 1853.7000000000003 1307.0473333333337 1669.8157142857144
decision_type=2 2 2 2 2 2 2 2 2 2 2 2 2 2 2 2 2 2 2 2 2 2 2 2 2 2 2 2 2 2
left_child=1 -1 3 10 5 6 8 -7 -5 11 -3 -10 -12 -14 -4 16 17 -16 19 -17 21 24 23 -22 25 -20 -27 28 -28 -29
right_child=-2 2 14 4 -6 7 -8 -9 9 -11 12 -13 13 -15 15 18 -18 -19 20 -21 22 -23 -24 -25 -26 26 27 29 -30 -31
leaf_value=-0.13691906379141874 -0.035646133021571352 -1.2150503489845679 -0.13409349639095128 -1.1390909600285857 -15.575764039846568 26.776085180394791 -17.138194261278425 0.80271101731520433 11.493858817315871 22.831291306693601 14.86791236507587 -8.5506589816166816 4.8052381753647149 13.498676933021081 3.2520130772931868 1.2846713828279617 18.618531230458043 -8.3518384117263942 2.8640542496510637 25.170314494646515 9.0751619315766678 10.273732172780567 -19.024448910681141 -17.772540645599367 4.3528892999268924 7.1177965513417423 -19.898815799894791 -37.000753564460602 6.8071961580320846 -13.793128439317266
leaf_weight=21491 327341 190 14439 1278 52 51 70 52 62 53 156 52 869 164 1621 376 57 111 369 65 77 180 119 60 424 142 63 51 86 166
leaf_count=21491 327341 190 14439 1278 52 51 70 52 62 53 156 52 869 164 1621 376 57 111 369 65 77 180 119 60 424 142 63 51 86 166
internal_value=-0.00766481 0.205613 0.54872 2.59038 -0.347309 0.142109 -0.777154 13.6633 0.0154223 8.85056 6.14798 2.35075 7.32458 6.18542 0.210514 1.46481 3.02164 2.50835 0.186037 4.80523 -0.986712 0.619551 -10.2792 -2.68296 -0.716154 -3.16687 -7.54759 -13.2374 -4.48461 -19.2475
internal_weight=370287 42946 21455 3049 1670 1618 1515 103 1445 167 1379 114 1189 1033 18406 3967 1789 1732 2178 441 1737 1481 256 137 1301 877 508 366 149 217
internal_count=370287 42946 21455 3049 1670 1618 1515 103 1445 167 1379 114 1189 1033 18406 3967 1789 1732 2178 441 1737 1481 256 137 1301 877 508 366 149 217
is_linear=0
shrinkage=0.05


Tree=214
num_leaves=31
num_cat=0
split_feature=11 8 10 11 6 0 0 11 10 8 9 8 9 10 10 0 11 8 1 0 0 10 8 0 8 8 0 0 10 6
split_gain=1.13338e+06 3.44702e+06 5.92694e+06 4.10863e+06 2.81626e+06 4.60935e+06 3.60922e+06 2.30063e+06 4.72044e+06 4.03063e+06 5.49387e+06 3.87564e+06 2.92022e+06 2.57699e+06 4.97784e+06 5.07741e+06 4.25613e+06 5.05587e+06 3.46538e+06 2.41355e+06 3.38606e+06 2.94361e+06 7.50602e+06 4.82061e+06 2.2359e+06 3.52013e+06 2.16888e+06 3.901e+06 2.05893e+06 6.8279e+06
threshold=25929.405000000002 891.91357142857157 1809.7666666666669 42026.485000000008 2.5000000000000004 20.500000000000004 8.5000000000000018 24530.555000000004 2955.1166666666672 1709.7935714285716 1592.5745000000004 623.72928571428577 824.05450000000008 3076.1000000000008 2955.1166666666672 24.500000000000004 16973.135000000006 2430.840714285715 2.5000000000000004 8.5000000000000018 13.500000000000002 2418.9166666666674 2133.8221428571437 22.500000000000004 1518.4428571428573 1451.2592857142861 5.5000000000000009 11.500000000000002 1034.2000000000003 1.5000000000000002
decision_type=2 2 2 2 2 2 2 2 2 2 2 2 2 2 2 2 2 2 2 2 2 2 2 2 2 2 2 2 2 2
left_child=7 2 28 -4 -3 6 -6 13 9 11 -11 -9 -13 14 -1 26 17 -15 -18 -12 -21 22 -22 -23 25 -14 -16 -28 29 -2
right_child=1 4 3 -5 5 -7 -8 8 -10 10 19 12 24 16 15 -17 18 -19 -20 20 21 23 -24 -25 -26 -27 27 -29 -30 -31
leaf_value=0.013179575143627538 14.45712413591343 0.59985484526603572 -22.684597959608404 -3.7942893440761263 1.7895684826374056 -2.6263894967734815 17.518729666324074 -13.000077252696128 12.785595139631859 -21.32486106378061 -11.007171514196305 8.0157009678066906 -1.0314132945079404 8.4980972277490725 6.021197062951547 -17.873389911651611 2.8028907488132346 -9.5658816382854805 19.555019684993862 7.7807105989598515 -24.944175400453457 -8.3819088924078304 2.3183183860778809 10.059296726045154 4.830292758090156 -14.889119818910956 -14.514944061762851 0.57346575966587776 -1.5576899322639679 -1.2095068499799504
leaf_weight=351091 91 14837 53 63 60 96 93 59 52 54 103 106 549 76 54 73 58 79 66 67 51 81 50 63 140 50 71 108 1716 295
leaf_count=351091 91 14837 53 63 60 96 93 59 52 54 103 106 549 76 54 73 58 79 66 67 51 81 50 63 140 50 71 108 1716 295
internal_value=0.0226751 0.417765 -1.42269 -12.4252 0.688355 5.96178 11.3504 0.00331344 -2.00166 -2.5617 -6.32283 -0.6104 0.254679 0.0114376 0.00762383 -6.3668 4.81487 -0.708705 11.7193 -4.37076 -2.1799 -4.90382 -11.4479 -0.313881 -0.85854 -2.18815 -2.76173 -5.41132 -0.81551 2.48392
internal_weight=370405 17304 2218 116 15086 249 153 353101 1425 1373 469 904 845 351676 351397 306 279 155 124 415 312 245 101 144 739 599 233 179 2102 386
internal_count=370405 17304 2218 116 15086 249 153 353101 1425 1373 469 904 845 351676 351397 306 279 155 124 415 312 245 101 144 739 599 233 179 2102 386
is_linear=0
shrinkage=0.05


Tree=215
num_leaves=31
num_cat=0
split_feature=8 8 1 9 3 9 9 0 11 0 0 3 10 3 11 8 3 11 11 10 11 10 11 11 0 9 1 0 0 10
split_gain=986765 5.10488e+06 6.92234e+06 7.46955e+06 6.66641e+06 6.0372e+06 9.08496e+06 9.32618e+06 6.59926e+06 5.86397e+06 6.22485e+06 5.18254e+06 4.17215e+06 4.07777e+06 3.89954e+06 3.81658e+06 3.2795e+06 6.80863e+06 3.14689e+06 3.29452e+06 2.99927e+06 4.74227e+06 5.17901e+06 3.43102e+06 3.43579e+06 4.53735e+06 2.95083e+06 2.82672e+06 2.71762e+06 5.34335e+06
threshold=1593.7250000000001 1518.4428571428573 1.0000000180025095e-35 1554.7928333333336 105.50000000000001 1734.5108333333335 1917.6366666666668 11.500000000000002 25929.405000000002 9.5000000000000018 19.500000000000004 59.500000000000007 1645.116666666667 42.500000000000007 9772.4500000000025 1554.1278571428572 87.500000000000014 12943.180000000002 10301.915000000003 2071.4333333333338 38560.455000000009 1987.5500000000002 18339.145 14742.730000000001 7.5000000000000009 1307.0473333333337 3.5000000000000004 18.500000000000004 10.500000000000002 2132.4000000000005
decision_type=2 2 2 2 2 2 2 2 2 2 2 2 2 2 2 2 2 2 2 2 2 2 2 2 2 2 2 2 2 2
left_child=1 -1 11 20 5 8 9 15 14 -7 -11 12 -3 -9 -5 -8 -13 -18 19 -6 21 23 -23 24 25 -4 -25 -16 -20 -30
right_child=-2 2 3 4 18 6 7 13 -10 10 -12 16 -14 -15 27 -17 17 -19 28 -21 -22 22 -24 26 -26 -27 -28 -29 29 -31
leaf_value=-0.0017029062165059387 -0.29825200296789545 1.7722261446129002 0.81160205102735949 19.546501863461273 2.4138685379028324 -11.977934572242555 14.12096184743962 11.472424556149377 26.840520207474874 13.870208324399997 -6.8159005124460563 11.892396034692464 -14.426261944883931 -7.9587593440656308 -2.9103038560776486 31.66710482684049 7.7784703921049072 -13.953497550736612 -2.2231158623328575 -15.478238764349022 6.9462070278059223 -21.949991165161137 -1.8395890825250178 2.0697463885758274 1.0580830336113192 19.790473905578256 -8.1222662264787697 12.758370056242313 -3.8901787414550784 17.268414862091475
leaf_weight=340571 27106 56 62 65 50 84 71 54 82 81 66 57 137 54 63 55 78 67 104 53 156 50 89 129 428 64 158 53 50 74
leaf_count=340571 27106 56 62 65 50 84 71 54 82 81 66 57 137 54 63 55 78 67 104 53 156 50 89 129 428 64 158 53 50 74
internal_value=-0.00782598 0.0151145 2.22652 3.32307 6.344 9.01895 5.59464 12.5385 15.0733 -1.43943 4.58257 -3.86696 -9.72618 1.75683 9.74236 21.78 1.7312 -2.2632 0.460714 -6.79275 0.506896 -0.518137 -9.07355 0.895896 3.19453 10.4517 -3.54119 4.24866 3.7375 8.73672
internal_weight=370267 343161 2590 2195 1059 728 465 234 263 231 147 395 193 108 181 126 202 145 331 103 1136 980 139 841 554 126 287 116 228 124
internal_count=370267 343161 2590 2195 1059 728 465 234 263 231 147 395 193 108 181 126 202 145 331 103 1136 980 139 841 554 126 287 116 228 124
is_linear=0
shrinkage=0.05


Tree=216
num_leaves=31
num_cat=0
split_feature=1 11 10 8 0 9 10 8 11 8 11 11 0 11 10 3 8 11 0 8 9 11 3 8 11 9 3 10 11 9
split_gain=763368 3.72948e+06 4.41049e+06 1.58516e+06 9.98846e+06 1.53572e+06 6.11774e+06 4.75749e+06 5.72401e+06 6.0527e+06 4.31709e+06 4.25013e+06 4.07645e+06 3.51388e+06 3.31675e+06 3.19922e+06 2.98466e+06 3.8753e+06 3.19189e+06 2.60534e+06 1.1244e+07 7.02271e+06 5.95569e+06 5.84192e+06 7.8754e+06 6.19668e+06 9.32964e+06 7.38606e+06 5.70047e+06 5.63337e+06
threshold=1.0000000180025095e-35 65821.285000000018 2303.4000000000005 3218.1678571428579 17.500000000000004 1270.8481666666669 2176.9166666666674 839.72071428571439 13348.465000000002 810.34000000000026 7223.3450000000003 4959.9500000000007 12.500000000000002 59.615000000000002 2111.3500000000008 83.500000000000014 891.91357142857157 8471.0000000000018 13.500000000000002 1632.2000000000003 2336.8835000000004 23225.890000000003 273.50000000000006 1518.4428571428573 3815.8050000000007 1519.3770000000002 18.500000000000004 2176.9166666666674 12198.740000000002 2530.8520000000003
decision_type=2 2 2 2 2 2 2 2 2 2 2 2 2 2 2 2 2 2 2 2 2 2 2 2 2 2 2 2 2 2
left_child=1 3 -3 -1 -5 6 14 8 9 10 11 12 -7 -9 -2 -10 17 -15 -19 20 23 22 -22 -18 -25 -26 27 -27 -28 -23
right_child=5 2 -4 4 -6 7 -8 13 15 -11 -12 -13 -14 16 -16 -17 19 18 -20 -21 21 29 -24 24 25 26 28 -29 -30 -31
leaf_value=-0.12653498445782885 0.0016360421736049001 4.4296472028449729 -12.755089481261152 9.6937129834065079 -16.088957258288783 -1.196355911448032 -15.220519998218075 -11.624506855010987 -8.1496395289379624 22.185851476192475 11.11362417485263 -6.2880063297512301 15.312381145651912 3.4917952615920811 12.281323321949353 4.0785576024055485 0.58089721717053833 -2.5235949594466414 -18.170035351842113 -0.0085560330044149695 -6.8141577511490468 -24.918652757391872 12.856664527595044 -9.0957001989934501 0.54663913665345565 7.7875195799202759 -0.097225482775530683 34.01093683242798 6.7070104778851913 -4.170540546929395
leaf_weight=53163 281343 54 121 65 89 79 66 62 115 60 185 111 71 73 55 100 9360 61 70 21298 167 83 50 123 899 58 436 50 1047 54
leaf_count=53163 281343 54 121 65 89 79 66 62 115 60 185 111 71 73 55 100 9360 61 70 21298 167 83 50 123 899 58 436 50 1047 54
internal_value=0.00955225 -0.165127 -7.45237 -0.141208 -5.20666 0.0391146 0.000466161 0.353403 4.37242 7.27642 5.27067 1.12911 6.61778 0.267902 0.00403614 -2.46211 0.289697 -5.73991 -10.8843 0.326278 0.904789 -7.87737 -2.28171 1.16445 3.25478 3.86486 5.73983 19.928 4.70657 -16.7406
internal_weight=369568 53492 175 53317 154 316076 281464 34612 721 506 446 261 150 33891 281398 215 33829 204 131 33625 12327 354 217 11973 2613 2490 1591 108 1483 137
internal_count=369568 53492 175 53317 154 316076 281464 34612 721 506 446 261 150 33891 281398 215 33829 204 131 33625 12327 354 217 11973 2613 2490 1591 108 1483 137
is_linear=0
shrinkage=0.05


Tree=217
num_leaves=31
num_cat=0
split_feature=8 3 1 10 3 8 0 3 3 1 9 9 10 1 10 3 3 0 0 0 10 3 10 3 10 3 1 3 10 10
split_gain=888801 2.9752e+06 4.07287e+06 1.00691e+07 8.84982e+06 5.79104e+06 6.66641e+06 4.70733e+06 4.83793e+06 4.3068e+06 8.5201e+06 4.42175e+06 4.3818e+06 8.13644e+06 3.57772e+06 3.0294e+06 5.23579e+06 2.8203e+06 5.09193e+06 2.63944e+06 3.73684e+06 2.57358e+06 1.0563e+07 6.28114e+06 4.38747e+06 6.50929e+06 2.47938e+06 2.29159e+06 4.03523e+06 1.9835e+06
threshold=2899.4528571428577 56.500000000000007 4.5000000000000009 2609.7166666666667 9.5000000000000018 3218.1678571428579 23.500000000000004 9.5000000000000018 25.500000000000004 1.0000000180025095e-35 2530.8520000000003 2194.8705000000004 2762.7666666666669 2.5000000000000004 2872.6833333333338 126.50000000000001 266.50000000000006 21.500000000000004 18.500000000000004 15.500000000000002 2955.1166666666672 5.5000000000000009 2577.1000000000004 7.5000000000000009 2494.5000000000005 40.500000000000007 2.5000000000000004 65.500000000000014 2519.2500000000005 2720.4666666666672
decision_type=2 2 2 2 2 2 2 2 2 2 2 2 2 2 2 2 2 2 2 2 2 2 2 2 2 2 2 2 2 2
left_child=-1 2 5 4 -4 6 21 9 -9 -7 11 -11 13 -13 -12 17 -17 18 26 -18 -21 22 -2 -23 -25 -26 -3 -19 -29 -5
right_child=1 15 3 29 -6 7 -8 8 -10 10 14 12 -14 -15 -16 16 19 27 -20 20 -22 23 -24 24 25 -27 -28 28 -30 -31
leaf_value=-0.0038072913938374977 -18.12519216083345 1.0622479334744541 -3.2387280677595451 10.30301029290726 -23.519605801230984 -14.134683635499744 16.671695891293613 18.448380926543592 -3.2252382993698121 3.736418164640233 15.99528032490905 -4.4294492176600864 -0.32204954294057997 -29.197607983483209 -0.51543810719349348 -10.446179360928744 11.093098208537469 3.6301231477167697 -3.8205514285029198 4.0284800771602809 -10.79054447923388 17.135512610844202 11.188492867151897 9.1904895606793868 -12.27014872560796 9.3890605220088243 14.565759246268968 4.4604275391318584 22.558350789887566 -0.033858312834177583
leaf_weight=367733 63 55 124 67 95 90 99 51 52 69 71 70 65 63 61 92 78 77 147 177 56 77 60 95 97 54 89 55 70 151
leaf_count=367733 63 55 124 67 95 90 99 51 52 69 71 70 65 63 61 92 78 77 147 177 56 77 60 95 97 54 89 55 70 151
internal_value=0.00254213 0.947843 -0.361432 -4.46402 -12.0364 1.21538 4.93442 -2.2084 7.50636 -4.25466 -2.02609 -7.16341 -10.9618 -16.1617 8.36533 3.24784 0.0322175 5.87644 2.72562 3.13194 0.466826 2.32905 -3.82583 4.67287 0.771957 -4.52447 9.40817 10.4155 14.5953 3.14307
internal_weight=370203 2470 1574 437 219 1137 545 592 103 489 399 267 198 133 132 896 403 493 291 311 233 446 123 323 246 151 144 202 125 218
internal_count=370203 2470 1574 437 219 1137 545 592 103 489 399 267 198 133 132 896 403 493 291 311 233 446 123 323 246 151 144 202 125 218
is_linear=0
shrinkage=0.05


Tree=218
num_leaves=31
num_cat=0
split_feature=9 10 8 11 11 11 0 1 8 0 3 0 8 8 11 0 8 11 3 0 0 0 3 0 0 10 11 9 0 10
split_gain=962750 3.14077e+06 5.78705e+06 3.32965e+06 7.6341e+06 4.3646e+06 3.50103e+06 3.11546e+06 8.73616e+06 7.40964e+06 6.29621e+06 9.48327e+06 6.06482e+06 7.585e+06 1.05384e+07 1.20417e+07 5.79104e+06 5.27839e+06 5.94404e+06 5.1365e+06 6.43136e+06 8.45474e+06 1.56492e+07 4.66412e+06 4.78775e+06 8.03468e+06 6.02363e+06 5.77371e+06 4.55946e+06 4.48716e+06
threshold=2194.8705000000004 2198.5166666666669 2899.4528571428577 22071.445000000003 15243.790000000003 7629.005000000001 21.500000000000004 3.5000000000000004 1145.382142857143 2.5000000000000004 27.500000000000004 3.5000000000000004 2266.1771428571433 2430.840714285715 24530.555000000004 23.500000000000004 1925.7600000000002 42026.485000000008 6.5000000000000009 19.500000000000004 21.500000000000004 25.500000000000004 82.500000000000014 9.5000000000000018 20.500000000000004 2680.8833333333337 11846.610000000002 2530.8520000000003 6.5000000000000009 2720.4666666666672
decision_type=2 2 2 2 2 2 2 2 2 2 2 2 2 2 2 2 2 2 2 2 2 2 2 2 2 2 2 2 2 2
left_child=-1 2 3 4 5 6 -2 8 -3 29 17 -12 16 14 15 -14 -13 23 -19 -15 -21 -22 -23 28 25 -25 -26 -28 -9 -10
right_child=1 7 -4 -5 -6 -7 -8 10 9 -11 11 12 13 19 -16 -17 -18 18 -20 20 21 22 -24 24 26 -27 27 -29 -30 -31
leaf_value=-0.0050026356927947054 -1.5560712285761564 -18.644790820641951 -9.0425055639067704 18.510956412441328 -9.2975217446888969 16.95621841011139 13.639977238541944 7.5599829957455018 1.1100179636005787 -1.0066342993574231 -11.430126576622328 0.34816303055646808 -7.8721039000801412 5.1437029702344326 2.468247341156006 -37.263628107070922 7.0662139244960276 -12.302798857869981 6.3033499621330424 -9.7886121043360053 12.531749196574092 -20.63117711360638 3.664136406925858 -7.5329595097724127 23.45321354866028 11.537500753710347 -3.2786039386076085 17.289519821970085 25.515232050418856 11.368114871468711
leaf_weight=361753 106 66 67 53 73 104 59 79 227 3858 162 688 115 396 125 50 601 79 94 191 120 91 244 136 64 93 85 57 64 201
leaf_count=361753 106 66 67 53 73 104 59 79 227 3858 162 688 115 396 125 50 601 79 94 191 120 91 244 136 64 93 85 57 64 201
internal_value=0.00724781 0.53811 4.54497 6.84968 5.04252 8.93406 3.87767 0.303369 -0.592184 -0.314193 1.40621 0.309885 1.03552 -1.33051 -8.48256 -16.7786 3.48047 5.46889 -2.1931 0.659984 -2.08855 1.14378 -2.93549 7.76219 5.18697 0.211813 10.7176 4.97761 15.5959 5.92749
internal_weight=370101 8348 462 395 342 269 165 7886 4352 4286 3534 2783 2621 1332 290 165 1289 751 173 1042 646 455 335 578 435 229 206 142 143 428
internal_count=370101 8348 462 395 342 269 165 7886 4352 4286 3534 2783 2621 1332 290 165 1289 751 173 1042 646 455 335 578 435 229 206 142 143 428
is_linear=0
shrinkage=0.05


Tree=219
num_leaves=31
num_cat=0
split_feature=11 0 10 0 10 10 10 6 10 3 1 3 8 10 1 1 10 0 3 0 0 10 11 10 8 11 10 8 10 10
split_gain=731019 2.58571e+06 2.55543e+06 4.67508e+06 2.54855e+06 2.48919e+06 3.53925e+06 3.01429e+06 2.22694e+06 3.23898e+06 4.63327e+06 3.09027e+06 2.13064e+06 2.4555e+06 1.72188e+06 1.76036e+06 3.29654e+06 1.6403e+06 1.47464e+06 1.43674e+06 1.13616e+06 749928 747597 3.78716e+06 4.29926e+06 9.9034e+06 6.75833e+06 3.53238e+06 6.03493e+06 7.77402e+06
threshold=65821.285000000018 28.500000000000004 3076.1000000000008 14.500000000000002 2955.1166666666672 2812.8500000000008 2762.7666666666669 1.5000000000000002 2641.9333333333338 18.500000000000004 5.5000000000000009 13.500000000000002 2078.5514285714294 2519.2500000000005 3.5000000000000004 2.5000000000000004 2241.0833333333335 16.500000000000004 62.500000000000007 19.500000000000004 12.500000000000002 2303.4000000000005 11846.610000000002 1509.116666666667 656.94785714285729 6719.0800000000008 1708.4333333333336 3218.1678571428579 2872.6833333333338 2762.7666666666669
decision_type=2 2 2 2 2 2 2 2 2 2 2 2 2 2 2 2 2 2 2 2 2 2 2 2 2 2 2 2 2 2
left_child=22 2 4 -4 5 6 7 8 9 11 12 17 13 14 15 16 -11 -2 -9 -16 -10 -3 23 -1 25 26 -25 -26 29 -29
right_child=1 21 3 -5 -6 -7 -8 18 20 10 -12 -13 -14 -15 19 -17 -18 -19 -20 -21 -22 -23 -24 24 27 -27 -28 28 -30 -31
leaf_value=-0.0080995393327180035 7.638417502549979 -0.60148608100180534 -14.020671038841133 5.5536118984222416 12.588455180798547 -6.2508428534796074 15.444609354056565 4.0781148540439895 -10.930589531018185 12.471082299254661 -6.162309320605531 -12.736695739958023 15.109069965834971 -4.0041617274284365 6.3102473860201629 15.914675633293209 -2.5836327053251722 -3.5863514324714396 14.870113878250123 -3.3153035605131693 -1.1735089306320463 -8.2376364992952897 -0.18881119329478746 9.1685290428308335 0.83632488940293559 16.283877170846818 -12.998691951412045 -4.4792569236601549 -18.057363677592505 15.322289433721771
leaf_weight=309476 52 51 67 56 59 86 51 67 52 86 98 63 54 70 92 66 63 87 60 67 70 87 44869 65 13832 141 73 310 63 59
leaf_count=309476 52 51 67 56 59 86 51 67 52 86 98 63 54 70 92 66 63 87 60 67 70 87 44869 65 13832 141 73 310 63 59
internal_value=0.00695361 1.10704 1.76599 -5.1088 2.44628 1.94088 2.58249 1.95597 0.959195 1.92105 3.77554 -3.55063 5.73118 4.59063 6.19928 9.1168 6.10567 0.612843 9.1767 2.2542 -5.33226 -5.41558 0.00246842 0.0289561 0.817504 6.96443 -2.55761 0.697271 -3.75502 -1.31316
internal_weight=370392 1504 1366 123 1243 1184 1098 1047 920 798 596 202 498 444 374 215 149 139 127 159 122 138 368888 324019 14543 279 138 14264 432 369
internal_count=370392 1504 1366 123 1243 1184 1098 1047 920 798 596 202 498 444 374 215 149 139 127 159 122 138 368888 324019 14543 279 138 14264 432 369
is_linear=0
shrinkage=0.05


Tree=220
num_leaves=31
num_cat=0
split_feature=0 11 9 0 11 10 0 10 8 10 10 9 3 10 10 8 8 3 9 10 6 9 8 11 9 11 8 1 11 0
split_gain=859850 1.59844e+06 7.27063e+06 6.12486e+06 3.29594e+06 7.74837e+06 5.99778e+06 4.76528e+06 5.45472e+06 4.72622e+06 4.56626e+06 5.43907e+06 3.81355e+06 3.80989e+06 4.31744e+06 5.67722e+06 6.13711e+06 2.92416e+06 2.80515e+06 2.66116e+06 8.71707e+06 4.9689e+06 4.34349e+06 5.27306e+06 4.75602e+06 4.40318e+06 3.986e+06 5.63403e+06 5.21497e+06 5.68781e+06
threshold=8.5000000000000018 55972.670000000006 1957.9808333333337 5.5000000000000009 42026.485000000008 2071.4333333333338 3.5000000000000004 1809.7666666666669 810.34000000000026 2303.4000000000005 2680.8833333333337 1957.9808333333337 54.500000000000007 2348.0500000000006 2418.9166666666674 2133.8221428571437 1451.2592857142861 50.500000000000007 1734.5108333333335 2031.3000000000002 2.5000000000000004 1957.9808333333337 2266.1771428571433 12557.920000000002 1554.7928333333336 17684.070000000003 1593.7250000000001 5.5000000000000009 9286.6000000000022 5.5000000000000009
decision_type=2 2 2 2 2 2 2 2 2 2 2 2 2 2 2 2 2 2 2 2 2 2 2 2 2 2 2 2 2 2
left_child=1 4 -3 -4 19 7 9 8 -6 -7 11 -11 -9 18 -15 16 -16 -5 -8 -1 21 22 24 -24 -21 -25 27 28 29 -23
right_child=-2 2 3 17 5 6 13 12 -10 10 -12 -13 -14 14 15 -17 -18 -19 -20 20 -22 26 23 25 -26 -27 -28 -29 -30 -31
leaf_value=-0.07841504259599108 0.043438052893018747 2.1253278060560059 -2.5447273797126275 -26.023585984826088 -10.319232606176122 13.315276073492491 9.2888856168063185 -12.950740454318751 6.2618178802791071 0.15578680098056796 4.9078060385886211 -21.717418244591467 2.3452553206476674 25.744522390127187 20.199248813629154 20.962295600771906 -0.15136176189342579 -10.454458003295095 -7.1374884773703187 1.3267723813034973 -15.140196968208659 -13.1776845488055 13.343103028668299 -13.606574141520722 -4.5400410445868022 5.8479598486062256 -0.46514435774036528 -4.9069770616112338 10.415091862724823 7.7973504784989034
leaf_weight=90427 271962 389 199 50 67 52 53 137 191 60 89 54 58 50 50 80 143 76 51 434 110 58 90 52 1693 66 2552 132 309 73
leaf_count=90427 271962 389 199 50 67 52 53 137 191 60 89 54 58 50 50 80 143 76 51 434 110 58 90 52 1693 66 2552 132 309 73
internal_value=-0.00229277 -0.129402 -2.48651 -8.00652 -0.112076 2.56653 5.93346 -2.50245 1.95589 -0.134134 -3.5793 -10.2052 -8.40116 9.55697 12.2369 9.76301 5.12082 -16.6327 1.23364 -0.143746 -1.20456 -0.923754 -2.66859 4.22742 -3.34296 -2.72522 0.380408 4.15287 6.87083 -1.48931
internal_weight=369807 97845 714 325 97131 1135 682 453 258 255 203 114 195 427 323 273 193 126 104 95996 5569 5459 2335 208 2127 118 3124 572 440 131
internal_count=369807 97845 714 325 97131 1135 682 453 258 255 203 114 195 427 323 273 193 126 104 95996 5569 5459 2335 208 2127 118 3124 572 440 131
is_linear=0
shrinkage=0.05


Tree=221
num_leaves=31
num_cat=0
split_feature=11 10 8 10 10 6 3 0 10 10 9 9 8 11 0 9 10 1 10 8 0 9 11 1 9 11 11 8 8 3
split_gain=898653 1.7115e+06 3.32837e+06 2.83857e+06 7.45918e+06 1.1487e+06 1.06148e+06 1.69153e+06 1.35918e+06 1.33112e+06 3.51014e+06 1.06794e+06 1.79115e+06 1.72078e+06 1.04812e+06 1.02975e+06 1.36425e+06 1.00284e+06 2.09717e+06 6.12999e+06 8.4703e+06 6.09314e+06 5.93671e+06 8.47602e+06 4.61645e+06 4.09516e+06 2.1841e+06 3.45775e+06 4.72245e+06 6.18692e+06
threshold=2029.8350000000003 2577.1000000000004 2537.0064285714293 2282.6333333333337 2111.3500000000008 4.5000000000000009 259.50000000000006 26.500000000000004 308.16666666666669 1987.5500000000002 1768.4196666666669 1412.969166666667 647.82000000000005 1070.1650000000002 8.5000000000000018 360.54366666666675 785.16666666666686 5.5000000000000009 3076.1000000000008 2133.8221428571437 16.500000000000004 2336.8835000000004 25929.405000000002 2.5000000000000004 2530.8520000000003 24530.555000000004 25929.405000000002 951.38785714285734 1066.9100000000003 14.500000000000002
decision_type=2 2 2 2 2 2 2 2 2 2 2 2 2 2 2 2 2 2 2 2 2 2 2 2 2 2 2 2 2 2
left_child=1 2 3 4 5 6 9 8 -8 10 -1 12 -10 14 -14 -9 -17 18 26 21 22 -20 -21 -24 -22 -26 -2 -28 29 -29
right_child=17 -3 -4 -5 -6 -7 7 15 11 -11 -12 -13 13 -15 -16 16 -18 -19 19 20 24 -23 23 -25 25 -27 27 28 -30 -31
leaf_value=0.33754770425832581 -0.10603456967135916 -8.911997877876713 10.207562054380958 10.853918296000998 -16.490690898895263 -0.015231419243968229 0.8671571957105132 -0.60101299243313933 -0.87407787279060245 7.429267437169047 -12.077042242204934 5.6824428450253057 -5.2513365632609315 -0.53280097143990657 -14.22061946935821 2.6501336049374196 -5.3897316106728148 -0.36837231084954053 -1.4083959195520972 2.7699935210717692 15.388543995810146 16.241166814138641 -0.54586614767710373 -27.256722726063295 7.4453253770501995 -8.6969091351352521 -1.2779022070221422 -8.1425492320741935 0.61786702507451841 6.2338753154952045
leaf_weight=52070 146082 53 81 61 68 122708 1196 504 4807 66 57 59 76 105 57 913 56 26607 77 74 81 134 54 66 95 67 2202 84 11233 686
leaf_count=52070 146082 53 81 61 68 122708 1196 504 4807 66 57 59 76 105 57 913 56 26607 77 74 81 134 54 66 95 67 2202 84 11233 686
internal_value=-0.00710526 0.0717413 0.0743448 0.0698548 0.066255 0.0724183 0.251775 -0.293335 -0.649989 0.332957 0.323973 -1.0055 -1.08371 -5.31774 -9.09531 1.23207 2.1855 -0.0840158 -0.0370038 2.80172 -0.577473 9.80033 -8.36825 -15.2368 5.64233 0.769216 -0.04848 0.543402 0.877528 4.66554
internal_weight=370479 182937 182884 182803 182742 182674 59966 7773 6300 52193 52127 5104 5045 238 133 1473 969 187542 160935 648 437 211 194 120 243 162 160287 14205 12003 770
internal_count=370479 182937 182884 182803 182742 182674 59966 7773 6300 52193 52127 5104 5045 238 133 1473 969 187542 160935 648 437 211 194 120 243 162 160287 14205 12003 770
is_linear=0
shrinkage=0.05


Tree=222
num_leaves=31
num_cat=0
split_feature=11 0 10 8 9 0 1 10 10 10 8 10 0 8 10 9 8 0 0 10 11 8 10 10 10 10 8 11 11 0
split_gain=2.05456e+06 5.29575e+06 3.98036e+06 3.73927e+06 4.69458e+06 2.80034e+06 4.87557e+06 4.06253e+06 4.93781e+06 4.71699e+06 2.62043e+06 2.55661e+06 3.46908e+06 3.39094e+06 9.26132e+06 6.96335e+06 5.46826e+06 2.00249e+06 1.47191e+06 812636 701482 1.80418e+06 9.9988e+06 2.5987e+06 7.69082e+06 1.24344e+06 3.13116e+06 2.34872e+06 1.6452e+06 1.44074e+06
threshold=65821.285000000018 25.500000000000004 2762.7666666666669 2024.3085714285717 1412.969166666667 12.500000000000002 1.0000000180025095e-35 2519.2500000000005 2720.4666666666672 2348.0500000000006 1326.9885714285717 1987.5500000000002 14.500000000000002 2537.0064285714293 2812.8500000000008 1841.156666666667 1669.8157142857144 7.5000000000000009 20.500000000000004 2418.9166666666674 2029.8350000000003 2537.0064285714293 2261.6500000000001 2282.6333333333337 2111.3500000000008 1945.2500000000002 1750.47 784.61000000000013 1485.9950000000001 18.500000000000004
decision_type=2 2 2 2 2 2 2 2 2 2 2 2 2 2 2 2 2 2 2 2 2 2 2 2 2 2 2 2 2 2
left_child=20 5 3 4 -3 6 -2 9 -9 10 -8 -7 -13 14 15 16 -14 -10 -17 -6 21 23 -23 24 25 26 -1 -28 -27 -29
right_child=1 2 -4 -5 19 11 7 8 17 -11 -12 12 13 -15 -16 18 -18 -19 -20 -21 -22 22 -24 -25 -26 28 27 29 -30 -31
leaf_value=0.065287882731573724 -11.97454591519905 -14.251247049147082 7.4215053915977478 -16.477638714555379 5.6949066421924499 14.096385790426522 9.74289099816923 -12.632213621298472 7.6460541289785642 16.117602139252885 -4.6235756267200818 14.191143122805824 5.6975751290062693 11.173437146751247 -18.033454830305917 6.9967630285965772 -11.112285172604444 -4.4137162121859461 17.75155929459466 -2.3286770867289239 -0.07417243265041959 23.011706166505817 -7.1499694141696715 8.8523199477011243 -15.952117432594299 -0.81663451882509086 1.7632575416564942 -17.408019622868181 11.701367979370199 -5.5231901044939082
leaf_weight=182291 66 62 64 69 78 79 54 75 92 91 77 79 106 98 56 57 89 55 72 53 185830 50 61 84 75 52 50 51 53 51
leaf_count=182291 66 62 64 69 78 79 54 75 92 91 77 79 106 98 56 57 89 55 72 53 185830 50 61 84 75 52 50 51 53 51
internal_value=0.00168222 1.86596 -3.75698 -6.4876 -2.91603 3.4655 0.70539 2.59025 -2.19249 7.37298 1.29848 5.6788 4.48492 2.88075 0.742115 3.98728 -1.97462 3.1339 12.9994 2.44872 -0.00576178 0.063776 6.43637 0.0599044 0.0558602 0.0624371 0.0593065 -7.11401 5.50198 -11.4656
internal_weight=370120 1472 326 262 193 1146 510 444 222 222 131 636 557 478 380 324 195 147 129 131 368648 182818 111 182707 182623 182548 182443 152 105 102
internal_count=370120 1472 326 262 193 1146 510 444 222 222 131 636 557 478 380 324 195 147 129 131 368648 182818 111 182707 182623 182548 182443 152 105 102
is_linear=0
shrinkage=0.05


Tree=223
num_leaves=31
num_cat=0
split_feature=8 11 9 9 9 10 10 8 1 0 0 9 9 8 11 1 0 6 10 10 9 0 9 8 8 11 8 8 10 11
split_gain=813593 3.91384e+06 3.09306e+06 4.83837e+06 4.0975e+06 5.17097e+06 7.6929e+06 4.80414e+06 3.80851e+06 7.58635e+06 3.97055e+06 4.77756e+06 1.09429e+07 3.57195e+06 4.13801e+06 5.7031e+06 4.40686e+06 4.50691e+06 4.16219e+06 3.52555e+06 3.51867e+06 3.37589e+06 6.21338e+06 5.7075e+06 6.71551e+06 5.40681e+06 5.47349e+06 6.91967e+06 3.96804e+06 4.00109e+06
threshold=1593.7250000000001 59.615000000000002 1841.156666666667 2336.8835000000004 1804.4843333333336 2494.5000000000005 2282.6333333333337 1418.4021428571432 1.0000000180025095e-35 28.500000000000004 28.500000000000004 1880.9296666666669 1957.9808333333337 1518.4428571428573 11502.295000000002 5.5000000000000009 4.5000000000000009 1.5000000000000002 2261.6500000000001 2220.0000000000005 1998.7498333333335 9.5000000000000018 1957.9808333333337 1017.3635714285716 1483.5285714285715 14742.730000000001 1174.069285714286 1418.4021428571432 2282.6333333333337 22071.445000000003
decision_type=2 2 2 2 2 2 2 2 2 2 2 2 2 2 2 2 2 2 2 2 2 2 2 2 2 2 2 2 2 2
left_child=2 -2 4 8 -1 6 7 -6 10 13 11 -4 -13 14 15 16 -10 18 -18 -17 -11 22 -16 -23 25 -25 -27 28 -28 -30
right_child=1 -3 3 -5 5 -7 -8 -9 9 20 -12 12 -14 -15 21 19 17 -19 -20 -21 -22 23 -24 24 -26 26 27 -29 29 -31
leaf_value=0.014006573319533727 -13.467034770122595 -0.23497038580202489 -15.912683220232948 -3.2369849746121844 1.4162042787469971 9.2667666597186393 -23.575536279600176 -12.548021649832677 -2.2837106438933827 -15.452266209834333 12.232908071517945 12.310658303862912 -5.3885300018248108 8.660562320735357 -3.2360737670551654 -7.8039361546548562 21.708831940705963 1.097605233952619 8.7096893748666488 8.6840516081043315 1.4252052037221081 -15.807164571244838 9.3495511292528217 -10.806960223271297 -14.050176555522976 18.029643586598912 9.6646242355858831 12.824494705376802 -17.224545448797723 -1.219015792498352
leaf_weight=339741 56 26994 59 441 163 53 61 99 61 74 50 118 336 365 154 89 130 69 117 51 53 59 270 65 69 65 54 108 54 141
leaf_count=339741 56 26994 59 441 163 53 61 99 61 74 50 118 336 365 154 89 130 69 117 51 53 59 270 65 69 65 54 108 54 141
internal_value=0.00164265 -0.262364 0.0224527 1.6071 0.00823312 -5.20846 -7.58365 -3.86035 2.42527 3.42649 -1.21686 -2.52775 -0.7883 4.20895 3.16471 6.82001 10.0202 12.3953 15.5513 -1.7976 -8.40891 1.34585 4.77836 -1.02062 0.548454 2.61684 4.68449 2.2547 -2.32979 -5.65132
internal_weight=370219 27050 343169 3052 340117 376 323 262 2611 2048 563 513 454 1921 1556 517 377 316 247 140 127 1039 424 615 556 487 422 357 249 195
internal_count=370219 27050 343169 3052 340117 376 323 262 2611 2048 563 513 454 1921 1556 517 377 316 247 140 127 1039 424 615 556 487 422 357 249 195
is_linear=0
shrinkage=0.05


Tree=224
num_leaves=31
num_cat=0
split_feature=8 11 11 10 11 3 11 11 11 10 10 10 3 3 0 9 3 9 9 11 0 0 9 0 8 10 10 11 8 10
split_gain=906438 2.56231e+06 2.28771e+06 5.21124e+06 2.96213e+06 8.3006e+06 5.36956e+06 2.38072e+06 3.52594e+06 7.6169e+06 8.23871e+06 6.01388e+06 7.84655e+06 5.66222e+06 4.95383e+06 4.80436e+06 2.74121e+06 1.64683e+06 4.26271e+06 7.77609e+06 4.38731e+06 4.1537e+06 4.1095e+06 8.5635e+06 1.22059e+07 6.80721e+06 8.34696e+06 5.82545e+06 7.07058e+06 5.1355e+06
threshold=2430.840714285715 967.06500000000017 2358.3650000000002 2241.0833333333335 3139.3800000000006 51.500000000000007 3410.4700000000003 4269.5250000000005 6599.3550000000005 2010.5333333333335 2548.1500000000001 2220.0000000000005 12.500000000000002 76.500000000000014 19.500000000000004 2041.4540000000004 33.500000000000007 2422.4765000000002 2703.9491666666668 42026.485000000008 7.5000000000000009 8.5000000000000018 2336.8835000000004 9.5000000000000018 1632.2000000000003 2812.8500000000008 2324.1500000000001 23225.890000000003 2266.1771428571433 2872.6833333333338
decision_type=2 2 2 2 2 2 2 2 2 2 2 2 2 2 2 2 2 2 2 2 2 2 2 2 2 2 2 2 2 2
left_child=17 -2 3 -3 5 -4 -6 16 9 -9 11 15 -13 -14 -12 -11 -8 22 21 20 -20 -19 -1 29 -25 26 -26 28 -28 -24
right_child=1 2 4 -5 6 -7 7 8 -10 10 14 12 13 -15 -16 -17 -18 18 19 -21 -22 -23 23 24 25 -27 27 -29 -30 -31
leaf_value=0.0016136489688672647 10.252921598045916 3.2962511231822358 19.799249766239754 -16.677316410386045 -16.714291827495284 -4.189183868596583 12.235170875896108 12.24604838558885 -0.345017010431386 -12.656499809961694 -5.1291369879117577 -30.027367694450149 1.0483302835007791 -17.534119942262002 12.079078458484851 8.1379204140334842 -0.75276671897533332 -0.76921847803602494 1.0217980547911591 10.557853004932404 -10.116644562071588 5.0112178553492184 0.23101728741485295 -24.908474427177794 -17.627924437749954 -18.822306771645181 14.292463929634394 -7.7268867849342291 -6.4189452734149874 18.128872087478637
leaf_weight=361223 54 62 65 69 52 81 77 61 5396 51 93 66 71 97 76 61 86 486 144 90 229 862 202 84 63 65 127 93 61 50
leaf_count=361223 54 62 65 69 52 81 77 61 5396 51 93 66 71 97 76 61 86 486 144 90 229 862 202 84 63 65 127 93 61 50
internal_value=-0.00898383 -0.593404 -0.684014 -7.22418 -0.548729 6.4906 -0.714842 -0.579231 -0.741955 -4.46049 -6.43933 -10.8591 -15.4196 -9.68082 2.60947 -1.33097 5.38264 0.00148751 1.5055 -2.63362 -5.81655 2.92717 -0.00603738 -3.71574 -7.54835 -3.98294 -1.17899 2.50885 7.57227 3.78218
internal_weight=370297 6518 6464 131 6333 146 6187 6135 5972 576 515 346 234 168 169 112 163 363779 1811 463 373 1348 361968 745 493 409 344 281 188 252
internal_count=370297 6518 6464 131 6333 146 6187 6135 5972 576 515 346 234 168 169 112 163 363779 1811 463 373 1348 361968 745 493 409 344 281 188 252
is_linear=0
shrinkage=0.05


Tree=225
num_leaves=31
num_cat=0
split_feature=9 1 0 10 8 3 10 3 10 0 8 0 10 1 0 8 8 9 0 10 0 8 3 8 9 9 1 3 10 10
split_gain=645339 3.69415e+06 5.1003e+06 7.53618e+06 7.01812e+06 4.51974e+06 7.36961e+06 5.23717e+06 5.09397e+06 4.88605e+06 6.75694e+06 7.83993e+06 5.33476e+06 7.72275e+06 4.62789e+06 4.33877e+06 4.03201e+06 3.83391e+06 4.03482e+06 9.74577e+06 6.93317e+06 3.51017e+06 4.40129e+06 5.4093e+06 1.02763e+07 5.61058e+06 1.05248e+07 8.06524e+06 5.7957e+06 5.6407e+06
threshold=2194.8705000000004 3.5000000000000004 3.5000000000000004 2371.4500000000003 1972.967142857143 27.500000000000004 2198.5166666666669 90.500000000000014 2241.0833333333335 19.500000000000004 2266.1771428571433 28.500000000000004 2955.1166666666672 5.5000000000000009 8.5000000000000018 1145.382142857143 3218.1678571428579 2530.8520000000003 25.500000000000004 2641.9333333333338 20.500000000000004 2899.4528571428577 2.5000000000000004 2693.3414285714293 2703.9491666666668 2336.8835000000004 2.5000000000000004 49.500000000000007 2176.9166666666674 2872.6833333333338
decision_type=2 2 2 2 2 2 2 2 2 2 2 2 2 2 2 2 2 2 2 2 2 2 2 2 2 2 2 2 2 2
left_child=-1 15 3 -3 -5 6 -4 8 -7 -10 -11 12 13 -12 -8 -2 21 -18 19 -19 -21 22 -17 25 -25 28 -27 -28 -24 -30
right_child=1 2 5 4 -6 7 14 -9 9 10 11 -13 -14 -15 -16 16 17 18 -20 20 -22 -23 23 24 -26 26 27 -29 29 -31
leaf_value=-0.0057791030068505937 -13.245836116689626 12.2881655282834 -11.328251386092882 -24.893813364235861 -3.9955440682819088 8.7759358061684516 17.586569006364424 3.5248074081895506 1.4095831765109912 1.5071581827017708 -2.6830398753631948 -26.520333393564769 4.4134669493603447 -19.464217306019968 5.4571829109406025 11.916919022136264 -8.6262702363326138 11.948057871973012 9.0544064236850286 -3.8179757874834443 -25.750191669464115 4.2220433290376036 15.107915574513127 -9.5889806415534675 12.911384976704916 0.15355862173837487 -26.301744878487511 -5.9996604693261721 0.60246270110959721 12.455373684849057
leaf_weight=361960 66 51 59 53 166 126 91 1283 646 276 172 53 93 114 579 72 266 71 82 129 50 488 89 329 60 1455 61 247 967 112
leaf_count=361960 66 51 59 53 166 126 91 1283 646 276 172 53 93 114 579 72 266 71 82 129 50 488 89 329 60 1455 61 247 967 112
internal_value=0.00422027 0.439974 1.59886 -5.02199 -9.05312 2.11078 5.61278 1.1868 -0.839996 -1.73483 -4.60389 -8.50817 -5.98932 -9.37204 7.10461 -0.519474 -0.331904 -4.15358 -0.570045 -3.72687 -9.94429 0.257107 -0.31332 -0.578554 -6.11849 0.156702 -1.62388 -10.0205 2.84434 1.83279
internal_weight=370266 8306 3762 270 219 3492 729 2763 1480 1354 708 432 379 286 670 4544 4478 598 332 250 179 3880 3392 3320 389 2931 1763 308 1168 1079
internal_count=370266 8306 3762 270 219 3492 729 2763 1480 1354 708 432 379 286 670 4544 4478 598 332 250 179 3880 3392 3320 389 2931 1763 308 1168 1079
is_linear=0
shrinkage=0.05


Tree=226
num_leaves=31
num_cat=0
split_feature=9 8 11 11 11 10 9 0 11 0 10 8 8 9 6 8 0 10 8 10 11 10 6 11 11 11 0 0 0 11
split_gain=1.41301e+06 2.38439e+06 2.34374e+06 7.49346e+06 4.84707e+06 3.50486e+06 4.32958e+06 5.6093e+06 5.83052e+06 5.30852e+06 4.66559e+06 3.91258e+06 3.41466e+06 2.91328e+06 4.95592e+06 3.67746e+06 3.73172e+06 3.40406e+06 6.91621e+06 2.98395e+06 2.46593e+06 2.1678e+06 2.03471e+06 3.05388e+06 5.28831e+06 3.45906e+06 4.44183e+06 5.49882e+06 4.16944e+06 3.58264e+06
threshold=2530.8520000000003 1295.9014285714288 12557.920000000002 13348.465000000002 11846.610000000002 2720.4666666666672 2703.9491666666668 24.500000000000004 27454.115000000002 10.500000000000002 2494.5000000000005 2266.1771428571433 2537.0064285714293 2703.9491666666668 1.5000000000000002 2078.5514285714294 11.500000000000002 2720.4666666666672 3218.1678571428579 2680.8833333333337 5302.5500000000011 2680.8833333333337 1.5000000000000002 35421.660000000011 29214.375000000004 22071.445000000003 22.500000000000004 5.5000000000000009 17.500000000000004 16431.460000000003
decision_type=2 2 2 2 2 2 2 2 2 2 2 2 2 2 2 2 2 2 2 2 2 2 2 2 2 2 2 2 2 2
left_child=-1 -2 4 -4 13 6 9 8 -8 11 -11 -5 -12 14 19 -15 21 -18 -19 20 -3 -17 23 24 25 26 27 -7 -27 -29
right_child=1 2 3 5 -6 22 7 -9 -10 10 12 -13 -14 15 -16 16 17 18 -20 -21 -22 -23 -24 -25 -26 28 -28 29 -30 -31
leaf_value=0.0052927826980800749 -9.2466805458068855 -10.845351241616642 19.821914461453758 1.0988776692028706 -13.931934552825988 6.5153876237571247 -2.0118250887444677 24.774703868829981 17.291645767439658 -11.645963176307472 13.127354126350554 19.627623306427683 -3.9876864797928757 -11.999572791704317 15.111394482689935 14.162044104823361 -12.126883892785935 10.847687653650212 -9.8821769019452539 6.4675200169974012 0.93690838608890781 1.1296940505504609 -5.9766395639565033 4.4989324404806448 -11.792135234432992 13.03605983584535 6.6117188428310643 -1.34489067258506 -1.2602507123760149 -16.936656105872427
leaf_weight=367541 54 68 60 58 64 60 94 53 67 92 51 56 68 82 74 54 84 79 82 137 128 78 118 379 99 102 94 58 102 101
leaf_count=367541 54 68 60 58 64 60 94 53 67 92 51 56 68 82 74 54 84 79 82 137 128 78 118 379 99 102 94 58 102 101
internal_value=0.0136586 1.15416 1.36674 2.46435 -0.653804 1.83393 5.14336 10.6658 6.0213 1.50703 -3.19003 10.2007 3.34733 0.32749 3.40721 -2.40333 -0.316082 -3.96747 0.28962 0.806278 -3.15081 6.46111 0.231251 0.967463 -1.20531 0.821956 -2.47981 -6.38211 5.8879 -11.2491
internal_weight=370237 2696 2642 1712 930 1652 539 214 161 325 211 114 119 866 407 459 377 245 161 333 196 132 1113 995 616 517 313 219 204 159
internal_count=370237 2696 2642 1712 930 1652 539 214 161 325 211 114 119 866 407 459 377 245 161 333 196 132 1113 995 616 517 313 219 204 159
is_linear=0
shrinkage=0.05


Tree=227
num_leaves=31
num_cat=0
split_feature=10 8 3 11 11 11 9 11 11 3 6 1 10 11 8 10 3 9 1 9 3 9 8 3 11 2 3 9 2 1
split_gain=845342 3.11967e+06 2.99017e+06 4.05969e+06 4.01581e+06 2.97916e+06 3.33001e+06 2.52178e+06 3.53236e+06 4.16212e+06 4.98807e+06 4.25479e+06 7.27846e+06 5.90665e+06 3.42569e+06 6.008e+06 7.6115e+06 2.87506e+06 4.29082e+06 5.0998e+06 5.03501e+06 5.12923e+06 3.90335e+06 3.74642e+06 2.6685e+06 2.61712e+06 2.98798e+06 2.42381e+06 1.79958e+06 2.99759e+06
threshold=2872.6833333333338 1295.9014285714288 7.5000000000000009 5744.1100000000015 15243.790000000003 25929.405000000002 2422.4765000000002 9286.6000000000022 12198.740000000002 268.50000000000006 1.5000000000000002 3.5000000000000004 2955.1166666666672 23225.890000000003 2899.4528571428577 2955.1166666666672 60.500000000000007 2041.4540000000004 4.5000000000000009 2194.8705000000004 30.500000000000004 2258.7413333333338 1879.7300000000002 55.500000000000007 45915.240000000013 1.0000000180025095e-35 46.500000000000007 2530.8520000000003 1.0000000180025095e-35 1.0000000180025095e-35
decision_type=2 2 2 2 2 2 2 2 2 2 2 2 2 2 2 2 2 2 2 2 2 2 2 2 2 2 2 2 2 2
left_child=-1 -2 4 -4 -3 -6 -7 -5 -9 10 14 13 -13 -11 17 -16 -17 23 20 -20 -19 -22 -23 -10 -14 26 -21 -12 29 -24
right_child=1 2 3 7 5 6 -8 8 9 11 27 12 24 -15 15 16 -18 18 19 25 21 22 28 -25 -26 -27 -28 -29 -30 -31
leaf_value=-0.0094742316538604741 11.054322514985055 -5.7631540980832332 11.447297183887379 -9.0670680325205737 17.955527210602394 12.455675969906707 -3.7617328516642257 9.6105136326189804 -0.56810221021825613 -23.785651617844902 18.164757883548738 -15.974925374031068 -1.0498705378749915 -4.2514806511205272 18.017513023723257 -10.663226806381603 11.220131078133218 -9.8797838157568236 -20.004809890747072 4.0940567278394511 12.059535402451118 12.135310254991055 -8.5697539223565009 -15.777088030497234 13.938137983506728 6.1990405559539798 -10.680792588454027 3.097576081051546 -7.5764577864214431 4.0844033375136801
leaf_weight=367886 74 58 74 82 65 67 60 89 88 60 56 50 57 109 66 81 78 78 50 51 137 64 63 75 62 64 104 51 86 182
leaf_count=367886 74 58 74 82 65 67 60 89 88 60 56 50 57 109 66 81 78 78 50 51 137 64 63 75 62 64 104 51 86 182
internal_value=-0.00352455 0.956056 0.617464 -0.0403314 5.76669 9.24966 4.79391 -0.491784 -0.101349 -0.606229 0.616528 -5.57685 0.0329921 -11.1867 -0.258952 5.33602 0.0720054 -1.46708 -0.33609 -5.59668 1.98375 3.72313 0.831776 -7.5661 6.75901 -2.30715 -5.81939 10.9832 -1.3538 0.830477
internal_weight=370167 2281 2207 1957 250 192 127 1883 1801 1712 1374 338 169 169 1267 225 159 1042 879 269 610 532 395 163 119 219 155 107 331 245
internal_count=370167 2281 2207 1957 250 192 127 1883 1801 1712 1374 338 169 169 1267 225 159 1042 879 269 610 532 395 163 119 219 155 107 331 245
is_linear=0
shrinkage=0.05


Tree=228
num_leaves=31
num_cat=0
split_feature=3 3 10 10 3 4 9 8 8 8 10 0 10 8 8 8 10 10 9 8 1 9 8 9 9 9 0 10 10 0
split_gain=809406 1.39914e+06 6.67583e+06 1.08337e+07 3.95367e+06 7.98049e+06 4.18922e+06 2.91027e+06 2.81813e+06 4.57616e+06 6.78666e+06 6.7524e+06 4.01099e+06 3.75163e+06 6.99912e+06 5.30346e+06 8.44643e+06 5.65755e+06 4.88962e+06 7.3095e+06 1.17997e+07 6.33048e+06 6.01474e+06 5.22125e+06 8.02337e+06 4.70858e+06 5.16173e+06 3.51296e+06 4.19505e+06 3.3566e+06
threshold=14.500000000000002 7.5000000000000009 2955.1166666666672 2812.8500000000008 8.5000000000000018 1.0000000180025095e-35 231.58550000000005 426.6571428571429 2693.3414285714293 3218.1678571428579 2494.5000000000005 13.500000000000002 667.4000000000002 1326.9885714285717 1355.9100000000001 1117.6485714285716 1686.7166666666669 1509.116666666667 1592.5745000000004 1709.7935714285716 4.5000000000000009 1665.0946666666666 1879.7300000000002 1485.087666666667 1375.5241666666668 1375.5241666666668 9.5000000000000018 1564.416666666667 1427.8500000000001 6.5000000000000009
decision_type=2 2 2 2 2 2 2 2 2 2 2 2 2 2 2 2 2 2 2 2 2 2 2 2 2 2 2 2 2 2
left_child=1 -1 3 4 5 6 -3 -8 12 10 11 -10 -6 15 -15 16 17 -14 19 27 23 22 -20 24 -21 26 -17 28 -16 -23
right_child=-2 2 -4 -5 8 -7 7 -9 9 -11 -12 -13 13 14 18 25 -18 -19 21 20 -22 29 -24 -25 -26 -27 -28 -29 -30 -31
leaf_value=-0.087182309288168169 -0.032571625218473475 0.93201644925383842 -16.033566020746701 19.375130401159588 -0.099451409136815383 -0.22107165076565455 18.094383570441494 6.1383561635158674 10.041220989227297 7.4105118492902342 -20.042720065972745 -12.57874685187838 2.3686494558432316 -17.855968093413576 3.4250231017123216 -3.220128423712227 -15.299646698344839 19.531592833518985 26.205410789560389 -7.208589059028073 -25.185561049290193 -9.2573953267299771 2.9188453640854153 -11.941697950924144 18.392196052724668 22.783580681129738 11.58375760700511 5.3361767828009512 -12.323105634616901 2.4470098192423162
leaf_weight=21457 327602 444 61 76 14592 1640 54 886 65 59 78 67 1210 52 91 89 66 50 54 69 78 66 57 85 55 54 174 262 79 852
leaf_count=21457 327602 444 61 76 14592 1640 54 886 65 59 78 67 1210 52 91 89 66 50 54 69 78 66 57 85 55 54 174 262 79 852
internal_value=-0.00582237 0.198341 0.483758 0.530832 0.463682 2.13854 4.93461 6.82519 0.186979 -4.89297 -8.34966 -1.44013 0.262749 1.79781 0.22095 3.52536 2.1364 3.04972 0.758708 -2.40488 -8.59003 2.96922 14.2474 -2.39649 4.1466 9.33532 6.57408 1.70424 -3.89322 1.60552
internal_weight=370524 42922 21465 21404 21328 3024 1384 940 18304 269 210 132 18035 3443 1800 1643 1326 1260 1748 719 287 1029 111 209 124 317 263 432 170 918
internal_count=370524 42922 21465 21404 21328 3024 1384 940 18304 269 210 132 18035 3443 1800 1643 1326 1260 1748 719 287 1029 111 209 124 317 263 432 170 918
is_linear=0
shrinkage=0.05


Tree=229
num_leaves=31
num_cat=0
split_feature=10 10 1 11 11 9 9 9 10 8 9 10 3 6 10 0 11 3 3 0 0 8 3 8 0 11 8 10 8 0
split_gain=988935 5.2093e+06 3.779e+06 4.94439e+06 4.83713e+06 3.20356e+06 3.10078e+06 2.73655e+06 4.7333e+06 4.67262e+06 3.7018e+06 1.20417e+07 7.4494e+06 5.33373e+06 1.08051e+07 9.37973e+06 4.95155e+06 1.19774e+07 4.32592e+06 4.08779e+06 4.08469e+06 9.14232e+06 4.03554e+06 6.24185e+06 1.07728e+07 4.51155e+06 5.29948e+06 3.74509e+06 6.59747e+06 4.32682e+06
threshold=2220.0000000000005 2198.5166666666669 1.5000000000000002 15243.790000000003 8100.2700000000013 1697.2931666666666 1998.7498333333335 1841.156666666667 1745.4833333333336 1925.7600000000002 1734.5108333333335 2132.4000000000005 28.500000000000004 1.5000000000000002 2071.4333333333338 8.5000000000000018 13772.890000000001 106.50000000000001 93.500000000000014 27.500000000000004 3.5000000000000004 1669.8157142857144 4.5000000000000009 1972.967142857143 17.500000000000004 7767.755000000001 2266.1771428571433 2111.3500000000008 1387.0700000000002 10.500000000000002
decision_type=2 2 2 2 2 2 2 2 2 2 2 2 2 2 2 2 2 2 2 2 2 2 2 2 2 2 2 2 2 2
left_child=1 7 3 6 -4 -6 -3 10 9 -9 27 13 -13 19 15 -15 18 -18 -14 20 21 -12 -22 -24 25 -25 -27 -1 -29 -30
right_child=-2 2 4 -5 5 -7 -8 8 -10 -11 11 12 16 14 -16 -17 17 -19 -20 -21 22 -23 23 24 -26 26 -28 28 29 -31
leaf_value=0.010265345419184151 -0.33757527098253032 -3.6783008027721098 -10.214775489436256 17.804134763585459 -2.3589529052273983 6.6828041506129381 11.762244407061873 18.86981118329366 0.98601081308772809 1.6507667323192921 -6.8399460420012481 -22.92680935462316 -24.80635369741 -17.239229633281759 -26.851788128546954 3.1359224001754007 11.395690315626981 -17.095350171649269 -4.8636776104308019 8.3146935113786196 11.203178268671037 17.879989901648628 0.69986290526390071 9.4211876915051391 -17.961834117537695 2.1683623757390751 -18.02316665289537 -2.7177627320386271 -0.55710515786061243 7.5752474793711233
leaf_weight=343160 19265 74 72 101 145 302 58 75 3672 83 64 90 52 77 53 212 89 63 57 162 64 90 825 78 141 84 53 370 226 592
leaf_count=343160 19265 74 72 101 145 302 58 75 3672 83 64 90 52 77 53 212 89 63 57 162 64 90 825 78 141 84 53 370 226 592
internal_value=0.0112215 0.0303555 4.1874 9.4774 1.81251 3.7498 3.10618 0.0214348 1.35062 9.82436 0.00674714 -2.01293 -10.5224 -0.443399 -6.09868 -2.29275 -6.24502 -0.413096 -14.3776 0.795619 -0.0750668 7.60677 -1.02527 -1.68795 -7.22149 -0.177827 -5.64296 0.0199674 2.82245 5.32841
internal_weight=370449 351184 752 233 519 447 132 350432 3830 158 346602 2254 351 1903 342 289 261 152 109 1561 1399 154 1245 1181 356 215 137 344348 1188 818
internal_count=370449 351184 752 233 519 447 132 350432 3830 158 346602 2254 351 1903 342 289 261 152 109 1561 1399 154 1245 1181 356 215 137 344348 1188 818
is_linear=0
shrinkage=0.05


Tree=230
num_leaves=31
num_cat=0
split_feature=10 10 8 8 9 11 0 8 11 8 0 1 1 9 0 11 11 3 6 11 0 0 9 1 10 11 9 9 3 10
split_gain=1.31735e+06 4.19599e+06 6.0113e+06 8.8347e+06 4.44028e+06 4.61655e+06 4.36775e+06 5.49732e+06 3.37108e+06 7.03501e+06 2.57738e+06 7.78868e+06 2.21539e+06 4.92073e+06 3.52922e+06 7.64984e+06 6.19637e+06 8.59524e+06 3.82596e+06 3.66603e+06 3.47977e+06 5.24101e+06 3.2385e+06 3.97989e+06 4.34781e+06 7.82407e+06 3.09786e+06 5.60328e+06 9.9553e+06 4.63047e+06
threshold=2220.0000000000005 2198.5166666666669 2537.0064285714293 2340.6650000000004 1880.9296666666669 23225.890000000003 5.5000000000000009 1451.2592857142861 16973.135000000006 1750.47 21.500000000000004 2.5000000000000004 3.5000000000000004 1341.3198333333337 11.500000000000002 2637.7850000000003 4135.6450000000013 36.500000000000007 2.5000000000000004 5849.9250000000011 26.500000000000004 20.500000000000004 1554.7928333333336 1.5000000000000002 2394.6000000000004 35421.660000000011 1665.0946666666666 1734.5108333333335 22.500000000000004 2494.5000000000005
decision_type=2 2 2 2 2 2 2 2 2 2 2 2 2 2 2 2 2 2 2 2 2 2 2 2 2 2 2 2 2 2
left_child=1 -1 3 4 6 10 -3 -8 -9 -10 11 -6 14 -14 -2 -16 17 -17 19 20 21 -18 23 -21 25 -25 29 28 -28 -24
right_child=12 2 -4 -5 5 -7 7 8 9 -11 -12 -13 13 -15 15 16 18 -19 -20 22 -22 -23 26 24 -26 -27 27 -29 -30 -31
leaf_value=-0.0072043054528197169 0.24686501703962993 20.171028324473991 -9.4795649100143411 24.663478137828687 3.1053714488681994 12.284331608772279 -5.8268639319164812 18.748876070976259 17.333120529468243 -4.6321903607931487 4.0524212071152981 -19.68360675347818 -15.445418241500855 0.2876899661632043 -13.382078860954003 21.008864826045624 -4.3558882780478037 -0.96497411937044386 8.1331851672644557 -14.704630985354434 4.1079473630437313 -20.294230421089836 7.2082872717752373 -11.675243238302379 -13.812495639920236 13.929220888955252 11.116377910267225 -1.133830549235 -12.396802683030407 -9.0267868631536317
leaf_weight=350380 4199 55 77 54 76 50 86 64 65 83 61 74 50 8232 135 73 142 114 99 101 53 81 218 52 56 70 55 5194 248 55
leaf_count=350380 4199 55 77 54 76 50 86 64 65 83 61 74 50 8232 135 73 142 114 99 101 53 81 218 52 56 70 55 5194 248 55
internal_value=-0.021301 0.000765818 3.74918 5.27406 3.5688 -1.37611 7.22494 4.83557 9.16089 5.01474 -4.61318 -8.13719 -0.424286 0.192706 -0.891159 -1.59951 -1.35891 7.61305 -1.62008 -1.77274 -7.40814 -10.1452 -1.51561 -6.77683 -2.27847 3.01584 -1.26121 -1.5194 -8.12873 3.93748
internal_weight=370352 351125 745 668 614 261 353 298 212 148 211 150 19227 8282 10945 6746 6611 187 6424 6325 276 223 6049 279 178 122 5770 5497 303 273
internal_count=370352 351125 745 668 614 261 353 298 212 148 211 150 19227 8282 10945 6746 6611 187 6424 6325 276 223 6049 279 178 122 5770 5497 303 273
is_linear=0
shrinkage=0.05


Tree=231
num_leaves=31
num_cat=0
split_feature=8 11 3 11 11 3 3 3 6 3 11 0 8 11 1 0 3 11 11 1 1 1 11 9 3 9 11 8 9 3
split_gain=1.06061e+06 3.00542e+06 2.3662e+06 9.21041e+06 1.25447e+07 4.20436e+06 7.94012e+06 4.05207e+06 9.20284e+06 6.48436e+06 1.91154e+07 7.45842e+06 5.67428e+06 5.68203e+06 5.36496e+06 6.41604e+06 3.9176e+06 3.97026e+06 7.63042e+06 9.49607e+06 6.94662e+06 5.73978e+06 5.66097e+06 8.19254e+06 5.16635e+06 1.17626e+07 4.50675e+06 4.84408e+06 4.4537e+06 4.35778e+06
threshold=2430.840714285715 967.06500000000017 42.500000000000007 2726.9400000000001 3307.1200000000003 48.500000000000007 46.500000000000007 18.500000000000004 1.5000000000000002 10.500000000000002 8852.8700000000008 11.500000000000002 2693.3414285714293 23225.890000000003 1.5000000000000002 13.500000000000002 8.5000000000000018 4797.8500000000013 11502.295000000002 3.5000000000000004 2.5000000000000004 4.5000000000000009 38560.455000000009 2336.8835000000004 2.5000000000000004 2422.4765000000002 21033.945000000003 2693.3414285714293 2194.8705000000004 4.5000000000000009
decision_type=2 2 2 2 2 2 2 2 2 2 2 2 2 2 2 2 2 2 2 2 2 2 2 2 2 2 2 2 2 2
left_child=-1 -2 3 -3 -5 6 -4 9 -9 11 -11 -6 13 -12 -14 -16 17 29 19 20 -19 24 28 -24 25 -20 -26 -28 -23 -13
right_child=1 2 5 4 7 -7 -8 8 -10 10 12 16 14 -15 15 -17 -18 18 21 -21 -22 22 23 -25 26 -27 27 -29 -30 -31
leaf_value=0.0080246015059441261 11.336104339361192 -18.506325671076777 -1.5282395921434677 25.007576272350093 12.202663897705079 -1.1927593050823184 -21.960725557141835 1.4347180581322085 18.929498604886671 18.49320568811326 4.0653768716138954 19.367580871582035 -30.88790040331067 -16.13072745921248 -1.9684007617789256 -24.603484467097694 -8.5256875813871194 -6.4525307810531478 -11.09632245610644 4.6415173973597534 -23.823411729969557 -9.2697250458501994 0.2247217748985916 -26.139687186061295 -0.085192939795945832 10.651591285358776 21.683592234409019 7.2217782522950857 7.2814846014572403 -0.92276167589075431
leaf_weight=363842 52 64 140 52 125 3144 72 650 85 63 85 55 53 59 71 56 138 212 143 141 79 62 61 57 152 110 73 280 118 51
leaf_count=363842 52 64 140 52 125 3144 72 650 85 63 85 55 53 59 71 56 138 212 143 141 79 62 61 57 152 110 73 280 118 51
internal_value=-0.00328754 -0.636201 -0.732707 0.264449 0.660797 -1.65231 -8.46757 0.235811 3.45792 -0.81956 -6.70722 0.407432 -11.6073 -4.20942 -17.5256 -11.9492 -0.44384 0.255843 -0.410176 -6.00818 -11.1683 1.87991 -3.9992 -12.5106 4.19123 -1.64071 7.11297 10.2125 1.58051 9.60525
internal_weight=370345 6503 6451 3095 3031 3356 212 2979 735 2244 387 1857 324 144 180 127 1732 1594 1488 432 291 1056 298 118 758 253 505 353 180 106
internal_count=370345 6503 6451 3095 3031 3356 212 2979 735 2244 387 1857 324 144 180 127 1732 1594 1488 432 291 1056 298 118 758 253 505 353 180 106
is_linear=0
shrinkage=0.05


Tree=232
num_leaves=31
num_cat=0
split_feature=10 11 10 0 9 1 0 0 10 8 8 11 11 11 11 0 11 11 11 0 10 9 10 0 0 0 1 0 8 0
split_gain=1.29644e+06 4.43185e+06 4.68589e+06 6.88625e+06 4.50721e+06 4.14955e+06 3.9016e+06 6.2082e+06 6.87428e+06 6.3995e+06 5.2035e+06 1.33334e+07 4.34517e+06 3.77222e+06 4.24503e+06 3.52054e+06 3.50846e+06 6.10377e+06 8.01256e+06 3.44881e+06 3.3255e+06 3.10003e+06 2.85629e+06 5.48582e+06 5.31109e+06 4.88796e+06 6.28074e+06 3.48332e+06 9.12162e+06 6.79919e+06
threshold=2680.8833333333337 42026.485000000008 2812.8500000000008 2.5000000000000004 1957.9808333333337 1.0000000180025095e-35 3.5000000000000004 9.5000000000000018 2872.6833333333338 3218.1678571428579 2340.6650000000004 19100.720000000005 16973.135000000006 4198.4150000000009 6373.8900000000003 30.500000000000004 7931.5700000000006 9286.6000000000022 10040.155000000001 3.5000000000000004 2812.8500000000008 2703.9491666666668 2872.6833333333338 21.500000000000004 12.500000000000002 28.500000000000004 5.5000000000000009 10.500000000000002 2133.8221428571437 12.500000000000002
decision_type=2 2 2 2 2 2 2 2 2 2 2 2 2 2 2 2 2 2 2 2 2 2 2 2 2 2 2 2 2 2
left_child=-1 5 3 -3 -5 6 -2 8 -8 10 12 -12 -9 -7 21 16 20 -18 -19 -4 -16 -15 23 24 -21 26 27 28 -24 -29
right_child=1 2 19 4 -6 13 7 9 -10 -11 11 -13 -14 14 15 -17 17 18 -20 22 -22 -23 25 -25 -26 -27 -28 29 -30 -31
leaf_value=-0.0073376336801045626 5.9886856349897979 23.811094814080462 -7.2627626752853391 -2.1448924136884284 7.7132697397623309 10.378140610836923 -27.884560037265391 -16.36351032892863 -4.0419098038827226 -17.317984619296965 19.698016341896945 -12.001877985177217 0.75483004973106782 -2.3836339592933657 1.4737157328654145 -10.310648608952761 -12.738636281944459 17.286616449813319 0.48662928616590162 -8.9411832168454026 18.817024641770583 -18.065326534784756 1.7593793835556299 -15.774152238522806 10.753861104525052 15.238625031012994 -9.6973660960341945 -15.846255382537842 26.256455561989231 3.807636677958985
leaf_weight=364832 81 52 115 165 390 94 59 60 62 61 86 54 97 80 59 72 84 73 2556 61 52 52 114 62 78 77 99 50 57 367
leaf_count=364832 81 52 115 165 390 94 59 60 62 61 86 54 97 80 59 72 84 73 2556 61 52 52 114 62 78 77 99 50 57 367
internal_value=0.0040132 0.77532 2.89759 6.41259 4.78246 -0.19705 -4.16029 -5.87651 -15.6677 -2.56721 0.46241 7.47091 -5.78721 0.513846 0.207623 0.60731 0.885672 0.529194 0.953118 0.922024 9.59851 -8.56127 1.89741 -3.40601 2.11071 3.29269 1.95377 3.91544 9.92507 1.45105
internal_weight=370201 5369 1687 607 555 3682 560 479 121 358 297 140 157 3122 3028 2896 2824 2713 2629 1080 111 132 965 201 139 764 687 588 171 417
internal_count=370201 5369 1687 607 555 3682 560 479 121 358 297 140 157 3122 3028 2896 2824 2713 2629 1080 111 132 965 201 139 764 687 588 171 417
is_linear=0
shrinkage=0.05


Tree=233
num_leaves=31
num_cat=0
split_feature=8 0 11 3 10 8 8 10 11 3 11 0 6 10 8 8 11 1 8 9 9 11 3 11 1 9 8 9 8 3
split_gain=1.47366e+06 3.40899e+06 4.40315e+06 5.62881e+06 4.43266e+06 1.27429e+07 4.01052e+06 1.01361e+07 1.08874e+07 1.99277e+07 4.24997e+06 3.65893e+06 5.48015e+06 4.29749e+06 6.00866e+06 1.21452e+07 8.17525e+06 7.2669e+06 5.7302e+06 4.59443e+06 6.24066e+06 7.96944e+06 4.38692e+06 4.2853e+06 4.84524e+06 4.26415e+06 1.20773e+07 4.51666e+06 4.45953e+06 4.43146e+06
threshold=1265.0907142857145 11.500000000000002 55972.670000000006 19.500000000000004 2720.4666666666672 1750.47 1355.9100000000001 2348.0500000000006 38560.455000000009 78.500000000000014 45915.240000000013 27.500000000000004 2.5000000000000004 2519.2500000000005 2430.840714285715 2693.3414285714293 11174.860000000002 1.0000000180025095e-35 2899.4528571428577 1804.4843333333336 2138.2523333333338 27454.115000000002 110.50000000000001 35421.660000000011 4.5000000000000009 1804.4843333333336 1554.1278571428572 1734.5108333333335 1669.8157142857144 78.500000000000014
decision_type=2 2 2 2 2 2 2 2 2 2 2 2 2 2 2 2 2 2 2 2 2 2 2 2 2 2 2 2 2 2
left_child=-1 2 -2 4 5 -4 7 10 9 -9 -3 -8 13 25 17 -16 -17 -15 -18 -19 21 -21 -20 24 -22 27 -27 28 -13 -28
right_child=1 6 3 -5 -6 -7 11 8 -10 -11 -12 12 -14 14 15 16 18 19 22 20 23 -23 -24 -25 -26 26 29 -29 -30 -31
leaf_value=0.031782952635745057 0.57283678619170553 -0.9987879862652953 13.032781576620389 -5.5506414639711963 16.311454230221837 -18.836081158031117 -0.70180243684181276 -44.801473522186285 4.2888417690503795 -5.959653213164386 -9.3727421794200971 2.7357375438306848 12.452844438414173 -8.1079274340851679 -13.814740526309379 20.705978061306865 10.807579528229148 -3.4969715844339397 4.9422363325401593 31.208983762228669 11.299475042155532 10.062625344355304 -13.411117325032629 13.525434261861475 -6.6853077800003522 -21.122619921405143 -5.2019218630520907 7.724492842491637 -2.7872948340238763 1.2601983650583422
leaf_weight=330257 12899 2151 73 614 55 55 19754 54 61 85 163 816 101 73 130 62 79 67 54 67 61 133 82 99 97 82 433 235 662 685
leaf_count=330257 12899 2151 73 614 55 55 19754 54 61 85 163 816 101 73 130 62 79 67 54 67 61 133 82 99 97 82 433 235 662 685
internal_value=-0.00292534 -0.289621 0.34999 -3.25666 4.4401 -0.66087 -0.622882 -2.52203 -13.3212 -21.0493 -1.58866 -0.422039 0.953386 0.656872 3.47788 -1.20682 4.71025 6.67164 0.0975252 8.73062 10.5233 17.1467 -6.12376 5.36891 0.258184 -0.315421 -2.60104 1.28571 0.261957 -1.24257
internal_weight=370239 39982 13696 797 183 128 26286 2514 200 139 2314 23772 4018 3917 1004 407 277 597 215 524 457 200 136 257 158 2913 1200 1713 1478 1118
internal_count=370239 39982 13696 797 183 128 26286 2514 200 139 2314 23772 4018 3917 1004 407 277 597 215 524 457 200 136 257 158 2913 1200 1713 1478 1118
is_linear=0
shrinkage=0.05


Tree=234
num_leaves=31
num_cat=0
split_feature=11 3 8 9 9 10 10 0 0 8 3 0 11 10 9 8 10 11 1 11 10 10 10 9 1 10 10 8 0 1
split_gain=1.10096e+06 3.27757e+06 3.81037e+06 7.55228e+06 4.56861e+06 3.53068e+06 4.51189e+06 1.63092e+07 7.69933e+06 4.57948e+06 4.44849e+06 2.42437e+06 7.92073e+06 6.6346e+06 4.32607e+06 7.32323e+06 8.51019e+06 1.01319e+07 6.80768e+06 4.47052e+06 4.57596e+06 4.7322e+06 3.31673e+06 2.6937e+06 2.68403e+06 2.23901e+06 2.1905e+06 6.62464e+06 8.72218e+06 7.10435e+06
threshold=11846.610000000002 3.5000000000000004 1632.2000000000003 1050.3710000000003 928.8950000000001 2132.4000000000005 2680.8833333333337 23.500000000000004 24.500000000000004 2430.840714285715 2.5000000000000004 28.500000000000004 12557.920000000002 1787.5333333333335 2336.8835000000004 2266.1771428571433 2220.0000000000005 21033.945000000003 2.5000000000000004 55972.670000000006 2680.8833333333337 2548.1500000000001 2720.4666666666672 2703.9491666666668 5.5000000000000009 2282.6333333333337 1900.7500000000002 1326.9885714285717 8.5000000000000018 1.0000000180025095e-35
decision_type=2 2 2 2 2 2 2 2 2 2 2 2 2 2 2 2 2 2 2 2 2 2 2 2 2 2 2 2 2 2
left_child=26 2 3 4 -2 -4 8 -8 9 -7 -11 -3 13 -13 15 22 -17 -18 -19 20 21 -16 24 -22 -14 -26 -1 28 29 -28
right_child=1 11 5 -5 -6 6 7 -9 -10 10 -12 12 14 -15 19 16 17 18 -20 -21 23 -23 -24 -25 25 -27 27 -29 -30 -31
leaf_value=-0.00012608018219974207 1.7255483442596322 -0.076005125531985643 -9.6303920569310666 13.970589382573962 -15.461206658133145 7.1311711858530522 4.6755265980675107 -25.290780417323113 14.49740099160068 -20.466867589050871 -0.81077375411987307 -1.9422702447842743 -0.43171513849902649 -25.274750588432191 0.76385279424262775 7.1109651988552462 1.5765551805496216 -35.443974523191102 -13.252673840522768 17.64124802283521 -8.6243542443811894 21.156497031211856 9.2866155346360397 3.9108997344970704 -3.5079729294041537 -14.818558731266098 -17.286789807723121 0.27859353893282457 7.2996072496412339 1.2605745138637574
leaf_weight=315176 116 42004 262 88 58 61 105 80 83 53 63 59 2071 63 66 62 72 54 96 53 100 50 79 75 308 51 65 7467 776 251
leaf_count=315176 116 42004 262 88 58 61 105 80 83 53 63 59 2071 63 66 62 72 54 96 53 100 50 79 75 308 51 65 7467 776 251
internal_value=-0.0112881 -0.239531 -3.11683 2.03369 -4.00337 -5.0255 -2.31431 -8.28288 1.93255 -3.95944 -9.79158 -0.177933 -1.49165 -13.991 -1.00554 -1.65717 -9.26704 -13.8411 -21.2415 4.2852 1.85265 9.55379 -0.795792 -3.2521 -1.12357 -5.11477 0.0213069 0.810552 4.44804 -2.55455
internal_weight=369967 46232 969 262 174 707 445 185 260 177 116 45263 3259 122 3137 2793 284 222 150 344 291 116 2509 175 2430 359 323735 8559 1092 316
internal_count=369967 46232 969 262 174 707 445 185 260 177 116 45263 3259 122 3137 2793 284 222 150 344 291 116 2509 175 2430 359 323735 8559 1092 316
is_linear=0
shrinkage=0.05


Tree=235
num_leaves=31
num_cat=0
split_feature=11 10 11 9 9 10 9 10 11 8 0 8 0 8 8 3 10 9 3 11 3 0 8 8 9 0 1 8 8 8
split_gain=1.01929e+06 3.0947e+06 3.17903e+06 6.36136e+06 3.48781e+06 5.39582e+06 5.2095e+06 6.81231e+06 6.36291e+06 7.75582e+06 4.19914e+06 5.97314e+06 5.28828e+06 4.07447e+06 5.36135e+06 3.58876e+06 2.52017e+06 5.28594e+06 5.28191e+06 5.29719e+06 3.96446e+06 5.45275e+06 4.64076e+06 4.29943e+06 2.86465e+06 2.48117e+06 2.38582e+06 5.5901e+06 4.28771e+06 1.16999e+07
threshold=6050.4550000000008 828.96666666666681 5849.9250000000011 2041.4540000000004 1917.6366666666668 2198.5166666666669 2041.4540000000004 2090.7166666666667 5578.6600000000008 2195.8535714285722 13.500000000000002 1925.7600000000002 9.5000000000000018 1925.7600000000002 1632.2000000000003 50.500000000000007 1787.5333333333335 1485.087666666667 11.500000000000002 4002.1750000000006 47.500000000000007 25.500000000000004 2024.3085714285717 1593.7250000000001 1768.4196666666669 25.500000000000004 1.5000000000000002 3218.1678571428579 1518.4428571428573 1709.7935714285716
decision_type=2 2 2 2 2 2 2 2 2 2 2 2 2 2 2 2 2 2 2 2 2 2 2 2 2 2 2 2 2 2
left_child=1 -1 4 25 5 16 7 13 26 -10 12 -12 -9 14 -6 -15 -3 -18 -19 -20 23 22 24 -21 -22 -4 27 -8 -28 -30
right_child=-2 2 3 -5 6 -7 8 10 9 -11 11 -13 -14 15 -16 -17 17 18 19 20 21 -23 -24 -25 -26 -27 28 -29 29 -31
leaf_value=-0.0043639325494170943 -0.16213426779069076 0.63315282944908424 0.92915590514830504 17.246449146500552 -2.1313398650198274 13.782181940308536 0.21839623477921558 -12.990045853296918 3.3183608503902664 -22.91058198838007 -30.572285253861374 -9.2798237335297369 7.5307592268343333 2.1387134946187341 19.453200749789971 -13.847625849463723 13.673973535166846 11.451281337292141 4.5725452559146929 -20.129143644968671 5.0585039748184721 15.073624046176088 -15.714109861200507 -2.6478169329026167 -6.8066500550363118 11.263946156003584 13.108435528094953 -16.225949464951242 -20.807827591896057 3.3394502895918516
leaf_weight=267324 91575 7414 436 83 66 83 670 75 51 63 51 93 54 75 51 66 108 131 453 60 134 51 55 85 82 67 91 56 54 706
leaf_count=267324 91575 7414 436 83 66 83 670 75 51 63 51 93 54 75 51 66 108 131 453 60 134 51 55 85 82 67 91 56 54 706
internal_value=-0.0174059 0.0301338 0.834572 4.42193 0.641321 1.09493 -1.12577 -5.44613 0.230892 -11.1766 -10.9517 -16.8209 -4.39994 0.379477 7.27731 -5.34425 0.972101 3.14032 2.05789 0.720351 -3.01636 0.0750715 -2.74753 -9.88147 0.55414 2.30576 1.05553 -1.05004 2.85182 1.62372
internal_weight=370363 278788 11464 586 10878 8656 2222 531 1691 114 273 144 129 258 117 141 8573 1159 1051 920 467 322 271 145 216 503 1577 726 851 760
internal_count=370363 278788 11464 586 10878 8656 2222 531 1691 114 273 144 129 258 117 141 8573 1159 1051 920 467 322 271 145 216 503 1577 726 851 760
is_linear=0
shrinkage=0.05


Tree=236
num_leaves=31
num_cat=0
split_feature=11 6 9 10 3 3 8 10 0 9 10 0 10 10 10 0 10 10 9 9 10 10 3 3 3 8 9 9 8 10
split_gain=2.1619e+06 3.14542e+06 3.80868e+06 7.49684e+06 3.54951e+06 2.60971e+06 2.53166e+06 2.64466e+06 8.70439e+06 3.10706e+06 2.03753e+06 1.98602e+06 4.62895e+06 7.5597e+06 5.73508e+06 3.16986e+06 2.36014e+06 5.72859e+06 4.36467e+06 4.06073e+06 1.9821e+06 1.58799e+06 3.21508e+06 5.2272e+06 5.45236e+06 4.76256e+06 4.66727e+06 6.6416e+06 5.84276e+06 4.19016e+06
threshold=65821.285000000018 1.5000000000000002 1412.969166666667 2051.6500000000001 36.500000000000007 4.5000000000000009 2133.8221428571437 3076.1000000000008 16.500000000000004 1998.7498333333335 2348.0500000000006 12.500000000000002 2519.2500000000005 2394.6000000000004 2720.4666666666672 5.5000000000000009 2282.6333333333337 2519.2500000000005 1957.9808333333337 1665.0946666666666 2051.6500000000001 2220.0000000000005 134.50000000000003 127.50000000000001 126.50000000000001 1387.0700000000002 1697.2931666666666 1917.6366666666668 2430.840714285715 2469.5833333333335
decision_type=2 2 2 2 2 2 2 2 2 2 2 2 2 2 2 2 2 2 2 2 2 2 2 2 2 2 2 2 2 2
left_child=21 2 3 4 -2 -4 11 8 -8 -10 -3 12 13 15 -14 -7 20 19 -19 -18 -13 -1 23 24 -23 -25 -27 -28 29 -29
right_child=1 10 5 -5 -6 6 7 -9 9 -11 -12 16 14 -15 -16 -17 17 18 -20 -21 -22 22 -24 25 -26 26 27 28 -30 -31
leaf_value=0.018082309776106999 11.258720835191864 14.237067594283667 11.555062972635463 -18.471329961674552 -7.0698372082710268 7.1299923199873705 11.347202829286164 -11.39642619575773 -16.386200286547346 -1.7611479075058647 3.305693796530683 3.3548412579756519 -16.60034162453243 20.822462195471715 2.3034384524568599 -10.088642307628286 6.2856563356187607 1.0479028886014765 17.82893924468603 -11.208381246688754 15.925360334070422 -0.25839892840161705 -1.8972029052097008 -9.4499247532264867 -14.884873640537263 19.28132321115524 -6.3572191096768522 4.1197469914660738 -2.0577016723857207 19.908380481546576
leaf_weight=350578 56 78 69 70 50 52 102 63 60 92 94 52 70 57 94 55 54 77 78 86 79 14333 3211 51 64 63 101 68 85 110
leaf_count=350578 56 78 69 70 50 52 102 63 60 92 94 52 70 57 94 55 54 77 78 86 79 14333 3211 51 64 63 101 68 85 110
internal_value=0.00218931 1.90419 1.07311 -5.77271 2.61317 2.13001 1.52279 -2.22637 0.0480987 -7.53419 8.26294 3.09903 0.174585 6.11442 -5.76525 -1.72071 5.35072 2.87068 9.49255 -4.46068 10.9355 -0.00548756 -0.462364 -0.152632 -0.323419 4.99133 6.71617 4.54143 8.72684 13.8768
internal_weight=370152 1488 1316 176 106 1140 1071 317 254 152 172 754 328 164 164 107 426 295 155 140 131 368664 18086 14875 14397 478 427 364 263 178
internal_count=370152 1488 1316 176 106 1140 1071 317 254 152 172 754 328 164 164 107 426 295 155 140 131 368664 18086 14875 14397 478 427 364 263 178
is_linear=0
shrinkage=0.05


Tree=237
num_leaves=31
num_cat=0
split_feature=8 9 9 10 10 10 11 9 11 11 10 11 8 11 8 8 10 9 11 11 10 0 8 9 0 11 10 10 11 11
split_gain=750497 4.40045e+06 3.85211e+06 4.79498e+06 5.28451e+06 6.65094e+06 6.16585e+06 4.29959e+06 1.68299e+07 9.57255e+06 1.05523e+07 5.58417e+06 4.95208e+06 4.70786e+06 7.85333e+06 7.8119e+06 3.83428e+06 3.34914e+06 7.41919e+06 9.58265e+06 5.53685e+06 5.04839e+06 3.50661e+06 3.09451e+06 3.69998e+06 3.96938e+06 4.9718e+06 3.01626e+06 3.09243e+06 5.02428e+06
threshold=2024.3085714285717 1519.3770000000002 2336.8835000000004 3076.1000000000008 2394.6000000000004 2261.6500000000001 10301.915000000003 2422.4765000000002 19100.720000000005 8282.5850000000009 2955.1166666666672 12198.740000000002 1750.47 18339.145 1518.4428571428573 1834.1171428571431 1645.116666666667 2258.7413333333338 7354.6600000000008 29214.375000000004 2494.5000000000005 10.500000000000002 1791.3400000000004 1592.5745000000004 24.500000000000004 23225.890000000003 1787.5333333333335 1625.5000000000002 6599.3550000000005 4644.1250000000009
decision_type=2 2 2 2 2 2 2 2 2 2 2 2 2 2 2 2 2 2 2 2 2 2 2 2 2 2 2 2 2 2
left_child=2 16 17 4 5 -4 -7 8 11 12 13 -6 -9 15 -15 -11 -2 -1 -19 20 22 -22 -20 24 25 26 -3 -25 29 -29
right_child=1 23 3 -5 7 6 -8 9 -10 10 -12 -13 -14 14 -16 -17 -18 18 19 -21 21 -23 -24 27 -26 -27 -28 28 -30 -31
leaf_value=-0.0017863163069850073 -1.526076943792146 -13.703692293167116 -9.2190642036497596 5.9480158840510864 -5.4815594792366031 1.0746825711827883 23.736156551654524 -6.4563042567835911 -21.110786661487417 3.6168090668131123 -17.272920033806251 15.444731484719043 -26.08788839866375 -7.3662212176455402 11.804901931366484 -19.616774193745741 8.3142277959065574 16.496743829102861 10.940943914471251 11.007379233604903 0.046115742855030922 -19.087231898448049 -6.6134494400024408 10.389535412917267 5.2070502374966949 -16.101535052814704 3.8416876701208262 0.63561871570957773 0.59748227459044501 -4.3039243389048627
leaf_weight=354155 145 66 64 141 80 71 52 72 163 114 76 53 58 72 207 53 312 97 66 154 58 85 50 74 75 87 104 1194 11180 905
leaf_count=354155 145 66 64 141 80 71 52 72 163 114 76 53 58 72 207 53 312 97 66 154 58 85 50 74 75 87 104 1194 11180 905
internal_value=0.00837077 0.365585 -0.00582181 -2.74812 -3.82843 3.85328 10.6551 -5.3437 -10.3413 -3.07488 -0.0514712 2.85749 -15.215 2.88313 6.85752 -3.75672 5.19203 0.00404432 4.05296 1.13033 -4.74251 -11.3269 3.3744 0.204409 -4.56389 -7.41534 -2.97005 0.322965 0.266867 -1.4941
internal_weight=370083 14142 355941 1276 1135 187 123 948 296 652 522 133 130 446 279 167 457 354665 510 413 259 143 116 13685 332 257 170 13353 13279 2099
internal_count=370083 14142 355941 1276 1135 187 123 948 296 652 522 133 130 446 279 167 457 354665 510 413 259 143 116 13685 332 257 170 13353 13279 2099
is_linear=0
shrinkage=0.05


Tree=238
num_leaves=31
num_cat=0
split_feature=8 11 11 3 0 3 0 11 10 10 11 3 10 10 3 3 3 3 3 0 11 10 3 0 0 10 8 10 11 3
split_gain=1.93894e+06 3.5209e+06 8.58165e+06 7.9593e+06 4.81027e+06 5.37064e+06 5.59662e+06 4.54811e+06 6.97248e+06 7.25909e+06 4.35176e+06 3.62098e+06 3.04456e+06 4.20674e+06 2.98625e+06 7.6725e+06 9.94182e+06 7.14418e+06 6.54062e+06 5.88869e+06 5.37142e+06 5.50822e+06 7.18535e+06 6.34021e+06 7.7807e+06 6.53107e+06 4.94242e+06 4.27436e+06 4.25544e+06 3.87896e+06
threshold=2693.3414285714293 6373.8900000000003 5217.0600000000004 8.5000000000000018 9.5000000000000018 4.5000000000000009 18.500000000000004 7931.5700000000006 2418.9166666666674 2261.6500000000001 3815.8050000000007 49.500000000000007 2444.1500000000001 2220.0000000000005 48.500000000000007 10.500000000000002 18.500000000000004 44.500000000000007 55.500000000000007 13.500000000000002 9526.4100000000017 2641.9333333333338 122.50000000000001 19.500000000000004 5.5000000000000009 2494.5000000000005 3218.1678571428579 2348.0500000000006 24530.555000000004 282.50000000000006
decision_type=2 2 2 2 2 2 2 2 2 2 2 2 2 2 2 2 2 2 2 2 2 2 2 2 2 2 2 2 2 2
left_child=-1 2 4 -4 -2 -6 10 8 9 -3 -7 -10 13 -8 15 -9 19 -18 -16 28 -20 23 26 24 -22 -26 -23 -25 -17 -29
right_child=1 7 3 -5 5 6 12 14 11 -11 -12 -13 -14 -15 18 16 17 -19 20 -21 21 22 -24 27 25 -27 -28 29 -30 -31
leaf_value=0.0032186250245412455 11.728684642910958 10.132176523296922 -28.225828971560038 -5.8631729720919221 7.4182390140092132 -6.026023811404988 3.5249056227066937 0.048617326060623425 24.949877552229626 -16.171944188136681 -25.968895968268903 6.7795006521816923 5.6524564279599137 -16.324877786210603 13.358083887198539 -19.524182956806129 0.60488687242780426 -17.685452905297279 -11.295861103558781 -30.378617749390784 -1.1662797849472255 -1.81651452589879 -8.6971609318490124 8.3025773711574882 8.5562404639904326 31.636678643062197 11.067145461005135 -9.0300618886044539 -1.7654269507437044 6.7744115500016653
leaf_weight=366398 64 54 63 108 94 59 51 1147 52 51 51 58 89 56 97 69 322 64 99 54 73 226 255 103 65 58 111 132 66 55
leaf_count=366398 64 54 63 108 94 59 51 1147 52 51 51 58 89 56 97 69 322 64 99 54 73 226 255 103 65 58 111 132 66 55
internal_value=-0.00850432 -1.12532 -4.52725 -14.102 -0.998606 -3.03497 -6.24609 -0.452559 6.57197 -2.64411 -15.2723 15.3691 -1.18038 -6.86377 -0.956656 -2.31444 -7.02822 -2.42771 0.87859 -16.424 -0.149882 0.873729 -2.36462 4.81838 11.765 19.4397 2.42706 0.123414 -10.8421 -4.38169
internal_weight=370244 3846 635 171 464 400 306 3211 215 105 110 110 196 107 2996 1722 575 386 1274 189 1177 1078 592 486 196 123 337 290 135 187
internal_count=370244 3846 635 171 464 400 306 3211 215 105 110 110 196 107 2996 1722 575 386 1274 189 1177 1078 592 486 196 123 337 290 135 187
is_linear=0
shrinkage=0.05


Tree=239
num_leaves=31
num_cat=0
split_feature=8 3 9 11 9 11 11 11 8 1 0 8 3 10 9 10 3 1 0 9 1 11 11 11 0 8 9 9 3 10
split_gain=817346 2.69226e+06 5.79232e+06 5.68353e+06 4.60706e+06 3.86982e+06 6.50043e+06 4.40924e+06 3.78255e+06 5.82985e+06 8.88651e+06 7.33494e+06 5.15945e+06 7.97387e+06 9.30951e+06 7.33916e+06 7.29283e+06 6.697e+06 7.06916e+06 6.33553e+06 1.09142e+07 5.94142e+06 5.66174e+06 4.93243e+06 6.20945e+06 6.43486e+06 5.1815e+06 1.16487e+07 1.13768e+07 8.71525e+06
threshold=2195.8535714285722 196.00000000000003 2138.2523333333338 55972.670000000006 2041.4540000000004 23225.890000000003 19100.720000000005 2726.9400000000001 2430.840714285715 5.5000000000000009 21.500000000000004 2266.1771428571433 44.500000000000007 2220.0000000000005 1734.5108333333335 2609.7166666666667 4.5000000000000009 3.5000000000000004 27.500000000000004 2138.2523333333338 2.5000000000000004 19100.720000000005 5217.0600000000004 11846.610000000002 8.5000000000000018 2340.6650000000004 2041.4540000000004 1880.9296666666669 78.500000000000014 2609.7166666666667
decision_type=2 2 2 2 2 2 2 2 2 2 2 2 2 2 2 2 2 2 2 2 2 2 2 2 2 2 2 2 2 2
left_child=-1 8 3 4 -3 6 7 -4 9 12 -11 -12 13 16 -15 19 -2 22 -19 -16 -21 -17 -14 24 -24 -26 27 -25 -28 -30
right_child=1 2 5 -5 -6 -7 -8 -9 -10 10 11 -13 17 14 15 21 -18 18 -20 20 -22 -23 23 26 25 -27 28 -29 29 -31
leaf_value=-0.0010945230346312007 16.255297294437376 -5.8766343377431234 13.61488331281222 7.0327642800378021 -19.425671098972188 4.5652121202329576 -17.299661323332018 -1.5899346561641643 -0.028632372486576477 2.314065235435963 2.0268969520926476 -18.933353327016036 -3.0968312877469359 -21.886869983015391 -0.46066982669007284 21.117853212356568 2.3392754286713124 -1.915664564943933 13.852811543430603 -22.137874073802301 4.5486113866170248 1.9538729964049306 2.9660295346577961 2.0697468816785887 27.015461841515737 5.7614599874386423 9.6175223264200937 23.90259715856704 -23.038310735912646 1.9741151372124168
leaf_weight=360080 117 225 52 61 87 356 62 574 5613 300 64 120 113 58 321 52 482 462 84 106 60 182 75 133 113 52 232 113 59 85
leaf_count=360080 117 225 52 61 87 356 62 574 5613 300 64 120 113 58 321 52 482 462 84 106 60 182 75 133 113 52 232 113 59 85
internal_value=0.0115345 0.448246 -1.57748 -6.92568 -9.65473 0.333322 -1.85644 -0.326915 0.767327 2.08797 -2.99186 -11.6428 2.93606 0.719973 -2.61525 -1.06496 5.05743 4.9438 0.510255 -4.56175 -12.4922 6.21254 7.42659 8.80611 14.895 20.3172 6.45671 12.0987 2.76544 -8.27403
internal_weight=370493 10413 1417 373 312 1044 688 626 8996 3383 484 184 2899 1378 779 721 599 1521 546 487 166 234 975 862 240 165 622 246 376 144
internal_count=370493 10413 1417 373 312 1044 688 626 8996 3383 484 184 2899 1378 779 721 599 1521 546 487 166 234 975 862 240 165 622 246 376 144
is_linear=0
shrinkage=0.05


Tree=240
num_leaves=31
num_cat=0
split_feature=3 11 10 11 1 9 8 9 0 11 10 11 1 9 0 9 3 10 3 11 8 11 11 11 9 10 9 10 9 8
split_gain=967117 3.57344e+06 3.40418e+06 2.62623e+06 2.50412e+06 9.95061e+06 1.75017e+06 1.73592e+06 7.22629e+06 8.90502e+06 6.14511e+06 1.03541e+07 7.52341e+06 9.36552e+06 6.64332e+06 7.14392e+06 5.20236e+06 5.04052e+06 4.94671e+06 5.59659e+06 5.58981e+06 6.07242e+06 5.08692e+06 4.89681e+06 9.73383e+06 1.09854e+07 1.07125e+07 4.46236e+06 4.75246e+06 4.25792e+06
threshold=14.500000000000002 65821.285000000018 2762.7666666666669 55972.670000000006 2.5000000000000004 1734.5108333333335 2133.8221428571437 2258.7413333333338 13.500000000000002 12557.920000000002 2241.0833333333335 4797.8500000000013 1.5000000000000002 2041.4540000000004 13.500000000000002 2194.8705000000004 13.500000000000002 2132.4000000000005 2.5000000000000004 42026.485000000008 2899.4528571428577 22071.445000000003 4063.9550000000004 42026.485000000008 1998.7498333333335 2394.6000000000004 1841.156666666667 2031.3000000000002 1998.7498333333335 2266.1771428571433
decision_type=2 2 2 2 2 2 2 2 2 2 2 2 2 2 2 2 2 2 2 2 2 2 2 2 2 2 2 2 2 2
left_child=1 3 6 7 -5 -6 -3 10 9 -9 17 -12 13 -13 16 23 -14 27 20 22 -10 -22 -20 24 26 -26 -16 -1 -29 -19
right_child=-2 2 -4 4 5 -7 -8 8 18 -11 11 12 14 -15 15 -17 -18 29 19 -21 21 -23 -24 -25 25 -27 -28 28 -30 -31
leaf_value=0.26694810716493211 -0.023227993258946433 7.1685402714687845 14.303183403682141 1.0301475599910437 5.5749251161302844 -22.982303775958162 -2.4338633167500401 -4.9355124590947081 20.796563676687388 17.289395958063555 15.891301248943996 13.426183328716034 2.4202778639701701 -7.0723493705716054 -22.792491742125097 4.4089877484208442 -12.260973854345435 11.859398571627086 -15.293252911287196 -13.817349802364005 -4.8994588469636859 13.212068349974496 1.2775487672626262 -4.760879613955816 -45.435959518432618 -16.584684669848571 8.5689875841140744 -7.4818289649592664 6.5898149862681352 0.58137310560495581
leaf_weight=39411 327541 92 84 89 56 67 98 65 52 147 63 109 208 114 53 59 85 172 51 88 116 77 504 96 50 97 56 337 73 163
leaf_count=39411 327541 92 84 89 56 67 98 65 52 147 63 109 208 114 53 59 85 172 51 88 116 77 504 96 50 97 56 337 73 163
internal_value=0.00595919 0.229679 5.92137 0.192948 -5.35819 -9.98064 2.21572 0.220805 2.18104 10.4752 0.1684 -3.7232 -5.05623 2.94711 -7.59138 -11.6924 -1.83879 0.264343 0.200918 -2.10264 6.24659 2.32638 -0.245174 -14.3912 -18.0025 -26.398 -6.68017 0.212962 -4.97639 6.37188
internal_weight=370273 42732 274 42458 212 123 190 42246 1100 212 41146 990 927 223 704 411 293 40156 888 643 245 193 555 352 256 147 109 39821 410 335
internal_count=370273 42732 274 42458 212 123 190 42246 1100 212 41146 990 927 223 704 411 293 40156 888 643 245 193 555 352 256 147 109 39821 410 335
is_linear=0
shrinkage=0.05


Tree=241
num_leaves=31
num_cat=0
split_feature=3 8 9 9 8 11 6 9 1 8 11 8 8 8 3 8 0 0 9 9 1 9 8 8 1 11 3 8 11 11
split_gain=856952 2.37318e+06 2.6383e+06 6.58265e+06 3.81202e+06 2.57502e+06 2.52922e+06 3.08011e+06 2.4977e+06 3.21654e+06 2.28559e+06 6.62839e+06 7.5989e+06 8.44414e+06 5.00157e+06 5.00092e+06 4.43061e+06 3.61751e+06 3.3481e+06 3.26554e+06 2.16017e+06 2.67851e+06 2.14103e+06 3.7708e+06 2.99636e+06 5.98945e+06 2.96842e+06 4.66591e+06 2.78494e+06 5.13005e+06
threshold=265.50000000000006 1387.0700000000002 1917.6366666666668 1880.9296666666669 1791.3400000000004 20009.920000000002 1.5000000000000002 1697.2931666666666 1.5000000000000002 1554.1278571428572 29214.375000000004 1709.7935714285716 1925.7600000000002 2340.6650000000004 276.50000000000006 2133.8221428571437 12.500000000000002 7.5000000000000009 2422.4765000000002 2138.2523333333338 4.5000000000000009 2530.8520000000003 2195.8535714285722 1972.967142857143 4.5000000000000009 8852.8700000000008 280.50000000000006 1554.1278571428572 4269.5250000000005 6719.0800000000008
decision_type=2 2 2 2 2 2 2 2 2 2 2 2 2 2 2 2 2 2 2 2 2 2 2 2 2 2 2 2 2 2
left_child=-1 -2 3 4 6 -6 7 -3 -9 -10 22 16 17 14 18 -16 19 -13 -14 -12 21 -15 23 26 25 -25 27 -4 -29 -30
right_child=1 2 10 -5 5 -7 -8 8 9 -11 11 12 13 20 15 -17 -18 -19 -20 -21 -22 -23 -24 24 -26 -27 -28 28 29 -31
leaf_value=0.017024189640980365 -0.11345022110247011 -4.8601530812706866 5.963028183190719 -17.810061526762976 -2.5440576229296941 -12.117362098063497 7.4887778205694735 -5.3849192966114394 -2.422017345428467 13.950069641749065 -3.1112309365902306 4.1276475007717428 -3.6712199829242849 11.2865080933512 -7.2878473394257686 12.859572556235575 4.2556925459702812 20.908078556969055 -20.637835101854236 -19.72098137798594 16.11272022185787 -1.9676979627874163 -3.8636579687396684 11.043639760203178 13.707429128724176 -9.0898782092081003 5.5126769220829015 -14.820250610952025 9.8496600206081695 -7.6837306320949752
leaf_weight=336790 30546 285 92 77 142 139 91 55 50 75 53 52 54 81 70 55 60 84 63 67 62 72 672 77 74 71 100 81 52 211
leaf_count=336790 30546 285 92 77 142 139 91 55 50 75 53 52 54 81 70 55 60 84 63 67 62 72 672 77 74 71 100 81 52 211
internal_value=-0.00701825 -0.247557 -1.56178 -3.82016 -2.53315 -7.27961 -0.134318 -1.62615 3.49435 7.40123 -0.624799 1.56569 4.11659 1.02893 -5.37728 1.57702 -6.83811 14.492 -12.8071 -12.385 8.23964 5.04923 -1.80889 0.012757 5.49247 1.38499 -2.25683 -4.03882 -6.71374 -4.21705
internal_weight=370453 33663 3117 914 837 281 556 465 180 125 2203 773 593 457 242 125 180 136 117 120 215 153 1430 758 222 148 536 436 344 263
internal_count=370453 33663 3117 914 837 281 556 465 180 125 2203 773 593 457 242 125 180 136 117 120 215 153 1430 758 222 148 536 436 344 263
is_linear=0
shrinkage=0.05


Tree=242
num_leaves=31
num_cat=0
split_feature=11 6 10 10 10 0 8 0 7 10 3 3 3 11 10 3 3 11 10 6 4 3 3 11 9 11 10 10 0 8
split_gain=715350 1.33747e+06 1.12538e+06 6.63307e+06 3.25727e+06 2.00663e+06 1.42679e+06 1.03909e+06 909310 9.01992e+06 3.43043e+06 1.14723e+06 2.51447e+06 1.20328e+06 1.14795e+06 1.88043e+06 3.08901e+06 1.19606e+06 1.71094e+06 1.01576e+06 897171 1.52618e+06 3.29121e+06 8.76364e+06 5.0905e+06 1.00268e+07 7.35168e+06 6.52078e+06 5.33751e+06 5.00298e+06
threshold=1133.1150000000002 4.5000000000000009 2261.6500000000001 2031.3000000000002 1584.0166666666669 13.500000000000002 1554.1278571428572 2.5000000000000004 1.0000000180025095e-35 308.16666666666669 9.5000000000000018 283.50000000000006 256.50000000000006 604.98500000000013 884.35000000000002 38.500000000000007 67.500000000000014 56.295000000000009 828.96666666666681 3.5000000000000004 1.5000000000000002 68.500000000000014 80.500000000000014 22071.445000000003 1998.7498333333335 14742.730000000001 1922.3833333333334 2494.5000000000005 6.5000000000000009 1174.069285714286
decision_type=2 2 2 2 2 2 2 2 2 2 2 2 2 2 2 2 2 2 2 2 2 2 2 2 2 2 2 2 2 2
left_child=1 2 3 4 6 -6 7 -1 9 10 -9 12 14 19 17 -16 -17 -11 -19 -14 -2 -22 23 24 26 -26 -23 -27 -28 -25
right_child=20 -3 -4 -5 5 -7 -8 8 -10 11 -12 -13 13 -15 15 16 -18 18 -20 -21 21 22 -24 29 25 27 28 -29 -30 -31
leaf_value=-0.65494299635843545 -0.14520480650768311 -0.014017747873870369 6.5302240887733367 -17.529674670100214 14.507340197104675 1.5937978948865619 -6.7668198926348087 12.853210845083561 -0.20323057344653686 1.8636093880810991 3.5433319006017494 2.0418367803226345 -2.3049927860168622 -0.22012679167319088 11.274595957249403 -8.5775216338769447 6.768633648683859 0.34498488955109025 -8.9139519560337064 2.6118907846180743 -0.12235834296544948 0.81025263047410823 0.11422928658951222 -0.026967060140201022 16.700027345543479 -15.852045914043082 0.18468982516502849 8.2808779950727498 -10.836002500009537 8.054259761723511
leaf_weight=2522 130340 98908 73 52 65 56 71 106 5453 1335 1487 920 1491 2623 64 53 86 23667 50 113 55489 3623 40039 266 134 55 196 57 250 684
leaf_count=2522 130340 98908 73 52 65 56 71 106 5453 1335 1487 920 1491 2623 64 53 86 23667 50 113 55489 3623 40039 266 134 55 196 57 250 684
internal_value=-0.00464955 0.0848983 0.327746 0.316486 0.339593 8.53082 0.31484 0.327419 0.393578 0.495294 4.16282 0.303123 0.248866 -0.879819 0.437777 4.1826 0.917222 0.407432 0.325465 -1.9586 -0.0585779 0.0534434 0.268768 1.444 0.486835 7.47135 0.0645721 -3.57011 -5.99283 5.79152
internal_weight=370328 139195 40287 40214 40162 121 40041 39970 37448 31995 1593 30402 29482 4227 25255 203 139 25052 23717 1604 231133 100793 45304 5265 4315 246 4069 112 446 950
internal_count=370328 139195 40287 40214 40162 121 40041 39970 37448 31995 1593 30402 29482 4227 25255 203 139 25052 23717 1604 231133 100793 45304 5265 4315 246 4069 112 446 950
is_linear=0
shrinkage=0.05


Tree=243
num_leaves=31
num_cat=0
split_feature=8 11 11 11 10 0 11 10 0 11 1 1 0 9 1 1 11 11 8 8 0 1 9 10 9 6 8 0 11 8
split_gain=1.34142e+06 4.01222e+06 5.99749e+06 4.27592e+06 3.97471e+06 3.61641e+06 2.62228e+06 1.38129e+07 8.72233e+06 5.44271e+06 3.90188e+06 4.73257e+06 7.17656e+06 3.82213e+06 3.54354e+06 2.31964e+06 2.10498e+06 1.39755e+06 2.93142e+06 4.26104e+06 7.80976e+06 6.70265e+06 9.1743e+06 4.52718e+06 4.30077e+06 3.63876e+06 5.62792e+06 3.95798e+06 9.45042e+06 5.7102e+06
threshold=3218.1678571428579 9526.4100000000017 8282.5850000000009 13348.465000000002 2519.2500000000005 21.500000000000004 18339.145 2609.7166666666667 20.500000000000004 23225.890000000003 1.5000000000000002 2.5000000000000004 23.500000000000004 2530.8520000000003 3.5000000000000004 2.5000000000000004 4347.4950000000008 16431.460000000003 1632.2000000000003 1518.4428571428573 3.5000000000000004 1.0000000180025095e-35 1519.3770000000002 2348.0500000000006 2336.8835000000004 1.5000000000000002 2899.4528571428577 22.500000000000004 17684.070000000003 2133.8221428571437
decision_type=2 2 2 2 2 2 2 2 2 2 2 2 2 2 2 2 2 2 2 2 2 2 2 2 2 2 2 2 2 2
left_child=17 2 4 15 16 -6 7 -5 -9 13 -11 -12 14 -8 -13 -3 -2 -1 19 -19 -21 23 -23 -22 -24 -20 27 28 -27 -29
right_child=1 3 -4 6 5 -7 9 8 -10 10 11 12 -14 -15 -16 -17 -18 18 25 20 21 22 24 -25 -26 26 -28 29 -30 -31
leaf_value=0.026237164231844169 0.75184478269795241 4.5681486973395717 -18.902924696683883 17.234849902299736 -1.2314191175543745 14.039873609969867 2.175018180847168 -29.087811480783952 -0.12239032353994982 9.5998777115699081 -15.168332926432292 -5.8878712948885834 -13.572203950267848 20.119407877203539 8.6920810421885459 17.473112131118775 -11.730428874039951 -0.17703844532660434 -1.2343311508673545 11.76192860506513 -2.6098323004586357 -2.1880103839288472 6.7983182878494262 -19.556921529769898 -7.3173305227838714 20.641735489332856 14.454333640367558 0.93694401133023097 1.1716442204002304 -10.43060198196998
leaf_weight=337628 59 65 50 52 92 67 50 51 53 101 54 55 66 73 172 75 79 16884 10976 197 133 628 775 56 58 67 78 319 893 169
leaf_count=337628 59 65 50 52 92 67 50 51 53 101 54 55 66 73 172 75 79 16884 10976 197 133 628 775 56 58 67 78 319 893 169
internal_value=0.00209707 1.66141 -2.88216 3.47989 -0.185064 5.20365 1.939 -3.80611 -14.3266 3.50859 0.950753 -1.56672 0.940067 12.8249 5.15949 11.4815 -6.3938 -0.00336409 -0.323353 0.0723885 2.35248 1.22905 2.37524 -7.63119 5.81548 -0.916269 1.37145 0.666704 2.53049 -2.99977
internal_weight=370075 1214 347 867 297 159 727 156 104 571 448 347 293 123 227 140 138 368861 31233 18731 1847 1650 1461 189 833 12502 1526 1448 960 488
internal_count=370075 1214 347 867 297 159 727 156 104 571 448 347 293 123 227 140 138 368861 31233 18731 1847 1650 1461 189 833 12502 1526 1448 960 488
is_linear=0
shrinkage=0.05


Tree=244
num_leaves=31
num_cat=0
split_feature=10 8 3 10 0 11 6 3 3 3 11 11 11 8 10 0 10 10 8 3 0 11 11 0 0 10 9 10 9 10
split_gain=1.23416e+06 5.90381e+06 3.78213e+06 4.17122e+06 5.00884e+06 4.25748e+06 3.54524e+06 5.91027e+06 6.90168e+06 4.15262e+06 4.55891e+06 8.21309e+06 9.79476e+06 3.48883e+06 4.11747e+06 5.39608e+06 3.47879e+06 6.71586e+06 6.50514e+06 7.1754e+06 5.89177e+06 3.47217e+06 3.35291e+06 3.21824e+06 3.0261e+06 5.32437e+06 2.95967e+06 2.69539e+06 2.61666e+06 3.21027e+06
threshold=2220.0000000000005 2195.8535714285722 265.50000000000006 2132.4000000000005 3.5000000000000004 25929.405000000002 1.5000000000000002 17.500000000000004 66.500000000000014 9.5000000000000018 38560.455000000009 14253.120000000001 12198.740000000002 2899.4528571428577 2010.5333333333335 18.500000000000004 1766.3333333333335 1987.5500000000002 2430.840714285715 61.500000000000007 17.500000000000004 6599.3550000000005 20009.920000000002 18.500000000000004 12.500000000000002 1965.7166666666669 1841.156666666667 2051.6500000000001 1412.969166666667 2282.6333333333337
decision_type=2 2 2 2 2 2 2 2 2 2 2 2 2 2 2 2 2 2 2 2 2 2 2 2 2 2 2 2 2 2
left_child=1 -1 3 4 -3 22 9 21 -9 13 11 12 16 14 26 -16 -11 20 -19 -20 -18 -8 -5 -7 -13 -26 -6 -4 29 -2
right_child=28 2 27 5 6 23 7 8 -10 10 -12 24 -14 -15 15 -17 17 18 19 -21 -22 -23 -24 -25 25 -27 -28 -29 -30 -31
leaf_value=-0.0007137963623599753 -12.188330285365765 10.776548273937546 2.0723158879066581 5.8400355044215795 1.9880803657205481 7.5899323178875839 -11.099997208335184 24.598924883761828 1.9016647721781876 -13.732721631001619 -17.261762004852297 16.708234683672586 -23.819229466797879 12.594598208732403 2.4787253158530973 -17.012205098470051 -2.3695300873782901 1.7670007718829659 -27.344443385941641 -1.5510121689392973 17.788560425745299 5.7961361527442934 -6.9781150014776934 24.639258872985842 -9.0934220643477008 10.826294898709586 13.742013631548202 -11.521996531486511 -0.32799806505599105 -0.74134590081720553
leaf_weight=348474 104 137 67 486 228 62 55 68 66 59 50 57 61 82 87 60 72 127 56 52 73 68 57 50 55 86 70 80 18900 149
leaf_count=348474 104 137 67 486 228 62 55 68 66 59 50 57 61 82 87 60 72 127 56 52 73 68 57 50 55 86 70 80 18900 149
internal_value=-0.00477505 0.0165552 2.45193 2.9439 1.61689 6.32526 0.79778 6.15515 13.4197 -0.282099 -2.67724 -1.6325 -5.04555 3.11745 1.3711 -5.47676 -2.43691 -0.683088 -5.90439 -14.9254 7.77903 -1.75905 4.49448 15.2012 6.98633 3.05619 4.74907 -5.32595 -0.395615 -5.44683
internal_weight=370098 350945 2471 2324 1669 655 1532 257 134 1275 748 698 500 527 445 147 439 380 235 108 145 123 543 112 198 141 298 147 19153 253
internal_count=370098 350945 2471 2324 1669 655 1532 257 134 1275 748 698 500 527 445 147 439 380 235 108 145 123 543 112 198 141 298 147 19153 253
is_linear=0
shrinkage=0.05


Tree=245
num_leaves=31
num_cat=0
split_feature=8 1 3 8 9 10 0 6 9 10 3 10 0 9 0 11 1 11 0 3 10 10 8 10 11 11 11 10 9 10
split_gain=1.98377e+06 3.14886e+06 4.55793e+06 4.90784e+06 7.03133e+06 4.22715e+06 2.55251e+06 5.50869e+06 4.00416e+06 5.49062e+06 8.93982e+06 6.3472e+06 4.33309e+06 3.75104e+06 3.16612e+06 7.27768e+06 7.31719e+06 3.86083e+06 3.37658e+06 3.8799e+06 4.74273e+06 5.57968e+06 2.68927e+06 2.32565e+06 3.30381e+06 1.94423e+06 1.92966e+06 6.22498e+06 6.9732e+06 3.69397e+06
threshold=2899.4528571428577 5.5000000000000009 60.500000000000007 3218.1678571428579 2703.9491666666668 2577.1000000000004 15.500000000000002 1.5000000000000002 2336.8835000000004 2812.8500000000008 16.500000000000004 2680.8833333333337 5.5000000000000009 2703.9491666666668 21.500000000000004 11502.295000000002 2.5000000000000004 6265.3350000000009 20.500000000000004 40.500000000000007 2680.8833333333337 2494.5000000000005 3218.1678571428579 2577.1000000000004 14742.730000000001 3568.6350000000007 10903.300000000001 2444.1500000000001 2703.9491666666668 2444.1500000000001
decision_type=2 2 2 2 2 2 2 2 2 2 2 2 2 2 2 2 2 2 2 2 2 2 2 2 2 2 2 2 2 2
left_child=-1 6 3 5 -5 -3 7 8 12 10 -10 -12 -2 -11 15 16 22 -18 19 20 21 -17 -8 24 -14 -16 27 -27 -29 -28
right_child=1 2 -4 4 -6 -7 14 -9 9 13 11 -13 23 -15 25 18 17 -19 -20 -21 -22 -23 -24 -25 -26 26 29 28 -30 -31
leaf_value=-0.0069964803739017804 -4.4772056880750162 -24.080243931145503 4.9447915554046631 11.930323516312292 -13.161597487611591 -4.3465782015931378 -8.953342642102923 15.737837435305119 -21.82797673133112 13.270850473162774 10.118126751184464 -11.829702513558525 15.668880669618474 -3.230902593177662 -6.3665835227966312 -0.88316915035247812 -8.7315838127136232 -28.284030240189793 12.73967615225736 10.315100536346435 3.8789753843616968 -22.046322036519939 3.9623603981419615 18.407519249177316 -0.80718455910682685 -3.4017562878131873 10.451318322236723 22.399623819457162 -0.88899852943420421 -0.16574782713707248
leaf_weight=368222 57 58 116 59 53 51 70 96 62 87 80 56 58 57 50 80 50 51 68 80 151 51 95 71 64 80 104 90 50 386
leaf_count=368222 57 58 116 59 53 51 70 96 62 87 80 56 58 57 50 80 50 51 68 80 151 51 95 71 64 80 104 90 50 386
internal_value=0.00249778 1.41161 -3.08133 -7.29414 0.056468 -14.8471 2.11782 4.62755 2.82588 -0.689898 -6.09267 1.08079 7.63547 6.73891 0.9319 -1.50454 -8.00517 -18.6046 2.51678 0.596457 -2.16061 -9.12226 -1.51703 11.2128 7.0257 3.16316 3.83427 7.72444 14.0823 2.08767
internal_weight=370703 2481 337 221 112 109 2144 688 592 342 198 136 250 144 1456 696 266 101 430 362 282 131 165 193 122 760 710 220 140 490
internal_count=370703 2481 337 221 112 109 2144 688 592 342 198 136 250 144 1456 696 266 101 430 362 282 131 165 193 122 760 710 220 140 490
is_linear=0
shrinkage=0.05


Tree=246
num_leaves=31
num_cat=0
split_feature=10 3 0 8 1 11 11 3 0 3 11 11 11 11 8 8 11 0 3 10 3 8 3 0 3 3 3 11 3 1
split_gain=1.59229e+06 2.3962e+06 5.38104e+06 4.09444e+06 5.14577e+06 6.34849e+06 4.39271e+06 3.06355e+06 1.65059e+07 2.97571e+06 3.07871e+06 2.17076e+06 2.10292e+06 5.617e+06 6.12015e+06 5.53401e+06 8.07337e+06 6.27453e+06 4.23701e+06 3.82754e+06 3.72738e+06 4.78269e+06 3.48171e+06 3.46216e+06 3.43501e+06 3.67758e+06 4.02198e+06 7.60973e+06 3.12203e+06 5.18433e+06
threshold=2641.9333333333338 5.5000000000000009 24.500000000000004 2693.3414285714293 4.5000000000000009 23225.890000000003 15243.790000000003 9.5000000000000018 17.500000000000004 13.500000000000002 42026.485000000008 23225.890000000003 27454.115000000002 42026.485000000008 1451.2592857142861 1518.4428571428573 55972.670000000006 11.500000000000002 282.50000000000006 2762.7666666666669 31.500000000000004 2195.8535714285722 26.500000000000004 2.5000000000000004 35.500000000000007 43.500000000000007 50.500000000000007 19100.720000000005 125.50000000000001 3.5000000000000004
decision_type=2 2 2 2 2 2 2 2 2 2 2 2 2 2 2 2 2 2 2 2 2 2 2 2 2 2 2 2 2 2
left_child=-1 2 3 -2 6 -6 -5 8 11 10 -9 -3 20 14 -14 16 -15 -18 19 22 21 -11 -17 -21 -22 -26 27 -27 -16 -30
right_child=1 7 -4 4 5 -7 -8 9 -10 12 -12 -13 13 15 28 18 17 -19 -20 23 24 -23 -24 -25 25 26 -28 -29 29 -31
leaf_value=0.0023925116574843885 18.80636882030964 12.37087222789896 -7.7985365621745588 -2.2921489195390179 7.2947290713970476 -16.864286305611596 13.546586806957539 11.512654970089596 -20.870992265091289 -15.343638309565458 -3.0776821746908389 -0.30058805913101011 -19.437394785004503 17.385884472467367 -2.8163497333641514 11.564482426333738 -12.76742669382403 10.011403525077691 9.844181278083898 -14.043848482045261 12.715809150465898 -0.29527899929971407 -0.3111437764381122 -2.9442882871389986 -7.533251751044701 -0.6906439051420793 0.047040579036997987 19.390021731555464 -1.9654995658180932 -22.750761678869075
leaf_weight=364266 50 58 96 66 52 57 130 96 111 88 58 81 68 103 830 77 62 59 79 77 56 132 311 802 145 115 2142 80 66 55
leaf_count=364266 50 58 96 66 52 57 130 96 111 88 58 81 68 103 830 77 62 59 79 77 56 132 311 802 145 115 2142 80 66 55
internal_value=-0.0111332 -0.80555 2.70398 5.5441 3.36995 -5.33888 8.21313 -1.08077 -6.49407 -0.834757 6.01759 4.98678 -1.03211 -2.05554 -4.94635 -0.179279 7.09749 -1.66039 -1.39027 -2.09076 -0.0713976 -6.31462 2.04562 -3.9166 0.46978 0.19348 0.672888 7.54758 -3.91018 -11.4133
internal_weight=370468 6202 451 355 305 109 196 5751 250 5501 154 139 5347 2589 1019 1570 224 121 1346 1267 2758 220 388 879 2538 2482 2337 195 951 121
internal_count=370468 6202 451 355 305 109 196 5751 250 5501 154 139 5347 2589 1019 1570 224 121 1346 1267 2758 220 388 879 2538 2482 2337 195 951 121
is_linear=0
shrinkage=0.05


Tree=247
num_leaves=31
num_cat=0
split_feature=11 0 3 3 3 8 10 9 11 10 0 10 8 0 10 8 11 8 0 10 10 8 8 3 3 8 3 9 10 3
split_gain=2.09601e+06 3.32046e+06 2.90357e+06 1.19087e+07 6.76547e+06 7.96264e+06 5.02634e+06 6.80412e+06 4.26263e+06 4.29324e+06 1.00575e+07 3.65963e+06 7.877e+06 4.2774e+06 4.8222e+06 2.79088e+06 4.88593e+06 4.66247e+06 6.16015e+06 2.61407e+06 4.78033e+06 7.71134e+06 1.0599e+07 1.0153e+07 4.50564e+06 3.93587e+06 5.41241e+06 9.50474e+06 8.67624e+06 8.60891e+06
threshold=11174.860000000002 19.500000000000004 59.500000000000007 49.500000000000007 91.500000000000014 2693.3414285714293 2444.1500000000001 928.8950000000001 32951.680000000008 2720.4666666666672 9.5000000000000018 1878.4333333333336 1593.7250000000001 14.500000000000002 2519.2500000000005 2078.5514285714294 25929.405000000002 1925.7600000000002 4.5000000000000009 2872.6833333333338 2955.1166666666672 2340.6650000000004 2693.3414285714293 43.500000000000007 7.5000000000000009 2693.3414285714293 8.5000000000000018 2194.8705000000004 2371.4500000000003 7.5000000000000009
decision_type=2 2 2 2 2 2 2 2 2 2 2 2 2 2 2 2 2 2 2 2 2 2 2 2 2 2 2 2 2 2
left_child=-1 2 3 19 5 8 7 -5 9 -4 -11 -10 -13 14 -14 17 -17 18 -8 25 -21 23 -23 -22 -24 -2 29 28 -28 -27
right_child=1 -3 4 6 -6 -7 15 -9 11 10 -12 12 13 -15 -16 16 -18 -19 -20 20 21 22 24 -25 -26 26 27 -29 -30 -31
leaf_value=0.028820163599586786 -0.013454441049486961 -0.90050751472977986 1.5615130727524045 -0.95041386518357462 -0.21147372229453892 17.425344814880784 7.3803491350766777 -9.5544525116855326 -4.9894622954111254 6.1432142136647157 -21.779887339659037 16.105805237444837 6.2547002303294654 11.234147696214563 -11.111251404227282 4.0383239371867123 -12.672728055837204 15.026260416624977 -9.8210729073505014 9.5526096654876245 -21.799542599995931 25.252180639527879 7.5544233447313305 4.9824897652241731 -9.5633603469745534 -3.369181434284557 -1.6151104402542114 -2.0292314746800595 -27.644444297404775 15.545702417794761
leaf_weight=321365 14522 16476 3888 345 10865 83 111 688 63 65 64 173 78 85 82 79 98 61 98 197 75 53 80 67 74 275 50 255 89 77
leaf_count=321365 14522 16476 3888 345 10865 83 111 688 63 65 64 173 78 85 82 79 98 61 98 197 75 53 80 67 74 275 50 255 89 77
internal_value=-0.0177148 -0.321573 -0.0302317 -0.475228 0.468006 2.07956 -4.76412 -6.68089 1.79639 1.26377 -7.71011 6.24452 7.93768 2.16999 -2.64535 -0.334551 -5.21412 2.86428 -0.685389 -0.0738397 3.32556 -0.189422 5.96633 -9.16295 -0.671005 -0.195406 -3.73736 -7.76286 -18.2814 0.768449
internal_weight=370581 49216 32740 17294 15446 4581 1480 1033 4498 4017 129 481 418 245 160 447 177 270 209 15814 546 349 207 142 154 15268 746 394 139 352
internal_count=370581 49216 32740 17294 15446 4581 1480 1033 4498 4017 129 481 418 245 160 447 177 270 209 15814 546 349 207 142 154 15268 746 394 139 352
is_linear=0
shrinkage=0.05


Tree=248
num_leaves=31
num_cat=0
split_feature=9 10 10 10 8 10 0 10 11 10 11 11 9 11 1 8 6 3 3 10 8 3 11 0 3 8 8 11 11 3
split_gain=629753 1.80544e+06 4.14779e+06 4.83583e+06 3.09644e+06 2.39751e+06 8.06261e+06 3.9932e+06 4.11996e+06 2.79689e+06 2.65529e+06 6.72143e+06 6.45088e+06 4.70976e+06 4.03014e+06 6.75666e+06 3.79322e+06 5.98248e+06 4.07799e+06 3.74521e+06 3.46477e+06 3.97203e+06 3.98603e+06 3.533e+06 4.18652e+06 6.24981e+06 5.82102e+06 2.86331e+06 2.78571e+06 6.11726e+06
threshold=2530.8520000000003 2324.1500000000001 2371.4500000000003 2418.9166666666674 2693.3414285714293 2494.5000000000005 14.500000000000002 2548.1500000000001 14742.730000000001 2577.1000000000004 6970.795000000001 10301.915000000003 2703.9491666666668 4959.9500000000007 2.5000000000000004 2537.0064285714293 1.5000000000000002 132.50000000000003 49.500000000000007 2812.8500000000008 2078.5514285714294 2.5000000000000004 55972.670000000006 26.500000000000004 123.50000000000001 1879.7300000000002 1791.3400000000004 65821.285000000018 25929.405000000002 10.500000000000002
decision_type=2 2 2 2 2 2 2 2 2 2 2 2 2 2 2 2 2 2 2 2 2 2 2 2 2 2 2 2 2 2
left_child=-1 4 -3 -4 -2 6 -5 8 -7 -9 12 14 -11 19 -12 -16 20 18 -18 -14 23 -22 28 24 26 -26 -13 -24 29 -23
right_child=1 2 3 5 -6 7 -8 9 -10 10 11 16 13 -15 15 -17 17 -19 -20 -21 21 22 27 -25 25 -27 -28 -29 -30 -31
leaf_value=-0.012173413117768234 -0.1888414263725281 -12.635015145398803 12.028210126835368 7.4476959918167385 15.650003109154879 0.90479594724518919 -16.466763867139814 -10.457262032718983 20.651309291839599 4.6618027427617248 2.454510158361848 -15.504784319617531 -13.21746123916698 -19.907884952000209 4.2192056601697754 29.235823222826113 -9.6473022597176694 -18.144603863660841 8.6972536444664001 4.884392295345183 12.67091285596814 11.809122571443257 16.511110446138201 16.860700280787579 17.697351677243301 -4.4614928704041708 7.8286303373483506 0.075669328221734972 -5.4101071978385527 -2.0995138689717416
leaf_weight=367631 72 59 92 63 54 56 80 59 50 136 97 55 53 70 55 53 56 69 66 62 57 95 53 59 82 52 52 53 356 471
leaf_count=367631 72 59 92 63 54 56 80 59 50 136 97 55 53 70 55 53 56 69 66 62 57 95 53 59 82 52 52 53 356 471
internal_value=-0.00659905 0.756077 0.468596 0.777594 6.59923 0.34811 -5.93102 0.744191 10.2192 0.27943 0.580792 1.33524 -3.60511 -9.68241 9.85191 16.4959 0.227426 -6.37805 0.276802 -3.4582 1.13836 -0.176646 -0.889011 5.89431 3.20959 9.0984 -4.16518 8.29339 -1.94469 0.234975
internal_weight=370318 2687 2561 2502 126 2410 143 2267 106 2161 2102 1781 321 185 205 108 1576 191 122 115 1385 1085 1028 300 241 134 107 106 922 566
internal_count=370318 2687 2561 2502 126 2410 143 2267 106 2161 2102 1781 321 185 205 108 1576 191 122 115 1385 1085 1028 300 241 134 107 106 922 566
is_linear=0
shrinkage=0.05


Tree=249
num_leaves=31
num_cat=0
split_feature=8 3 0 0 11 11 11 3 11 1 8 3 3 9 10 1 0 0 11 3 3 11 11 9 3 3 1 10 11 11
split_gain=2.12671e+06 3.81417e+06 5.16866e+06 3.89019e+06 3.90298e+06 3.37288e+06 1.09935e+07 1.04e+07 8.57746e+06 8.01146e+06 6.43097e+06 5.50595e+06 9.67252e+06 5.42451e+06 4.94167e+06 4.20856e+06 4.06522e+06 5.53097e+06 3.88422e+06 3.57962e+06 6.10584e+06 5.11055e+06 7.46628e+06 6.19922e+06 4.63105e+06 4.28066e+06 3.84395e+06 4.33601e+06 3.59232e+06 3.50632e+06
threshold=2195.8535714285722 134.50000000000003 29.500000000000004 30.500000000000004 16973.135000000006 23225.890000000003 22071.445000000003 14.500000000000002 24530.555000000004 4.5000000000000009 2537.0064285714293 115.50000000000001 112.50000000000001 2087.0383333333334 2371.4500000000003 3.5000000000000004 26.500000000000004 24.500000000000004 16431.460000000003 67.500000000000014 69.500000000000014 14742.730000000001 9286.6000000000022 2087.0383333333334 102.50000000000001 56.500000000000007 3.5000000000000004 2444.1500000000001 4959.9500000000007 14742.730000000001
decision_type=2 2 2 2 2 2 2 2 2 2 2 2 2 2 2 2 2 2 2 2 2 2 2 2 2 2 2 2 2 2
left_child=-1 5 -3 4 -4 6 11 -8 9 10 -7 12 16 29 -15 -9 17 19 -19 25 -21 22 23 -22 26 -2 27 -23 -25 -13
right_child=1 2 3 -5 -6 8 7 15 -10 -11 -12 13 -14 14 -16 -17 -18 18 -20 20 21 24 -24 28 -26 -27 -28 -29 -30 -31
leaf_value=-0.00035882049343791714 1.2733824733022496 -0.41455625525338624 -5.1687219875961992 0.49544113237563875 -22.051435842854637 -12.521481238437605 32.781365329144045 -0.53221800573940936 0.51436174293845616 -23.921479095928913 9.090459257657411 -3.1660886392964946 -15.976915841504752 23.033078087397985 7.2617489319577899 16.070847861907062 5.2300129758339402 -2.4288990880293371 -14.790434566512705 -13.11060372787772 6.4238047119150767 -26.250652439117431 9.9180742110740745 -0.4196197715460086 7.5584060538048838 6.526733975981398 -0.74596244979214354 -6.6657145690917972 -17.71468043131371 10.46585290852715
leaf_weight=359781 2766 1398 67 73 70 79 51 87 2869 69 61 154 83 70 171 68 564 309 80 103 94 50 212 51 51 451 77 65 73 68
leaf_count=359781 2766 1398 67 73 70 79 51 87 2869 69 61 154 83 70 171 68 564 309 80 103 94 50 212 51 51 451 77 65 73 68
internal_value=0.0200018 0.725447 -1.51324 -8.82732 -13.7949 1.13564 1.85607 13.1959 -0.198037 -9.97733 -3.10485 1.43072 0.950358 6.64833 11.8426 6.75171 1.23442 0.720153 -4.97112 1.2746 -1.77353 -0.0384359 3.23697 -3.26025 -5.83442 2.00986 -9.39189 -15.1809 -10.6014 1.00946
internal_weight=370165 10384 1608 210 137 8776 5698 206 3078 209 140 5492 5029 463 241 155 4946 4382 389 3993 776 673 430 218 243 3217 192 115 124 222
internal_count=370165 10384 1608 210 137 8776 5698 206 3078 209 140 5492 5029 463 241 155 4946 4382 389 3993 776 673 430 218 243 3217 192 115 124 222
is_linear=0
shrinkage=0.05


Tree=250
num_leaves=31
num_cat=0
split_feature=9 6 8 10 8 8 0 10 10 11 10 10 11 3 11 10 8 0 10 6 6 8 10 11 11 11 10 10 11 9
split_gain=1.29991e+06 2.78378e+06 6.1229e+06 4.09332e+06 3.63238e+06 3.47123e+06 3.32039e+06 4.77532e+06 5.90652e+06 3.72504e+06 6.35165e+06 5.1768e+06 5.10495e+06 3.87709e+06 5.98972e+06 4.69464e+06 3.87944e+06 3.56029e+06 3.42032e+06 3.23248e+06 4.65874e+06 4.27378e+06 4.40054e+06 2.7048e+06 4.52624e+06 2.68792e+06 2.58679e+06 3.05633e+06 3.29072e+06 2.54193e+06
threshold=706.2118333333334 1.5000000000000002 357.74000000000007 1064.7666666666669 486.76000000000005 674.4164285714287 4.5000000000000009 2762.7666666666669 2548.1500000000001 4347.4950000000008 2577.1000000000004 2303.4000000000005 4569.1200000000008 271.50000000000006 12943.180000000002 1408.3333333333335 1709.7935714285716 15.500000000000002 2176.9166666666674 2.5000000000000004 4.5000000000000009 874.19928571428591 1664.0666666666668 2390.3800000000006 18339.145 6839.0850000000009 2010.5333333333335 1745.4833333333336 10040.155000000001 1554.7928333333336
decision_type=2 2 2 2 2 2 2 2 2 2 2 2 2 2 2 2 2 2 2 2 2 2 2 2 2 2 2 2 2 2
left_child=-1 2 3 -2 -4 23 7 8 19 10 11 18 -11 -14 15 -15 -16 -13 -8 26 21 -21 -23 -6 -25 -17 27 -3 -29 -30
right_child=1 6 4 -5 5 -7 9 -9 -10 12 -12 17 13 14 16 25 -18 -19 -20 20 -22 22 -24 24 -26 -27 -28 28 29 -31
leaf_value=-0.021603160853920847 -2.525347306489925 0.68102570476964663 -4.7650307837044803 11.135081437639162 -2.0668360088404305 -0.0084734948283608936 -0.041893990806697284 13.423304029747293 -14.844215247660509 12.08166923148881 -15.384451412453371 1.4479986854033038 2.0452688497776634 0.73104112698563517 -2.5008910471133974 -6.9103569414101402 9.6912301456175971 19.204464470929114 -10.551588014364242 -22.463547770793625 0.42532879904835319 4.8152136172657301 -12.678889872068945 4.6712259495143407 -0.93974153942988758 -22.095251920643975 4.2556338864029746 2.9437234613630512 -5.121028236716481 -20.444383553504945
leaf_weight=305496 75 529 391 204 324 50768 2396 54 81 121 68 55 6349 70 178 51 103 58 80 52 218 59 92 1154 522 68 323 54 59 50
leaf_count=305496 75 529 391 204 324 50768 2396 54 81 121 68 55 6349 70 178 51 103 58 80 52 218 59 92 1154 522 68 323 54 59 50
internal_value=0.0214892 0.225256 0.0752132 7.46292 0.0364395 0.0720174 0.943196 -1.18767 -1.70777 1.29201 -0.300018 0.0961737 1.90153 1.72089 -2.66105 -9.54356 1.96811 10.5619 -0.381464 -0.966789 -4.65022 -10.1008 -5.84345 2.1152 2.92366 -15.5874 0.561018 -1.16349 -7.14969 -12.1501
internal_weight=370102 64606 53438 279 53159 52768 11168 1571 1517 9597 2657 2589 6940 6819 470 189 281 113 2476 1436 421 203 151 2000 1676 119 1015 692 163 109
internal_count=370102 64606 53438 279 53159 52768 11168 1571 1517 9597 2657 2589 6940 6819 470 189 281 113 2476 1436 421 203 151 2000 1676 119 1015 692 163 109
is_linear=0
shrinkage=0.05


Tree=251
num_leaves=31
num_cat=0
split_feature=11 8 1 9 10 11 10 3 10 9 3 2 11 3 2 3 11 11 11 10 6 3 10 9 8 9 1 3 9 2
split_gain=745842 3.12568e+06 6.39625e+06 7.58003e+06 7.71432e+06 1.06339e+07 9.12519e+06 5.40093e+06 4.14572e+06 3.84181e+06 3.74192e+06 6.11551e+06 7.506e+06 4.93823e+06 4.0358e+06 5.4616e+06 3.99674e+06 4.11645e+06 3.71411e+06 3.37632e+06 4.65527e+06 3.30546e+06 3.22779e+06 3.12886e+06 3.06948e+06 3.30144e+06 2.89536e+06 2.79307e+06 2.78245e+06 2.7071e+06
threshold=27454.115000000002 2340.6650000000004 4.5000000000000009 1957.9808333333337 2955.1166666666672 55972.670000000006 2762.7666666666669 6.5000000000000009 2282.6333333333337 1917.6366666666668 57.500000000000007 1.0000000180025095e-35 55972.670000000006 12.500000000000002 1.0000000180025095e-35 22.500000000000004 38560.455000000009 31067.535000000003 35421.660000000011 2812.8500000000008 1.5000000000000002 286.50000000000006 2762.7666666666669 2258.7413333333338 2693.3414285714293 2530.8520000000003 5.5000000000000009 7.5000000000000009 2422.4765000000002 1.0000000180025095e-35
decision_type=2 2 2 2 2 2 2 2 2 2 2 2 2 2 2 2 2 2 2 2 2 2 2 2 2 2 2 2 2 2
left_child=-1 7 8 -4 5 6 18 26 9 -3 13 16 23 24 15 -15 17 -12 -5 21 29 -9 -18 -13 27 -26 -2 -10 -17 -21
right_child=1 2 3 4 -6 -7 -8 19 10 -11 11 12 -14 14 -16 28 22 -19 -20 20 -22 -23 -24 -25 25 -27 -28 -29 -30 -31
leaf_value=-0.0016217930601037879 -3.1861946276045061 2.8269254595734354 13.006486202834489 -5.7640667088534858 7.9948901538191173 -21.573424234697896 -15.320033804134088 0.54626110276718831 3.7049181359154839 16.878090985843198 8.4642226267669169 -16.967848231745702 14.325848857287705 -20.085671533743543 6.7909135313595046 1.8949565669237558 -4.0910339903719022 26.773370040208103 5.7813274911030597 -4.9806369414603395 9.8208233554022666 -12.335711425542833 11.281379499534767 -0.82696691212588791 -0.77738797292950457 10.915667612124713 -12.976273677207448 19.718640955439156 -10.863297022634478 1.8613263481265898
leaf_weight=354208 444 86 77 109 116 93 108 12290 56 112 59 51 58 60 68 118 53 64 193 703 70 50 96 73 267 78 91 53 67 182
leaf_count=354208 444 86 77 109 116 93 108 12290 56 112 59 51 58 60 68 118 53 64 193 703 70 50 96 73 267 78 91 53 67 182
internal_value=0.0134369 0.347955 2.13809 -1.78804 -3.62839 -6.3089 -2.84647 0.0741926 4.0638 10.7751 2.97549 6.57322 -0.521042 0.84593 -3.98592 -6.97705 11.3201 17.9909 1.61428 0.272403 -2.5918 0.494065 5.81334 -7.46556 4.17714 1.86626 -4.85142 11.4914 -2.7256 -3.57359
internal_weight=370153 15945 2115 696 619 503 410 13830 1419 198 1221 454 182 767 313 245 272 123 302 13295 955 12340 149 124 454 345 535 109 185 885
internal_count=370153 15945 2115 696 619 503 410 13830 1419 198 1221 454 182 767 313 245 272 123 302 13295 955 12340 149 124 454 345 535 109 185 885
is_linear=0
shrinkage=0.05


Tree=252
num_leaves=31
num_cat=0
split_feature=11 2 3 1 9 3 10 3 9 8 8 8 9 8 8 3 9 3 1 3 8 10 3 3 9 9 3 11 1 9
split_gain=1.14644e+06 4.94771e+06 4.61044e+06 3.60675e+06 3.95371e+06 3.51631e+06 3.18228e+06 6.17634e+06 4.4196e+06 8.03564e+06 4.41813e+06 4.41214e+06 3.73936e+06 3.40742e+06 4.16453e+06 2.81562e+06 3.86718e+06 2.67532e+06 4.71229e+06 2.45354e+06 2.0636e+06 1.09439e+06 5.0973e+06 6.68909e+06 5.80053e+06 5.38842e+06 4.37685e+06 4.2622e+06 1.14127e+07 4.01795e+06
threshold=65821.285000000018 1.0000000180025095e-35 27.500000000000004 1.0000000180025095e-35 2087.0383333333334 60.500000000000007 2641.9333333333338 34.500000000000007 1554.7928333333336 1593.7250000000001 2340.6650000000004 2195.8535714285722 1630.4328333333335 1418.4021428571432 1234.1314285714288 52.500000000000007 1957.9808333333337 52.500000000000007 3.5000000000000004 255.50000000000003 2024.3085714285717 2720.4666666666672 9.5000000000000018 5.5000000000000009 2336.8835000000004 2336.8835000000004 12.500000000000002 19100.720000000005 1.5000000000000002 1841.156666666667
decision_type=2 2 2 2 2 2 2 2 2 2 2 2 2 2 2 2 2 2 2 2 2 2 2 2 2 2 2 2 2 2
left_child=21 3 -3 4 -2 -4 8 10 9 13 -8 12 -10 14 -5 -14 -17 -9 -19 -7 -21 -1 23 25 -25 -23 -24 28 -27 -28
right_child=1 2 5 6 -6 19 7 17 11 -11 -12 -13 15 -15 -16 16 -18 18 -20 20 -22 22 26 24 -26 27 29 -29 -30 -31
leaf_value=0.014660668231304731 -13.151827667008584 -16.062766196884095 7.5924035928970159 8.9289892331147822 4.2254120366647845 -11.084006692256246 18.922322738776774 -13.874467544868345 18.953161622583867 -16.187470598040886 0.73840921823080485 19.703780947573048 -1.9945239584786554 16.605461687411903 -9.234674571595102 15.400578229371892 -1.7700940995846155 -10.722361342839791 7.1360208907684726 4.4676151148478196 -7.0254308527794436 11.704856246998233 11.946762320113509 -27.796239493443416 -7.3436745460216812 -12.30707231112889 -8.2170362656629532 -11.380117909273794 17.151147903934604 -0.065295331999862177
leaf_weight=364414 67 61 86 78 64 84 59 61 52 53 77 85 105 53 53 86 53 71 77 90 69 62 73 52 104 70 158 124 62 3493
leaf_count=364414 67 61 86 78 64 84 59 61 52 53 77 85 105 53 53 86 53 71 77 90 69 62 73 52 104 70 158 124 62 3493
internal_value=0.0109975 1.39794 -3.43746 3.1217 -4.66218 -1.09659 4.18057 0.333675 6.32811 0.966991 8.62702 9.66298 6.77964 5.90822 1.58033 4.18529 8.85349 -5.06295 -1.43118 -4.17171 -0.519933 0.00541381 -0.797275 -5.68081 -14.1612 -1.52062 -0.175686 -4.72367 1.52936 -0.418069
internal_weight=370096 1484 390 1094 131 329 963 345 618 237 136 381 296 184 131 244 139 209 148 243 159 368612 4198 474 156 318 3724 256 132 3651
internal_count=370096 1484 390 1094 131 329 963 345 618 237 136 381 296 184 131 244 139 209 148 243 159 368612 4198 474 156 318 3724 256 132 3651
is_linear=0
shrinkage=0.05


Tree=253
num_leaves=31
num_cat=0
split_feature=0 11 8 8 3 9 3 3 9 1 9 8 3 3 8 11 1 8 3 8 0 3 1 9 9 11 8 9 11 11
split_gain=843294 1.20254e+06 3.89685e+06 3.5582e+06 4.40519e+06 3.57215e+06 3.1589e+06 5.25794e+06 3.44301e+06 3.66127e+06 3.25722e+06 3.06115e+06 3.01545e+06 5.01148e+06 2.62075e+06 3.1816e+06 2.55111e+06 2.32531e+06 2.17372e+06 2.10059e+06 2.09166e+06 4.55092e+06 2.87093e+06 8.35301e+06 4.65352e+06 4.21039e+06 3.88079e+06 2.24818e+06 2.52011e+06 2.56317e+06
threshold=8.5000000000000018 29214.375000000004 994.49500000000023 874.19928571428591 21.500000000000004 1121.5418333333334 48.500000000000007 46.500000000000007 2041.4540000000004 3.5000000000000004 1917.6366666666668 1483.5285714285715 279.50000000000006 102.50000000000001 1750.47 42026.485000000008 2.5000000000000004 783.2914285714287 40.500000000000007 1451.2592857142861 4.5000000000000009 41.500000000000007 3.5000000000000004 1592.5745000000004 1804.4843333333336 50375.340000000004 1174.069285714286 1121.5418333333334 32951.680000000008 38560.455000000009
decision_type=2 2 2 2 2 2 2 2 2 2 2 2 2 2 2 2 2 2 2 2 2 2 2 2 2 2 2 2 2 2
left_child=1 -1 3 5 -5 17 7 20 9 16 -11 -10 13 14 -13 -16 -8 -3 -19 -18 27 22 23 -22 26 -26 -24 -4 -29 -30
right_child=-2 2 6 4 -6 -7 8 -9 11 10 -12 12 -14 -15 15 -17 19 18 -20 -21 21 -23 24 -25 25 -27 -28 28 29 -31
leaf_value=-0.090887872279184767 0.045261244237245285 -2.4191944144947835 -11.388636813163757 -21.763023602111002 -5.4288002244985796 -10.470614522990616 0.61346422299910131 16.397688473973954 -13.174744767409104 -6.1953334226608279 6.1736121466665566 8.9551436129483317 5.3813807919446166 -11.811101569984899 -9.8743560829162611 2.0699695216284861 1.9632197057499607 -0.19709212008644553 13.171579592444681 13.916098036468028 6.1142178608820998 11.5806551337743 11.369024463728364 -11.486793044209481 16.373456968045701 -0.23235476759613538 -4.2182354724925499 6.9213662581443787 -8.4253112590418464 -0.0060380353600577976
leaf_weight=94059 272212 291 50 56 157 101 356 56 91 275 66 55 85 165 100 126 68 68 55 80 130 119 51 140 102 61 184 100 113 452
leaf_count=94059 272212 291 50 56 157 101 356 56 91 275 66 55 85 165 100 126 68 68 55 80 130 119 51 140 102 61 184 100 113 452
internal_value=1.4544e-05 -0.125908 -1.00358 -4.28782 -9.72324 -2.03977 -0.213195 1.35466 -1.87831 0.199907 -3.80134 -4.70161 -3.24953 -4.89444 -0.833048 -3.21513 2.9071 0.0170267 5.78077 8.42424 0.793805 2.57227 0.967487 -3.01223 3.6673 10.159 -0.835468 -1.16375 -0.394967 -1.68989
internal_weight=370024 97812 3753 728 213 515 3025 1558 1467 845 341 622 531 446 281 226 504 414 123 148 1502 787 668 270 398 163 235 715 665 565
internal_count=370024 97812 3753 728 213 515 3025 1558 1467 845 341 622 531 446 281 226 504 414 123 148 1502 787 668 270 398 163 235 715 665 565
is_linear=0
shrinkage=0.05


Tree=254
num_leaves=31
num_cat=0
split_feature=11 10 1 9 1 9 10 1 8 9 9 3 8 3 3 3 8 8 9 3 10 8 10 3 8 11 8 11 1 1
split_gain=1.43017e+06 3.57156e+06 5.25782e+06 3.64681e+06 3.80082e+06 3.49182e+06 4.77673e+06 2.4495e+06 2.19122e+06 8.02413e+06 4.18834e+06 7.25512e+06 3.25695e+06 2.23677e+06 2.23778e+06 2.55986e+06 3.14752e+06 6.26534e+06 6.36558e+06 2.08906e+06 1.07747e+06 6.36172e+06 5.7676e+06 1.00798e+07 7.82886e+06 7.88622e+06 5.2891e+06 4.54649e+06 4.20374e+06 4.09961e+06
threshold=65821.285000000018 2282.6333333333337 3.5000000000000004 1697.2931666666666 4.5000000000000009 1519.3770000000002 2031.3000000000002 1.0000000180025095e-35 2133.8221428571437 2336.8835000000004 2138.2523333333338 8.5000000000000018 2693.3414285714293 19.500000000000004 27.500000000000004 44.500000000000007 1791.3400000000004 1669.8157142857144 1998.7498333333335 253.50000000000003 2812.8500000000008 1387.0700000000002 2762.7666666666669 117.50000000000001 2693.3414285714293 20009.920000000002 1750.47 23225.890000000003 2.5000000000000004 3.5000000000000004
decision_type=2 2 2 2 2 2 2 2 2 2 2 2 2 2 2 2 2 2 2 2 2 2 2 2 2 2 2 2 2 2
left_child=20 2 5 4 -4 6 -2 19 13 10 11 -10 -11 -9 -15 -16 17 18 -17 -3 22 29 -1 24 25 -24 -27 -26 -28 -22
right_child=1 7 3 -5 -6 -7 -8 8 9 12 -12 -13 -14 14 15 16 -18 -19 -20 -21 21 -23 23 -25 27 26 28 -29 -30 -31
leaf_value=0.0056003063035250872 13.570703757131424 -0.4333498411912185 -14.483534205587288 11.312206243515014 1.7541461538751517 17.732195002205518 -5.7844680854252415 10.188748323085697 -17.196817852769581 0.050069027321011421 -16.797166340260567 5.1635076550748744 17.59137454553084 -6.4405425005837493 10.250573892308319 7.5029856551948342 -5.8436508062611461 19.30787934537204 -13.194828920677061 -13.428285241531114 4.3671000167011069 0.45064778190688409 -23.959830014392583 5.4332220187846652 8.4448275432791764 4.0299999112952243 -3.7087340985575032 -10.131618644676957 -18.0052134190435 22.288996542824641
leaf_weight=365439 74 65 57 50 98 98 56 86 56 51 79 103 55 76 92 95 115 53 61 59 78 2636 99 188 93 73 93 51 115 54
leaf_count=365439 74 65 57 50 98 98 56 86 56 51 79 103 55 76 92 95 115 53 61 59 78 2636 99 188 93 73 93 51 115 54
internal_value=0.0104913 1.5622 5.38109 -0.429487 -4.21713 10.6055 5.23309 -0.0186552 0.86868 -2.29092 -7.38721 -2.71183 9.15169 2.74914 1.44872 2.89002 0.79999 4.45558 -0.590391 -6.61642 0.00427052 0.987047 -0.003159 -4.49894 -8.06238 -11.8246 -7.54919 1.86567 -11.613 11.6988
internal_weight=370398 1479 433 205 155 228 130 1046 922 344 238 159 106 578 492 416 324 209 156 124 368919 2768 366151 712 524 380 281 144 208 132
internal_count=370398 1479 433 205 155 228 130 1046 922 344 238 159 106 578 492 416 324 209 156 124 368919 2768 366151 712 524 380 281 144 208 132
is_linear=0
shrinkage=0.05


Tree=255
num_leaves=31
num_cat=0
split_feature=11 1 10 10 8 0 8 10 11 11 10 9 11 0 10 0 9 11 10 0 6 11 11 0 11 11 10 11 11 8
split_gain=1.04264e+06 1.19056e+06 2.82609e+06 6.77433e+06 4.3797e+06 4.49119e+06 6.20757e+06 3.71962e+06 4.2932e+06 3.55371e+06 4.99023e+06 6.30696e+06 4.1615e+06 4.05298e+06 4.0354e+06 6.93191e+06 3.49541e+06 8.8213e+06 5.37542e+06 5.03601e+06 3.29764e+06 3.12667e+06 3.10114e+06 2.96036e+06 1.11627e+07 5.47309e+06 1.09923e+07 7.263e+06 5.08786e+06 4.68051e+06
threshold=1954.7450000000001 5.5000000000000009 2812.8500000000008 2680.8833333333337 1632.2000000000003 22.500000000000004 1972.967142857143 1853.7000000000003 50375.340000000004 24530.555000000004 1708.4333333333336 1804.4843333333336 12557.920000000002 17.500000000000004 1708.4333333333336 14.500000000000002 2422.4765000000002 16973.135000000006 2762.7666666666669 14.500000000000002 2.5000000000000004 15243.790000000003 3248.5650000000005 15.500000000000002 5043.630000000001 15809.935000000003 2519.2500000000005 13772.890000000001 12198.740000000002 1203.4478571428574
decision_type=2 2 2 2 2 2 2 2 2 2 2 2 2 2 2 2 2 2 2 2 2 2 2 2 2 2 2 2 2 2
left_child=-1 -2 3 7 -4 6 -6 8 9 10 -3 12 13 -12 -11 -16 19 -18 -19 -5 22 -14 -9 25 -25 26 27 29 -26 -24
right_child=1 2 4 16 5 -7 -8 20 -10 14 11 -13 21 -15 15 -17 17 18 -20 -21 -22 -23 23 24 28 -27 -28 -29 -30 -31
leaf_value=0.072505142033365486 -0.044489086804246299 -0.2206988095699495 9.5548265914917003 2.0329871331390583 -17.50498366232576 -15.003186479863666 0.8234941029863736 8.6058417148060276 9.717300297360902 -1.6610576347263741 7.4331120072364811 -7.0107929106681581 -6.7824980266632586 22.601040653139354 0.46910237742633359 -19.472820090734832 17.502666347367423 3.6092130592891145 -18.946155117034913 19.221708687556159 -12.701662726689509 6.3875070433905634 10.313466665961528 22.416711242382345 -6.4312349392326782 -1.2573827988235853 -26.252689729314866 -15.892667228059246 0.28347721311115975 -4.0073660621167368
leaf_weight=180006 163411 20918 50 76 58 105 227 72 109 718 125 93 62 68 82 93 56 56 50 97 69 165 66 52 355 1223 66 118 1374 421
leaf_count=180006 163411 20918 50 76 58 105 227 72 109 718 125 93 62 68 82 93 56 56 50 97 69 165 66 52 355 1223 66 118 1374 421
internal_value=-0.0137745 -0.0953292 -0.402753 -0.336972 -4.37716 -6.16331 -2.90651 -0.427141 -0.181657 -0.22999 -0.101215 4.77082 7.3796 12.7773 -3.32043 -10.1286 6.72827 1.45035 -7.03011 11.6706 -1.87026 2.79041 -1.6708 -1.87214 -0.408715 -3.24826 -6.87694 -4.76322 -1.09519 -2.06656
internal_weight=370441 190435 27024 26584 440 390 285 26249 22433 22324 21431 513 420 193 893 175 335 162 106 173 3816 227 3747 3675 1781 1894 671 605 1729 487
internal_count=370441 190435 27024 26584 440 390 285 26249 22433 22324 21431 513 420 193 893 175 335 162 106 173 3816 227 3747 3675 1781 1894 671 605 1729 487
is_linear=0
shrinkage=0.05


Tree=256
num_leaves=31
num_cat=0
split_feature=9 0 8 1 3 11 0 9 1 3 11 8 3 11 11 8 8 8 3 8 11 0 8 3 9 8 8 3 11 8
split_gain=1.3591e+06 2.71412e+06 1.89143e+06 5.75747e+06 7.48696e+06 6.53438e+06 7.91299e+06 5.88948e+06 4.74763e+06 2.03406e+06 2.71015e+06 1.7183e+06 1.44494e+06 3.23901e+06 2.67454e+06 5.28901e+06 4.33003e+06 3.6492e+06 6.42018e+06 3.43049e+06 3.37312e+06 2.89599e+06 3.77386e+06 6.17535e+06 2.42192e+06 6.36044e+06 7.54883e+06 4.96203e+06 4.74193e+06 4.52064e+06
threshold=2530.8520000000003 30.500000000000004 3218.1678571428579 3.5000000000000004 67.500000000000014 27454.115000000002 14.500000000000002 2194.8705000000004 2.5000000000000004 64.500000000000014 15809.935000000003 2537.0064285714293 2.5000000000000004 19100.720000000005 29214.375000000004 2537.0064285714293 2340.6650000000004 1972.967142857143 61.500000000000007 1632.2000000000003 27454.115000000002 11.500000000000002 2899.4528571428577 9.5000000000000018 2703.9491666666668 2024.3085714285717 2340.6650000000004 62.500000000000007 24530.555000000004 2693.3414285714293
decision_type=2 2 2 2 2 2 2 2 2 2 2 2 2 2 2 2 2 2 2 2 2 2 2 2 2 2 2 2 2 2
left_child=2 12 -1 7 5 6 -5 -4 9 10 -9 -3 13 -2 20 16 17 19 -19 -16 24 -17 -23 -24 28 27 -27 -26 -14 -28
right_child=1 11 3 4 -6 -7 -8 8 -10 -11 -12 -13 14 -15 15 21 -18 18 -20 -21 -22 22 23 -25 25 26 29 -29 -30 -31
leaf_value=-0.019448321958498081 -0.64742079683252296 2.6864125083474555 5.0711109956105558 -21.538742931818561 20.23761241531372 10.976319911139353 3.0841954691769327 4.1840155081315471 -21.021160455802818 -14.750587000755164 -9.7970708794789783 15.730390956878663 2.0314954268403218 15.729426503648947 -3.937649705370919 1.1729299753211266 12.186999027817338 2.8066123985475109 -17.080781518088447 11.720638740353468 13.763294973806902 -19.011930171430929 -17.53199452326848 2.077838280995687 -21.561980716113389 13.118282964588268 -7.8489508000033643 -2.6377760055453283 16.302028165544783 1.7249956820480425
leaf_weight=366978 74 51 78 59 50 70 73 66 77 52 73 50 766 51 61 86 81 93 72 82 55 73 65 105 58 113 171 86 63 442
leaf_count=366978 74 51 78 59 50 70 73 66 77 52 73 50 766 51 61 86 81 93 72 82 55 73 65 105 58 113 171 86 63 442
internal_value=-0.0158199 1.10229 -0.0240268 -2.83373 2.91501 -1.37276 -7.92151 -7.02068 -10.5399 -6.31451 -3.15857 9.14383 0.78955 6.03433 0.524341 -2.04619 1.90036 -0.804888 -5.87152 5.04123 1.57659 -6.71248 -9.5032 -5.42004 1.18208 -0.66069 1.24331 -10.26 3.11599 -0.945714
internal_weight=370274 2698 367576 598 252 202 132 346 268 191 139 101 2597 125 2472 718 389 308 165 143 1754 329 243 170 1699 870 726 144 829 613
internal_count=370274 2698 367576 598 252 202 132 346 268 191 139 101 2597 125 2472 718 389 308 165 143 1754 329 243 170 1699 870 726 144 829 613
is_linear=0
shrinkage=0.05


Tree=257
num_leaves=31
num_cat=0
split_feature=8 9 9 10 11 9 3 9 8 9 3 10 11 10 11 1 10 10 10 10 3 10 3 11 3 8 3 3 10 10
split_gain=1.29533e+06 4.3179e+06 4.86596e+06 5.83476e+06 5.09003e+06 6.7248e+06 7.89091e+06 1.12318e+07 9.8418e+06 6.82861e+06 6.70186e+06 5.59843e+06 4.63863e+06 6.97886e+06 7.12477e+06 5.53752e+06 8.41546e+06 5.65303e+06 4.60317e+06 6.43696e+06 4.69644e+06 4.57304e+06 6.46144e+06 5.19075e+06 4.48016e+06 4.11172e+06 4.10691e+06 4.03636e+06 4.11145e+06 4.01296e+06
threshold=2195.8535714285722 1734.5108333333335 1957.9808333333337 2031.3000000000002 6599.3550000000005 2041.4540000000004 10.500000000000002 2194.8705000000004 3218.1678571428579 2530.8520000000003 110.50000000000001 2519.2500000000005 16973.135000000006 2955.1166666666672 15809.935000000003 4.5000000000000009 2955.1166666666672 2872.6833333333338 2090.7166666666667 1987.5500000000002 26.500000000000004 2198.5166666666669 51.500000000000007 18339.145 31.500000000000004 2693.3414285714293 257.50000000000006 81.500000000000014 2282.6333333333337 2090.7166666666667
decision_type=2 2 2 2 2 2 2 2 2 2 2 2 2 2 2 2 2 2 2 2 2 2 2 2 2 2 2 2 2 2
left_child=-1 21 18 -4 5 24 7 -7 -9 10 11 27 13 14 -6 -14 17 -17 19 -3 -21 22 29 -24 -5 -15 -20 28 -8 -2
right_child=1 2 3 4 12 6 9 8 -10 -11 -12 -13 15 25 -16 16 -18 -19 26 20 -22 -23 23 -25 -26 -27 -28 -29 -30 -31
leaf_value=-0.023728315606050807 0.56985419772219259 4.1793793209750332 8.0663099880945879 -23.631335449218753 2.19092098661126 22.037162657787928 3.5359128393910151 10.252247277654783 -12.462740646237913 2.6728402038574224 -0.052638190388679507 -22.444049754535612 0.92980311379178626 4.3755830027289306 11.634269736538647 -3.6145512829599689 6.232973271982682 -15.898846537395588 5.7592724664009376 -15.53415747400253 -0.93212129514112518 -10.086938009262084 -3.7265400124042212 -22.106776328728753 -4.4681837163987712 -11.378054940614769 -8.7599581973225469 -20.071005562116515 -10.906255418913705 15.192429716182204
leaf_weight=359565 409 310 236 61 2076 76 88 99 92 250 200 88 2549 59 221 1032 207 103 1082 93 135 175 147 52 61 139 51 53 112 53
leaf_count=359565 409 310 236 61 2076 76 88 99 92 250 200 88 2549 59 221 1032 207 103 1082 93 135 175 147 52 61 139 51 53 112 53
internal_value=-0.00788475 0.544719 0.848707 0.324268 0.0827765 -2.93419 -1.65243 5.77987 -0.689003 -4.16119 -7.31924 -11.5812 0.640249 2.3231 3.09949 -0.438834 -3.03843 -4.72934 3.29735 -0.510977 -6.88821 -2.89988 -0.997102 -8.52942 -14.0498 -6.68379 5.10571 -7.80278 -4.5517 2.24734
internal_weight=369874 10309 9473 7802 7566 1180 1058 267 191 791 541 341 6386 2495 2297 3891 1342 1135 1671 538 228 836 661 199 122 198 1133 253 200 462
internal_count=369874 10309 9473 7802 7566 1180 1058 267 191 791 541 341 6386 2495 2297 3891 1342 1135 1671 538 228 836 661 199 122 198 1133 253 200 462
is_linear=0
shrinkage=0.05


Tree=258
num_leaves=31
num_cat=0
split_feature=0 11 8 9 8 3 8 8 0 9 0 8 8 9 1 11 8 8 0 8 3 3 3 9 11 0 11 9 11 6
split_gain=659991 2.34314e+06 9.16694e+06 5.85087e+06 4.39713e+06 2.94791e+06 3.45914e+06 7.032e+06 4.38422e+06 4.21074e+06 3.98764e+06 6.52337e+06 6.16751e+06 3.04717e+06 2.50326e+06 2.46602e+06 1.72489e+06 3.59248e+06 5.47085e+06 3.08273e+06 4.22933e+06 3.92053e+06 1.08692e+07 3.50912e+06 3.19075e+06 4.8711e+06 5.01539e+06 3.9482e+06 6.40559e+06 4.65271e+06
threshold=12.500000000000002 55972.670000000006 2693.3414285714293 1375.5241666666668 2340.6650000000004 19.500000000000004 1791.3400000000004 1709.7935714285716 3.5000000000000004 2041.4540000000004 5.5000000000000009 1451.2592857142861 1483.5285714285715 1768.4196666666669 3.5000000000000004 65821.285000000018 1791.3400000000004 1834.1171428571431 10.500000000000002 1879.7300000000002 16.500000000000004 101.50000000000001 129.50000000000003 1519.3770000000002 25929.405000000002 11.500000000000002 38560.455000000009 1734.5108333333335 14742.730000000001 2.5000000000000004
decision_type=2 2 2 2 2 2 2 2 2 2 2 2 2 2 2 2 2 2 2 2 2 2 2 2 2 2 2 2 2 2
left_child=1 16 3 -3 5 13 7 10 -8 -10 12 15 -7 -5 -11 -12 -1 18 -18 20 -19 -22 -23 -21 27 -26 -27 28 -25 -29
right_child=-2 2 -4 4 -6 6 8 -9 9 14 11 -13 -14 -15 -16 -17 17 19 -20 23 21 22 -24 24 25 26 -28 29 -30 -31
leaf_value=-0.094787112747991287 0.062912086635506792 9.0146335365358468 -21.911354412948878 -4.2389818150202432 10.617509691160301 -7.4008567300497319 -20.693474594247874 13.533557895024618 5.4992668319166755 -18.569614463940002 -9.3949573563106039 -20.636440394542838 11.345034289669682 10.16160314348009 -3.8773451417179432 4.2221560697889684 7.0810240670860809 -14.925902065332387 -7.2636744234852406 6.1705511059931348 2.0612123043699699 -26.153430794769861 2.5080529234626079 -0.60532868759972713 3.4139334548508837 3.0120733684109107 -17.181543222411733 0.60990105564907937 -12.339309555079256 -11.2246522286359
leaf_weight=138836 223225 121 57 75 58 102 67 60 57 57 67 81 77 72 59 66 419 69 79 280 264 53 88 378 1282 62 61 3621 168 85
leaf_count=138836 223225 121 57 75 58 102 67 60 57 57 67 81 77 72 59 66 419 69 79 280 264 53 88 378 1282 62 61 3621 168 85
internal_value=0.00875767 -0.0735781 -2.39827 -1.30677 -2.69751 -3.61688 -4.98109 -2.40984 -9.83432 -5.62875 -4.84395 -9.45024 0.663018 2.81437 -11.0968 -2.63759 -0.0564154 0.714662 4.80546 0.396893 -3.48344 -1.53398 -8.26541 0.706692 0.436252 2.50202 -7.00265 -0.246346 -4.21578 0.338466
internal_weight=370046 146821 1076 1019 898 840 693 453 240 173 393 214 179 147 116 133 145745 6909 498 6411 474 405 141 5937 5657 1405 123 4252 546 3706
internal_count=370046 146821 1076 1019 898 840 693 453 240 173 393 214 179 147 116 133 145745 6909 498 6411 474 405 141 5937 5657 1405 123 4252 546 3706
is_linear=0
shrinkage=0.05


Tree=259
num_leaves=31
num_cat=0
split_feature=11 11 10 0 1 10 0 9 10 9 11 0 0 3 1 11 3 9 0 10 1 11 1 10 3 11 0 11 9 3
split_gain=655671 2.08971e+06 3.46029e+06 5.28714e+06 2.8124e+06 2.21262e+06 5.85022e+06 6.85093e+06 5.07225e+06 6.2271e+06 8.09258e+06 4.82586e+06 1.3302e+07 6.68277e+06 4.49794e+06 8.20366e+06 7.47866e+06 6.05149e+06 7.15202e+06 6.87496e+06 9.09103e+06 8.96611e+06 6.11216e+06 5.92148e+06 5.6865e+06 5.54263e+06 4.84176e+06 6.36984e+06 5.09298e+06 5.2137e+06
threshold=55972.670000000006 38560.455000000009 2955.1166666666672 5.5000000000000009 2.5000000000000004 2641.9333333333338 2.5000000000000004 1804.4843333333336 2609.7166666666667 2530.8520000000003 29214.375000000004 12.500000000000002 16.500000000000004 88.500000000000014 1.0000000180025095e-35 21033.945000000003 13.500000000000002 2087.0383333333334 20.500000000000004 2720.4666666666672 1.5000000000000002 5578.6600000000008 4.5000000000000009 2680.8833333333337 128.50000000000003 15243.790000000003 14.500000000000002 13772.890000000001 2703.9491666666668 4.5000000000000009
decision_type=2 2 2 2 2 2 2 2 2 2 2 2 2 2 2 2 2 2 2 2 2 2 2 2 2 2 2 2 2 2
left_child=1 5 -3 -4 -5 8 -7 -8 -1 10 11 -10 -13 -14 15 23 26 18 22 20 -19 -21 24 -9 -18 -25 -16 -28 29 -29
right_child=-2 2 3 4 -6 6 7 14 9 -11 -12 12 13 -15 16 -17 17 19 -20 21 -22 -23 -24 25 -26 -27 27 28 -30 -31
leaf_value=-0.0014005356914062136 -0.74329744019441002 0.70013614847711847 -7.3706358220063013 17.078015601209231 4.7466838978706525 5.8192796417645054 -15.146601615781371 12.929071705043317 7.1726975047070045 16.818549022807016 17.866083499789237 -27.001695477962496 7.5158158135499891 -11.906423584131096 13.543560206982518 -13.404215904404817 -0.48420683031092215 -21.431448527258269 11.515100632375376 11.998434772491457 -4.6126278339747362 -2.1916629031586177 -12.216592173629934 -8.5218637175971477 17.920522871204451 6.7541444531609036 9.6741752746942886 0.88422883578709188 8.4177677550405843 -20.083536656697593
leaf_weight=356987 2929 5503 51 91 94 280 92 64 138 90 72 52 139 65 129 206 237 98 173 120 446 1539 89 197 51 85 148 56 53 63
leaf_count=356987 2929 5503 51 91 94 280 92 64 138 90 72 52 139 65 129 206 237 98 173 120 446 1539 89 197 51 85 148 56 53 63
internal_value=0.00182737 0.00776755 0.954388 6.88299 10.8124 -0.00725353 -1.1585 -1.6665 0.00603166 4.77797 2.45254 -0.36415 -4.42698 1.32736 -1.33614 -5.50455 -0.617537 -1.59341 3.09823 -2.76472 -7.64249 -1.16525 -0.764157 -0.801284 2.77496 -3.91739 5.36591 2.06929 -4.47444 -10.2164
internal_weight=370337 367408 5739 236 185 361669 4126 3846 357543 556 466 394 256 204 3754 552 3202 2753 550 2203 544 1659 377 346 288 282 449 320 172 119
internal_count=370337 367408 5739 236 185 361669 4126 3846 357543 556 466 394 256 204 3754 552 3202 2753 550 2203 544 1659 377 346 288 282 449 320 172 119
is_linear=0
shrinkage=0.05


Tree=260
num_leaves=31
num_cat=0
split_feature=8 1 11 10 9 10 11 3 0 10 3 11 11 10 9 3 3 1 11 3 11 11 8 0 3 8 0 10 9 10
split_gain=1.47704e+06 4.21839e+06 4.65081e+06 3.6775e+06 4.8771e+06 1.00722e+07 1.46254e+07 5.37627e+06 1.11056e+07 7.20083e+06 6.52336e+06 5.47051e+06 4.15217e+06 3.93542e+06 3.8917e+06 3.34501e+06 3.04825e+06 2.8844e+06 5.26919e+06 9.88844e+06 5.43698e+06 5.61176e+06 7.7928e+06 4.45515e+06 3.83766e+06 6.10671e+06 9.00906e+06 4.39639e+06 5.06512e+06 3.70037e+06
threshold=1669.8157142857144 3.5000000000000004 398.17500000000007 1408.3333333333335 1841.156666666667 2348.0500000000006 16973.135000000006 42.500000000000007 18.500000000000004 2469.5833333333335 87.500000000000014 27454.115000000002 65821.285000000018 2548.1500000000001 1158.1600000000001 7.5000000000000009 92.500000000000014 4.5000000000000009 20009.920000000002 104.50000000000001 11174.860000000002 7767.755000000001 2078.5514285714294 1.5000000000000002 53.500000000000007 1834.1171428571431 19.500000000000004 2812.8500000000008 2194.8705000000004 2220.0000000000005
decision_type=2 2 2 2 2 2 2 2 2 2 2 2 2 2 2 2 2 2 2 2 2 2 2 2 2 2 2 2 2 2
left_child=-1 2 -2 15 5 12 16 8 9 -8 11 -9 14 -13 -5 -4 -7 18 19 -3 21 29 -23 -20 25 26 -25 28 -27 -21
right_child=1 17 3 4 -6 6 7 10 -10 -11 -12 13 -14 -15 -16 -17 -18 -19 23 20 -22 22 -24 24 -26 27 -28 -29 -30 -31
leaf_value=0.0079039035704766471 -15.214097862076342 -2.6820565612557949 -3.3761585087382366 -14.943786952180682 -0.28592547495208953 -2.1016242401272645 -21.229120923555815 -14.143495528481225 -29.275257348542166 0.1061378552181886 -14.702482349369802 12.284347914377848 12.347050241990523 -4.4563185453414915 -1.3083152590771763 11.682448499228943 13.503053052925772 -0.21589503166966481 -10.832503704229993 -0.23290025252921909 10.043704773656998 4.5596561183100164 -19.472191596031191 9.2619664220248961 1.8309788146173376 9.4310521164844783 -17.562222969943079 19.08503830951193 -4.3339131951332091 13.892595568264234
leaf_weight=345683 57 1299 56 53 8838 51 65 55 101 101 147 75 55 66 4131 108 81 7087 51 102 287 69 66 68 803 406 58 92 80 85
leaf_count=345683 57 1299 56 53 8838 51 65 55 101 101 147 75 55 66 4131 108 81 7087 51 102 287 69 66 68 803 406 58 92 80 85
internal_value=-0.0187321 -0.393132 -0.960863 -0.902761 -0.991096 -2.24231 -7.61638 -10.8818 -16.2021 -8.24803 -6.74037 -0.768792 -1.30162 4.44829 -1.48104 6.54049 7.47397 0.362192 1.54422 -0.217443 5.03959 0.579399 -7.18925 3.70163 4.1935 6.88824 -3.08568 9.06249 7.16521 6.18778
internal_weight=370276 24593 14040 13983 13819 4981 742 610 267 166 343 196 4239 141 4184 164 132 10553 3466 1908 609 322 135 1558 1507 704 126 578 486 187
internal_count=370276 24593 14040 13983 13819 4981 742 610 267 166 343 196 4239 141 4184 164 132 10553 3466 1908 609 322 135 1558 1507 704 126 578 486 187
is_linear=0
shrinkage=0.05


Tree=261
num_leaves=31
num_cat=0
split_feature=3 10 11 0 0 9 11 3 0 8 9 9 8 6 11 10 3 1 11 10 11 0 9 8 10 10 3 10 1 10
split_gain=741674 1.50526e+06 6.57832e+06 3.56551e+06 5.43652e+06 1.75286e+06 6.82137e+06 6.74655e+06 1.18161e+07 6.06393e+06 5.94121e+06 5.19888e+06 6.86416e+06 6.02236e+06 5.63986e+06 5.063e+06 4.71542e+06 7.04259e+06 5.80146e+06 5.75197e+06 4.67538e+06 4.60897e+06 8.06711e+06 5.75778e+06 4.3969e+06 1.24293e+07 4.39489e+06 8.32002e+06 5.57408e+06 4.70132e+06
threshold=14.500000000000002 2955.1166666666672 65821.285000000018 19.500000000000004 16.500000000000004 1592.5745000000004 10301.915000000003 9.5000000000000018 9.5000000000000018 1593.7250000000001 1307.0473333333337 1519.3770000000002 1879.7300000000002 1.5000000000000002 16973.135000000006 2132.4000000000005 5.5000000000000009 2.5000000000000004 6970.795000000001 2348.0500000000006 5744.1100000000015 13.500000000000002 1665.0946666666666 1709.7935714285716 2198.5166666666669 2444.1500000000001 8.5000000000000018 2577.1000000000004 4.5000000000000009 2324.1500000000001
decision_type=2 2 2 2 2 2 2 2 2 2 2 2 2 2 2 2 2 2 2 2 2 2 2 2 2 2 2 2 2 2
left_child=1 5 3 4 -3 9 7 16 20 10 -1 12 13 -11 -13 -10 24 19 -19 -18 -9 22 -8 -23 -7 -26 27 -24 -28 -30
right_child=-2 2 -4 -5 -6 6 21 8 15 11 -12 14 -14 -15 -16 -17 17 18 -20 -21 -22 23 26 -25 25 -27 28 -29 29 -31
leaf_value=0.19239671613748177 -0.015479971972983887 -3.1525442622258115 12.140655752658844 2.4307949911873297 -24.21031883831682 9.6782937767153445 20.869695110978753 -13.019261261268898 11.369994728763899 -7.5075240069510887 7.002870108228719 -17.012061634683235 3.225505539155975 3.2421299669742583 -2.4361505076181977 27.54851575780798 -1.965036212730408 -3.3049597258794878 -23.472160544218841 16.763970193706577 7.7871236695183654 -14.385770271545233 -0.017720979513581269 -1.0833469135021259 -11.158292009369021 9.9609336906730697 -4.380317975584938 24.051904693402744 -1.8122159467654282 14.263831797979211
leaf_weight=37323 327157 65 50 53 58 264 58 54 120 510 323 127 443 175 139 81 125 105 54 61 54 86 97 1503 124 159 351 57 89 93
leaf_count=37323 327157 65 50 53 58 264 58 54 120 510 323 127 443 175 139 81 125 105 54 61 54 86 97 1503 124 159 351 57 89 93
internal_value=0.0101265 0.205854 -3.86393 -8.41069 -13.0822 0.227457 1.29363 4.35552 10.7226 0.130918 0.25083 -3.1074 -1.62461 -4.76126 -9.39533 17.8897 2.14987 -2.42767 -10.1542 4.17727 -2.61607 -0.281923 2.96301 -1.8033 5.03698 0.70728 1.45123 8.89117 -0.698391 6.40247
internal_weight=369958 42801 226 176 123 42575 3535 1201 309 39040 37646 1394 1128 685 266 201 892 345 159 186 108 2334 745 1589 547 283 687 154 533 182
internal_count=369958 42801 226 176 123 42575 3535 1201 309 39040 37646 1394 1128 685 266 201 892 345 159 186 108 2334 745 1589 547 283 687 154 533 182
is_linear=0
shrinkage=0.05


Tree=262
num_leaves=31
num_cat=0
split_feature=10 8 0 8 0 0 3 10 1 8 0 3 0 8 3 3 11 3 11 1 0 11 11 10 8 11 3 0 8 11
split_gain=779097 3.96241e+06 6.57275e+06 6.29392e+06 4.36941e+06 2.66836e+06 4.86531e+06 4.58885e+06 4.09422e+06 3.02234e+06 4.17345e+06 3.70772e+06 5.65908e+06 5.63182e+06 6.08921e+06 4.18921e+06 3.37015e+06 5.91312e+06 1.25687e+07 5.51807e+06 4.98319e+06 4.20127e+06 5.01757e+06 4.14589e+06 3.23853e+06 4.18557e+06 7.67539e+06 4.95178e+06 3.97783e+06 3.75618e+06
threshold=2680.8833333333337 1387.0700000000002 12.500000000000002 1145.382142857143 22.500000000000004 2.5000000000000004 55.500000000000007 2762.7666666666669 1.5000000000000002 2133.8221428571437 3.5000000000000004 66.500000000000014 28.500000000000004 1709.7935714285716 49.500000000000007 58.500000000000007 65821.285000000018 40.500000000000007 29214.375000000004 4.5000000000000009 10.500000000000002 21033.945000000003 42026.485000000008 2812.8500000000008 2078.5514285714294 32951.680000000008 256.50000000000006 10.500000000000002 1925.7600000000002 55972.670000000006
decision_type=2 2 2 2 2 2 2 2 2 2 2 2 2 2 2 2 2 2 2 2 2 2 2 2 2 2 2 2 2 2
left_child=-1 2 3 -2 -4 6 7 -3 -8 10 -7 12 13 14 -12 -16 17 18 -15 21 -20 -19 -23 -22 25 28 -27 -28 -13 -29
right_child=1 5 4 -5 -6 9 8 -9 -10 -11 11 24 -14 16 15 -17 -18 19 20 -21 23 22 -24 -25 -26 26 27 29 -30 -31
leaf_value=-0.011392381539263006 -1.2608250704076556 23.161304290339633 -13.371164489242268 19.551186120832291 6.7463319596377289 -13.236905779520672 6.1462001860664603 4.8321830667555332 -7.6073404437129941 0.91880282760929577 8.4978380269937599 2.6147082232675061 7.7472348204113191 -33.84256387027439 -17.621581976437103 2.7453892469406131 4.4382811027660711 11.477403253124606 -20.357053904263481 -14.249428181118436 -12.280013706033881 -11.964670251429766 5.8122107414350124 6.1227922868037572 -8.5433403888218837 -16.0205142988099 -7.2698689836851305 -0.27023176263879845 13.763838884769342 17.635725110955537
leaf_weight=364835 54 53 53 111 55 75 114 96 103 3023 143 253 105 61 51 50 57 62 53 90 55 87 73 69 71 72 71 54 117 64
leaf_count=364835 54 53 53 111 55 75 114 96 103 3023 143 253 105 61 51 50 57 62 53 90 55 87 73 69 71 72 71 54 117 64
internal_value=-0.0025722 0.59389 6.46327 12.74 -3.12614 0.281054 4.39494 11.3519 -0.381978 -0.0355318 -1.70025 -1.17838 -3.20453 -4.55581 1.85967 -7.53892 -7.13468 -8.33406 -14.27 -3.80604 -7.52459 0.427766 -3.85397 -2.03974 1.58087 2.72004 -2.12852 3.16367 6.14024 9.44147
internal_weight=370230 5395 273 165 108 5122 366 149 217 4756 1733 1658 956 851 244 101 607 550 238 312 177 222 160 124 702 631 261 189 370 118
internal_count=370230 5395 273 165 108 5122 366 149 217 4756 1733 1658 956 851 244 101 607 550 238 312 177 222 160 124 702 631 261 189 370 118
is_linear=0
shrinkage=0.05


Tree=263
num_leaves=31
num_cat=0
split_feature=11 9 10 10 8 8 9 3 3 9 9 8 11 3 10 10 10 11 9 8 8 9 8 0 10 9 8 10 3 10
split_gain=832205 1.84628e+06 2.67819e+06 2.21962e+06 2.63492e+06 3.02782e+06 2.63151e+06 5.84351e+06 5.0799e+06 4.38433e+06 3.99848e+06 8.42394e+06 4.21978e+06 5.78814e+06 3.88302e+06 3.52319e+06 6.43168e+06 3.24565e+06 6.53694e+06 4.91084e+06 8.02785e+06 7.87755e+06 4.27627e+06 3.42871e+06 3.08983e+06 4.61673e+06 5.73752e+06 5.29692e+06 5.48005e+06 2.51188e+06
threshold=38560.455000000009 769.2596666666667 1113.116666666667 1645.116666666667 951.38785714285734 1117.6485714285716 1412.969166666667 7.5000000000000009 15.500000000000002 1446.3833333333334 1307.0473333333337 1418.4021428571432 50375.340000000004 32.500000000000007 1878.4333333333336 1878.4333333333336 2051.6500000000001 42026.485000000008 1592.5745000000004 2133.8221428571437 2024.3085714285717 1998.7498333333335 2537.0064285714293 21.500000000000004 2720.4666666666672 2041.4540000000004 1879.7300000000002 2348.0500000000006 56.500000000000007 1832.116666666667
decision_type=2 2 2 2 2 2 2 2 2 2 2 2 2 2 2 2 2 2 2 2 2 2 2 2 2 2 2 2 2 2
left_child=-1 2 -2 -3 -5 -6 7 -7 29 14 11 15 -12 -14 -8 -10 -17 18 -11 20 24 -21 -23 -24 25 26 27 28 -20 -9
right_child=1 3 -4 4 5 6 9 8 10 17 12 -13 13 -15 -16 16 -18 -19 19 21 -22 22 23 -25 -26 -27 -28 -29 -30 -31
leaf_value=-0.010609403967966308 2.5289639703520055 3.0712327772821784 -8.6728010963561939 -5.2284578120074992 4.9640545288059457 -16.170380017416818 19.886194286706314 14.545770304853267 2.3070182938729564 15.89439027253743 -13.215851351398749 13.995403108271686 -12.84312507875504 7.2978570432890031 3.257820757668322 -18.462585592858584 3.0339685096115367 -0.067506609522741318 9.3887747926810352 20.893579566319787 -16.934532922336032 -6.0852849068848984 1.3564616289138796 18.259878507614136 -10.276642329552594 12.461883762669057 14.811288774930516 -12.863422454300746 -10.604507601036216 1.3684038362652065
leaf_weight=361560 91 821 129 207 360 70 53 66 124 91 149 88 62 84 104 81 61 5219 97 75 70 92 75 50 51 94 52 93 53 80
leaf_count=361560 91 821 129 207 360 70 53 66 124 91 149 88 62 84 104 81 61 5219 97 75 70 92 75 50 51 94 52 93 53 80
internal_value=0.00104586 0.483096 -4.03934 0.599845 0.336371 0.490084 0.264315 -2.3209 -1.10145 0.621025 -2.99715 0.585504 -7.29632 -1.25516 8.87122 -3.85085 -9.22815 0.409101 3.19456 1.75356 -1.20696 6.92432 2.09623 8.11783 1.29516 2.81228 -0.262505 -3.48817 2.32448 7.3253
internal_weight=370302 8742 220 8522 7701 7494 7134 865 795 6269 649 354 295 146 157 266 142 6112 893 802 510 292 217 125 440 389 295 243 150 146
internal_count=370302 8742 220 8522 7701 7494 7134 865 795 6269 649 354 295 146 157 266 142 6112 893 802 510 292 217 125 440 389 295 243 150 146
is_linear=0
shrinkage=0.05


Tree=264
num_leaves=31
num_cat=0
split_feature=8 9 9 9 9 0 1 3 11 11 10 1 8 0 3 3 11 9 0 3 11 11 8 10 11 3 3 3 0 10
split_gain=1.29929e+06 1.69455e+06 6.26183e+06 4.50659e+06 3.04756e+06 4.43663e+06 3.55138e+06 5.32876e+06 4.44347e+06 4.294e+06 3.19257e+06 2.11309e+06 5.49938e+06 8.82662e+06 7.89004e+06 6.60223e+06 4.85036e+06 4.79298e+06 7.24033e+06 6.56632e+06 8.80751e+06 8.55485e+06 8.01127e+06 5.60134e+06 5.66779e+06 3.95172e+06 3.83816e+06 3.72173e+06 3.66426e+06 4.55789e+06
threshold=2693.3414285714293 1697.2931666666666 1804.4843333333336 1880.9296666666669 2087.0383333333334 5.5000000000000009 1.5000000000000002 5.5000000000000009 19100.720000000005 32951.680000000008 2282.6333333333337 2.5000000000000004 2899.4528571428577 11.500000000000002 137.50000000000003 103.50000000000001 45915.240000000013 2703.9491666666668 25.500000000000004 14.500000000000002 25929.405000000002 4569.1200000000008 2899.4528571428577 2720.4666666666672 15809.935000000003 54.500000000000007 6.5000000000000009 7.5000000000000009 21.500000000000004 2577.1000000000004
decision_type=2 2 2 2 2 2 2 2 2 2 2 2 2 2 2 2 2 2 2 2 2 2 2 2 2 2 2 2 2 2
left_child=-1 -2 -3 -4 5 -5 -7 -8 10 -10 -9 16 14 25 15 27 17 19 23 20 -6 -21 -23 -19 -25 -14 -18 -13 -15 -30
right_child=1 2 3 4 11 6 7 8 9 -11 -12 12 13 28 -16 -17 26 18 -20 21 -22 22 -24 24 -26 -27 -28 -29 29 -31
leaf_value=-0.0022882152914453844 8.2182209997177136 -16.937418612300373 10.662866611282032 -17.630121191205649 4.3046787544692817 5.3816833314895636 -17.992293864577565 -1.665472791078447 14.245942891438801 -3.5959224979598803 -15.953759209538852 15.485842666943867 2.4031268835067752 -5.6675934242696728 -7.3687740179208605 23.995871967236912 17.948659078121185 10.01444352722168 19.378631362375224 -26.437594560849465 -12.375042155078638 -13.53820755775339 -0.11895923585426518 -14.898563880812038 4.7465119800870381 16.757172010085164 0.67082577599419491 2.9901755934748158 -5.918372372200615 3.8929094621330309
leaf_weight=366505 50 61 84 58 304 100 67 87 60 77 71 75 110 566 104 56 50 75 53 59 107 203 246 88 63 85 90 290 190 314
leaf_count=366505 50 61 84 58 304 100 67 87 60 77 71 75 110 566 104 56 50 75 53 59 107 203 246 88 63 85 90 290 190 314
internal_value=-0.0118781 -0.926462 -1.04701 -0.787278 -1.05093 -4.59539 -2.959 -5.26306 -2.37201 4.21803 -8.08616 -0.4617 0.661863 -1.12353 4.96382 8.01035 -1.96482 -2.99394 2.7459 -4.7365 -0.0377303 -8.53807 -6.18601 -1.15469 -6.70227 8.66002 6.84148 5.55778 -2.90652 0.194212
internal_weight=370348 3843 3793 3732 3648 520 462 362 295 137 158 3128 1790 1265 525 421 1338 1198 279 919 411 508 449 226 151 195 140 365 1070 504
internal_count=370348 3843 3793 3732 3648 520 462 362 295 137 158 3128 1790 1265 525 421 1338 1198 279 919 411 508 449 226 151 195 140 365 1070 504
is_linear=0
shrinkage=0.05


Tree=265
num_leaves=31
num_cat=0
split_feature=11 8 8 10 10 8 9 1 10 10 0 1 8 9 1 10 0 0 10 10 9 11 10 11 10 10 9 1 0 11
split_gain=1.51523e+06 4.74296e+06 6.64381e+06 3.48366e+06 6.36961e+06 3.74768e+06 3.36562e+06 2.10105e+06 4.61366e+06 3.92748e+06 4.90894e+06 3.3235e+06 2.65966e+06 5.15343e+06 2.02407e+06 2.05979e+06 1.88321e+06 1.51571e+06 3.62423e+06 2.64418e+06 5.73953e+06 667321 1.311e+06 1.51548e+06 2.78204e+06 3.8547e+06 1.6637e+06 1.88072e+06 2.36203e+06 2.12859e+06
threshold=65821.285000000018 2133.8221428571437 2195.8535714285722 2609.7166666666667 2762.7666666666669 2537.0064285714293 1957.9808333333337 3.5000000000000004 2324.1500000000001 2519.2500000000005 12.500000000000002 1.0000000180025095e-35 1554.1278571428572 1804.4843333333336 2.5000000000000004 2010.5333333333335 17.500000000000004 11.500000000000002 2261.6500000000001 2324.1500000000001 1519.3770000000002 1240.4600000000003 913.35000000000002 59.615000000000002 2261.6500000000001 2010.5333333333335 1630.4328333333335 2.5000000000000004 10.500000000000002 933.21500000000015
decision_type=2 2 2 2 2 2 2 2 2 2 2 2 2 2 2 2 2 2 2 2 2 2 2 2 2 2 2 2 2 2
left_child=21 7 -3 6 -5 -6 -4 8 14 17 -11 -10 -13 -14 15 -2 -17 18 -9 20 -19 22 -1 -24 25 26 27 29 -29 -25
right_child=1 2 3 4 5 -7 -8 9 11 10 -12 12 13 -15 -16 16 -18 19 -20 -21 -22 -23 23 24 -26 -27 -28 28 -30 -31
leaf_value=0.064285997120718655 14.604659657818932 -18.132852963150523 -3.1002220315753291 -18.260580972967478 -6.9828204716954918 7.4096133698006073 13.501515242788527 -6.2311574666588392 -8.1416794759886599 -1.3629468544669774 14.799722707232773 -3.0985155159082169 -3.5317970446177891 15.828551161691045 18.232821187239427 -3.2581716427436245 9.9558695861271449 -9.3268107135121419 12.355048009461049 -11.91991521070401 10.566329125257639 -0.0636734848321623 -3.2126084389686582 11.11109808968461 13.826004215766645 -10.470939434699293 10.944391315916311 6.7074527573127014 -6.5987252081594168 0.06771846076092089
leaf_weight=144477 70 61 53 58 84 98 72 54 70 92 96 78 56 89 65 52 56 82 51 78 65 224027 100 92 58 53 69 52 93 83
leaf_count=144477 70 61 53 58 84 98 72 54 70 92 96 78 56 89 65 52 56 82 51 78 65 224027 100 92 58 53 69 52 93 83
internal_value=-0.00316954 1.59348 -2.85877 -0.306113 -3.83137 0.766952 6.46238 3.39297 5.58754 1.12214 6.89033 1.363 4.34653 8.35145 10.6813 7.92376 3.59355 -2.16399 2.79643 -4.47885 -0.530524 -0.00957165 0.0739721 2.40633 3.53012 2.17907 3.9026 2.38421 -1.82685 5.87338
internal_weight=370584 1480 426 365 240 182 125 1054 536 518 188 293 223 145 243 178 108 330 105 225 147 369104 145077 600 500 442 389 320 145 175
internal_count=370584 1480 426 365 240 182 125 1054 536 518 188 293 223 145 243 178 108 330 105 225 147 369104 145077 600 500 442 389 320 145 175
is_linear=0
shrinkage=0.05


Tree=266
num_leaves=31
num_cat=0
split_feature=3 3 9 10 0 11 0 10 10 6 10 8 11 10 8 8 11 11 1 8 9 8 11 0 0 10 8 9 9 8
split_gain=729692 1.25671e+06 3.29882e+06 5.27928e+06 4.94153e+06 8.28561e+06 3.08523e+06 4.49667e+06 5.1881e+06 8.01749e+06 3.59607e+06 3.72474e+06 4.68689e+06 3.01466e+06 2.87638e+06 4.60754e+06 2.76468e+06 3.68015e+06 6.05183e+06 5.95042e+06 5.22549e+06 8.25943e+06 3.62534e+06 3.53952e+06 3.1581e+06 2.95746e+06 2.67245e+06 2.70669e+06 2.55127e+06 4.02615e+06
threshold=14.500000000000002 6.5000000000000009 2336.8835000000004 2720.4666666666672 11.500000000000002 21033.945000000003 18.500000000000004 2371.4500000000003 1.0000000180025095e-35 14.500000000000002 2031.3000000000002 1632.2000000000003 21033.945000000003 2609.7166666666667 372.08500000000009 476.32428571428574 32951.680000000008 42026.485000000008 1.5000000000000002 2133.8221428571437 2336.8835000000004 2266.1771428571433 31067.535000000003 23.500000000000004 21.500000000000004 2371.4500000000003 539.06642857142867 497.00883333333337 1375.5241666666668 2024.3085714285717
decision_type=2 2 2 2 2 2 2 2 2 2 2 2 2 2 2 2 2 2 2 2 2 2 2 2 2 2 2 2 2 2
left_child=1 16 3 6 13 -6 -3 8 9 14 11 -10 -13 -4 -8 -16 22 18 -18 -20 21 23 -1 28 -23 -21 -17 -28 -19 -30
right_child=-2 2 4 -5 5 -7 7 -9 10 -11 -12 12 -14 -15 15 26 17 20 19 25 -22 24 -24 -25 -26 -27 27 -29 29 -31
leaf_value=-0.03194925626170763 -0.025822823919729156 0.19496061882835214 5.0591207433629926 -10.619710937989963 9.3515916208582599 -10.113088684280713 15.641329322128653 14.165735496886789 -0.077206228527753884 -0.85513295188401506 -8.8723473099042778 0.8316050256738502 18.824371553639896 21.218523234705771 -3.7696214881810279 18.99588076727731 3.5691404620303384 -9.524567267804775 -1.8722905535093497 -29.087714096216054 -10.567063680987493 15.906414024117067 11.890066905319692 -13.516911794061532 3.0110928796952772 -12.381279546243174 5.396719357287985 17.97737181854248 12.959597959356794 -5.3599524615240881
leaf_weight=17445 327515 21032 54 109 127 96 107 73 1667 412 106 89 61 62 88 56 79 53 71 52 107 97 64 73 93 54 295 50 59 61
leaf_count=17445 327515 21032 54 109 127 96 107 73 1667 412 106 89 61 62 88 56 79 53 71 52 107 97 64 73 93 54 295 50 59 61
internal_value=-0.000452585 0.193722 0.42803 0.35926 5.32607 0.972178 0.409048 1.90795 1.60265 4.50819 0.0796297 0.601869 8.14866 13.696 8.21571 6.59089 -0.119626 -2.9959 -7.93797 -13.0739 -0.665929 1.76394 0.0116288 -4.28405 9.59449 -20.5769 8.86451 7.22 -0.388109 3.64716
internal_weight=370307 42792 24484 24145 339 223 24036 3004 2931 1008 1923 1817 150 116 596 489 18308 799 256 177 543 436 17509 246 190 106 401 345 173 120
internal_count=370307 42792 24484 24145 339 223 24036 3004 2931 1008 1923 1817 150 116 596 489 18308 799 256 177 543 436 17509 246 190 106 401 345 173 120
is_linear=0
shrinkage=0.05


Tree=267
num_leaves=31
num_cat=0
split_feature=9 11 11 11 8 8 3 10 10 1 3 10 3 0 3 3 0 1 8 11 3 3 8 11 3 1 10 9 1 10
split_gain=718386 3.11233e+06 7.60766e+06 4.44593e+06 3.75822e+06 1.60315e+07 4.86487e+06 5.58825e+06 5.37406e+06 7.14635e+06 4.84853e+06 5.59441e+06 4.39726e+06 7.38289e+06 6.46236e+06 6.91298e+06 6.08569e+06 5.94594e+06 5.35983e+06 7.38218e+06 6.78698e+06 8.56394e+06 6.96992e+06 6.83837e+06 7.70544e+06 5.80066e+06 5.12746e+06 4.8412e+06 5.91533e+06 4.59924e+06
threshold=2194.8705000000004 9526.4100000000017 8676.4350000000013 23225.890000000003 1709.7935714285716 1632.2000000000003 273.50000000000006 2444.1500000000001 2609.7166666666667 2.5000000000000004 262.50000000000006 2519.2500000000005 17.500000000000004 9.5000000000000018 26.500000000000004 48.500000000000007 14.500000000000002 1.5000000000000002 2693.3414285714293 20009.920000000002 122.50000000000001 98.500000000000014 2266.1771428571433 20009.920000000002 61.500000000000007 5.5000000000000009 2577.1000000000004 2530.8520000000003 2.5000000000000004 2577.1000000000004
decision_type=2 2 2 2 2 2 2 2 2 2 2 2 2 2 2 2 2 2 2 2 2 2 2 2 2 2 2 2 2 2
left_child=-1 2 -2 4 5 6 7 -3 -9 -10 12 -12 13 -6 29 17 -15 -16 20 27 21 22 25 24 -24 -17 -23 28 -20 -14
right_child=1 3 -4 -5 10 -7 -8 8 9 -11 11 -13 14 16 15 18 -18 -19 19 -21 -22 26 23 -25 -26 -27 -28 -29 -30 -31
leaf_value=-0.030788252584354105 -0.16358488246451977 9.0283552300696286 -9.7086065111634063 -0.32031783295336202 -15.137482314042643 -25.092743364349008 15.937342352337309 -17.706771405016791 -11.862607550621034 11.777497936740067 -15.295980102365668 0.5926524622889533 21.342506717566891 13.138841017809781 7.5213135538874445 5.220008247809349 -1.0105674287230231 -6.4827388395761849 1.6098762500192969 23.344659737481013 12.569384802483965 -1.1892479238375813 12.328370846777545 -18.310013475605086 -6.909958517229235 20.898148202292528 -21.324619671336393 -1.3248418532718311 19.583825369137472 3.4130419058459149
leaf_weight=361824 1935 102 234 3132 71 64 54 61 62 66 66 345 99 99 111 233 327 239 80 90 174 71 98 51 111 79 57 110 107 56
leaf_count=361824 1935 102 234 3132 71 64 54 61 62 66 66 345 99 99 111 233 327 239 80 90 174 71 98 51 111 79 57 110 107 56
internal_value=-0.0201859 0.437375 -1.19334 1.00649 2.35438 -2.10931 2.15429 -0.403394 -5.49354 0.326822 3.03712 -1.95881 3.94446 -0.210204 5.1137 4.17551 2.27768 -2.04145 5.90108 10.7999 3.73194 1.5352 4.15136 -1.89475 2.11088 9.18979 -10.1558 6.99841 11.8944 14.8648
internal_weight=370208 8384 2169 6215 3083 409 345 291 189 128 2674 411 2263 497 1766 1611 426 350 1261 387 874 700 572 260 209 312 128 297 187 155
internal_count=370208 8384 2169 6215 3083 409 345 291 189 128 2674 411 2263 497 1766 1611 426 350 1261 387 874 700 572 260 209 312 128 297 187 155
is_linear=0
shrinkage=0.05


Tree=268
num_leaves=31
num_cat=0
split_feature=8 1 11 6 9 11 10 11 10 11 0 9 9 11 8 9 0 10 8 10 0 0 10 1 0 6 11 10 9 0
split_gain=734413 2.51325e+06 3.84411e+06 4.21247e+06 4.60794e+06 3.64699e+06 8.39303e+06 5.90931e+06 5.49042e+06 5.18366e+06 7.40974e+06 6.42021e+06 4.75375e+06 4.57589e+06 7.4076e+06 4.44955e+06 4.32735e+06 3.88023e+06 3.8288e+06 8.1443e+06 3.81389e+06 1.33143e+07 7.28056e+06 5.26295e+06 7.09183e+06 5.41018e+06 4.97218e+06 4.69086e+06 9.22267e+06 1.16013e+07
threshold=1593.7250000000001 2.5000000000000004 523.0200000000001 2.5000000000000004 1998.7498333333335 19100.720000000005 2051.6500000000001 18339.145 2090.7166666666667 21033.945000000003 25.500000000000004 1734.5108333333335 1341.3198333333337 20009.920000000002 2195.8535714285722 2138.2523333333338 19.500000000000004 2609.7166666666667 1632.2000000000003 1766.3333333333335 11.500000000000002 9.5000000000000018 2577.1000000000004 1.5000000000000002 27.500000000000004 1.5000000000000002 11846.610000000002 2155.8333333333339 1880.9296666666669 17.500000000000004
decision_type=2 2 2 2 2 2 2 2 2 2 2 2 2 2 2 2 2 2 2 2 2 2 2 2 2 2 2 2 2 2
left_child=-1 2 -2 5 -5 6 16 8 -8 10 11 -7 -11 17 -15 -9 18 -13 19 -4 21 -10 26 27 25 -25 -23 -22 -29 -30
right_child=1 -3 3 4 -6 9 7 15 20 12 -12 13 -14 14 -16 -17 -18 -19 -20 -21 23 22 -24 24 -26 -27 -28 28 29 -31
leaf_value=0.015708224913543328 -12.408070929621308 0.16336910140001726 -22.139925884618993 -0.20027148538957473 13.736901022522495 1.3530282251127475 7.4342295464218502 2.8284681081771854 -0.2287649682707692 7.9053285816402159 7.8976675601566546 -13.032394101153844 -1.7385453614402562 -18.48159793730705 6.7255962718616829 18.740902259614735 0.1723174263418821 -29.401929995321456 -3.3807400805462047 2.7296735470945186 -10.085219268549929 12.544665742825858 24.873211769104003 -0.95585628762155828 16.890641726030932 11.519882958543068 -1.9781673644451385 8.1813808798789989 -10.011469787516468 0.16467529981804341
leaf_weight=343299 71 15452 82 138 104 91 289 96 1157 132 68 87 4000 62 55 81 921 62 1342 55 182 158 75 587 77 102 94 208 417 853
leaf_count=343299 71 15452 82 138 104 91 289 96 1157 132 68 87 4000 62 55 81 921 62 1342 55 182 158 75 587 77 102 94 208 417 853
internal_value=-0.00407235 -0.254668 -0.809324 -0.738178 5.78926 -0.877562 -0.142003 1.16119 0.783957 -1.9713 -7.22946 -10.1108 -1.43046 -14.0327 -6.63206 10.1104 -2.51816 -19.8439 -4.19357 -12.1558 0.292415 2.28903 11.1976 -0.928927 2.49937 0.89106 7.12742 -2.5109 -1.57821 -3.17663
internal_weight=370397 27098 11646 11575 242 11333 6776 4376 4199 4557 425 357 4132 266 117 177 2400 149 1479 137 3910 1484 327 2426 766 689 252 1660 1478 1270
internal_count=370397 27098 11646 11575 242 11333 6776 4376 4199 4557 425 357 4132 266 117 177 2400 149 1479 137 3910 1484 327 2426 766 689 252 1660 1478 1270
is_linear=0
shrinkage=0.05


Tree=269
num_leaves=31
num_cat=0
split_feature=10 9 11 8 8 3 8 6 11 3 11 3 11 0 11 9 11 3 9 9 8 10 1 8 1 8 8 8 9 3
split_gain=875357 4.24122e+06 4.20304e+06 4.01603e+06 8.18204e+06 4.00812e+06 5.83589e+06 5.72248e+06 4.52149e+06 4.41669e+06 3.91013e+06 4.83786e+06 4.4569e+06 4.48158e+06 3.69093e+06 3.56267e+06 7.58097e+06 7.703e+06 5.41471e+06 5.19713e+06 6.29393e+06 9.35545e+06 6.34406e+06 5.74174e+06 5.56259e+06 4.81543e+06 5.6334e+06 1.10547e+07 6.09376e+06 4.83892e+06
threshold=2577.1000000000004 1697.2931666666666 35421.660000000011 1387.0700000000002 1355.9100000000001 10.500000000000002 3218.1678571428579 1.5000000000000002 23225.890000000003 1.5000000000000002 38560.455000000009 60.500000000000007 23225.890000000003 9.5000000000000018 55972.670000000006 2087.0383333333334 32951.680000000008 25.500000000000004 1917.6366666666668 2194.8705000000004 1750.47 2720.4666666666672 3.5000000000000004 2430.840714285715 4.5000000000000009 2340.6650000000004 1791.3400000000004 1879.7300000000002 1841.156666666667 64.500000000000014
decision_type=2 2 2 2 2 2 2 2 2 2 2 2 2 2 2 2 2 2 2 2 2 2 2 2 2 2 2 2 2 2
left_child=-1 2 -2 4 10 6 9 8 -8 -5 12 -12 13 -3 -4 16 -7 18 -18 20 22 24 -17 -23 -22 26 -19 -28 -29 -30
right_child=1 3 14 5 -6 15 7 -9 -10 -11 11 -13 -14 -15 -16 19 17 25 -20 -21 21 23 -24 -25 -26 -27 27 28 29 -31
leaf_value=0.0010684409645777446 -19.523619569778443 11.99477605252039 6.2105677463969249 -4.6053353441295339 23.032649866739909 5.4991193049115203 6.4473739027976995 -15.796959366364915 -4.7606596964486636 9.2320325118907984 19.710325357649062 -0.89473119011292102 -11.159418374055052 -3.4998926562354677 -12.015668107014077 -5.3598613796410746 -0.95512578551833693 0.59251562527247836 17.646571778676599 -0.046274051453612901 -9.2213302660556078 4.290910078184254 19.356718175888062 -10.782665223972772 -25.326199400093824 8.2112720460067568 -24.457043004035953 -17.090152095711751 5.2496847506283091 -10.093877113921733
leaf_weight=362679 50 84 61 67 57 795 204 55 161 414 63 52 73 105 51 54 74 287 83 3941 210 197 50 93 72 81 86 69 147 79
leaf_count=362679 50 84 61 67 57 795 204 55 161 414 63 52 73 105 51 54 74 287 83 3941 210 197 50 93 72 81 86 69 147 79
internal_value=0.0123502 0.535913 -7.46997 0.705383 5.37678 0.424543 3.54436 -0.761987 1.50356 7.30458 2.70732 10.3933 -0.666279 3.38663 -2.08888 -0.0203695 1.93575 -1.19105 8.87889 -0.741045 -4.79148 -6.84868 6.52311 -0.54303 -13.3332 -3.30183 -4.69788 -8.68304 -4.08452 -0.113773
internal_weight=370494 7815 162 7653 434 7219 901 420 365 481 377 115 262 189 112 6318 1701 906 157 4617 676 572 104 290 282 749 668 381 295 226
internal_count=370494 7815 162 7653 434 7219 901 420 365 481 377 115 262 189 112 6318 1701 906 157 4617 676 572 104 290 282 749 668 381 295 226
is_linear=0
shrinkage=0.05


Tree=270
num_leaves=31
num_cat=0
split_feature=3 8 9 3 9 10 8 9 0 10 10 10 11 1 10 1 11 11 10 11 10 8 10 1 1 9 11 10 11 1
split_gain=618040 2.76411e+06 6.08358e+06 8.40248e+06 6.0615e+06 8.63179e+06 4.40632e+06 4.09669e+06 5.90617e+06 1.04775e+07 5.81644e+06 6.57306e+06 1.01104e+07 5.15659e+06 4.55568e+06 3.95285e+06 3.8303e+06 8.29583e+06 6.00346e+06 3.80062e+06 3.71497e+06 3.55278e+06 4.70392e+06 6.28462e+06 4.50447e+06 3.51923e+06 1.02136e+07 1.09849e+07 9.4684e+06 7.53644e+06
threshold=14.500000000000002 2195.8535714285722 1957.9808333333337 8.5000000000000018 2194.8705000000004 2261.6500000000001 2266.1771428571433 1998.7498333333335 13.500000000000002 2812.8500000000008 2609.7166666666667 2261.6500000000001 16973.135000000006 2.5000000000000004 1965.7166666666669 3.5000000000000004 10301.915000000003 15809.935000000003 2577.1000000000004 18339.145 2494.5000000000005 2340.6650000000004 2090.7166666666667 3.5000000000000004 2.5000000000000004 2194.8705000000004 4347.4950000000008 2111.3500000000008 42026.485000000008 1.5000000000000002
decision_type=2 2 2 2 2 2 2 2 2 2 2 2 2 2 2 2 2 2 2 2 2 2 2 2 2 2 2 2 2 2
left_child=1 2 20 -4 5 -5 15 10 9 16 11 14 -13 -14 -8 -3 -9 -18 -19 -17 -1 -16 24 -24 -23 26 -10 -28 29 -29
right_child=-2 6 3 4 -6 -7 7 8 25 -11 -12 12 13 -15 21 19 17 18 -20 -21 -22 22 23 -25 -26 -27 27 28 -30 -31
leaf_value=0.099770600092731587 -0.025958823449078568 14.612505294895975 -19.907547208432405 7.1535646484011695 11.7004483414478 -17.090044517815112 1.4398601403603188 -6.1353296729496556 26.07596443557739 26.104303059433448 -17.676680130428739 25.636175918579102 10.791553783416749 -8.303275478942485 -19.578925958633423 -7.3485485594151392 25.255709364414216 -4.9531508743762975 13.552508069409265 10.054249563857692 11.164929310271615 -22.592647858524497 9.3590640751163612 -12.654656010048063 -4.1032679301500323 -0.55810011086468458 23.724841281294825 7.5077271182690897 11.745394818326261 -13.0996699541043
leaf_weight=39536 327554 119 89 63 61 88 273 70 50 66 54 54 64 79 50 59 50 112 72 67 76 56 89 51 80 1052 50 62 94 156
leaf_count=39536 327554 119 89 63 61 88 273 70 50 66 54 54 64 79 50 59 50 112 72 67 76 56 89 51 80 1052 50 62 94 156
internal_value=-0.00260067 0.175987 0.0671904 -7.01426 -1.60152 -6.97516 1.65854 1.07262 2.40248 8.04655 -1.79674 -0.719461 7.20332 0.242662 -3.32512 8.07738 4.12612 7.19578 2.28819 1.90532 0.121 -7.31542 -5.09377 1.33978 -11.7165 0.976036 4.8933 1.96751 -1.51924 -7.23885
internal_weight=370396 42842 39913 301 212 151 2929 2684 1834 370 850 796 197 143 599 245 304 234 184 126 39612 326 276 140 136 1464 412 362 312 218
internal_count=370396 42842 39913 301 212 151 2929 2684 1834 370 850 796 197 143 599 245 304 234 184 126 39612 326 276 140 136 1464 412 362 312 218
is_linear=0
shrinkage=0.05


Tree=271
num_leaves=31
num_cat=0
split_feature=3 8 9 0 11 1 10 0 8 11 11 3 3 11 10 11 1 11 9 11 1 3 1 1 8 9 9 0 8 9
split_gain=772178 2.24221e+06 5.8009e+06 6.34189e+06 4.20018e+06 3.94879e+06 3.78524e+06 5.7512e+06 7.75593e+06 8.46826e+06 6.84043e+06 6.62669e+06 6.15361e+06 5.63064e+06 4.38514e+06 5.4664e+06 4.05712e+06 4.04781e+06 9.62898e+06 6.44242e+06 1.01014e+07 4.15154e+06 3.73958e+06 6.15289e+06 3.69987e+06 3.69564e+06 5.86103e+06 3.84493e+06 3.78363e+06 8.95629e+06
threshold=69.500000000000014 2340.6650000000004 1665.0946666666666 1.5000000000000002 31067.535000000003 1.5000000000000002 2132.4000000000005 27.500000000000004 1925.7600000000002 15809.935000000003 21033.945000000003 281.50000000000006 110.50000000000001 9772.4500000000025 2111.3500000000008 9526.4100000000017 3.5000000000000004 4959.9500000000007 2194.8705000000004 6151.9100000000008 1.5000000000000002 135.50000000000003 1.5000000000000002 5.5000000000000009 1972.967142857143 2138.2523333333338 2258.7413333333338 26.500000000000004 2430.840714285715 2422.4765000000002
decision_type=2 2 2 2 2 2 2 2 2 2 2 2 2 2 2 2 2 2 2 2 2 2 2 2 2 2 2 2 2 2
left_child=-1 6 -3 -4 25 -6 14 11 12 13 -11 17 -9 -10 -2 -16 -14 18 21 20 -19 -8 -12 -24 -20 -5 27 -27 29 -28
right_child=1 2 3 4 5 -7 7 8 9 10 22 -13 16 -15 15 -17 -18 19 24 -21 -22 -23 23 -25 -26 26 28 -29 -30 -31
leaf_value=-0.077113692404488066 0.051989384813537612 -15.902467992946283 9.8046463059824571 -5.2085960421802779 -7.9028333518042491 5.4212917345379479 6.4747042971597599 2.293362759574642 -0.28848768169597044 -19.384773184889454 -11.858679668108623 -12.158347032021503 4.6773104667663574 20.546452105045319 -15.911277898989226 -1.4132568996743238 20.646050930417928 -24.623253434896469 9.5765154375613317 0.93894397667808505 0.44496850533479898 -9.9942812113158688 12.835251464843751 -7.0295232070816898 25.63823524128307 2.7942851940790816 -26.46840976201571 17.887364481080255 -1.439376163459305 1.3715600996751052
leaf_weight=209601 150885 67 129 773 67 327 71 123 59 59 51 98 54 72 95 206 151 64 103 5700 108 83 85 72 55 207 52 53 893 65
leaf_count=209601 150885 67 129 773 67 327 71 123 59 59 51 98 54 72 95 206 151 64 103 5700 108 83 85 72 55 207 52 53 893 65
internal_value=-0.0138784 0.0685343 -1.37856 -0.999335 -1.57123 3.15551 0.09262 1.22863 5.44203 0.750503 -4.35814 0.74169 11.1348 11.1628 0.0399621 -5.98904 16.4397 0.946121 6.49571 0.651252 -8.88274 -2.40144 -0.0957787 3.72529 15.1676 -2.4828 -0.823718 5.87095 -2.5471 -11.0018
internal_weight=370428 160827 2633 2566 2437 394 158194 7008 726 398 267 6282 328 131 151186 301 205 6184 312 5872 172 154 208 157 158 2043 1270 260 1010 117
internal_count=370428 160827 2633 2566 2437 394 158194 7008 726 398 267 6282 328 131 151186 301 205 6184 312 5872 172 154 208 157 158 2043 1270 260 1010 117
is_linear=0
shrinkage=0.05


Tree=272
num_leaves=31
num_cat=0
split_feature=8 0 10 10 3 11 10 3 3 11 0 3 3 9 3 11 0 10 3 3 0 10 11 1 11 3 10 3 9 9
split_gain=1.41944e+06 5.24247e+06 4.63138e+06 8.127e+06 6.46767e+06 8.84395e+06 6.33251e+06 7.2127e+06 6.44427e+06 9.50333e+06 6.21551e+06 5.44629e+06 4.76703e+06 4.86289e+06 4.99876e+06 3.92036e+06 4.27233e+06 2.70015e+06 2.33127e+06 7.25422e+06 4.22931e+06 2.89068e+06 5.22731e+06 7.97933e+06 6.52857e+06 5.17025e+06 6.25751e+06 5.86996e+06 4.9202e+06 1.08264e+07
threshold=2693.3414285714293 21.500000000000004 2348.0500000000006 2577.1000000000004 4.5000000000000009 25929.405000000002 2680.8833333333337 48.500000000000007 4.5000000000000009 19100.720000000005 26.500000000000004 78.500000000000014 33.500000000000007 2703.9491666666668 85.500000000000014 7101.8050000000012 23.500000000000004 2872.6833333333338 134.50000000000003 263.50000000000006 8.5000000000000018 2444.1500000000001 3762.4500000000003 1.5000000000000002 5744.1100000000015 40.500000000000007 2641.9333333333338 10.500000000000002 2336.8835000000004 2194.8705000000004
decision_type=2 2 2 2 2 2 2 2 2 2 2 2 2 2 2 2 2 2 2 2 2 2 2 2 2 2 2 2 2 2
left_child=-1 18 11 4 -4 10 7 -5 9 -8 -6 15 -10 14 -14 -3 -17 -16 21 -20 -21 22 -2 -24 -25 27 -27 -23 29 -26
right_child=1 2 3 6 5 -7 8 -9 12 -11 -12 -13 13 -15 17 16 -18 -19 19 20 -22 25 23 24 28 26 -28 -29 -30 -31
leaf_value=0.0062480599272965662 6.4322920481664969 -7.9403834826605664 6.2560925533897001 22.080921509825156 -14.819446825243766 -28.546122855060503 3.1170693248897408 1.7230930612442343 16.711291323859115 -22.634661156028066 2.6181820220417449 14.903756079292297 -15.988449765789895 7.2641422737476438 8.6218607705736918 18.017594115874346 -0.54658163167253326 -6.4675773552485882 -21.74860680795485 -9.3830182589017426 7.5462874889373781 -0.21835891753435135 2.9683667672758194 -24.605562246640524 -5.214169091358781 11.59881613460588 -0.2600861119216597 -8.9432945488245945 1.9750187671290036 -26.815228944778443
leaf_weight=366546 99 70 76 81 97 53 77 94 58 67 108 125 62 172 63 51 79 56 62 78 70 656 187 60 256 162 355 273 113 75
leaf_count=366546 99 70 76 81 97 53 77 94 58 67 108 125 62 172 63 51 79 56 62 78 70 656 187 60 256 162 355 273 113 75
internal_value=-0.00376398 -0.960706 1.49249 -0.103186 -6.56349 -10.3398 2.85262 11.1459 0.237637 -8.86464 -5.63279 6.71649 3.42676 1.24403 -4.47675 1.59945 6.73629 1.52095 -2.35379 -7.39071 -1.37591 -1.88074 -4.31297 -5.85245 -9.12525 -0.551926 3.45586 -2.78231 -7.03332 -10.1087
internal_weight=370381 3835 1389 1064 334 258 730 175 555 144 205 325 411 353 181 200 130 119 2446 210 148 2236 790 691 504 1446 517 929 444 331
internal_count=370381 3835 1389 1064 334 258 730 175 555 144 205 325 411 353 181 200 130 119 2446 210 148 2236 790 691 504 1446 517 929 444 331
is_linear=0
shrinkage=0.05


Tree=273
num_leaves=31
num_cat=0
split_feature=9 11 11 1 11 3 1 9 1 11 8 8 0 3 0 11 3 0 10 0 0 0 3 10 8 6 3 1 11 0
split_gain=805767 5.0297e+06 6.96954e+06 4.76653e+06 9.76608e+06 7.02021e+06 6.34803e+06 6.3454e+06 4.37675e+06 3.91927e+06 3.71542e+06 5.09631e+06 5.14141e+06 3.16757e+06 9.60049e+06 7.21301e+06 6.3094e+06 8.26351e+06 4.41974e+06 1.424e+07 9.88501e+06 3.31045e+06 3.26914e+06 3.16227e+06 3.01015e+06 2.70296e+06 2.49655e+06 4.13749e+06 3.41678e+06 2.84473e+06
threshold=2194.8705000000004 12557.920000000002 16431.460000000003 5.5000000000000009 13772.890000000001 60.500000000000007 3.5000000000000004 2530.8520000000003 4.5000000000000009 12198.740000000002 3218.1678571428579 2693.3414285714293 15.500000000000002 13.500000000000002 10.500000000000002 19100.720000000005 7.5000000000000009 14.500000000000002 2680.8833333333337 18.500000000000004 22.500000000000004 16.500000000000004 16.500000000000004 2494.5000000000005 3218.1678571428579 2.5000000000000004 93.500000000000014 1.5000000000000002 14742.730000000001 16.500000000000004
decision_type=2 2 2 2 2 2 2 2 2 2 2 2 2 2 2 2 2 2 2 2 2 2 2 2 2 2 2 2 2 2
left_child=24 9 3 6 -5 -6 10 8 -8 -2 11 26 -13 14 -4 -16 17 -17 19 -19 -20 -18 -15 -21 -1 -24 28 -28 29 -3
right_child=1 2 13 4 5 -7 7 -9 -10 -11 -12 12 -14 22 15 16 21 18 20 23 -22 -23 25 -25 -26 -27 27 -29 -30 -31
leaf_value=-0.021557226999668021 -0.86604421689934963 12.470946139915318 19.391050785569586 -16.685738881429039 -2.767454544703166 20.211558988744564 11.074330915378619 1.1058802655248932 27.516180077518328 -11.522511838861641 15.700605255762737 5.4756568412780764 -15.850778817396899 -10.878913530532053 17.53657495559208 20.960424239547166 -17.149366615187954 -14.663411028601907 2.325590668243616 8.3818121597684669 -21.346649781484455 -1.5323942976731522 0.020748014247203631 25.277632051144007 7.4459914935959723 11.395006187007112 9.0978526664158661 -9.3277735273716811 17.549336132877752 -3.5907557312647507
leaf_weight=361850 2825 51 85 69 84 55 79 66 83 89 60 50 65 68 63 54 71 55 147 58 63 65 3603 53 135 53 63 59 76 60
leaf_count=361850 2825 51 85 69 84 55 79 66 83 89 60 50 65 68 63 54 71 55 147 58 63 65 3603 53 135 53 63 59 76 60
internal_value=-0.00762204 0.480314 1.38956 5.35024 -1.3084 6.32496 7.29546 14.1741 19.4982 -1.19152 4.0551 2.40715 -6.57842 0.568503 3.61917 1.48784 -0.298503 2.67037 0.0436034 6.1408 -4.77608 -9.68537 -0.0164006 16.4492 -0.0187723 0.185637 5.75129 0.187099 9.3814 3.78895
internal_weight=370257 8272 5358 920 208 139 712 228 162 2914 484 424 115 4438 714 629 566 430 376 166 210 136 3724 111 361985 3656 309 122 187 111
internal_count=370257 8272 5358 920 208 139 712 228 162 2914 484 424 115 4438 714 629 566 430 376 166 210 136 3724 111 361985 3656 309 122 187 111
is_linear=0
shrinkage=0.05


Tree=274
num_leaves=31
num_cat=0
split_feature=8 1 10 11 8 11 11 11 11 11 10 3 9 3 11 11 3 11 11 11 9 11 2 3 10 3 11 3 11 10
split_gain=1.26544e+06 2.61754e+06 5.25685e+06 4.66558e+06 4.48726e+06 1.18258e+07 1.08237e+07 7.18781e+06 4.45445e+06 5.51104e+06 5.46764e+06 4.47739e+06 4.16527e+06 8.54333e+06 7.01071e+06 1.02161e+07 6.82254e+06 5.74825e+06 4.86893e+06 8.97411e+06 7.32986e+06 5.14638e+06 4.01724e+06 4.05883e+06 3.71094e+06 3.57983e+06 3.55685e+06 7.37629e+06 6.97881e+06 5.99055e+06
threshold=2693.3414285714293 3.5000000000000004 3076.1000000000008 55972.670000000006 2899.4528571428577 2828.3750000000005 45915.240000000013 3517.8500000000004 5302.5500000000011 6050.4550000000008 3076.1000000000008 8.5000000000000018 2703.9491666666668 11.500000000000002 8852.8700000000008 4413.0950000000003 11.500000000000002 16973.135000000006 12198.740000000002 24530.555000000004 2258.7413333333338 5849.9250000000011 1.0000000180025095e-35 68.500000000000014 2720.4666666666672 67.500000000000014 15809.935000000003 5.5000000000000009 17684.070000000003 2371.4500000000003
decision_type=2 2 2 2 2 2 2 2 2 2 2 2 2 2 2 2 2 2 2 2 2 2 2 2 2 2 2 2 2 2
left_child=-1 4 3 12 6 -6 7 -2 11 -10 26 -7 13 18 15 -15 -14 22 21 20 -20 -3 23 -16 -18 -17 27 -11 -28 -29
right_child=1 2 -4 -5 5 8 -8 -9 9 10 -12 -13 16 14 17 25 24 -19 19 -21 -22 -23 -24 -25 -26 -27 28 29 -30 -31
leaf_value=0.010174309033187758 8.777539676235568 -9.2889184077580769 10.443753967154027 -11.199719070078253 -21.567275928315663 17.359832195281982 11.162445759237484 -9.1147430693922313 -16.137700539714885 -7.3412989086034344 -9.8930819335146865 -0.80018215640898682 8.8219148763020847 13.587339632727884 12.253879090641322 -2.6258517608642578 -19.839661934796503 3.7931849570324028 -32.649734042241022 -0.62560758697772467 -6.7974751620457088 8.6707531965079436 3.9786733549032642 29.629757022857667 -4.789648437268526 -20.481616260111334 -17.387526175935388 -4.0145333703560162 0.75811288755673634 11.582036086649879
leaf_weight=366310 62 60 125 91 63 75 89 593 53 98 117 62 60 55 89 50 68 384 52 167 58 119 67 54 103 64 59 79 520 279
leaf_count=366310 62 60 125 91 63 75 89 593 53 98 117 62 60 55 89 50 68 384 52 167 58 119 67 54 103 64 59 79 520 279
internal_value=0.000739375 -0.905187 0.582288 -0.217637 -2.05834 -0.395732 -5.19809 -7.42112 0.598163 -0.373146 0.352133 9.14143 0.471584 1.63816 4.87411 -4.11132 -5.68448 7.43057 -3.77639 -7.92966 -19.0185 2.65075 14.0818 18.8154 -10.7744 -12.6501 1.51029 4.81314 -1.09092 8.14034
internal_weight=370125 3815 1666 1541 2149 1405 744 655 1342 1205 1152 137 1450 1219 763 169 231 594 456 277 110 179 210 143 171 114 1035 456 579 358
internal_count=370125 3815 1666 1541 2149 1405 744 655 1342 1205 1152 137 1450 1219 763 169 231 594 456 277 110 179 210 143 171 114 1035 456 579 358
is_linear=0
shrinkage=0.05


Tree=275
num_leaves=31
num_cat=0
split_feature=9 0 0 10 1 9 8 0 8 8 11 10 11 3 10 3 8 11 11 11 11 11 8 1 0 10 1 11 8 8
split_gain=908751 2.13886e+06 2.34876e+06 4.26998e+06 4.61969e+06 4.8858e+06 3.49696e+06 3.48879e+06 2.57935e+06 2.57811e+06 2.69124e+06 2.40713e+06 2.35462e+06 1.13772e+07 5.51406e+06 6.46275e+06 4.87741e+06 6.31852e+06 2.21334e+06 5.58898e+06 5.02461e+06 3.1692e+06 8.69533e+06 8.4369e+06 6.52387e+06 2.84696e+06 2.82178e+06 2.49487e+06 9.88402e+06 6.67461e+06
threshold=2530.8520000000003 30.500000000000004 23.500000000000004 2548.1500000000001 2.5000000000000004 2703.9491666666668 1834.1171428571431 10.500000000000002 2430.840714285715 1387.0700000000002 65821.285000000018 2444.1500000000001 10595.725000000002 61.500000000000007 2720.4666666666672 61.500000000000007 2430.840714285715 24530.555000000004 10595.725000000002 6839.0850000000009 4959.9500000000007 18339.145 2537.0064285714293 2.5000000000000004 17.500000000000004 2812.8500000000008 2.5000000000000004 25929.405000000002 2537.0064285714293 2537.0064285714293
decision_type=2 2 2 2 2 2 2 2 2 2 2 2 2 2 2 2 2 2 2 2 2 2 2 2 2 2 2 2 2 2
left_child=-1 2 3 4 5 7 -4 -2 -6 -5 18 -10 13 -8 15 -14 -16 -18 19 20 25 22 23 -20 -24 -11 -21 28 -23 -29
right_child=1 -3 6 9 8 -7 12 -9 11 10 -12 -13 14 -15 16 -17 17 -19 21 26 -22 27 24 -25 -26 -27 -28 29 -30 -31
leaf_value=-0.0036700986230363132 13.874624381526823 7.9508942668254567 8.9002400038820326 -10.392909679589449 7.8389193043822338 23.196493333578111 -22.276660970741741 -3.7802939734038183 2.4001375879560198 -2.1506867804800174 12.132194221496583 -11.963891727447511 16.560142837871208 3.4926097706744543 5.2896038947961266 -6.1263312184585716 -0.90963300704956063 -19.171004602644178 18.845562255591677 3.5479127307270852 -11.358919372558596 -7.2738119336274956 -20.066240357915198 -6.1996442934361902 0.6902307715909235 11.946341923304967 16.113048784194454 4.4033204172478353 12.477837626728011 -7.5639225008241802
leaf_weight=367585 62 104 66 54 84 64 78 51 70 83 50 50 77 95 78 53 100 90 57 86 85 104 109 82 58 63 93 244 162 223
leaf_count=367585 62 104 66 54 84 64 78 51 70 83 50 50 77 95 78 53 100 90 57 86 85 104 109 82 58 63 93 244 162 223
internal_value=0.00301214 0.921252 0.636894 1.50421 6.24748 12.1582 -1.99638 5.90648 1.11904 0.34054 0.727202 -3.58487 -3.25589 -8.12591 -1.13902 7.31104 -5.23793 -9.55976 0.333655 3.44448 -1.69435 -0.893909 -5.16785 4.07069 -12.8574 3.93228 10.0762 0.890298 4.75539 -1.31123
internal_weight=370260 2675 2571 1934 381 177 637 113 204 1553 1499 120 571 173 398 130 268 190 1449 410 231 1039 306 139 167 146 179 733 266 467
internal_count=370260 2675 2571 1934 381 177 637 113 204 1553 1499 120 571 173 398 130 268 190 1449 410 231 1039 306 139 167 146 179 733 266 467
is_linear=0
shrinkage=0.05


Tree=276
num_leaves=31
num_cat=0
split_feature=3 10 8 9 9 8 10 10 9 8 9 1 8 10 10 1 9 10 9 10 10 9 9 3 7 10 1 8 8 3
split_gain=914152 3.82636e+06 6.16732e+06 4.45668e+06 3.10491e+06 2.10583e+06 2.33031e+06 2.09182e+06 4.25628e+06 5.01086e+06 4.1482e+06 3.39091e+06 6.92658e+06 1.35057e+07 2.31846e+06 3.97763e+06 1.96984e+06 7.13564e+06 3.51524e+06 1.7733e+06 1.95997e+06 1.75849e+06 700270 637246 6.17033e+06 3.82754e+06 3.54365e+06 3.32498e+06 3.29382e+06 3.05726e+06
threshold=3.5000000000000004 1584.0166666666669 1834.1171428571431 1270.8481666666669 1307.0473333333337 1593.7250000000001 1302.2166666666669 2812.8500000000008 2258.7413333333338 2899.4528571428577 2530.8520000000003 1.5000000000000002 2430.840714285715 1987.5500000000002 2680.8833333333337 1.5000000000000002 1880.9296666666669 2394.6000000000004 1665.0946666666666 1113.116666666667 1186.1000000000001 1485.087666666667 1998.7498333333335 8.5000000000000018 27.500000000000004 2519.2500000000005 3.5000000000000004 2899.4528571428577 607.58142857142877 7.5000000000000009
decision_type=2 2 2 2 2 2 2 2 2 2 2 2 2 2 2 2 2 2 2 2 2 2 2 2 2 2 2 2 2 2
left_child=1 4 3 -3 5 6 19 8 11 -10 -9 16 13 -13 15 -11 18 -18 -4 -1 -21 -5 -14 24 25 29 -27 -28 -26 -2
right_child=23 2 7 21 -6 -7 -8 10 9 14 -12 12 22 -15 -16 -17 17 -19 -20 20 -22 -23 -24 -25 28 26 27 -29 -30 -31
leaf_value=-0.13345939455107766 0.031943882028439445 -0.1012392193663354 -2.5317434049787977 -24.657933207658623 9.5724389116938529 -9.2401518305472568 8.0040543093078451 2.0151213655600677 17.13142508691357 12.801692548349724 -13.848442437571865 -17.668378719416534 -11.989787130444139 11.713400793075563 -7.47523244922444 -5.2535452774592812 -12.751312123593831 10.678512188173691 12.361026650110881 -13.704467423756919 -0.42274984766225354 -11.943016828152173 -19.72116391286254 -0.0017927245930394347 18.997883876401986 -8.3838572462890379 8.4115850330870838 -3.6495297461440885 2.2270688616312468 1.8541360780246674
leaf_weight=7674 11745 51 84 52 82 64 87 74 62 67 93 66 54 96 59 56 84 53 75 51 61 57 64 345886 67 243 81 194 52 2863
leaf_count=7674 11745 51 84 52 82 64 87 74 62 67 93 66 54 96 59 56 84 53 75 51 61 57 64 345886 67 243 81 194 52 2863
internal_value=-0.000364586 -0.493478 -3.19464 -12.3008 -0.107116 -0.207119 -0.133689 -1.71847 -0.679687 4.85502 -6.81908 -3.02425 -6.96868 -0.256954 0.672946 4.58142 0.706964 -3.68722 4.49315 -0.224619 -6.47067 -18.0088 -16.1831 0.0121513 0.32852 0.239298 -3.98446 -0.0969832 11.6695 0.389073
internal_weight=370297 9166 1147 160 8019 7937 7873 987 820 244 167 576 280 162 182 123 296 137 159 7786 112 109 118 361131 15245 15126 518 275 119 14608
internal_count=370297 9166 1147 160 8019 7937 7873 987 820 244 167 576 280 162 182 123 296 137 159 7786 112 109 118 361131 15245 15126 518 275 119 14608
is_linear=0
shrinkage=0.05


Tree=277
num_leaves=31
num_cat=0
split_feature=8 9 9 8 11 3 9 11 0 9 11 3 3 9 10 9 6 3 3 3 11 3 10 11 3 3 10 9 9 10
split_gain=1.34083e+06 3.40998e+06 3.10178e+06 4.44025e+06 6.33637e+06 5.87071e+06 7.79093e+06 4.82288e+06 7.2209e+06 5.47789e+06 4.32537e+06 4.03042e+06 7.39982e+06 4.37653e+06 4.0719e+06 5.97343e+06 4.5699e+06 6.66064e+06 4.37094e+06 4.31425e+06 4.29729e+06 4.01913e+06 3.79808e+06 3.41951e+06 4.5238e+06 3.35864e+06 3.76265e+06 3.26732e+06 3.09321e+06 3.04235e+06
threshold=1265.0907142857145 2336.8835000000004 1235.1773333333335 951.38785714285734 11846.610000000002 75.500000000000014 1412.969166666667 50375.340000000004 19.500000000000004 1375.5241666666668 27454.115000000002 109.50000000000001 84.500000000000014 1519.3770000000002 2348.0500000000006 1697.2931666666666 1.5000000000000002 268.50000000000006 116.50000000000001 137.50000000000003 6050.4550000000008 120.50000000000001 2324.1500000000001 16973.135000000006 256.50000000000006 266.50000000000006 2261.6500000000001 1446.3833333333334 1375.5241666666668 1965.7166666666669
decision_type=2 2 2 2 2 2 2 2 2 2 2 2 2 2 2 2 2 2 2 2 2 2 2 2 2 2 2 2 2 2
left_child=1 2 29 4 -4 6 -6 11 9 -9 -8 12 -5 -14 15 16 18 19 -13 -18 -17 -20 -15 24 -7 26 -11 -10 -23 -1
right_child=-2 -3 3 7 5 23 10 8 27 25 -12 14 13 22 -16 20 17 -19 21 -21 -22 28 -24 -25 -26 -27 -28 -29 -30 -31
leaf_value=-0.011233145546263937 -0.30225216879208078 -7.7425068878791707 1.4743604207509442 1.351406592090314 -1.9764531053867438 14.58165750890165 -21.710463585504673 14.646672345610227 7.6857145969684311 -17.850948068618774 -5.6831827074289327 -11.151929468342237 4.2283017141893771 18.848891911210938 -11.167141448126898 -3.3981461193306104 -7.4742329731793475 6.0033133132784977 14.421022846184526 -26.430122705606312 11.360088192417237 -3.7865834178403022 3.5341321395615406 -3.7307089970575129 -4.8867978324890142 5.3152813852861014 1.359186025766226 24.18205760297641 2.7589920106645369 -6.951114018959335
leaf_weight=323252 40064 142 988 2733 197 74 123 68 52 50 64 84 287 129 90 70 71 51 51 52 167 320 59 211 50 87 52 71 414 158
leaf_count=323252 40064 142 988 2733 197 74 123 68 52 50 64 84 287 129 90 70 71 51 51 52 167 320 59 211 50 87 52 71 414 158
internal_value=-0.0290939 0.00404735 0.00737996 1.07507 -1.12436 -4.69534 -8.91529 1.83232 7.24504 2.47678 -16.2252 1.38303 2.35254 8.11272 -0.887168 -0.164357 -1.79256 -9.1889 -0.311593 -15.4881 7.00112 0.848393 14.0427 0.14186 6.73147 -1.9018 -8.05755 17.208 -0.0946649 -0.0146236
internal_weight=370281 330217 330075 6665 1707 719 384 4958 380 257 187 4578 3208 475 1370 1280 1043 174 869 123 237 785 188 335 124 189 102 123 734 323410
internal_count=370281 330217 330075 6665 1707 719 384 4958 380 257 187 4578 3208 475 1370 1280 1043 174 869 123 237 785 188 335 124 189 102 123 734 323410
is_linear=0
shrinkage=0.05


Tree=278
num_leaves=31
num_cat=0
split_feature=8 3 3 0 11 11 11 1 1 11 0 11 0 11 11 0 1 0 11 6 4 11 8 6 11 8 8 8 11 9
split_gain=1.04949e+06 5.50669e+06 4.87188e+06 3.46589e+06 4.2297e+06 3.76045e+06 6.18179e+06 8.58374e+06 4.71453e+06 5.56185e+06 3.29474e+06 4.3057e+06 3.85918e+06 3.312e+06 2.36199e+06 1.96524e+06 1.44264e+06 1.19507e+06 1.65915e+06 622663 675805 1.02473e+06 1.49405e+06 1.38567e+06 2.68062e+06 9.48225e+06 3.9191e+06 4.23292e+06 3.6179e+06 6.44487e+06
threshold=3218.1678571428579 9.5000000000000018 15.500000000000002 13.500000000000002 5129.4600000000009 7354.6600000000008 13772.890000000001 5.5000000000000009 2.5000000000000004 38560.455000000009 7.5000000000000009 24530.555000000004 26.500000000000004 17684.070000000003 10040.155000000001 19.500000000000004 1.5000000000000002 27.500000000000004 9286.6000000000022 31.500000000000004 1.0000000180025095e-35 1133.1150000000002 1.0000000180025095e-35 1.5000000000000002 12557.920000000002 460.56357142857149 2899.4528571428577 2693.3414285714293 11846.610000000002 1697.2931666666666
decision_type=2 2 2 2 2 2 2 2 2 2 2 2 2 2 2 2 2 2 2 2 2 2 2 2 2 2 2 2 2 2
left_child=19 3 -3 -2 -5 -6 14 8 15 -10 -4 13 -13 16 -7 -8 -12 18 -18 20 -1 -22 -23 -24 28 -26 27 -27 -25 -30
right_child=1 2 10 4 5 6 7 -9 9 -11 11 12 -14 -15 -16 -17 17 -19 -20 -21 21 22 23 24 25 26 -28 -29 29 -31
leaf_value=-0.053263974043267916 -14.651022077242533 16.601150188805924 -7.5179998046219954 7.3743043228431988 -17.273474280617457 -0.84561813303402489 -4.4356912581475232 -24.912664937106047 12.689202514854637 -8.0915865613703151 10.3561578307833 3.470006424380887 -14.317941789627078 16.83330535207476 13.432413711547852 -15.768432659091372 4.7971859120855145 6.3928928682337638 -7.2917005766183145 -0.23664227262550611 0.25142640265342198 -1.5590179561371427 -0.08662329586082157 0.15951109238260333 -19.067761197686195 1.636632517908581 11.523177233520819 -9.140385892827025 -0.92146886789437499 -19.613777253031731
leaf_weight=152107 75 53 99 81 55 56 91 55 74 57 56 62 60 56 60 66 51 69 64 24233 63901 1506 87428 35238 56 4492 98 93 165 64
leaf_count=152107 75 53 99 81 55 56 91 55 74 57 56 62 60 56 60 66 51 69 64 24233 63901 1506 87428 35238 56 4492 98 93 165 64
internal_value=0.00347836 -1.4487 2.16377 -4.522 -3.24523 -4.91874 -3.43832 -6.81277 -3.35619 3.64718 0.683731 2.62625 -5.27816 5.88415 6.53957 -9.19977 3.32934 1.19075 -1.93054 0.00835328 0.0255545 0.0876597 0.00662474 0.0250983 0.268037 1.38493 1.6295 1.41804 0.118801 -6.14552
internal_weight=370621 1240 570 670 595 514 459 343 288 131 517 418 122 296 116 157 240 184 115 369381 345148 193041 129140 127634 40206 4739 4683 4585 35467 229
internal_count=370621 1240 570 670 595 514 459 343 288 131 517 418 122 296 116 157 240 184 115 369381 345148 193041 129140 127634 40206 4739 4683 4585 35467 229
is_linear=0
shrinkage=0.05


Tree=279
num_leaves=31
num_cat=0
split_feature=9 10 10 10 8 8 8 8 11 10 11 11 11 9 3 3 10 11 8 11 3 2 11 11 8 2 11 1 8 3
split_gain=714270 2.80202e+06 2.6658e+06 5.89726e+06 5.73305e+06 4.1952e+06 8.68935e+06 5.87006e+06 4.26647e+06 6.00772e+06 4.85519e+06 4.17776e+06 4.15439e+06 3.18487e+06 1.05369e+07 6.46004e+06 4.66181e+06 4.49501e+06 6.2608e+06 4.53866e+06 8.3178e+06 3.62289e+06 3.16335e+06 3.00112e+06 2.79603e+06 3.86694e+06 4.32856e+06 3.92929e+06 4.0848e+06 5.73741e+06
threshold=2194.8705000000004 2031.3000000000002 2418.9166666666674 2469.5833333333335 2266.1771428571433 1387.0700000000002 1834.1171428571431 1203.4478571428574 25929.405000000002 2348.0500000000006 38560.455000000009 8282.5850000000009 2471.7600000000007 2336.8835000000004 12.500000000000002 32.500000000000007 2371.4500000000003 10903.300000000001 2340.6650000000004 14742.730000000001 67.500000000000014 1.0000000180025095e-35 16973.135000000006 5302.5500000000011 1709.7935714285716 1.0000000180025095e-35 6719.0800000000008 5.5000000000000009 1593.7250000000001 265.50000000000006
decision_type=2 2 2 2 2 2 2 2 2 2 2 2 2 2 2 2 2 2 2 2 2 2 2 2 2 2 2 2 2 2
left_child=-1 -2 5 4 11 7 -7 -3 12 10 -10 -4 -8 14 -14 -16 21 18 -17 -19 -21 22 23 -15 25 26 -5 28 -28 -30
right_child=1 2 3 24 -6 6 8 -9 9 -11 -12 -13 13 16 15 17 -18 19 -20 20 -22 -23 -24 -25 -26 -27 27 -29 29 -31
leaf_value=-0.011042173292845915 -8.4696042016148567 4.7781187992829546 1.552851242389319 9.4442440882596106 -0.015174460225532028 11.038532117009163 10.515280719136083 -18.55149507522583 11.774455049832662 15.10543470770363 -6.1181048958046924 -14.388835123580591 -20.369535779953004 -0.61192679795351901 13.771108706792198 -1.519237438774109 -6.2533786521918735 12.717898554661694 -19.792416934331257 11.175989969571432 -15.195370853125162 -3.4608152641568868 -4.1158866424560552 12.643112803004799 0.91534306751524852 6.0391052648295531 0.064221717455448246 -12.914321438471475 -1.1415665723275448 -22.901571637281666
leaf_weight=362031 87 52 53 55 257 272 86 56 60 123 103 183 80 55 66 125 134 68 75 54 67 105 50 191 5214 115 312 129 69 54
leaf_count=362031 87 52 53 55 257 272 86 56 60 123 103 183 80 55 66 125 134 68 75 54 67 105 50 191 5214 115 312 129 69 54
internal_value=-0.000497161 0.456703 0.550687 0.0730338 -5.18206 2.23925 2.8415 -7.31872 1.29532 6.76319 0.468113 -10.8087 -0.0574523 -0.907223 -3.63509 -0.692774 1.82065 -3.1468 -8.37168 2.38217 -3.42633 4.5187 7.34927 9.67959 0.508602 -2.3807 -3.94496 -5.25064 -2.97797 -10.6947
internal_weight=370381 8350 8263 6441 493 1822 1714 108 1442 286 163 236 1156 1070 535 455 535 389 200 189 121 401 296 246 5948 734 619 564 435 123
internal_count=370381 8350 8263 6441 493 1822 1714 108 1442 286 163 236 1156 1070 535 455 535 389 200 189 121 401 296 246 5948 734 619 564 435 123
is_linear=0
shrinkage=0.05


Tree=280
num_leaves=31
num_cat=0
split_feature=11 5 0 6 10 3 6 10 9 11 1 3 3 8 3 3 11 9 9 9 8 6 8 10 10 3 4 8 10 10
split_gain=632121 1.11393e+06 1.21858e+06 1.22809e+06 7.89007e+06 2.96403e+06 2.10986e+06 1.68913e+06 4.3664e+06 4.29688e+06 1.47387e+06 1.33793e+06 1.12631e+06 1.87193e+06 1.06028e+06 998962 1.63496e+06 1.08848e+06 1.00048e+06 953970 880292 819901 884592 1.7493e+06 988383 1.00961e+06 916215 793584 726085 895848
threshold=1070.1650000000002 1.0000000180025095e-35 6.5000000000000009 7.5000000000000009 308.16666666666669 8.5000000000000018 3.5000000000000004 2051.6500000000001 1270.8481666666669 417.34500000000008 4.5000000000000009 284.50000000000006 28.500000000000004 440.59857142857146 276.50000000000006 255.50000000000003 729.1450000000001 530.63900000000001 649.56250000000011 581.01750000000004 623.72928571428577 2.5000000000000004 972.09714285714301 913.35000000000002 767.73333333333346 36.500000000000007 1.5000000000000002 623.72928571428577 540.38333333333344 406.83333333333343
decision_type=2 2 2 2 2 2 2 2 2 2 2 2 2 2 2 2 2 2 2 2 2 2 2 2 2 2 2 2 2 2
left_child=1 2 14 4 5 -4 7 8 11 -9 -10 15 -8 28 27 21 17 -17 19 -18 -13 22 23 24 26 -26 -6 -1 29 -14
right_child=-2 -3 3 -5 6 -7 12 9 10 -11 -12 20 13 -15 -16 16 18 -19 -20 -21 -22 -23 -24 -25 25 -27 -28 -29 -30 -31
leaf_value=0.1859686859416885 -0.052749897825438458 -0.0089090371817875935 12.979746116475859 -0.44590030183457174 0.31566142651004542 3.7489466004727632 -1.8754098778889503 -16.533521164923908 4.6393604901703922 4.1953857231140139 14.657257852857075 1.5809768433247111 1.1643165728552589 12.746718447208405 -1.5098137890515608 -1.0357119093695275 0.61865740810025605 -4.6230121944738736 -5.0427097402827847 5.1366949628489884 6.0820723560121328 1.7712736549864994 -3.1223359426919455 9.5719160098655554 0.41847847047841774 -6.4194575424627836 5.8163631821541415 -1.5889938375212103 -2.3732470731735229 6.4322620104957409
leaf_weight=6800 235289 95650 94 3342 19238 1162 81 50 88 50 63 556 145 60 1331 1835 1239 239 71 129 135 982 188 51 106 110 76 694 50 182
leaf_count=6800 235289 95650 94 3342 19238 1162 81 50 88 50 63 556 145 60 1331 1835 1239 239 71 129 135 982 188 51 106 110 76 694 50 182
internal_value=-0.00328946 0.083044 0.307718 0.458214 0.570207 4.43979 0.38127 0.316356 0.342188 -6.16907 8.81901 0.290896 3.54002 4.54379 -0.209375 0.229113 -0.550616 -1.4491 0.744349 1.0447 2.46035 0.361116 0.291068 0.323841 0.299691 -3.0638 0.337307 0.021594 3.23829 4.09632
internal_weight=370086 134797 39147 30322 26980 1256 25724 25206 25106 100 151 24955 518 437 8825 24264 3513 2074 1439 1368 691 20751 19769 19581 19530 216 19314 7494 377 327
internal_count=370086 134797 39147 30322 26980 1256 25724 25206 25106 100 151 24955 518 437 8825 24264 3513 2074 1439 1368 691 20751 19769 19581 19530 216 19314 7494 377 327
is_linear=0
shrinkage=0.05


Tree=281
num_leaves=31
num_cat=0
split_feature=10 10 6 9 0 6 8 9 9 10 9 1 11 11 8 11 8 9 0 0 9 10 9 11 9 9 0 9 0 1
split_gain=1.12223e+06 4.30991e+06 5.58598e+06 6.32285e+06 3.57714e+06 5.19152e+06 3.62425e+06 3.40121e+06 3.26888e+06 3.22201e+06 3.21581e+06 3.2087e+06 2.98417e+06 8.18979e+06 6.23874e+06 3.57541e+06 2.96752e+06 2.88973e+06 6.06188e+06 5.38477e+06 2.86806e+06 3.39556e+06 9.24764e+06 8.50205e+06 7.32292e+06 6.86992e+06 6.90042e+06 6.9446e+06 6.85618e+06 1.00099e+07
threshold=2371.4500000000003 2394.6000000000004 1.5000000000000002 1998.7498333333335 1.5000000000000002 1.5000000000000002 1879.7300000000002 2422.4765000000002 2703.9491666666668 2641.9333333333338 1630.4328333333335 3.5000000000000004 14742.730000000001 11502.295000000002 2195.8535714285722 45915.240000000013 1593.7250000000001 2087.0383333333334 21.500000000000004 14.500000000000002 2530.8520000000003 2324.1500000000001 2194.8705000000004 8100.2700000000013 1734.5108333333335 1768.4196666666669 26.500000000000004 1841.156666666667 20.500000000000004 2.5000000000000004
decision_type=2 2 2 2 2 2 2 2 2 2 2 2 2 2 2 2 2 2 2 2 2 2 2 2 2 2 2 2 2 2
left_child=8 2 7 -4 5 6 16 10 20 11 -2 -8 13 14 -12 17 -3 18 19 -14 21 -1 23 -23 -25 -26 27 -27 29 -24
right_child=1 4 3 -5 -6 -7 9 -9 -10 -11 12 -13 15 -15 -16 -17 -18 -19 -20 -21 -22 22 28 24 25 26 -28 -29 -30 -31
leaf_value=0.0094875598041252798 4.6697815049369238 -6.2208953605507915 -5.6043940243897623 18.705533607051059 -0.077248056016994526 9.8358351769270733 -2.7514066024830468 5.5305549104334943 12.676143900553386 1.3926034767333775 -18.9932569986298 -18.6069821583141 -19.682933506965639 10.96782332911636 2.6690620769153943 -0.35466794928566359 -22.95274673632856 -5.4367224351779839 -31.42393245786991 0.75157737643630418 -7.4664173476397995 -11.054701533487865 3.2401157976705819 -4.3662283573702219 21.164744411686723 -9.601047648554264 16.503221104610926 4.1126983751089146 -0.12150347816316705 27.105242494140011
leaf_weight=354627 53 53 54 53 12744 54 76 59 51 146 84 55 80 66 55 61 53 74 53 54 128 140 79 310 59 115 87 468 95 99
leaf_count=354627 53 53 54 53 12744 54 76 59 51 146 84 55 80 66 55 61 53 74 53 54 128 140 79 310 59 115 87 468 95 99
internal_value=0.00127705 -0.439029 -4.13629 6.43697 -0.229777 -4.67789 -6.72421 -5.90677 0.0184897 -3.71542 -7.07023 -9.40833 -8.25091 -3.53541 -10.4218 -11.253 -14.5868 -13.8001 -17.1097 -11.4481 0.0166774 0.0193674 2.43235 0.512242 2.07083 4.80812 3.36777 1.40759 10.7247 16.5134
internal_weight=370185 13927 746 107 13181 437 383 639 356258 277 580 131 527 205 139 322 106 261 187 134 356207 356079 1452 1179 1039 729 670 583 273 178
internal_count=370185 13927 746 107 13181 437 383 639 356258 277 580 131 527 205 139 322 106 261 187 134 356207 356079 1452 1179 1039 729 670 583 273 178
is_linear=0
shrinkage=0.05


Tree=282
num_leaves=31
num_cat=0
split_feature=10 3 0 3 1 10 8 8 9 3 8 0 3 3 3 0 3 1 10 10 9 8 9 0 8 1 10 8 9 3
split_gain=819550 3.39481e+06 4.74057e+06 7.15326e+06 6.11887e+06 4.88658e+06 4.3276e+06 2.81816e+06 2.75222e+06 2.61755e+06 5.6184e+06 6.25258e+06 2.25618e+06 2.93218e+06 2.69779e+06 3.65602e+06 2.32915e+06 1.87647e+06 2.99491e+06 7.42266e+06 1.76639e+06 1.70158e+06 4.33711e+06 3.95167e+06 2.28819e+06 1.4276e+06 1.6518e+06 3.73871e+06 4.01606e+06 3.34287e+06
threshold=2872.6833333333338 53.500000000000007 18.500000000000004 32.500000000000007 5.5000000000000009 2955.1166666666672 2133.8221428571437 1326.9885714285717 2041.4540000000004 7.5000000000000009 2693.3414285714293 10.500000000000002 126.50000000000001 262.50000000000006 74.500000000000014 19.500000000000004 55.500000000000007 4.5000000000000009 3076.1000000000008 2955.1166666666672 2703.9491666666668 2266.1771428571433 2422.4765000000002 9.5000000000000018 1593.7250000000001 1.0000000180025095e-35 3076.1000000000008 2693.3414285714293 2422.4765000000002 278.50000000000006
decision_type=2 2 2 2 2 2 2 2 2 2 2 2 2 2 2 2 2 2 2 2 2 2 2 2 2 2 2 2 2 2
left_child=-1 2 4 5 9 -4 -6 -3 -9 -2 21 -12 14 -14 15 16 -10 18 19 -17 -20 23 -23 24 -11 -15 27 28 -27 -28
right_child=1 7 3 -5 6 -7 -8 8 12 10 11 -13 13 25 -16 17 -18 -19 20 -21 -22 22 -24 -25 -26 26 29 -29 -30 -31
leaf_value=0.010684460427418153 15.035642055550008 10.129533440491251 -15.499540116066157 14.762701797485352 -15.67197184929481 -0.27197543873506436 3.7471970634534957 -9.6209287141481141 0.22984933708653307 3.1910490335202688 8.8044817777780384 -15.072547820518757 -13.235200281143188 -9.0904567939894534 9.323093450445878 14.231383911132813 -12.570437298811875 -2.1993821155023938 16.634532370567324 -10.845778462621901 5.2233569383621221 24.927139337390077 4.4059704175362224 -1.1570643100332707 16.141145872606813 11.047238557730148 10.735339768023431 -11.16044914191184 -3.6614041959213104 -4.3280450565227566
leaf_weight=368176 99 58 86 50 52 136 64 89 66 51 52 58 60 56 95 50 77 131 60 72 78 51 52 94 103 67 79 92 151 69
leaf_count=368176 99 58 86 50 52 136 64 89 66 51 52 58 60 56 95 50 77 131 60 72 78 51 52 94 103 67 79 92 151 69
internal_value=0.0165597 0.957867 3.25119 -2.32285 5.494 -6.17094 -4.95795 -0.652556 -1.13658 7.65905 6.07492 -3.78522 -0.508895 -2.77559 1.5596 0.178454 -6.66261 2.68043 5.1391 -0.568253 10.1847 9.16499 14.5669 6.92144 11.8525 -1.55462 -0.633213 -2.70796 0.859142 3.71255
internal_weight=370474 2298 948 272 676 222 116 1350 1292 560 461 110 1203 574 629 534 143 391 260 122 138 351 103 248 154 514 458 310 218 148
internal_count=370474 2298 948 272 676 222 116 1350 1292 560 461 110 1203 574 629 534 143 391 260 122 138 351 103 248 154 514 458 310 218 148
is_linear=0
shrinkage=0.05


Tree=283
num_leaves=31
num_cat=0
split_feature=10 11 8 8 11 3 3 9 11 9 1 3 8 1 3 3 1 9 3 1 1 11 9 9 10 3 11 10 10 1
split_gain=1.80907e+06 8.27082e+06 4.5378e+06 4.3343e+06 2.96248e+06 3.98409e+06 6.96718e+06 5.58122e+06 6.73583e+06 5.2813e+06 5.51057e+06 7.79256e+06 4.67542e+06 5.23741e+06 3.77656e+06 3.4547e+06 3.20842e+06 3.7417e+06 7.09268e+06 9.85738e+06 5.30954e+06 3.56472e+06 8.92808e+06 7.4184e+06 1.37328e+07 6.87521e+06 5.89364e+06 3.79531e+06 3.13355e+06 3.2637e+06
threshold=2812.8500000000008 4135.6450000000013 1387.0700000000002 1451.2592857142861 6839.0850000000009 90.500000000000014 75.500000000000014 2194.8705000000004 65821.285000000018 2258.7413333333338 1.5000000000000002 258.50000000000006 2693.3414285714293 3.5000000000000004 127.50000000000001 66.500000000000014 4.5000000000000009 2258.7413333333338 28.500000000000004 2.5000000000000004 2.5000000000000004 22071.445000000003 2530.8520000000003 2530.8520000000003 2955.1166666666672 35.500000000000007 31067.535000000003 3076.1000000000008 3076.1000000000008 2.5000000000000004
decision_type=2 2 2 2 2 2 2 2 2 2 2 2 2 2 2 2 2 2 2 2 2 2 2 2 2 2 2 2 2 2
left_child=-1 -2 -3 -4 -5 6 15 14 9 -9 -11 -12 13 -13 -7 16 17 18 19 -6 -20 22 -19 26 -25 -24 -23 -26 29 -28
right_child=1 2 3 4 5 7 -8 8 -10 10 11 12 -14 -15 -16 -17 -18 21 20 -21 -22 23 25 24 27 -27 28 -29 -30 -31
leaf_value=-0.0027229877196009267 18.45801646008211 9.614914020981109 -14.196143451690673 -8.0248656804938072 11.56676987129965 -18.261095300630519 19.78586702866988 16.07557288024385 -14.114782596278836 8.8901276257021209 -17.894082957419794 -4.8782789489958027 -7.749950143565302 10.518046063143057 -3.2721158367522225 -6.2303209457575806 -1.141162600646686 17.835939095605095 6.5212524383048702 -13.767434846538388 21.991921688129409 -18.595643116864892 -11.107356999293868 25.355781416159413 -11.969324832127013 7.8097422939643524 -12.495828022275653 3.5063790840148927 6.6181511456625799 3.4428804003275362
leaf_weight=367207 68 140 50 95 81 76 55 59 74 141 69 90 115 143 94 127 479 106 123 73 101 72 83 65 58 114 84 125 70 52
leaf_count=367207 68 140 50 95 81 76 55 59 74 141 69 90 115 143 94 127 479 106 123 73 101 72 83 65 58 114 84 125 70 52
internal_value=0.00740186 1.21373 0.824679 0.396484 0.654852 0.957005 2.25402 -1.85697 0.139757 1.84938 0.345175 -2.54413 0.4994 4.57097 -9.97307 1.72217 2.3212 3.69524 7.81795 -0.442301 13.4969 1.81541 6.13534 -0.673067 5.61372 -0.160406 -6.28142 -1.39849 -1.97742 -6.40162
internal_weight=370289 3082 3014 2874 2824 2729 1868 861 691 617 558 417 348 233 170 1813 1686 1207 378 154 224 829 303 526 248 197 278 183 206 136
internal_count=370289 3082 3014 2874 2824 2729 1868 861 691 617 558 417 348 233 170 1813 1686 1207 378 154 224 829 303 526 248 197 278 183 206 136
is_linear=0
shrinkage=0.05


Tree=284
num_leaves=31
num_cat=0
split_feature=8 8 1 11 1 9 9 11 11 3 0 0 0 1 9 11 0 9 9 3 0 0 8 9 8 3 0 11 3 8
split_gain=832153 2.74297e+06 5.60708e+06 9.62584e+06 1.37952e+07 8.995e+06 5.92632e+06 3.61009e+06 3.54568e+06 5.22034e+06 3.66571e+06 6.79662e+06 5.28713e+06 3.44867e+06 3.11216e+06 3.08231e+06 2.47695e+06 2.41417e+06 3.4832e+06 3.94706e+06 5.50272e+06 8.45581e+06 3.66278e+06 3.44571e+06 6.85221e+06 6.37248e+06 3.52153e+06 2.58638e+06 3.75702e+06 5.87687e+06
threshold=1879.7300000000002 1834.1171428571431 3.5000000000000004 18339.145 2.5000000000000004 2138.2523333333338 1841.156666666667 7491.7850000000008 12557.920000000002 103.50000000000001 8.5000000000000018 21.500000000000004 5.5000000000000009 1.5000000000000002 1734.5108333333335 35421.660000000011 18.500000000000004 1519.3770000000002 1412.969166666667 97.500000000000014 13.500000000000002 18.500000000000004 2133.8221428571437 1554.7928333333336 2195.8535714285722 14.500000000000002 15.500000000000002 31067.535000000003 73.500000000000014 2024.3085714285717
decision_type=2 2 2 2 2 2 2 2 2 2 2 2 2 2 2 2 2 2 2 2 2 2 2 2 2 2 2 2 2 2
left_child=1 -1 3 5 6 7 16 13 9 -4 12 -12 -10 -3 -13 -8 -5 18 22 20 -20 -22 -2 24 25 -19 -27 -25 -29 -30
right_child=17 2 8 4 -6 -7 15 -9 10 -11 11 14 -14 -15 -16 -17 -18 23 19 -21 21 -23 -24 27 -26 26 -28 28 29 -31
leaf_value=-0.010159195570132512 1.7018138503822193 -16.879537676315049 2.5870495331988614 11.757593760123619 -26.762012680839092 17.316490197560146 -4.745458768697886 0.65969208424395709 7.2786303339297307 -17.293136171941406 14.701944595863081 -10.273818056064624 -14.451901592774826 -1.0295259533450007 5.8040849811890549 -20.67465431481077 -3.4631970249522817 -14.066258708501266 16.271630204178905 -2.3961195290088653 -8.2692013771910418 10.082611656768902 -9.8791140556335453 -0.07885395427032893 -17.906333409822903 15.371595777598296 -1.0636499637365342 0.48825860197460252 10.403672817088806 1.7933515018732544
leaf_weight=350841 347 74 85 52 102 63 65 235 57 54 145 54 55 64 68 57 55 59 131 123 95 185 85 12553 78 55 80 3190 263 804
leaf_count=350841 347 74 85 52 102 63 65 235 57 54 145 54 55 64 68 57 55 59 131 123 95 185 85 12553 78 55 80 3190 263 804
internal_value=-0.00163271 -0.0186048 -2.32448 -5.03876 -11.4674 -0.158277 -4.65498 -3.10978 1.69454 -5.13619 4.19974 7.38455 -3.39261 -9.52881 -1.31236 -12.1878 3.93382 0.329501 2.76126 5.46174 7.81336 3.8561 -0.576841 0.191983 -5.39065 -0.358575 5.63219 0.282315 1.34733 3.91567
internal_weight=370174 352126 1285 767 331 436 229 373 518 139 379 267 112 138 122 122 107 18048 966 534 411 280 432 17082 272 194 135 16810 4257 1067
internal_count=370174 352126 1285 767 331 436 229 373 518 139 379 267 112 138 122 122 107 18048 966 534 411 280 432 17082 272 194 135 16810 4257 1067
is_linear=0
shrinkage=0.05


Tree=285
num_leaves=31
num_cat=0
split_feature=11 10 9 8 10 11 11 11 10 8 0 11 3 8 0 6 10 0 8 11 11 3 10 0 10 10 10 11 0 0
split_gain=858027 1.99405e+06 5.79209e+06 5.74058e+06 8.18181e+06 6.20841e+06 5.04817e+06 6.20682e+06 6.29842e+06 4.88978e+06 7.59129e+06 6.53313e+06 5.6735e+06 4.76589e+06 5.68307e+06 4.66246e+06 1.25558e+07 7.27436e+06 4.85748e+06 6.82876e+06 6.50704e+06 7.43928e+06 4.47743e+06 5.48132e+06 3.95483e+06 3.94078e+06 3.68379e+06 5.0218e+06 3.17505e+06 5.63272e+06
threshold=11846.610000000002 2444.1500000000001 1917.6366666666668 2537.0064285714293 2519.2500000000005 2927.6800000000007 2777.2600000000007 10595.725000000002 2872.6833333333338 2340.6650000000004 27.500000000000004 8100.2700000000013 64.500000000000014 2693.3414285714293 9.5000000000000018 1.5000000000000002 2609.7166666666667 24.500000000000004 1483.5285714285715 7491.7850000000008 9063.2250000000022 101.50000000000001 2418.9166666666674 9.5000000000000018 2720.4666666666672 2762.7666666666669 2609.7166666666667 6050.4550000000008 5.5000000000000009 11.500000000000002
decision_type=2 2 2 2 2 2 2 2 2 2 2 2 2 2 2 2 2 2 2 2 2 2 2 2 2 2 2 2 2 2
left_child=1 22 -3 5 -5 -4 -6 8 13 10 15 12 -11 -8 -15 17 -17 18 19 -7 28 -22 -1 -24 -9 26 -16 -28 -20 -30
right_child=-2 2 3 4 6 9 7 24 -10 11 -12 -13 -14 14 25 16 -18 -19 20 -21 21 -23 23 -25 -26 -27 27 -29 29 -31
leaf_value=0.0084644464418808622 -0.21677155720762076 15.374318003981081 11.477892712796674 14.024037997495562 -12.509534350612709 6.5070753331454299 18.162125714071866 -16.82463929221548 -6.3366286494294002 -29.568567191853244 14.648557467460632 -0.036776457467210401 -7.2902349149263834 -9.0698811256279388 12.960861331079066 -26.372899841167964 5.0708467581915482 -18.681307646751403 -12.03207787882198 -16.692311321934568 19.760878544756512 0.024276088328843707 5.103965001257639 -12.488116000322689 2.1649133728100707 17.337292602915824 -13.125050666809083 6.4515356375041764 9.9431038541613894 -5.3590292642442448
leaf_weight=321516 46083 73 89 168 57 53 87 58 98 51 75 109 65 59 82 64 63 50 55 79 103 89 63 149 52 81 50 95 106 139
leaf_count=321516 46083 73 89 168 57 53 87 58 98 51 75 109 65 59 82 64 63 50 55 79 103 89 63 149 52 81 50 95 106 139
internal_value=-0.0149057 0.0138167 1.53147 1.04494 4.08961 -1.2245 1.76836 2.99772 5.15896 -2.2513 -0.562572 -8.82609 -17.085 7.64039 5.14614 -1.98683 -10.7748 -0.330938 1.13944 -7.37741 3.42445 10.6121 0.00367477 -7.26028 -7.84776 7.86933 4.4909 -0.299011 -1.17567 1.26149
internal_weight=369961 323878 2150 2077 887 1190 719 662 552 1101 876 225 116 454 367 801 127 674 624 132 492 192 321728 212 110 308 227 145 300 245
internal_count=369961 323878 2150 2077 887 1190 719 662 552 1101 876 225 116 454 367 801 127 674 624 132 492 192 321728 212 110 308 227 145 300 245
is_linear=0
shrinkage=0.05


Tree=286
num_leaves=31
num_cat=0
split_feature=9 10 1 0 8 8 11 0 11 8 11 9 11 10 10 10 1 8 11 9 8 0 11 9 9 0 0 8 8 0
split_gain=1.05789e+06 4.10142e+06 5.11682e+06 3.94773e+06 2.85498e+06 2.4529e+06 5.17286e+06 4.87537e+06 5.48522e+06 3.215e+06 3.77273e+06 4.23865e+06 5.56001e+06 5.64293e+06 3.69023e+06 5.75293e+06 3.92568e+06 3.2068e+06 3.24559e+06 2.98619e+06 2.90175e+06 4.966e+06 4.69482e+06 4.06361e+06 7.19505e+06 5.10882e+06 4.42494e+06 4.22166e+06 6.42162e+06 6.90881e+06
threshold=1412.969166666667 2198.5166666666669 4.5000000000000009 20.500000000000004 1355.9100000000001 1017.3635714285716 2280.0000000000005 14.500000000000002 11846.610000000002 839.72071428571439 21033.945000000003 1485.087666666667 10595.725000000002 2090.7166666666667 2303.4000000000005 2010.5333333333335 2.5000000000000004 796.77499999999998 20009.920000000002 1554.7928333333336 1265.0907142857145 10.500000000000002 4413.0950000000003 1485.087666666667 1554.7928333333336 27.500000000000004 15.500000000000002 1203.4478571428574 1092.6764285714287 22.500000000000004
decision_type=2 2 2 2 2 2 2 2 2 2 2 2 2 2 2 2 2 2 2 2 2 2 2 2 2 2 2 2 2 2
left_child=1 -1 3 4 -3 6 -2 9 19 14 11 -11 -13 -14 15 16 -8 -10 -19 -9 21 22 -7 -23 26 27 -25 28 -26 -30
right_child=5 2 -4 -5 -6 20 7 8 17 10 -12 12 13 -15 -16 -17 -18 18 -20 -21 -22 23 -24 24 25 -27 -28 -29 29 -31
leaf_value=-0.014349122031287659 -15.376218258978717 11.295672482252122 -18.178577753179002 -11.511456520435139 -2.937593839544999 11.095114367521262 12.538253722652314 1.4507184431209403 7.531309425224693 -23.154722278594974 -0.069691539783867038 -0.07874367819057676 -4.2455962972820931 -27.543448762332691 10.720801124572754 -13.88115619145907 -3.3858452979800777 -12.422580553105004 0.36137409026806178 11.992182786953755 0.21685411596564796 9.2707992520142977 -1.5656767652957113 5.7592134654521949 8.5097088633897062 11.728528640170893 -9.7162467923509084 8.0155439140282425 1.0785095471164785 -13.32305588742434
leaf_weight=334384 67 56 66 78 95 79 62 118 59 50 147 127 53 51 65 78 103 95 104 156 31820 277 1001 64 167 192 166 255 283 118
leaf_count=334384 67 56 66 78 95 79 62 118 59 50 147 127 53 51 65 78 103 95 104 156 31820 277 1001 64 167 192 166 255 283 118
internal_value=0.0080705 -0.019548 -5.91252 -2.37732 2.34097 0.266575 -1.83627 -1.12083 2.52585 -3.75674 -6.56008 -9.95541 -7.09841 -15.6705 0.138804 -2.69177 2.59776 -2.70626 -5.74152 7.45243 0.34813 1.95351 -0.639563 3.79354 2.5749 4.3843 -5.41003 2.67094 0.271512 -3.15936
internal_weight=370436 334679 295 229 151 35757 1335 1268 532 736 428 281 231 104 308 243 165 258 199 274 34422 2602 1080 1522 1245 1015 230 823 568 401
internal_count=370436 334679 295 229 151 35757 1335 1268 532 736 428 281 231 104 308 243 165 258 199 274 34422 2602 1080 1522 1245 1015 230 823 568 401
is_linear=0
shrinkage=0.05


Tree=287
num_leaves=31
num_cat=0
split_feature=10 0 9 9 11 10 3 3 10 11 9 11 3 3 1 11 11 8 3 3 8 3 9 8 10 8 11 1 9 8
split_gain=1.10643e+06 3.43639e+06 5.80044e+06 5.75904e+06 2.59828e+06 5.28112e+06 2.3315e+06 6.55582e+06 1.4551e+07 5.12856e+06 7.69928e+06 6.95425e+06 6.40844e+06 1.06664e+07 8.87304e+06 6.15124e+06 5.17786e+06 4.51565e+06 1.0202e+07 5.33797e+06 4.85319e+06 7.82741e+06 8.80575e+06 8.49241e+06 7.70081e+06 1.10686e+07 1.12122e+07 8.55656e+06 5.48301e+06 7.12199e+06
threshold=2519.2500000000005 1.5000000000000002 2258.7413333333338 2041.4540000000004 12943.180000000002 2762.7666666666669 104.50000000000001 95.500000000000014 2762.7666666666669 7931.5700000000006 2336.8835000000004 13772.890000000001 125.50000000000001 122.50000000000001 1.5000000000000002 6970.795000000001 3248.5650000000005 1593.7250000000001 260.50000000000006 274.50000000000006 1709.7935714285716 265.50000000000006 2087.0383333333334 1925.7600000000002 2577.1000000000004 2693.3414285714293 23225.890000000003 2.5000000000000004 2530.8520000000003 2340.6650000000004
decision_type=2 2 2 2 2 2 2 2 2 2 2 2 2 2 2 2 2 2 2 2 2 2 2 2 2 2 2 2 2 2
left_child=-1 2 3 -2 -4 -6 7 -3 -9 10 -8 -11 13 14 -13 16 -12 18 -14 -20 -19 24 -23 -24 -22 26 27 -26 -25 -30
right_child=1 6 4 -5 5 -7 9 8 -10 11 15 12 17 -15 -16 -17 -18 20 19 -21 21 22 23 28 25 -27 -28 -29 29 -31
leaf_value=0.0092160349180387471 -4.9782497350483723 -0.56003453410449566 -9.5432775665732006 -26.752182505680963 15.503271952542391 -5.0128396159165529 21.933931182008802 -1.5027502607513261 -28.75755312336025 -5.5401350398593481 11.485039340704681 -11.713905372375098 24.556719788333826 24.420945500655915 7.3040720842441207 18.806512008666996 -5.2981504746009973 -11.030282487388419 -8.397497216449386 10.224924872210925 11.199778910814707 -16.389099462976997 18.751694724380329 8.2255820254576388 20.279285172284659 -29.882748078364951 -13.04742361432281 -4.6894303086690785 -13.221346427956405 3.5629122221068052
leaf_weight=360774 73 6124 51 52 55 73 66 182 67 450 64 78 57 71 287 50 163 119 87 69 59 53 93 217 59 51 181 82 98 178
leaf_count=360774 73 6124 51 52 55 73 66 182 67 450 64 78 57 71 287 50 163 119 87 69 59 53 93 217 59 51 181 82 98 178
internal_value=-0.00467121 -0.542877 -5.77135 -14.0362 0.000198377 3.80268 -0.366369 -0.8834 -8.83637 0.885546 6.5872 0.03117 1.39446 6.68915 3.23996 2.93058 -0.566326 -0.250935 6.45385 -0.160657 -1.45104 -0.386675 3.12792 4.89311 -5.58535 -8.24037 -4.81254 5.75847 2.27882 -2.39672
internal_weight=370083 9309 304 125 179 128 9005 6373 249 2632 343 2289 1839 436 365 277 227 1403 213 156 1190 1071 639 586 432 373 322 141 493 276
internal_count=370083 9309 304 125 179 128 9005 6373 249 2632 343 2289 1839 436 365 277 227 1403 213 156 1190 1071 639 586 432 373 322 141 493 276
is_linear=0
shrinkage=0.05


Tree=288
num_leaves=31
num_cat=0
split_feature=10 3 11 9 9 3 1 0 8 8 9 0 11 3 3 8 8 8 9 11 0 3 1 3 3 0 11 9 3 10
split_gain=841501 4.37081e+06 6.00492e+06 2.15931e+07 6.72525e+06 1.51737e+07 6.27807e+06 4.61911e+06 4.17491e+06 5.82e+06 1.30387e+07 5.31086e+06 4.56976e+06 5.35917e+06 4.98388e+06 4.45266e+06 4.02546e+06 4.28987e+06 5.96747e+06 6.63477e+06 5.14519e+06 5.18212e+06 6.67433e+06 6.71355e+06 4.87743e+06 6.3652e+06 4.02283e+06 3.98793e+06 3.92965e+06 3.68157e+06
threshold=2519.2500000000005 67.500000000000014 25929.405000000002 1804.4843333333336 2041.4540000000004 51.500000000000007 2.5000000000000004 30.500000000000004 1518.4428571428573 1925.7600000000002 2422.4765000000002 24.500000000000004 31067.535000000003 60.500000000000007 44.500000000000007 1750.47 2430.840714285715 2899.4528571428577 2422.4765000000002 55972.670000000006 11.500000000000002 20.500000000000004 4.5000000000000009 6.5000000000000009 8.5000000000000018 14.500000000000002 35421.660000000011 2087.0383333333334 52.500000000000007 3076.1000000000008
decision_type=2 2 2 2 2 2 2 2 2 2 2 2 2 2 2 2 2 2 2 2 2 2 2 2 2 2 2 2 2 2
left_child=-1 2 3 -2 5 6 -5 8 11 10 12 28 -10 14 -14 -16 29 18 19 24 -19 22 23 -22 -18 -26 -20 -6 -4 -11
right_child=1 -3 7 4 27 -7 -8 -9 9 16 -12 -13 13 -15 15 -17 17 20 26 -21 21 -23 -24 -25 25 -27 -28 -29 -30 -31
leaf_value=0.012951452651301688 -35.719218442201615 0.81010490183053896 -0.59654071139633114 -13.944269612561101 8.2510179539268105 -33.965465165983957 3.3545397171231564 -14.627777750675495 5.0376746944479045 4.3384186135091003 16.030009307324047 18.441237860459548 -6.168112269481024 5.3599818661808971 -8.8921045889799633 -24.982799697763781 16.317506908952144 15.373245254395499 -23.58363564695631 -13.94153454712459 7.6003046284403126 11.442718146976674 -15.168723253456944 -12.883763749258859 -14.431066405122932 6.8222784295374028 -6.6209921325406729 -2.0709085340452149 13.581021245131417 -5.0862742256914455
leaf_weight=360920 50 3897 218 92 98 53 122 52 74 906 71 65 300 64 87 85 57 63 56 70 140 76 83 56 55 98 93 2073 63 117
leaf_count=360920 50 3897 218 92 98 53 122 52 74 906 71 65 300 64 87 85 57 63 56 70 140 76 83 56 55 98 93 2073 63 117
internal_value=0.00082941 -0.467896 -1.38391 -3.19298 -2.52592 -10.0142 -4.08233 0.14236 0.407478 -0.291563 -4.24909 5.56138 -6.60944 -8.21744 -10.0584 -16.8439 1.14965 -1.39984 -4.91229 -0.610482 2.20505 -0.131847 -3.28477 1.74771 3.8332 -0.817813 -12.9962 -1.60497 2.58206 3.26052
internal_weight=370254 9334 5437 2488 2438 267 214 2949 2897 2551 681 346 610 536 472 172 1870 847 429 280 418 355 279 196 210 153 149 2171 281 1023
internal_count=370254 9334 5437 2488 2438 267 214 2949 2897 2551 681 346 610 536 472 172 1870 847 429 280 418 355 279 196 210 153 149 2171 281 1023
is_linear=0
shrinkage=0.05


Tree=289
num_leaves=31
num_cat=0
split_feature=10 3 3 8 9 0 11 0 8 3 0 3 10 9 9 9 3 3 9 9 11 8 9 8 11 11 10 11 3 11
split_gain=1.16687e+06 3.31361e+06 5.36072e+06 7.08285e+06 3.23118e+06 9.92368e+06 4.9069e+06 4.44801e+06 3.6575e+06 3.07e+06 9.04272e+06 6.33931e+06 4.68829e+06 1.03839e+07 5.92782e+06 4.64169e+06 3.69795e+06 3.69662e+06 3.69282e+06 7.52833e+06 7.15206e+06 4.51999e+06 3.45401e+06 1.09126e+07 2.99785e+06 2.91594e+06 7.67506e+06 2.81571e+06 7.22644e+06 6.38727e+06
threshold=2519.2500000000005 67.500000000000014 65.500000000000014 2430.840714285715 1768.4196666666669 18.500000000000004 35421.660000000011 11.500000000000002 1750.47 137.50000000000003 29.500000000000004 253.50000000000003 2548.1500000000001 1998.7498333333335 1697.2931666666666 2087.0383333333334 97.500000000000014 111.50000000000001 1880.9296666666669 1957.9808333333337 29214.375000000004 1972.967142857143 2138.2523333333338 2078.5514285714294 23225.890000000003 22071.445000000003 2720.4666666666672 23225.890000000003 70.500000000000014 32951.680000000008
decision_type=2 2 2 2 2 2 2 2 2 2 2 2 2 2 2 2 2 2 2 2 2 2 2 2 2 2 2 2 2 2
left_child=-1 2 4 -4 5 6 -2 -8 -7 10 12 -11 13 -3 -14 17 -15 18 21 -20 -21 -16 23 -17 -5 -19 -27 -24 -29 -30
right_child=1 9 3 24 -6 8 7 -9 -10 11 -12 -13 14 16 15 22 -18 25 19 20 -22 -23 27 -25 -26 26 -28 28 29 -31
leaf_value=0.012138728454459041 -12.20829390335083 5.3021912574768066 -21.042780684217622 5.7275959090581026 -0.73808150475821366 -8.1419574737548839 -1.9066773776824659 16.035450073499835 -25.252435390651229 -14.73842178809492 18.189489961251979 -0.27512613617093401 -11.853945507415354 -26.787944200927139 17.110127470105194 9.3995174427032477 -7.6523841209411616 18.659950152257593 -11.54087757354087 12.557493616573847 -6.051452147676831 -1.7947583007812502 3.8637126933152857 -22.228401145935059 -10.669204406738281 18.222223027547201 -5.1139498299446657 15.117530844761774 -9.4682725144104225 7.9410553488561098
leaf_weight=360905 50 102 79 63 4938 61 78 62 64 79 82 1848 73 51 86 50 50 82 94 134 84 50 520 60 50 72 69 52 213 70
leaf_count=360905 50 102 79 63 4938 61 78 62 64 79 82 1848 73 51 86 50 50 82 94 134 84 50 520 60 50 72 69 52 213 70
internal_value=-0.00216017 -0.553147 -1.35122 -9.5573 -1.05128 -5.96112 1.23717 6.03912 -16.9025 0.555119 1.93049 -0.868069 1.23319 -5.95064 2.0865 2.70854 -17.3149 5.90242 3.28409 0.286986 5.38707 10.1598 0.487716 -7.85207 -1.52763 11.1626 6.80239 1.56067 -2.0142 -5.16208
internal_weight=370271 9366 5445 192 5253 315 190 140 125 3921 1994 1927 1912 203 1709 1636 101 671 448 312 218 136 965 110 113 223 141 855 335 283
internal_count=370271 9366 5445 192 5253 315 190 140 125 3921 1994 1927 1912 203 1709 1636 101 671 448 312 218 136 965 110 113 223 141 855 335 283
is_linear=0
shrinkage=0.05


Tree=290
num_leaves=31
num_cat=0
split_feature=3 10 9 3 0 0 3 10 11 11 10 3 0 10 8 11 11 11 9 10 10 10 8 10 0 11 11 10 11 11
split_gain=600338 1.87825e+06 4.91066e+06 4.30653e+06 7.82002e+06 9.51594e+06 1.45777e+07 9.08768e+06 5.81391e+06 4.44659e+06 1.04608e+07 4.3797e+06 8.16755e+06 7.82118e+06 1.16553e+07 6.04352e+06 4.74247e+06 4.08206e+06 4.00837e+06 3.75416e+06 1.0042e+07 8.16228e+06 3.82077e+06 3.51505e+06 4.30382e+06 4.45876e+06 4.64167e+06 3.51243e+06 5.67196e+06 4.15918e+06
threshold=68.500000000000014 1064.7666666666669 675.34966666666674 44.500000000000007 12.500000000000002 18.500000000000004 60.500000000000007 2812.8500000000008 350.38500000000005 29214.375000000004 2494.5000000000005 54.500000000000007 27.500000000000004 2680.8833333333337 1925.7600000000002 55972.670000000006 23225.890000000003 3410.4700000000003 1917.6366666666668 2418.9166666666674 2324.1500000000001 2548.1500000000001 2430.840714285715 2762.7666666666669 1.5000000000000002 29214.375000000004 19100.720000000005 1546.1833333333336 4135.6450000000013 5849.9250000000011
decision_type=2 2 2 2 2 2 2 2 2 2 2 2 2 2 2 2 2 2 2 2 2 2 2 2 2 2 2 2 2 2
left_child=1 -1 -3 8 17 9 11 -8 -4 10 -6 -7 13 14 -13 19 18 -5 -16 20 -14 -21 -23 27 -25 26 -26 -19 -29 -30
right_child=-2 2 3 4 5 6 7 -9 -10 -11 -12 12 15 -15 16 -17 -18 23 -20 21 -22 22 -24 24 25 -27 -28 28 29 -31
leaf_value=0.010764502985868509 0.073061709342760739 -5.9970524400164607 15.385325893279045 3.494154952055633 3.7354837725085952 2.6580570534158383 -5.8195415403473785 3.2571492929706518 0.051740676488065455 9.5946946956905492 -12.442801373221657 0.31428442989571093 -4.7003593065632439 -14.052951908272668 -1.3802555573292268 12.441395995751868 21.56336068658268 -1.2060075989766474 13.179314414262771 -27.501634489815189 17.534254844405435 -1.4042247630703835 -16.007075265854123 -12.819935230938894 0.75871689255173147 -2.1712728648798012 15.814995419351678 -21.228821099973192 3.8638586335712009 -4.8900461289307531
leaf_weight=174294 162251 387 62 243 1090 1715 1760 327 21157 249 110 1107 662 74 78 53 85 985 120 53 55 155 63 53 111 257 95 51 144 2351
leaf_count=174294 162251 387 62 243 1090 1715 1760 327 21157 249 110 1107 662 74 78 53 85 985 120 53 55 155 63 53 111 257 95 51 144 2351
internal_value=0.000978645 -0.0552646 -0.397249 -0.332102 -1.08716 -0.139698 -0.979158 -4.39737 0.096544 3.51418 2.25247 0.711317 -0.621481 1.78602 2.62925 -4.00725 11.6846 -2.8001 7.44373 -4.88962 -2.99478 -9.9029 -5.62431 -3.17804 0.676683 2.22165 7.70215 -3.74135 -4.72222 -4.38481
internal_weight=370197 207946 33652 33265 12046 7756 6307 2087 21219 1449 1200 4220 2505 1464 1390 1041 283 4290 198 988 717 271 218 4047 516 463 206 3531 2546 2495
internal_count=370197 207946 33652 33265 12046 7756 6307 2087 21219 1449 1200 4220 2505 1464 1390 1041 283 4290 198 988 717 271 218 4047 516 463 206 3531 2546 2495
is_linear=0
shrinkage=0.05


Tree=291
num_leaves=31
num_cat=0
split_feature=11 0 1 0 9 10 0 11 10 9 10 10 3 3 3 3 11 9 11 8 3 3 8 3 11 10 10 11 3 11
split_gain=900788 3.06018e+06 5.16284e+06 4.59987e+06 6.56948e+06 4.28293e+06 3.887e+06 3.44372e+06 8.25712e+06 1.01923e+07 4.8844e+06 6.49174e+06 5.21457e+06 3.23578e+06 3.9811e+06 4.36363e+06 4.70456e+06 3.05237e+06 3.65254e+06 9.61336e+06 4.5611e+06 4.48575e+06 3.36394e+06 5.31837e+06 3.29219e+06 3.12853e+06 2.92793e+06 2.81075e+06 2.79685e+06 3.25056e+06
threshold=22071.445000000003 21.500000000000004 1.5000000000000002 15.500000000000002 1121.5418333333334 3076.1000000000008 24.500000000000004 45915.240000000013 2720.4666666666672 1917.6366666666668 2444.1500000000001 2324.1500000000001 36.500000000000007 53.500000000000007 61.500000000000007 80.500000000000014 29214.375000000004 2422.4765000000002 23225.890000000003 1554.1278571428572 128.50000000000003 273.50000000000006 2024.3085714285717 66.500000000000014 45915.240000000013 2090.7166666666667 2051.6500000000001 16431.460000000003 3.5000000000000004 27454.115000000002
decision_type=2 2 2 2 2 2 2 2 2 2 2 2 2 2 2 2 2 2 2 2 2 2 2 2 2 2 2 2 2 2
left_child=27 2 3 5 -5 17 28 10 9 26 11 -6 -12 -8 -15 16 -16 18 19 -2 -20 25 -19 -24 -23 -22 -9 -1 -3 -30
right_child=1 6 -4 4 7 -7 13 8 -10 -11 12 -13 -14 14 15 -17 -18 22 20 -21 21 24 23 -25 -26 -27 -28 -29 29 -31
leaf_value=0.01272993042992053 -0.094808118298368646 -9.7665734479407309 0.18443824789994478 -2.7844709748057959 9.8891807405408052 -12.332266649446991 1.799125980741993 13.024660516902806 18.867199184530872 -18.927498139441013 -4.999154195507753 28.843895127223092 11.5248901300216 -4.3034589905344101 12.784917494383727 -0.76368663219280597 0.61101341978389412 16.417197749925698 1.6152952678786736 26.502154917240144 -4.1797339106505778 3.2882541369404956 13.059919718773134 -7.5676459721156535 -7.006913367089104 -21.127858316046854 -1.3235076177120211 -0.82964299294202692 1.5495447225637229 -3.0536959543886204
leaf_weight=338626 106 119 10912 211 344 57 1975 64 59 64 103 52 89 641 132 1865 199 69 1803 50 53 181 62 63 136 56 80 10201 515 1502
leaf_count=338626 106 119 10912 211 344 57 1975 64 59 64 103 52 89 641 132 1865 199 69 1803 50 53 181 62 63 136 56 80 10201 515 1502
internal_value=0.00748196 0.321108 0.731827 2.34531 5.11683 1.2245 -0.542771 7.06674 2.35769 -2.3253 9.20504 12.3782 2.66043 0.245154 -0.836656 0.175285 5.46586 1.52413 1.03354 8.42986 0.515893 -4.13721 7.55536 2.66363 -1.1286 -12.887 5.05346 -0.0119042 -2.31782 -1.87835
internal_weight=370389 21562 14614 3702 1066 2636 6948 855 267 208 588 396 192 4812 2837 2196 331 2579 2385 156 2229 426 194 125 317 109 144 348827 2136 2017
internal_count=370389 21562 14614 3702 1066 2636 6948 855 267 208 588 396 192 4812 2837 2196 331 2579 2385 156 2229 426 194 125 317 109 144 348827 2136 2017
is_linear=0
shrinkage=0.05


Tree=292
num_leaves=31
num_cat=0
split_feature=8 8 11 3 3 3 9 0 10 1 10 10 11 11 0 0 1 3 0 9 0 8 9 11 0 9 8 10 11 11
split_gain=760831 3.31893e+06 1.02292e+07 6.34758e+06 1.00532e+07 5.83916e+06 5.51322e+06 6.38274e+06 7.7355e+06 5.93806e+06 4.70781e+06 4.67374e+06 4.27698e+06 3.68713e+06 5.28621e+06 6.66644e+06 8.06069e+06 4.82172e+06 3.49371e+06 6.30365e+06 4.20908e+06 3.4128e+06 3.29616e+06 6.40885e+06 5.06236e+06 6.56214e+06 3.71176e+06 2.86853e+06 2.73299e+06 2.56072e+06
threshold=1791.3400000000004 1879.7300000000002 50375.340000000004 47.500000000000007 262.50000000000006 40.500000000000007 2041.4540000000004 10.500000000000002 2303.4000000000005 1.5000000000000002 2469.5833333333335 2348.0500000000006 27454.115000000002 6839.0850000000009 14.500000000000002 5.5000000000000009 3.5000000000000004 10.500000000000002 19.500000000000004 1734.5108333333335 25.500000000000004 1834.1171428571431 1841.156666666667 8852.8700000000008 19.500000000000004 1957.9808333333337 1834.1171428571431 2444.1500000000001 375.23500000000007 12943.180000000002
decision_type=2 2 2 2 2 2 2 2 2 2 2 2 2 2 2 2 2 2 2 2 2 2 2 2 2 2 2 2 2 2
left_child=-1 2 5 11 -5 13 7 8 -7 10 -8 -4 21 17 15 -15 -17 -2 19 -16 -20 -11 23 26 -24 -26 -9 -10 -3 -25
right_child=1 28 3 4 -6 6 9 22 27 12 -12 -13 -14 14 18 16 -18 -19 20 -21 -22 -23 24 29 25 -27 -28 -29 -30 -31
leaf_value=0.0094738801933857072 -7.8349659459512742 -9.5228330932165459 -15.245270792354237 -36.036048744342949 -5.9303172822584189 0.052976035956784462 -10.234397772550583 16.089507016673018 23.749338270116738 23.125802554955357 6.7632704677351985 4.0550524946761461 0.36625039918082103 1.278392103471254 13.858538793881735 -25.228240384622055 -5.1723742017927385 10.827569973468782 -11.007694364421898 -7.8848151397705086 3.7307151637665217 8.8690096594623693 -19.481145986350811 -11.702501399219038 -11.49061833633618 11.19266732788086 0.043783648808797204 7.3752622352456143 -0.021207056975014744 -2.581919037829806
leaf_weight=349774 61 76 55 54 57 311 80 67 54 74 83 73 70 76 75 110 92 80 144 60 73 97 74 100 88 50 78 53 17978 334
leaf_count=349774 61 76 55 54 57 311 80 67 54 74 83 73 70 76 75 110 92 80 144 60 73 97 74 100 88 50 78 53 17978 334
internal_value=-0.00794815 -0.302661 -1.96459 -11.8261 -20.5763 -0.975954 0.734857 -0.954935 4.04265 5.79168 -1.57914 -4.23806 10.7769 -4.55512 -6.19091 -11.3446 -16.0939 2.75371 -2.12064 4.19483 -6.04961 15.0386 -3.59588 -1.64283 -8.92993 -3.27204 7.45801 15.6388 -0.061205 -4.68344
internal_weight=370451 20677 2623 239 111 2384 1613 1209 418 404 163 128 241 771 630 278 202 141 352 135 217 171 791 579 212 138 145 107 18054 434
internal_count=370451 20677 2623 239 111 2384 1613 1209 418 404 163 128 241 771 630 278 202 141 352 135 217 171 791 579 212 138 145 107 18054 434
is_linear=0
shrinkage=0.05


Tree=293
num_leaves=31
num_cat=0
split_feature=9 10 1 11 3 3 8 6 9 6 3 9 10 11 10 9 11 0 8 11 10 10 11 8 10 8 3 0 0 3
split_gain=1.17192e+06 2.91684e+06 2.98992e+06 2.41692e+06 2.40051e+06 5.46959e+06 4.73011e+06 6.10204e+06 4.4309e+06 3.63733e+06 2.7256e+06 7.43679e+06 1.06689e+07 3.82345e+06 5.48771e+06 6.23137e+06 3.68435e+06 7.04589e+06 4.39509e+06 8.63004e+06 8.73258e+06 7.8884e+06 1.22708e+07 5.911e+06 4.78645e+06 3.23392e+06 2.72251e+06 1.61199e+07 7.44304e+06 6.8414e+06
threshold=706.2118333333334 1090.7166666666669 3.5000000000000004 7354.6600000000008 68.500000000000014 260.50000000000006 683.59357142857141 2.5000000000000004 1196.8403333333333 1.5000000000000002 80.500000000000014 2041.4540000000004 2198.5166666666669 23225.890000000003 2641.9333333333338 1519.3770000000002 18339.145 8.5000000000000018 1972.967142857143 9772.4500000000025 2371.4500000000003 1945.2500000000002 5043.630000000001 2340.6650000000004 2394.6000000000004 1791.3400000000004 57.500000000000007 19.500000000000004 21.500000000000004 44.500000000000007
decision_type=2 2 2 2 2 2 2 2 2 2 2 2 2 2 2 2 2 2 2 2 2 2 2 2 2 2 2 2 2 2
left_child=1 -1 3 -3 26 6 7 8 -6 -8 11 12 -11 16 15 -15 18 -18 24 20 21 -20 -23 -21 -12 -19 28 -28 29 -2
right_child=4 2 -4 -5 5 -7 9 -9 -10 10 13 -13 -14 14 -16 -17 17 25 19 23 -22 22 -24 -25 -26 -27 27 -29 -30 -31
leaf_value=-0.009472499555537757 0.10075059655393222 2.7464243574456857 0.45782112199017128 -6.0515862789934669 4.2774812269826574 -0.56571386179251104 0.51817650447664521 -7.8110278027881055 15.842190233167711 7.6017152012163596 1.0912358233299233 23.834884837040534 -14.267872398741105 2.5148921495777068 -7.2630303652781372 18.906151834705422 -20.281143613447224 8.0690979875837066 10.348582999706268 24.21969067293055 16.822625319872582 2.7953442741717613 -30.60967923623544 5.7324151927774603 -13.779257661955697 -8.0513392422880443 2.3165516748847073 -2.8744653810138567 1.4169927370267628 -2.1269493837033
leaf_weight=304333 17494 91 468 549 922 7752 16210 97 91 310 1606 52 68 118 53 114 57 70 50 85 56 56 54 88 56 56 2353 4104 8358 4292
leaf_count=304333 17494 91 468 549 922 7752 16210 97 91 310 1606 52 68 118 53 114 57 70 50 85 56 56 54 88 56 56 2353 4104 8358 4292
internal_value=0.0221312 -0.0187955 -2.57955 -4.80062 0.215575 0.563861 0.995873 4.1692 5.31636 0.812023 2.42723 6.10635 3.6675 1.7992 7.25305 10.5692 1.10343 -5.69434 1.70996 6.49419 -0.170774 -6.11846 -13.6035 14.8158 0.590184 0.904459 -0.0510661 -0.982803 0.148517 -0.338122
internal_weight=370063 305441 1108 640 64622 28021 20269 1110 1013 19159 2949 430 378 2519 285 232 2234 183 2051 389 216 160 110 173 1662 126 36601 6457 30144 21786
internal_count=370063 305441 1108 640 64622 28021 20269 1110 1013 19159 2949 430 378 2519 285 232 2234 183 2051 389 216 160 110 173 1662 126 36601 6457 30144 21786
is_linear=0
shrinkage=0.05


Tree=294
num_leaves=31
num_cat=0
split_feature=1 10 11 10 0 0 11 11 6 8 10 9 8 8 0 10 9 11 10 10 11 10 0 0 11 8 11 0 0 10
split_gain=775635 2.59939e+06 6.07259e+06 5.00314e+06 4.43834e+06 4.43451e+06 3.71228e+06 2.74387e+06 6.82344e+06 7.34358e+06 4.11474e+06 6.00126e+06 5.29477e+06 3.65808e+06 3.59956e+06 3.22008e+06 2.77652e+06 6.61409e+06 2.79623e+06 3.06273e+06 4.67482e+06 6.74267e+06 5.49975e+06 4.51022e+06 2.63345e+06 3.52838e+06 2.61993e+06 2.50588e+06 2.38054e+06 2.32025e+06
threshold=1.0000000180025095e-35 2720.4666666666672 38560.455000000009 2872.6833333333338 22.500000000000004 8.5000000000000018 9286.6000000000022 35421.660000000011 1.5000000000000002 2266.1771428571433 2609.7166666666667 1957.9808333333337 1879.7300000000002 1925.7600000000002 19.500000000000004 2090.7166666666667 2258.7413333333338 29214.375000000004 2155.8333333333339 2324.1500000000001 5217.0600000000004 2494.5000000000005 14.500000000000002 7.5000000000000009 20009.920000000002 2195.8535714285722 45915.240000000013 11.500000000000002 15.500000000000002 2469.5833333333335
decision_type=2 2 2 2 2 2 2 2 2 2 2 2 2 2 2 2 2 2 2 2 2 2 2 2 2 2 2 2 2 2
left_child=1 7 3 24 5 -4 -5 16 9 10 11 12 15 26 29 -9 -1 18 -18 -20 21 -21 23 -22 25 -3 -10 -17 -8 -13
right_child=-2 2 4 6 -6 -7 28 8 13 -11 -12 14 -14 -15 -16 27 17 -19 19 20 22 -23 -24 -25 -26 -27 -28 -29 -30 -31
leaf_value=-0.13626409983381987 0.026053754163195959 -18.289238975524903 -0.872776766618093 -12.677242502799402 -6.8156429330507926 16.084400895130205 -2.6745689371357795 -0.19091152835648068 9.1861622623184278 -17.636121341015432 10.745773502496574 -10.792612889036537 13.843411554705421 17.997246504783629 -2.6929036808013915 -17.356776318379811 -9.3004596103321422 19.355795158658708 8.506904579252005 -18.330554192308067 4.0006611789975848 5.0213617920875553 7.7481652514170154 -11.457792806887365 -18.225679898524024 -2.0218293819427493 -6.1826992096724336 -3.7966156153843325 9.4640508174896247 -25.167834720611573
leaf_weight=51102 316703 50 72 52 72 83 92 347 57 94 52 64 53 50 70 56 55 56 160 69 98 56 262 91 91 100 54 87 72 50
leaf_count=51102 316703 50 72 52 72 83 92 347 57 94 52 64 53 50 70 56 55 56 160 69 98 56 262 91 91 100 54 87 72 50
internal_value=-0.00373199 -0.179505 -3.24212 -6.56247 3.44246 8.20752 -1.03641 -0.139968 -2.69039 -4.43467 -2.84168 -3.81355 -1.16912 6.76775 -11.6175 -2.79292 -0.0892039 2.75008 1.57445 2.38712 0.687175 -7.8689 3.05859 -3.4423 -11.5153 -7.4443 1.70942 -9.10689 2.65458 -17.0975
internal_weight=370370 53667 684 457 227 155 216 52983 1034 873 779 727 543 161 184 490 51949 847 791 736 576 125 451 189 241 150 111 143 164 114
internal_count=370370 53667 684 457 227 155 216 52983 1034 873 779 727 543 161 184 490 51949 847 791 736 576 125 451 189 241 150 111 143 164 114
is_linear=0
shrinkage=0.05


Tree=295
num_leaves=31
num_cat=0
split_feature=11 3 6 3 3 3 1 10 10 1 9 0 0 9 9 8 9 1 9 9 11 10 9 10 6 3 11 11 11 9
split_gain=1.5501e+06 3.82516e+06 2.45569e+06 2.18987e+06 3.16937e+06 2.41794e+06 3.53481e+06 6.81657e+06 3.45507e+06 4.0426e+06 3.28697e+06 4.45411e+06 1.87305e+06 1.83806e+06 1.6539e+06 1.6445e+06 3.20941e+06 7.5035e+06 2.84995e+06 2.31766e+06 1.11447e+06 2.5396e+06 4.41446e+06 6.27032e+06 6.0284e+06 4.26541e+06 3.42404e+06 4.13908e+06 4.79078e+06 5.61078e+06
threshold=65821.285000000018 7.5000000000000009 1.5000000000000002 10.500000000000002 13.500000000000002 267.50000000000006 4.5000000000000009 2548.1500000000001 2812.8500000000008 1.0000000180025095e-35 1412.969166666667 24.500000000000004 15.500000000000002 2336.8835000000004 1998.7498333333335 1418.4021428571432 1841.156666666667 4.5000000000000009 1665.0946666666666 1519.3770000000002 10301.915000000003 1546.1833333333336 1917.6366666666668 2198.5166666666669 1.5000000000000002 1.5000000000000002 9526.4100000000017 8471.0000000000018 8100.2700000000013 2041.4540000000004
decision_type=2 2 2 2 2 2 2 2 2 2 2 2 2 2 2 2 2 2 2 2 2 2 2 2 2 2 2 2 2 2
left_child=20 14 3 -3 -5 8 7 -7 9 -6 11 -11 -4 -10 -2 -12 18 -18 19 -17 21 -1 23 25 -25 -23 27 28 29 -24
right_child=1 2 12 4 5 6 -8 -9 13 10 15 -13 -14 -15 -16 16 17 -19 -20 -21 -22 22 26 24 -26 -27 -28 -29 -30 -31
leaf_value=0.0013370729570598024 4.1483857590811599 -10.211010972976686 1.0448361760861165 12.078618499210904 -10.827849366726021 17.457158571161251 -3.8531199975447223 -1.536421460658312 -14.482051280518654 1.7026672550610134 9.1241387492478498 -16.12207984840661 12.115170936946628 -2.1091452823235439 15.097026712754195 -4.5386000825808601 18.353783072139088 -3.3909848603857569 -9.7104110376334489 10.538160763740541 -0.22106127610334925 -13.228561881476759 -4.2235521511950473 10.171174686928872 -5.022275203689933 1.2891640191558476 3.8360114443260667 -4.6693500967554922 7.103927195354661 0.46435240930178612
leaf_weight=305084 70 50 74 56 78 93 99 96 71 91 99 57 79 52 68 52 76 83 81 50 51871 51 838 355 80 6363 431 606 211 2678
leaf_count=305084 70 50 74 56 78 93 99 96 71 91 99 57 79 52 68 52 76 83 81 50 51871 51 838 355 80 6363 431 606 211 2678
internal_value=0.000247969 1.6179 0.799867 0.0295661 0.481091 -0.121378 3.80056 7.80963 -1.55115 -0.131192 1.28534 -5.16227 6.76089 -9.25123 9.54337 3.44917 1.80641 7.00274 -2.70843 2.85197 -0.00622585 0.0289615 0.75468 1.56771 7.37698 1.17373 -0.414185 -0.836949 -0.213811 -0.652958
internal_weight=370043 1475 1337 1184 1134 1078 288 189 790 667 589 148 153 123 138 441 342 159 183 102 368568 316697 11613 6849 435 6414 4764 4333 3727 3516
internal_count=370043 1475 1337 1184 1134 1078 288 189 790 667 589 148 153 123 138 441 342 159 183 102 368568 316697 11613 6849 435 6414 4764 4333 3727 3516
is_linear=0
shrinkage=0.05


Tree=296
num_leaves=31
num_cat=0
split_feature=9 10 11 1 11 1 0 0 11 11 8 11 1 11 11 0 0 11 11 0 10 11 10 8 9 1 10 1 0 10
split_gain=524402 5.46955e+06 2.46969e+06 4.2738e+06 6.24202e+06 5.66913e+06 3.07145e+06 4.67126e+06 4.14613e+06 6.42442e+06 6.01928e+06 3.10274e+06 2.94555e+06 6.3936e+06 6.80156e+06 2.66239e+06 6.862e+06 4.15979e+06 2.3933e+06 1.94395e+06 864936 6.15747e+06 4.7624e+06 4.01035e+06 3.70126e+06 9.25e+06 3.56655e+06 3.50257e+06 8.46344e+06 6.20877e+06
threshold=2703.9491666666668 2548.1500000000001 32951.680000000008 1.0000000180025095e-35 45915.240000000013 5.5000000000000009 10.500000000000002 2.5000000000000004 14742.730000000001 22071.445000000003 2078.5514285714294 3815.8050000000007 4.5000000000000009 23225.890000000003 16431.460000000003 23.500000000000004 26.500000000000004 10595.725000000002 23225.890000000003 19.500000000000004 2812.8500000000008 22071.445000000003 2955.1166666666672 1387.0700000000002 2258.7413333333338 2.5000000000000004 3076.1000000000008 5.5000000000000009 10.500000000000002 2955.1166666666672
decision_type=2 2 2 2 2 2 2 2 2 2 2 2 2 2 2 2 2 2 2 2 2 2 2 2 2 2 2 2 2 2
left_child=20 18 6 -4 -5 -6 7 -3 10 -10 -9 -8 15 14 -14 17 -17 -13 19 -2 -1 22 24 -23 25 -22 -24 -25 -29 -30
right_child=1 2 3 4 5 -7 11 8 9 -11 -12 12 13 -15 -16 16 -18 -19 -20 -21 21 23 26 27 -26 -27 -28 28 29 -31
leaf_value=-0.0026451297430330053 8.4503351211547848 3.3590011875350756 12.348812642362383 9.0683252859115608 -19.365548775688051 2.0191834574840111 -13.0842046251484 -18.799312026977542 -29.847281725066054 -5.7885387472672898 2.9254796071486044 17.094012075204116 -7.2902007376793598 -20.168049694510071 14.966343188285828 -14.329899275302887 7.4019377170928893 0.87806378732813473 15.89736620705083 -3.5721241667352874 30.502762145996094 10.105166991745554 -5.4587393643904711 -0.38161772888350715 5.4827148916360775 1.0890534584338849 7.3605662185092307 -23.32624299970724 -9.9817679391588499 12.827006456198601
leaf_weight=366636 80 77 72 80 63 61 51 50 56 55 88 65 101 51 52 64 84 101 53 58 55 82 147 1381 324 52 86 59 70 52
leaf_count=366636 80 77 72 80 63 61 51 50 56 55 88 65 101 51 52 64 84 101 53 58 55 82 147 1381 324 52 86 59 70 52
internal_value=-0.000186211 -0.979481 -2.25914 1.8758 -1.82056 -8.84564 -3.53428 -7.40398 -10.7323 -17.9263 -4.94582 -1.31719 -0.158661 -4.83643 0.274115 2.8804 -1.99561 7.22768 6.86599 3.39742 0.00342897 0.968327 5.03201 -0.672967 8.14543 16.2082 -0.72715 -1.23878 -7.77883 -0.259995
internal_weight=370306 1362 1171 276 204 124 895 326 249 111 138 569 518 204 153 314 148 166 191 138 368944 2308 664 1644 431 107 233 1562 181 122
internal_count=370306 1362 1171 276 204 124 895 326 249 111 138 569 518 204 153 314 148 166 191 138 368944 2308 664 1644 431 107 233 1562 181 122
is_linear=0
shrinkage=0.05


Tree=297
num_leaves=31
num_cat=0
split_feature=9 8 0 3 11 11 8 1 11 9 0 11 8 8 10 10 3 11 8 9 10 10 0 3 1 10 3 8 8 10
split_gain=935715 1.71137e+06 4.00448e+06 4.4404e+06 4.33676e+06 7.3001e+06 5.35461e+06 4.66248e+06 6.14839e+06 2.59747e+06 3.81268e+06 1.61042e+06 4.81205e+06 9.97613e+06 5.6328e+06 8.60613e+06 3.77196e+06 1.61043e+06 5.72834e+06 5.11715e+06 1.07128e+07 6.06748e+06 5.52802e+06 7.20697e+06 6.22533e+06 5.00008e+06 8.18902e+06 3.99418e+06 3.8184e+06 9.40881e+06
threshold=2087.0383333333334 2693.3414285714293 5.5000000000000009 124.50000000000001 45915.240000000013 32951.680000000008 2899.4528571428577 1.5000000000000002 11502.295000000002 1880.9296666666669 22.500000000000004 65821.285000000018 1669.8157142857144 1925.7600000000002 2609.7166666666667 2872.6833333333338 65.500000000000014 42026.485000000008 1483.5285714285715 2138.2523333333338 2680.8833333333337 2641.9333333333338 19.500000000000004 15.500000000000002 4.5000000000000009 2812.8500000000008 21.500000000000004 2133.8221428571437 2340.6650000000004 3076.1000000000008
decision_type=2 2 2 2 2 2 2 2 2 2 2 2 2 2 2 2 2 2 2 2 2 2 2 2 2 2 2 2 2 2
left_child=1 -1 -3 4 5 6 9 -8 -9 -4 -11 17 -13 -14 -15 -16 -17 -2 -19 21 22 -20 23 -21 -24 26 -22 -28 -27 -30
right_child=11 2 3 -5 -6 -7 7 8 -10 10 -12 12 13 14 15 16 -18 18 19 20 25 -23 24 -25 -26 28 27 -29 29 -31
leaf_value=-0.011822101855970074 0.33306159152604786 -13.222680627525628 -0.79740441507763338 11.795309437910717 8.1854343955109758 -21.955607932347519 16.109852071319306 -10.118938605579331 10.272460553225351 -5.4602689482948996 -22.180975941511303 -15.671257438659669 18.278636632760364 8.0733171571095781 -20.932822544192092 5.3044043658934923 -9.9887461067973717 14.074003699485292 19.031084655566389 -22.512332805545853 -6.837422507416969 -0.95519259861537398 9.6326217418131623 -4.7461975297295904 -9.4385140770673761 -2.9342485753784469 8.4220267757391323 24.63797244187948 -0.7265191841125489 19.971915063978752
leaf_weight=358440 9238 77 99 60 82 52 56 81 68 99 52 60 60 75 81 97 69 94 83 87 51 70 92 166 80 267 78 74 180 79
leaf_count=358440 9238 77 99 60 82 52 56 81 68 99 52 60 60 75 81 97 69 94 83 87 51 70 92 166 80 267 78 74 180 79
internal_value=-0.00277236 -0.0167341 -2.44186 -1.16278 -2.48279 -4.20822 -2.17995 3.80998 -0.812797 -7.09168 -11.2184 0.449765 -2.5075 -0.43989 -3.92781 -7.57188 -1.05239 0.572625 2.15227 1.29486 0.155686 9.88704 -6.1537 -10.8555 0.762326 3.834 10.4996 16.3166 1.26153 5.5869
internal_weight=370247 359166 726 649 589 507 455 205 149 250 151 11081 442 382 322 247 166 10639 1401 1307 1154 153 425 253 172 729 203 152 526 259
internal_count=370247 359166 726 649 589 507 455 205 149 250 151 11081 442 382 322 247 166 10639 1401 1307 1154 153 425 253 172 729 203 152 526 259
is_linear=0
shrinkage=0.05


Tree=298
num_leaves=31
num_cat=0
split_feature=8 3 3 9 3 11 11 10 10 9 3 0 0 11 11 0 3 0 0 11 11 6 11 9 8 8 0 10 9 10
split_gain=914390 4.88073e+06 4.82582e+06 4.04092e+06 2.70614e+06 2.44957e+06 1.01967e+07 3.40989e+06 4.85065e+06 7.48489e+06 3.03939e+06 2.38558e+06 2.32405e+06 3.65916e+06 3.61768e+06 2.58234e+06 2.43188e+06 1.8524e+06 1.82911e+06 1.34203e+06 1.29345e+06 2.73589e+06 4.68984e+06 9.22179e+06 7.62358e+06 6.57523e+06 4.28681e+06 6.91042e+06 3.86387e+06 2.17389e+06
threshold=3218.1678571428579 9.5000000000000018 15.500000000000002 2194.8705000000004 7.5000000000000009 9526.4100000000017 14253.120000000001 2872.6833333333338 2609.7166666666667 2530.8520000000003 3.5000000000000004 7.5000000000000009 15.500000000000002 9526.4100000000017 15809.935000000003 21.500000000000004 283.50000000000006 2.5000000000000004 21.500000000000004 25929.405000000002 50375.340000000004 1.5000000000000002 55972.670000000006 1665.0946666666666 1451.2592857142861 1709.7935714285716 8.5000000000000018 2577.1000000000004 1485.087666666667 2680.8833333333337
decision_type=2 2 2 2 2 2 2 2 2 2 2 2 2 2 2 2 2 2 2 2 2 2 2 2 2 2 2 2 2 2
left_child=20 3 -3 -2 5 18 -7 8 9 -8 -9 17 -13 16 -15 -16 -14 -4 -5 -17 -1 29 23 -23 28 -26 -27 -28 -24 -22
right_child=1 2 11 4 -6 6 7 10 -10 -11 -12 12 13 14 15 19 -18 -19 -20 -21 21 22 24 -25 25 26 27 -29 -30 -31
leaf_value=-0.0064228304536266606 5.0726918476424663 16.681002003538843 0.65139679098129277 -16.115102618081231 -15.782999309416741 17.008841412408014 -16.529117380404006 -7.5368757883707689 -18.662030386662746 10.303093679895941 8.3126208571136981 11.438335633681994 -13.935103044838741 13.792725831874904 -8.9456795962351681 10.279401179529586 1.0326105137666068 -12.764901964619476 -4.1081855313531284 0.070642970247966494 -0.35380415909719781 0.73834118652343761 2.6196752512896504 23.593835526478443 -17.836474991776051 -11.423208326339722 15.74800290081599 -8.3803904418945319 21.715387959205188 2.3861589221829873
leaf_weight=365013 98 51 50 70 62 56 51 60 91 53 61 59 58 69 53 53 51 53 58 82 2650 100 54 79 64 50 73 50 52 996
leaf_count=365013 98 51 50 70 62 56 51 60 91 53 61 59 58 69 53 53 51 53 58 82 2650 100 54 79 64 50 73 50 52 996
internal_value=-0.000973012 -1.35701 1.99349 -4.29631 -5.93006 -4.70829 -2.65541 -6.14022 -10.2316 -2.85501 0.453366 0.574805 2.22933 0.744823 4.00069 0.406808 -6.93186 -6.25214 -10.6745 4.07853 0.00357796 0.879398 4.26494 10.8254 0.841261 -4.14392 0.921528 5.93971 11.9874 0.394688
internal_weight=370420 1239 579 660 562 500 372 316 195 104 121 528 425 366 257 188 109 103 128 135 369181 4168 522 179 343 237 173 123 106 3646
internal_count=370420 1239 579 660 562 500 372 316 195 104 121 528 425 366 257 188 109 103 128 135 369181 4168 522 179 343 237 173 123 106 3646
is_linear=0
shrinkage=0.05


Tree=299
num_leaves=31
num_cat=0
split_feature=11 3 3 9 9 3 11 3 0 10 0 3 10 9 3 10 9 1 9 0 10 10 10 9 10 3 3 10 10 0
split_gain=1.1466e+06 3.69257e+06 2.15044e+06 2.39966e+06 7.36497e+06 2.50507e+06 2.052e+06 3.89158e+06 3.51604e+06 3.57888e+06 2.80817e+06 5.12808e+06 3.9439e+06 6.00449e+06 5.87883e+06 4.73471e+06 3.25285e+06 2.44744e+06 3.92989e+06 2.96925e+06 7.2093e+06 4.07613e+06 6.00582e+06 4.36466e+06 3.95336e+06 3.31919e+06 7.81785e+06 5.86891e+06 3.87079e+06 5.80972e+06
threshold=55972.670000000006 2.5000000000000004 5.5000000000000009 1196.8403333333333 1121.5418333333334 284.50000000000006 65821.285000000018 280.50000000000006 27.500000000000004 2577.1000000000004 16.500000000000004 23.500000000000004 3076.1000000000008 2336.8835000000004 13.500000000000002 2494.5000000000005 1412.969166666667 1.0000000180025095e-35 2041.4540000000004 15.500000000000002 1987.5500000000002 2609.7166666666667 2469.5833333333335 2087.0383333333334 1878.4333333333336 36.500000000000007 19.500000000000004 2469.5833333333335 2872.6833333333338 9.5000000000000018
decision_type=2 2 2 2 2 2 2 2 2 2 2 2 2 2 2 2 2 2 2 2 2 2 2 2 2 2 2 2 2 2
left_child=-1 -2 -3 4 -4 6 8 10 17 -10 12 -12 13 14 -8 -16 -13 18 -5 24 -21 22 -22 -23 -19 26 27 -26 29 -27
right_child=1 2 3 5 -6 -7 7 -9 9 -11 11 16 -14 -15 15 -17 -18 19 -20 20 21 23 -24 -25 25 28 -28 -29 -30 -31
leaf_value=-0.0038050144434173721 -13.174692783199374 6.4980930559562928 -2.1019237085696192 -5.3889575829377048 20.021777578636453 7.0968130270640062 16.827907911936443 -11.401079712365124 -3.5236191439628599 12.642936774865905 -13.091616549491883 -9.9286539875075857 -8.478262934003558 17.920505176765332 4.6582864873777563 -5.9458331767631618 1.6845849648416042 5.7445122326121618 11.993735038823097 -17.508860221793576 0.31249685396213794 -14.632925068630891 19.662981551777236 2.9147211849689487 6.4030379829406741 -2.8743687276621817 -27.968612154686088 -17.164964117322651 2.79936842089114 -19.720166609968459
leaf_weight=367329 61 99 124 74 54 84 60 74 70 67 90 71 70 69 246 184 400 51 58 62 148 68 55 74 50 131 66 56 92 84
leaf_count=367329 61 99 124 74 54 84 60 74 70 67 90 71 70 69 246 184 400 51 58 62 148 68 55 74 50 131 66 56 92 84
internal_value=-0.0116126 -1.0033 -0.741037 -1.00336 4.60976 -1.39457 -1.68334 -0.275641 -3.15875 4.38265 0.416193 -2.1557 2.71004 4.11108 2.16649 0.12071 -0.0660307 -4.12523 2.24889 -5.02318 -1.81127 1.00975 5.55524 -5.48838 -7.4897 -8.89877 -14.4594 -6.04798 -5.78337 -9.45598
internal_weight=370221 2892 2831 2732 178 2554 2470 1264 1206 137 1190 561 629 559 490 430 471 1069 132 937 407 345 203 142 530 479 172 106 307 215
internal_count=370221 2892 2831 2732 178 2554 2470 1264 1206 137 1190 561 629 559 490 430 471 1069 132 937 407 345 203 142 530 479 172 106 307 215
is_linear=0
shrinkage=0.05


end of trees

feature_importances:
trail_in30=1703
days_to_eid=1621
bal_prev=1350
trail7=1176
trail30=1168
dom=911
dow=501
days_since_income=389
persona_code=146
month_end=16
days_to_payday=14
is_regular=5

parameters:
[boosting: gbdt]
[objective: regression]
[metric: l2]
[tree_learner: serial]
[device_type: cpu]
[data_sample_strategy: bagging]
[data: ]
[valid: ]
[num_iterations: 300]
[learning_rate: 0.05]
[num_leaves: 31]
[num_threads: 0]
[seed: 42]
[deterministic: 0]
[force_col_wise: 0]
[force_row_wise: 0]
[histogram_pool_size: -1]
[max_depth: -1]
[min_data_in_leaf: 50]
[min_sum_hessian_in_leaf: 0.001]
[bagging_fraction: 0.9]
[pos_bagging_fraction: 1]
[neg_bagging_fraction: 1]
[bagging_freq: 1]
[bagging_seed: 400]
[bagging_by_query: 0]
[feature_fraction: 0.9]
[feature_fraction_bynode: 1]
[feature_fraction_seed: 30056]
[extra_trees: 0]
[extra_seed: 12879]
[early_stopping_round: 0]
[early_stopping_min_delta: 0]
[first_metric_only: 0]
[max_delta_step: 0]
[lambda_l1: 0]
[lambda_l2: 0]
[linear_lambda: 0]
[min_gain_to_split: 0]
[drop_rate: 0.1]
[max_drop: 50]
[skip_drop: 0.5]
[xgboost_dart_mode: 0]
[uniform_drop: 0]
[drop_seed: 17869]
[top_rate: 0.2]
[other_rate: 0.1]
[min_data_per_group: 100]
[max_cat_threshold: 32]
[cat_l2: 10]
[cat_smooth: 10]
[max_cat_to_onehot: 4]
[top_k: 20]
[monotone_constraints: ]
[monotone_constraints_method: basic]
[monotone_penalty: 0]
[feature_contri: ]
[forcedsplits_filename: ]
[refit_decay_rate: 0.9]
[cegb_tradeoff: 1]
[cegb_penalty_split: 0]
[cegb_penalty_feature_lazy: ]
[cegb_penalty_feature_coupled: ]
[path_smooth: 0]
[interaction_constraints: ]
[verbosity: -1]
[saved_feature_importance_type: 0]
[use_quantized_grad: 0]
[num_grad_quant_bins: 4]
[quant_train_renew_leaf: 0]
[stochastic_rounding: 1]
[linear_tree: 0]
[max_bin: 255]
[max_bin_by_feature: ]
[min_data_in_bin: 3]
[bin_construct_sample_cnt: 200000]
[data_random_seed: 175]
[is_enable_sparse: 1]
[enable_bundle: 1]
[use_missing: 1]
[zero_as_missing: 0]
[feature_pre_filter: 1]
[pre_partition: 0]
[two_round: 0]
[header: 0]
[label_column: ]
[weight_column: ]
[group_column: ]
[ignore_column: ]
[categorical_feature: ]
[forcedbins_filename: ]
[precise_float_parser: 0]
[parser_config_file: ]
[objective_seed: 16083]
[num_class: 1]
[is_unbalance: 0]
[scale_pos_weight: 1]
[sigmoid: 1]
[boost_from_average: 1]
[reg_sqrt: 0]
[alpha: 0.9]
[fair_c: 1]
[poisson_max_delta_step: 0.7]
[tweedie_variance_power: 1.5]
[lambdarank_truncation_level: 30]
[lambdarank_norm: 1]
[label_gain: ]
[lambdarank_position_bias_regularization: 0]
[eval_at: ]
[multi_error_top_k: 1]
[auc_mu_weights: ]
[num_machines: 1]
[local_listen_port: 12400]
[time_out: 120]
[machine_list_filename: ]
[machines: ]
[gpu_platform_id: -1]
[gpu_device_id: -1]
[gpu_device_id_list: ]
[gpu_use_dp: 0]
[num_gpu: 1]

end of parameters

pandas_categorical:[]
