tree
version=v4
num_class=1
num_tree_per_iteration=1
label_index=0
max_feature_idx=11
objective=regression
feature_names=dom dow month_end days_to_eid persona_code is_regular days_since_income days_to_payday trail7 trail30 trail_in30 bal_prev
feature_infos=[1:31] [0:6] [0:1] [1:287] [0:3] [0:1] [1:268] [0:30] [0:5114.6128571428571] [0:3617.246333333333] [0:3586.3333333333335] [0:126163.66]
tree_sizes=2945 2963 2978 2997 2920 2968 2975 2963 2971 2977 2976 2972 2981 2963 2951 2985 2960 2982 2979 3001 2980 2982 2972 2972 2994 2948 2983 2969 2969 2987 2951 2946 2951 2983 2966 2977 2971 2975 2970 2930 2948 2970 2954 2949 2949 2922 2943 2984 2971 2961 2887 2962 2935 2947 2971 2950 2918 2900 2960 2984 2958 2903 2931 2928 2916 2922 2872 2938 2925 2981 2891 2947 2973 2951 2929 2940 2952 2881 2918 2941 2926 2966 2952 2961 2942 3016 2925 2962 2960 2922 2873 2924 2893 2978 2929 2950 2947 2967 2956 2929 2965 2962 2906 2987 2880 2918 2858 2903 2940 2830 2890 2927 2844 2858 3007 2931 2914 2897 2879 3006 2869 2940 2930 2942 2846 2909 2944 2879 2982 2908 2881 2961 2853 2943 2852 2887 2886 2858 2938 2882 2934 2976 2885 2956 2902 2968 2992 2871 2892 2952 2870 2832 2890 2872 2832 2973 2849 2887 2868 2974 2971 2969 2874 2928 2835 2983 2851 2826 2883 2943 2949 2841 2803 2909 2855 2935 2935 2937 2826 2926 2793 2894 2929 2858 2924 2855 2867 2815 2804 2888 2875 2916 2856 2873 2810 2807 2862 2858 2855 2864 2868 2915 2883 2918 2848 2819 2918 2953 2843 2862 2817 2975 2850 2818 2858 2821 2862 2954 2833 2954 2843 2959 2810 2984 2892 2927 2886 2813 2856 2879 2829 2921 3016 2832 2862 2958 2911 2821 2835 2922 2848 2779 2945 2821 2885 2811 2971 2806 2835 2847 2858 2818 2848 2847 2851 3004 2915 2813 2869 2846 2830 2874 2845 2899 2918 2822 2840 2897 2820 2923 2862 2871 2833 2793 2783 2860 2846 2857 2811 2855 2846 2884 2926 2879 2889 2870 2869 2827 2881 2849 2889 2841 2792 2824 2806 2877 2809 2942 2827 2816

Tree=0
num_leaves=31
num_cat=0
split_feature=9 1 1 11 9 7 3 11 5 3 9 1 11 1 11 4 11 9 8 9 9 8 6 3 11 9 11 4 9 8
split_gain=8.73875e+10 7.8239e+10 1.25451e+11 9.94885e+09 7.06216e+09 4.67908e+09 3.9671e+09 3.36054e+09 3.14776e+09 2.87223e+09 2.66442e+09 3.67678e+09 6.36434e+09 9.73811e+09 1.29921e+09 1.24209e+09 1.19974e+09 1.15177e+09 1.12632e+09 7.0627e+08 6.41201e+08 6.11371e+08 5.22236e+08 4.93424e+08 4.86966e+08 4.72741e+08 3.91249e+08 3.69246e+08 3.30262e+08 2.88597e+08
threshold=970.15350000000012 4.5000000000000009 5.5000000000000009 6373.8900000000003 1630.4328333333335 1.0000000180025095e-35 14.500000000000002 1401.9400000000003 1.0000000180025095e-35 14.500000000000002 468.4738333333334 4.5000000000000009 4568.1850000000013 5.5000000000000009 10596.205000000002 1.5000000000000002 3307.1200000000003 1270.8481666666669 1.0000000180025095e-35 1554.7928333333336 1734.5108333333335 1518.4428571428573 32.500000000000007 16.500000000000004 220.57500000000002 724.95550000000014 1565.4350000000002 2.5000000000000004 1880.9296666666669 1.0000000180025095e-35
decision_type=2 2 2 2 2 2 2 2 2 2 2 2 2 2 2 2 2 2 2 2 2 2 2 2 2 2 2 2 2 2
left_child=5 6 3 16 17 8 20 -7 10 27 18 -12 -13 15 -6 -14 -3 -5 -1 -8 -2 -21 24 -4 -10 -17 -20 -9 -16 -26
right_child=1 2 23 4 14 7 19 9 22 -11 11 12 13 -15 28 25 -18 -19 26 21 -22 -23 -24 -25 29 -27 -28 -29 -30 -31
leaf_value=465.20846138041526 534.16940432624165 531.15827350647578 539.50371206618263 724.44958741106564 784.5015876895983 467.70429827296334 494.40585228299528 505.28785608808715 535.01229146417904 477.26034581545395 485.5665136239715 490.96471795014577 514.73039237126159 480.06304010652036 852.35139735764062 621.87746612512933 664.27984817353672 784.37741915984316 478.72675361544276 526.71936326313244 572.13712812289225 504.48998694025011 464.09536672437315 500.90067947337758 548.79908073512536 669.62930380951502 488.09921780852204 485.1539458290215 886.8909877539445 497.64409108610602
leaf_weight=12522 2224 250 938 1430 476 99841 14137 11426 3944 97670 27306 6975 189 1719 1126 928 524 1825 31737 3945 2224 14323 379 7045 325 1174 17153 2844 1796 1818
leaf_count=12522 2224 250 938 1430 476 99841 14137 11426 3944 97670 27306 6975 189 1719 1126 928 524 1825 31737 3945 2224 14323 379 7045 325 1174 17153 2844 1796 1818
internal_value=488.517 548.434 643.04 790.945 810.684 478.668 508.875 474.373 487.235 480.322 485.042 495.394 519.821 570.015 861.103 637.508 621.282 758.05 478.588 502.797 553.153 509.29 521.042 505.437 524.588 648.548 482.015 501.275 873.581 505.402
internal_weight=370213 52263 15410 7427 6653 317950 36853 211781 106169 111940 99703 38291 10985 4010 3398 2291 774 3255 61412 32405 4448 18268 6466 7983 6087 2102 48890 14270 2922 2143
internal_count=370213 52263 15410 7427 6653 317950 36853 211781 106169 111940 99703 38291 10985 4010 3398 2291 774 3255 61412 32405 4448 18268 6466 7983 6087 2102 48890 14270 2922 2143
is_linear=0
shrinkage=1


Tree=1
num_leaves=31
num_cat=0
split_feature=10 1 1 10 10 3 11 1 1 4 11 3 11 7 5 11 10 10 11 10 11 9 10 9 3 9 6 8 8 11
split_gain=8.10455e+10 7.52162e+10 1.10045e+11 9.8117e+09 5.05477e+09 3.75596e+09 3.30105e+09 3.11515e+09 4.71673e+09 9.87773e+09 2.80919e+09 2.2974e+09 1.18278e+09 1.16133e+09 3.16501e+09 1.86342e+09 1.07203e+09 9.72055e+08 9.15546e+08 7.92184e+08 6.45919e+08 6.3013e+08 5.9398e+08 5.21944e+08 4.77168e+08 4.74637e+08 8.3583e+08 4.51222e+08 4.47089e+08 4.3846e+08
threshold=1344.8833333333334 4.5000000000000009 5.5000000000000009 2071.4333333333338 556.16666666666686 14.500000000000002 7768.1650000000009 4.5000000000000009 5.5000000000000009 1.5000000000000002 4347.1050000000005 14.500000000000002 2637.7050000000004 1.0000000180025095e-35 1.0000000180025095e-35 1008.9750000000001 1686.7166666666669 2548.1500000000001 2777.2600000000007 1900.7500000000002 4492.4150000000009 97.422000000000011 971.95000000000016 1768.4196666666669 16.500000000000004 90.786833333333348 27.500000000000004 1791.3400000000004 4.6428571428571432 220.57500000000002
decision_type=2 2 2 2 2 2 2 2 2 2 2 2 2 2 2 2 2 2 2 2 2 2 2 2 2 2 2 2 2 2
left_child=4 5 3 10 11 23 20 -6 9 -9 -3 12 25 14 21 -15 -12 -8 -11 -7 -5 -13 -20 -2 -4 -1 -27 -21 -14 -16
right_child=1 2 24 6 7 19 17 8 -10 18 16 13 28 15 29 -17 -18 -19 22 27 -22 -23 -24 -25 -26 26 -28 -29 -30 -31
leaf_value=-22.077025614195158 46.156444596921006 72.524695994567864 52.435093296764911 78.308306947645249 -2.009055412198967 4.2423074058624826 343.82881699131593 3.6663416579172594 -3.3202433702129093 31.8381289956736 217.4706955614937 -23.060751089524359 -23.56176250442882 -21.325230514939946 37.485884259809055 -11.191932992634714 271.97219195013543 400.83807462943741 106.78415550934079 28.715308799979866 238.86618767520091 -8.7098454081934165 157.85507154228875 80.88516802136769 13.059303497584631 -5.0045327575961771 56.117916539820101 13.244699100262569 15.868985048748844 9.1846081962661135
leaf_weight=3986 2185 250 871 91 30404 13049 2078 3549 6151 215 1734 9321 769 78135 3790 108182 1881 1168 891 8601 201 42645 1577 2143 6596 15683 580 10427 11033 2142
leaf_count=3986 2185 250 871 91 30404 13049 2078 3549 6151 215 1734 9321 769 78135 3790 108182 1881 1168 891 8601 201 42645 1577 2143 6596 15683 580 10427 11033 2142
internal_value=-0.0139079 58.3333 153.087 289.693 -9.39088 19.63 349.857 6.60091 27.741 58.3985 234.62 -11.8676 0.718442 -13.5194 -7.3342 -15.4415 245.83 364.342 130.797 13.7307 188.829 -11.2839 139.417 63.3523 17.6524 -6.61449 -2.82468 20.2377 13.2997 27.2665
internal_weight=370328 51275 14870 7403 319053 36405 3538 42787 12383 6232 3865 276266 32051 244215 57898 186317 3615 3246 2683 32077 292 51966 2468 4328 7467 20249 16263 19028 11802 5932
internal_count=370328 51275 14870 7403 319053 36405 3538 42787 12383 6232 3865 276266 32051 244215 57898 186317 3615 3246 2683 32077 292 51966 2468 4328 7467 20249 16263 19028 11802 5932
is_linear=0
shrinkage=0.05


Tree=2
num_leaves=31
num_cat=0
split_feature=10 1 1 10 10 11 11 1 4 1 11 7 5 10 10 9 10 11 11 10 9 8 1 8 11 8 6 6 6 10
split_gain=7.35764e+10 6.83251e+10 9.90835e+10 9.09006e+09 4.56794e+09 2.88998e+09 2.57614e+09 2.30262e+09 4.3757e+09 9.39391e+09 1.40858e+09 2.08526e+09 3.78464e+09 1.13844e+09 1.00372e+09 9.05547e+08 8.58291e+08 7.75125e+08 5.89152e+08 5.18429e+08 4.61199e+08 3.67322e+08 3.62716e+08 3.53462e+08 3.07166e+08 2.67356e+08 2.43191e+08 2.4242e+08 2.57533e+08 2.39278e+08
threshold=1344.8833333333334 4.5000000000000009 5.5000000000000009 2071.4333333333338 509.16666666666669 7768.1650000000009 4269.4150000000009 4.5000000000000009 1.5000000000000002 5.5000000000000009 1591.9600000000003 1.0000000180025095e-35 1.0000000180025095e-35 1900.7500000000002 1686.7166666666669 193.94083333333336 2548.1500000000001 2927.6800000000007 4643.255000000001 971.95000000000016 203.6431666666667 796.77499999999998 3.5000000000000004 1.0000000180025095e-35 192.04500000000004 181.44500000000002 32.500000000000007 31.500000000000004 30.500000000000004 1945.2500000000002
decision_type=2 2 2 2 2 2 2 2 2 2 2 2 2 2 2 2 2 2 2 2 2 2 2 2 2 2 2 2 2 2
left_child=4 13 3 6 10 18 -3 -6 -9 17 11 12 27 -2 -8 23 -7 -10 -5 -19 26 -17 -15 -12 -13 -22 -14 28 -1 -4
right_child=1 2 29 5 7 16 14 8 9 -11 15 24 20 22 -16 21 -18 19 -20 -21 25 -23 -24 -25 -26 -27 -28 -29 -30 -31
leaf_value=-10.601926375543117 8.0821480226986182 63.27731835323398 6.0413014773700695 77.679554684789565 -1.9214542617880401 327.08076179639266 205.86761689963842 0.84817615257786094 36.433668854142901 -8.1098588981590432 -22.135853968383032 -21.357268920313761 22.315656494959157 22.916279140241343 258.39333923695295 -5.2100053153130919 380.50786649764149 101.64469579560102 230.86407548646673 149.88820009231569 52.31032198572408 8.3193558715346025 39.123510706943136 -10.993894433356935 -15.928585490446659 15.526507402163048 -24.288273000565788 -22.124678134877684 21.189720070650058 24.230632560327336
leaf_weight=27710 14628 239 3188 95 36072 2093 1778 9296 229 2698 8706 50666 2514 17508 1862 71755 1173 866 185 1560 2494 5394 4300 39024 53647 616 315 4706 652 4177
leaf_count=27710 14628 239 3188 95 36072 2093 1778 9296 229 2698 8706 50666 2514 17508 1862 71755 1173 866 185 1560 2494 5394 4300 39024 53647 616 315 4706 652 4177
internal_value=0.041602 55.6638 146.299 275.191 -8.89263 333.053 222.296 4.86755 21.5849 57.5963 -11.4949 -14.8773 -5.01462 18.8735 232.737 -7.61305 346.269 124.367 178.891 132.667 31.7355 -4.26408 26.1119 -13.0262 -18.5654 45.0245 17.1265 -11.6149 -9.87108 16.3572
internal_weight=370146 51226 14790 7425 318920 3546 3879 50721 14649 5353 268199 143320 39007 36436 3640 124879 3266 2655 280 2426 5939 77149 21808 47730 104313 3110 2829 33068 28362 7365
internal_count=370146 51226 14790 7425 318920 3546 3879 50721 14649 5353 268199 143320 39007 36436 3640 124879 3266 2655 280 2426 5939 77149 21808 47730 104313 3110 2829 33068 28362 7365
is_linear=0
shrinkage=0.05


Tree=3
num_leaves=31
num_cat=0
split_feature=10 1 1 10 10 3 11 11 1 4 1 3 11 10 10 7 5 11 11 10 8 10 8 4 10 9 9 3 10 7
split_gain=6.63157e+10 6.21763e+10 9.0154e+10 8.12955e+09 4.04146e+09 3.03817e+09 2.68176e+09 2.43304e+09 2.27694e+09 3.79913e+09 8.52296e+09 2.03074e+09 1.01286e+09 9.51277e+08 8.93175e+08 8.56425e+08 2.64793e+09 1.52129e+09 7.38094e+08 6.42236e+08 4.67634e+08 4.62095e+08 4.0977e+08 4.02118e+08 3.97319e+08 3.89843e+08 3.7987e+08 3.78511e+08 3.17307e+08 8.65269e+08
threshold=1344.8833333333334 4.5000000000000009 5.5000000000000009 2071.4333333333338 526.50000000000011 14.500000000000002 6373.8900000000003 4568.1850000000013 4.5000000000000009 1.5000000000000002 5.5000000000000009 14.500000000000002 2591.4600000000005 2519.2500000000005 1726.0833333333335 1.0000000180025095e-35 1.0000000180025095e-35 988.25500000000011 2777.2600000000007 1922.3833333333334 1.0000000180025095e-35 971.95000000000016 1791.3400000000004 1.0000000180025095e-35 1987.5500000000002 113.89783333333337 269.66516666666672 16.500000000000004 1.0000000180025095e-35 1.0000000180025095e-35
decision_type=2 2 2 2 2 2 2 2 2 2 2 2 2 2 2 2 2 2 2 2 2 2 2 2 2 2 2 2 2 2
left_child=4 5 3 7 11 24 -5 -3 -6 -10 18 12 25 -8 -9 16 20 -17 -11 -7 -13 -20 -21 -14 -2 -1 -18 -4 29 -27
right_child=1 2 27 6 8 19 13 14 9 10 -12 15 23 -15 -16 17 26 -19 21 22 -22 -23 -24 -25 -26 28 -28 -29 -30 -31
leaf_value=-18.816445929393492 39.652065196791661 65.251830647208479 46.549647910172524 128.84036944898784 -2.0085838335850865 4.0620039764642408 305.13310135377048 199.16140045071046 1.1348449150622317 30.403102731922445 -7.6839106884695942 -19.950420453696577 17.293540651972425 359.50111141508046 248.86161184546251 -19.336154565703502 16.505823593077672 -10.176167544042164 96.925223162862878 26.673616457235568 -8.0871827664324236 142.31849826836887 11.729237537601458 -5.1466455125681554 70.242132117556068 75.445143371034746 44.28388313814672 11.246141426143776 -6.9656584275494398 1.8279979860907927
leaf_weight=4502 1873 264 859 181 33809 13547 2058 1928 8411 219 2698 10705 9451 1321 1702 77671 4217 108852 869 8264 37082 1580 10309 2531 2450 440 1738 6538 10320 4299
leaf_count=4502 1873 264 859 181 33809 13547 2058 1928 8411 219 2698 10705 9451 1321 1702 77671 4217 108852 869 8264 37082 1580 10309 2531 2450 440 1738 6538 10320 4299
internal_value=0.00618513 52.7782 139.012 261.733 -8.4689 17.6368 316.344 211.806 4.97321 22.1067 54.9792 -10.8222 1.10555 326.388 222.464 -12.3882 -6.82683 -13.9905 118.347 12.3405 -10.7447 126.211 18.3787 12.5534 56.9886 -5.90679 24.613 15.3459 -2.04736 8.6631
internal_weight=370688 51294 14851 7454 319394 36443 3560 3894 47586 13777 5366 271808 31543 3379 3630 240265 53742 186523 2668 32120 47787 2449 18573 11982 4323 19561 5955 7397 15059 4739
internal_count=370688 51294 14851 7454 319394 36443 3560 3894 47586 13777 5366 271808 31543 3379 3630 240265 53742 186523 2668 32120 47787 2449 18573 11982 4323 19561 5955 7397 15059 4739
is_linear=0
shrinkage=0.05


Tree=4
num_leaves=31
num_cat=0
split_feature=10 10 10 3 0 3 11 11 0 3 3 0 11 3 3 3 3 0 3 0 11 7 5 0 3 11 8 3 3 3
split_gain=5.9314e+10 4.00281e+09 3.65817e+09 2.32898e+09 2.5613e+09 1.82242e+09 1.61477e+09 9.59733e+08 8.6452e+08 1.77001e+09 8.55113e+08 1.24551e+09 7.71565e+08 7.67876e+08 2.35653e+09 6.97843e+08 1.57107e+09 2.04177e+09 9.2367e+08 1.70737e+09 6.44548e+08 1.41536e+09 2.56797e+09 6.28687e+08 2.40041e+09 5.5428e+08 5.15983e+08 4.88714e+08 2.49676e+09 4.7984e+08
threshold=1344.8833333333334 1987.5500000000002 472.83333333333343 13.500000000000002 7.5000000000000009 14.500000000000002 10302.135000000002 2591.4600000000005 26.500000000000004 20.500000000000004 13.500000000000002 7.5000000000000009 3030.5600000000004 82.500000000000014 109.50000000000001 284.50000000000006 255.50000000000003 30.500000000000004 111.50000000000001 29.500000000000004 1591.9600000000003 1.0000000180025095e-35 1.0000000180025095e-35 30.500000000000004 56.500000000000007 6151.7700000000013 735.66785714285732 59.500000000000007 60.500000000000007 3.5000000000000004
decision_type=2 2 2 2 2 2 2 2 2 2 2 2 2 2 2 2 2 2 2 2 2 2 2 2 2 2 2 2 2 2
left_child=2 10 5 4 -3 7 -5 -1 26 -10 11 -2 -4 23 -15 16 18 -18 19 -16 21 22 -7 27 -25 -12 -8 -11 -29 -6
right_child=1 3 12 6 29 20 8 -9 9 13 25 -13 -14 14 15 -17 17 -19 -20 -21 -22 -23 -24 24 -26 -27 -28 28 -30 -31
leaf_value=-6.1408433701751282 228.98196181544722 343.41238138074073 -1.1396908012737645 33.140423135099326 62.558710758804011 -11.96374123719154 183.95016809199231 12.063744344308232 301.84842594227894 28.049127513063702 13.71775041147038 55.260174014850875 10.836415131757873 346.66574146504308 304.2289136748953 23.96316646193138 299.19648797334133 31.242822112170131 24.623219612462346 3.5624775731045268 -9.2379069670321403 -17.611434492999201 25.705879256597992 312.06270935058592 15.904432429826063 35.286287262467027 58.955661727752855 290.22725198859843 25.408643903863688 106.63875702385798
leaf_weight=18597 108 107 35329 5273 849 25438 83 11855 94 1028 3586 2310 21715 98 97 289 201 110 417 92 107798 92874 5503 110 181 17589 15736 117 372 2263
leaf_count=18597 108 107 35329 5273 849 25438 83 11855 94 1028 3586 2310 21715 98 97 289 201 110 417 92 107798 92874 5503 110 181 17589 15736 117 372 2263
internal_value=-0.0457387 49.9618 -8.05519 62.9184 102.883 -10.5528 57.6239 0.946224 64.4098 88.0855 34.8503 63.0195 3.41927 81.6286 110.874 91.7134 113.065 204.422 66.1812 157.873 -12.0647 -14.5259 -5.26402 60.5358 127.854 31.6336 59.6115 47.6224 88.7702 94.6131
internal_weight=370219 51110 319109 27517 3219 262065 24298 30452 19025 3206 23593 2418 57044 3112 1304 1206 917 311 606 189 231613 123815 30941 1808 291 21175 15819 1517 489 3112
internal_count=370219 51110 319109 27517 3219 262065 24298 30452 19025 3206 23593 2418 57044 3112 1304 1206 917 311 606 189 231613 123815 30941 1808 291 21175 15819 1517 489 3112
is_linear=0
shrinkage=0.05


Tree=5
num_leaves=31
num_cat=0
split_feature=10 1 1 10 10 3 11 1 1 4 11 3 9 7 5 11 10 10 4 7 11 11 10 9 10 9 9 3 11 11
split_gain=5.41767e+10 5.54854e+10 7.97895e+10 6.82586e+09 3.34385e+09 2.87885e+09 2.52906e+09 2.2588e+09 3.5169e+09 7.26243e+09 2.10247e+09 1.66115e+09 9.01088e+08 7.85542e+08 2.14991e+09 1.25345e+09 7.69756e+08 7.68228e+08 6.53734e+08 6.64782e+08 6.41263e+08 5.6464e+08 5.05922e+08 4.63446e+08 4.13665e+08 3.8499e+08 3.70484e+08 3.54025e+08 3.4912e+08 2.99233e+08
threshold=1344.8833333333334 4.5000000000000009 5.5000000000000009 2071.4333333333338 556.16666666666686 14.500000000000002 6719.2000000000016 4.5000000000000009 5.5000000000000009 1.5000000000000002 4796.880000000001 14.500000000000002 118.71400000000001 1.0000000180025095e-35 1.0000000180025095e-35 988.25500000000011 1645.116666666667 2519.2500000000005 1.0000000180025095e-35 1.0000000180025095e-35 2726.9250000000006 1213.2750000000003 1900.7500000000002 159.84700000000001 971.95000000000016 1768.4196666666669 339.0216666666667 16.500000000000004 115.20500000000001 4412.9450000000006
decision_type=2 2 2 2 2 2 2 2 2 2 2 2 2 2 2 2 2 2 2 2 2 2 2 2 2 2 2 2 2 2
left_child=4 5 3 10 11 25 29 -6 9 -9 -3 12 -1 14 23 -15 -12 -8 19 -14 -11 -21 -7 -13 -22 -2 28 -4 -16 -5
right_child=1 2 27 6 7 22 17 8 -10 20 16 13 18 15 26 -17 -18 -19 -20 21 24 -23 -24 -25 -26 -27 -28 -29 -30 -31
leaf_value=-17.104836053382147 38.132105022427346 66.744952031203681 42.324384691279143 59.362976388616886 -1.9676590141108528 1.6984433847581983 285.90001957824614 2.9545818429247501 -3.4511272081872373 29.306608261002438 181.95286825542763 -18.222985815670253 70.793693034522306 -17.492965238567162 28.076550772543523 -9.1782348819500807 228.6717594986327 334.91459197417868 -5.2375811646072137 -4.8306168065633566 91.848183083749035 15.511653651687698 14.518759289243855 -6.7475604275630578 134.50432134317853 67.94923904705486 51.798045507580959 8.38875668579389 1.1818298457315553 178.75146542364553
leaf_weight=5641 2209 280 872 91 30408 12971 2039 3556 6158 216 1525 11215 452 77562 2988 109059 2090 1315 9930 4907 888 11191 18920 40831 1579 2123 916 6477 2024 124
leaf_count=5641 2209 280 872 91 30408 12971 2039 3556 6158 216 1525 11215 452 77562 2988 109059 2090 1315 9930 4907 888 11191 18920 40831 1579 2123 916 6477 2024 124
internal_value=0.00176435 47.8383 129.364 244.51 -7.63901 14.4995 294.461 5.36609 23.3547 49.8125 198.74 -9.65076 1.03945 -11.0546 -5.97076 -12.6339 208.963 305.117 4.90471 10.9901 111.917 9.31091 9.30436 -9.22031 119.15 52.7447 22.5593 12.4154 17.2156 128.22
internal_weight=370557 51036 14813 7464 319521 36223 3569 42805 12397 6239 3895 276716 32121 244595 57974 186621 3615 3354 26480 16550 2683 16098 31891 52046 2467 4332 5928 7349 5012 215
internal_count=370557 51036 14813 7464 319521 36223 3569 42805 12397 6239 3895 276716 32121 244595 57974 186621 3615 3354 26480 16550 2683 16098 31891 52046 2467 4332 5928 7349 5012 215
is_linear=0
shrinkage=0.05


Tree=6
num_leaves=31
num_cat=0
split_feature=10 1 1 10 10 3 11 11 3 1 10 1 10 9 10 6 6 11 7 5 11 6 10 11 11 10 8 11 3 6
split_gain=4.84847e+10 4.95757e+10 7.22879e+10 6.73887e+09 2.73077e+09 2.56781e+09 2.19099e+09 1.92973e+09 1.49394e+09 1.31962e+09 2.84115e+09 5.55302e+09 8.62933e+08 8.04498e+08 6.56865e+08 5.94705e+08 9.20336e+08 7.0606e+08 8.51759e+08 1.64232e+09 5.83397e+08 7.47263e+08 5.19052e+08 4.85542e+08 4.12787e+08 3.73825e+08 3.63336e+08 3.14465e+08 2.93784e+08 2.61841e+08
threshold=1302.2166666666669 4.5000000000000009 5.5000000000000009 2071.4333333333338 490.83333333333343 14.500000000000002 7768.1650000000009 4198.1350000000011 14.500000000000002 4.5000000000000009 828.96666666666681 5.5000000000000009 1564.416666666667 118.71400000000001 2548.1500000000001 31.500000000000004 30.500000000000004 1008.9750000000001 1.0000000180025095e-35 1.0000000180025095e-35 1213.2750000000003 27.500000000000004 1900.7500000000002 3815.8050000000007 2828.2250000000004 2010.5333333333335 1791.3400000000004 329.85000000000008 16.500000000000004 28.500000000000004
decision_type=2 2 2 2 2 2 2 2 2 2 2 2 2 2 2 2 2 2 2 2 2 2 2 2 2 2 2 2 2 2
left_child=4 5 3 7 8 25 23 -3 13 -6 -11 24 -9 -1 -8 16 17 18 19 -10 21 -15 -7 -5 -12 -2 -24 -18 -4 -23
right_child=1 2 28 6 9 22 14 12 15 10 11 -13 -14 20 -16 -17 27 -19 -20 -21 -22 29 26 -25 -26 -27 -28 -29 -30 -31
leaf_value=-16.18928730743837 33.592447798562908 48.773508214359445 38.80773269578188 28.034828034914455 -2.0241512244424764 1.3892411850248958 274.91353052949609 161.88014100430789 -11.35015696817716 2.5075046911463543 25.274711048330062 -6.6785651546752041 211.68098830505369 -7.0124641015935412 321.76289277060448 -19.00259016628598 35.820636557439819 -7.9169927286877044 -16.352219590263243 26.279013232701317 11.298246597241056 72.606246235090154 21.67766875610106 183.17870031060113 117.11606391961837 62.651449260567205 7.7803533990106404 -1.0228683065954098 8.0744458386753006 -24.81650692123965
leaf_weight=5619 2068 242 879 65 37302 14035 2069 1334 16051 11172 131 2024 2500 10201 1172 20237 1418 122361 69726 3539 14429 408 8592 225 1852 2381 10391 979 6740 83
leaf_count=5619 2068 242 879 65 37302 14035 2069 1334 16051 11172 131 2024 2500 10201 1172 20237 1418 122361 69726 3539 14429 408 8592 225 1852 2381 10391 979 6740 83
internal_value=-0.0159247 44.4019 120.48 229.511 -7.38686 13.4849 280.074 185.71 -9.45012 3.03351 15.4626 51.5829 194.353 0.913605 291.855 -10.8098 -10.0353 -10.3842 -13.7641 -4.55232 4.73914 -4.11247 8.68006 148.405 111.049 49.1441 14.0705 20.7727 11.6201 56.1376
internal_weight=370225 52693 15226 7607 317532 37467 3531 4076 265051 52481 15179 4007 3834 30740 3241 234311 214074 211677 89316 19590 25121 10692 33018 290 1983 4449 18983 2397 7619 491
internal_count=370225 52693 15226 7607 317532 37467 3531 4076 265051 52481 15179 4007 3834 30740 3241 234311 214074 211677 89316 19590 25121 10692 33018 290 1983 4449 18983 2397 7619 491
is_linear=0
shrinkage=0.05


Tree=7
num_leaves=31
num_cat=0
split_feature=10 1 1 10 10 1 1 4 3 11 11 3 8 11 10 7 5 11 11 6 10 11 10 8 9 9 10 3 8 11
split_gain=4.42393e+10 4.40529e+10 6.37164e+10 4.76655e+09 3.24479e+09 2.4966e+09 3.86336e+09 7.01746e+09 2.21915e+09 2.0129e+09 1.50562e+09 1.37841e+09 7.41732e+08 6.69305e+08 6.62874e+08 6.39541e+08 1.79394e+09 1.0226e+09 5.77905e+08 5.88497e+08 4.52064e+08 3.91785e+08 3.86203e+08 4.2434e+08 3.78456e+08 3.34994e+08 3.27603e+08 2.76383e+08 2.84932e+08 2.6878e+08
threshold=1427.8500000000001 4.5000000000000009 5.5000000000000009 2220.0000000000005 556.16666666666686 4.5000000000000009 5.5000000000000009 1.5000000000000002 14.500000000000002 5743.6550000000007 6719.2000000000016 14.500000000000002 12.357142857142859 3196.5550000000007 1832.116666666667 1.0000000180025095e-35 1.0000000180025095e-35 1876.9850000000004 1213.2750000000003 27.500000000000004 1113.116666666667 3030.5600000000004 2155.8333333333339 1791.3400000000004 156.46116666666668 294.29233333333337 2609.7166666666667 14.500000000000002 476.29857142857151 4269.4150000000009
decision_type=2 2 2 2 2 2 2 2 2 2 2 2 2 2 2 2 2 2 2 2 2 2 2 2 2 2 2 2 2 2
left_child=4 8 3 9 11 27 7 -7 -2 21 29 12 -1 -9 -11 16 24 -17 19 -14 -15 -3 -10 -24 -13 -18 -12 -6 -29 -5
right_child=1 2 -4 10 5 6 -8 13 22 14 26 15 18 20 -16 17 25 -19 -20 -21 -22 -23 23 -25 -26 -27 -28 28 -30 -31
leaf_value=-16.727856274418759 48.535938950676531 3.7824918803415799 12.706931648567625 38.537447041478657 11.432254523841754 2.9227022286128932 -3.1242653126692908 32.797176623681409 4.3833547144226062 183.11968193015861 271.74614712267038 -16.544647253199678 -5.7816546691816972 92.442447439161782 224.76558343246012 -14.907761471989762 14.033821373633167 -7.4839653231612076 10.78873494409047 60.758322283399039 132.65244460997118 115.28495002531538 27.558867203617549 9.0126812886274283 -6.1547120862270015 42.051290391280645 308.0755358498705 4.3310737302438431 -6.5678847393348967 175.68917730162221
leaf_weight=4973 4122 114 6996 58 3530 3541 6586 283 16816 1990 1660 11157 11705 1336 1838 98716 4568 87506 15110 342 1466 255 4858 8447 40873 1392 991 8470 20536 93
leaf_count=4973 4122 114 6996 58 3530 3541 6586 283 16816 1990 1660 11157 11705 1336 1838 98716 4568 87506 15110 342 1466 255 4858 8447 40873 1392 991 8470 20536 93
internal_value=0.0191853 44.6747 119.416 226.08 -6.66867 5.66556 23.9953 50.9512 14.128 192.365 276.579 -8.71058 1.02506 106.079 203.116 -9.99146 -5.40625 -11.4193 4.27598 -3.89266 113.48 80.837 9.41939 15.7844 -8.38267 20.5775 285.327 -1.77766 -3.3853 123.008
internal_weight=370328 48238 13995 6999 322090 45748 13212 6626 34243 4197 2802 276342 32130 3085 3828 244212 57990 186222 27157 12047 2802 369 30121 13305 52030 5960 2651 32536 29006 151
internal_count=370328 48238 13995 6999 322090 45748 13212 6626 34243 4197 2802 276342 32130 3085 3828 244212 57990 186222 27157 12047 2802 369 30121 13305 52030 5960 2651 32536 29006 151
is_linear=0
shrinkage=0.05


Tree=8
num_leaves=31
num_cat=0
split_feature=10 1 1 10 10 11 3 11 1 10 1 3 10 4 9 7 9 7 5 11 11 11 8 10 8 9 3 10 11 11
split_gain=3.9633e+10 4.06961e+10 5.8779e+10 5.09189e+09 2.50903e+09 2.00673e+09 1.95027e+09 1.25671e+09 1.2441e+09 2.78367e+09 5.33682e+09 1.20976e+09 9.47616e+08 6.79384e+08 5.76065e+08 4.94932e+08 4.82408e+08 6.66116e+08 1.68531e+09 8.78622e+08 4.61866e+08 4.45348e+08 4.26606e+08 3.82478e+08 3.46592e+08 3.102e+08 2.94755e+08 2.80514e+08 2.55297e+08 2.4232e+08
threshold=1344.8833333333334 4.5000000000000009 5.5000000000000009 2220.0000000000005 472.83333333333343 5128.8100000000004 14.500000000000002 8472.3050000000021 4.5000000000000009 805.96666666666681 5.5000000000000009 14.500000000000002 1726.0833333333335 1.0000000180025095e-35 44.275166666666671 1.0000000180025095e-35 73.319500000000019 1.0000000180025095e-35 1.0000000180025095e-35 1030.575 988.25500000000011 3139.3800000000006 20.399285714285718 2155.8333333333339 2340.6650000000004 1804.4843333333336 16.500000000000004 2548.1500000000001 4269.4150000000009 3086.9150000000004
decision_type=2 2 2 2 2 2 2 2 2 2 2 2 2 2 2 2 2 2 2 2 2 2 2 2 2 2 2 2 2 2
left_child=4 6 3 5 11 29 25 28 -6 -10 21 13 -7 14 -1 -16 -13 18 -18 -19 -17 -11 -20 -8 -25 -2 -4 -9 -5 -3
right_child=1 2 26 7 8 12 23 27 9 10 -12 16 -14 -15 15 20 17 19 22 -21 -22 -23 -24 24 -26 -27 -28 -29 -30 -31
leaf_value=-17.885048035732535 31.354166417227386 11.738410217520119 37.839707664447936 56.065242493827384 -1.7158877805373245 160.84474664151386 3.6286702566722884 258.50773602549049 1.7163527428960113 26.866865158081055 -6.0178437839866454 -16.188881250674918 208.05877842587597 -9.022100968151296 58.58970857572556 -5.1068640593861403 -7.3399603375753841 -14.746626599496583 38.176208432621237 -7.3857014808441424 13.374742865379602 107.53803637800114 9.8561452963259129 19.363063121045375 0.61758236517340537 58.159701389259595 6.6964753155906038 291.87998399161967 180.91745659722221 96.635648775502702
leaf_weight=2150 2293 138 861 53 40450 1887 18750 1369 11870 186 2335 26218 2433 11118 500 4731 30214 66961 2503 102740 11842 2133 2837 9971 3276 2039 6461 1166 180 215
leaf_count=2150 2293 138 861 53 40450 1887 18750 1369 11870 186 2335 26218 2433 11118 500 4731 30214 66961 2503 102740 11842 2133 2837 9971 3276 2039 6461 1166 180 215
internal_value=0.0498551 40.9329 110.935 209.902 -6.50245 178.069 12.4862 263.644 3.00645 14.5665 47.3408 -8.5717 187.435 0.815972 6.50602 9.57758 -9.80222 -8.98642 -2.76348 -10.2902 8.0989 101.068 23.1305 8.22358 14.7273 43.9711 10.3586 273.858 152.518 63.4464
internal_weight=369880 51092 14763 7441 318788 4673 36329 2768 56974 16524 4654 261814 4320 30341 19223 17073 231473 205255 35554 169701 16573 2319 5340 31997 13247 4332 7322 2535 233 353
internal_count=369880 51092 14763 7441 318788 4673 36329 2768 56974 16524 4654 261814 4320 30341 19223 17073 231473 205255 35554 169701 16573 2319 5340 31997 13247 4332 7322 2535 233 353
is_linear=0
shrinkage=0.05


Tree=9
num_leaves=31
num_cat=0
split_feature=10 1 1 10 10 1 1 4 3 11 3 11 9 10 11 7 5 11 6 11 10 1 8 11 11 11 3 4 8 3
split_gain=3.60242e+10 3.5669e+10 5.21231e+10 3.89046e+09 2.69148e+09 2.08916e+09 3.28989e+09 5.75142e+09 1.73743e+09 1.70692e+09 1.133e+09 1.09305e+09 6.32502e+08 6.18013e+08 5.86001e+08 5.19405e+08 1.40398e+09 8.59486e+08 4.39449e+08 5.35639e+08 4.13888e+08 3.77547e+08 3.19685e+08 3.06607e+08 2.89377e+08 2.84207e+08 2.45496e+08 2.63079e+08 2.33795e+08 2.33226e+08
threshold=1427.8500000000001 4.5000000000000009 5.5000000000000009 2220.0000000000005 556.16666666666686 4.5000000000000009 5.5000000000000009 1.5000000000000002 14.500000000000002 6151.7700000000013 14.500000000000002 5487.0100000000011 156.46116666666668 1853.7000000000003 3196.5550000000007 1.0000000180025095e-35 1.0000000180025095e-35 2358.4600000000005 27.500000000000004 1188.7450000000001 1064.7666666666669 3.5000000000000004 1.0000000180025095e-35 15243.790000000003 3030.5600000000004 220.57500000000002 14.500000000000002 1.5000000000000002 538.98785714285725 16.500000000000004
decision_type=2 2 2 2 2 2 2 2 2 2 2 2 2 2 2 2 2 2 2 2 2 2 2 2 2 2 2 2 2 2
left_child=4 8 3 9 10 26 7 -7 -2 24 12 -5 -1 -11 -9 16 22 -17 19 -14 -16 -10 -12 -13 -3 -18 -6 28 -28 -4
right_child=1 2 29 11 5 6 -8 14 21 13 15 23 18 -15 20 17 25 -19 -20 -21 -22 -23 -24 -25 -26 -27 27 -29 -30 -31
leaf_value=-12.011501375602396 43.294324489896546 11.148166289411742 36.190326725942185 65.336076057731333 10.75622435793727 2.8411458736807025 -3.0006347060890972 29.177351109593509 6.0128445513275572 166.46128269901362 -15.244246477107843 225.20625757669151 -4.7539699461893061 207.04797990264365 79.904924344071844 -13.186979517581001 26.300878385274206 -6.3033780604905969 53.177766638139019 10.238833007309527 118.70794922359767 20.045195673829934 -5.5307236193208462 265.60319889244096 104.22994806750511 3.4899461028381982 6.8374461996343046 -8.1472785338004723 -5.6461756608382885 7.7815949834833376
leaf_weight=7265 4152 116 819 77 3572 3522 6644 298 24175 2043 10660 608 10383 1734 1161 108636 3814 77838 460 13976 1684 5979 41240 2065 298 2127 8592 13762 6656 6129
leaf_count=7265 4152 116 819 77 3572 3522 6644 298 24175 2043 10660 608 10383 1734 1161 108636 3814 77838 460 13976 1684 5979 41240 2065 298 2127 8592 13762 6656 6129
internal_value=0.0214437 40.34 107.943 204.853 -6.00776 5.2059 21.8979 46.718 12.9706 174.53 -7.86958 251.064 0.964209 185.094 95.8857 -9.02965 -4.89023 -10.3136 4.76245 3.84817 102.873 8.79521 -7.52583 256.415 78.1491 18.1341 -1.6124 -3.13535 1.38814 11.1303
internal_weight=370485 48195 13889 6941 322290 45891 13309 6665 34306 4191 276399 2750 32084 3777 3143 244315 57841 186474 24819 24359 2845 30154 51900 2673 414 5941 32582 29010 15248 6948
internal_count=370485 48195 13889 6941 322290 45891 13309 6665 34306 4191 276399 2750 32084 3777 3143 244315 57841 186474 24819 24359 2845 30154 51900 2673 414 5941 32582 29010 15248 6948
is_linear=0
shrinkage=0.05


Tree=10
num_leaves=31
num_cat=0
split_feature=10 1 1 10 10 3 11 11 3 1 4 1 10 4 6 6 6 6 11 11 10 10 8 11 10 11 10 3 11 8
split_gain=3.24332e+10 3.30225e+10 4.76082e+10 4.09304e+09 2.06586e+09 1.57904e+09 1.51399e+09 1.30818e+09 9.80375e+08 9.36217e+08 2.34346e+09 4.69055e+09 6.24347e+08 6.00015e+08 5.52446e+08 4.23447e+08 4.19626e+08 7.30712e+08 5.04035e+08 4.02247e+08 3.64912e+08 3.53099e+08 3.72602e+08 3.40493e+08 2.83871e+08 2.58968e+08 2.51907e+08 2.25643e+08 2.23628e+08 2.17054e+08
threshold=1344.8833333333334 4.5000000000000009 5.5000000000000009 2155.8333333333339 445.16666666666669 14.500000000000002 4796.880000000001 6719.2000000000016 14.500000000000002 4.5000000000000009 1.5000000000000002 5.5000000000000009 1603.7166666666669 1.0000000180025095e-35 28.500000000000004 27.500000000000004 31.500000000000004 30.500000000000004 1008.9750000000001 2431.5150000000008 2548.1500000000001 2155.8333333333339 1518.4428571428573 617.29000000000008 1001.5500000000001 329.85000000000008 2010.5333333333335 16.500000000000004 3815.8050000000007 426.64000000000004
decision_type=2 2 2 2 2 2 2 2 2 2 2 2 2 2 2 2 2 2 2 2 2 2 2 2 2 2 2 2 2 2
left_child=4 5 3 6 8 26 -3 28 13 29 -11 19 -8 14 15 23 17 18 -10 -12 -9 -7 -23 -1 -21 -19 -2 -4 -5 -6
right_child=1 2 27 7 9 21 12 20 16 10 11 -13 -14 -15 -16 -17 -18 25 -20 24 -22 22 -24 -25 -26 -27 -28 -29 -30 -31
leaf_value=-5.8575062876531208 26.320242271661556 50.164863033788777 33.837807181754798 13.24818967423349 3.3797976718402647 3.0454688800430523 137.56047880181438 226.24571167132581 -11.569179704951669 0.067259381376382835 13.497914893014091 -6.7081923310957201 179.52082547109063 -8.8885749593652772 -16.926247947499601 54.900205605064187 -15.86052734952076 32.461186986106917 -6.5448907446173017 71.271625730215789 262.18828229976361 31.356633039234119 9.7340015999912968 11.517902760085539 105.76484705842255 -0.80859412950912712 50.5817114230424 6.699676793706435 136.88624919309456 -4.1011336536603684
leaf_weight=3618 1945 304 868 53 14459 18716 1314 1739 86242 12491 175 2711 2725 10663 2329 489 20360 1440 118514 996 1189 2440 10860 12776 1487 985 2378 6515 118 29435
leaf_count=3618 1945 304 868 53 14459 18716 1314 1739 86242 12491 175 2711 2725 10663 2329 489 20360 1440 118514 996 1189 2440 10860 12776 1487 985 2378 6515 118 29435
internal_value=0.00162854 36.9587 99.8487 189.094 -5.92271 11.3018 157.771 232.991 -7.89297 2.29017 11.9415 39.567 165.87 0.622807 5.90179 9.05091 -9.01105 -8.33794 -8.66109 86.7649 240.841 7.4719 13.7009 7.68332 91.9287 18.9475 39.666 9.89024 98.5657 -1.63686
internal_weight=370334 51164 14825 7442 319170 36339 4343 3099 257416 61754 17860 5369 4039 29875 19212 16883 227541 207181 204756 2658 2928 32016 13300 16394 2483 2425 4323 7383 171 43894
internal_count=370334 51164 14825 7442 319170 36339 4343 3099 257416 61754 17860 5369 4039 29875 19212 16883 227541 207181 204756 2658 2928 32016 13300 16394 2483 2425 4323 7383 171 43894
is_linear=0
shrinkage=0.05


Tree=11
num_leaves=31
num_cat=0
split_feature=10 1 1 10 10 1 1 4 3 11 11 3 8 10 11 7 5 11 4 10 1 9 11 6 10 6 11 11 3 8
split_gain=2.93679e+10 2.93028e+10 4.27074e+10 3.29945e+09 2.17227e+09 1.65416e+09 2.59725e+09 4.6444e+09 1.54256e+09 1.3923e+09 9.66602e+08 9.12543e+08 5.38712e+08 4.98132e+08 4.78257e+08 4.41224e+08 1.31459e+09 7.35073e+08 4.34138e+08 3.41874e+08 3.20774e+08 2.93706e+08 2.87009e+08 3.11804e+08 2.68812e+08 2.61923e+08 2.39575e+08 2.23201e+08 2.21967e+08 2.26816e+08
threshold=1427.8500000000001 4.5000000000000009 5.5000000000000009 2220.0000000000005 551.16666666666686 4.5000000000000009 5.5000000000000009 1.5000000000000002 14.500000000000002 5743.6550000000007 7768.1650000000009 14.500000000000002 12.357142857142859 1853.7000000000003 2431.5150000000008 1.0000000180025095e-35 1.0000000180025095e-35 2062.5950000000007 2.5000000000000004 1160.1500000000003 3.5000000000000004 294.29233333333337 1652.8050000000001 27.500000000000004 2176.9166666666674 5.5000000000000009 3030.5600000000004 4269.4150000000009 14.500000000000002 476.29857142857151
decision_type=2 2 2 2 2 2 2 2 2 2 2 2 2 2 2 2 2 2 2 2 2 2 2 2 2 2 2 2 2 2
left_child=4 8 3 9 11 28 7 -7 24 26 27 12 -1 -11 -9 16 25 -17 22 -16 -10 -18 23 -14 -2 -13 -3 -5 -6 -30
right_child=1 2 -4 10 5 6 -8 14 20 13 -12 15 18 -15 19 17 21 -19 -20 -21 -22 -23 -24 -25 -26 -27 -28 -29 29 -31
leaf_value=-14.332370182885015 28.480205258383844 6.5556909966468808 10.285888027195547 37.969422671669406 10.135903709212304 2.8551032622270318 -2.6621291061677677 11.02638148734318 4.944914909514619 149.62290157239744 235.76764805724076 -4.5398807863252015 -0.9557869521972141 185.75319542566572 75.993014466704253 -12.177039680642345 11.739143539912181 -5.8633267144027466 -8.198972477290523 110.48394014267694 17.927604638169282 37.875707112565976 12.48210896876507 46.838468461656305 53.999647802668292 -12.304698867329293 92.447244511942472 154.9806283057153 3.8858562978661269 -5.7421272708648026
leaf_weight=4958 2292 120 7018 57 3670 3639 6733 199 24070 2093 2559 35690 9473 1753 1636 102626 4543 83697 6055 1281 5930 1408 11167 354 1877 15611 251 143 8673 20757
leaf_count=4958 2292 120 7018 57 3670 3639 6733 199 24070 2093 2559 35690 9473 1753 1636 102626 4543 83697 6055 1281 5930 1408 11167 354 1877 15611 251 143 8673 20757
internal_value=0.0138868 36.4302 97.3717 184.982 -5.43019 4.55538 19.3145 41.2196 11.4715 157.168 227.494 -7.11828 0.818874 166.091 86.0233 -8.16127 -4.32224 -9.3409 3.59605 91.1397 7.51116 17.923 6.99792 0.765915 39.9698 -6.90273 64.6656 121.632 -1.45887 -2.90477
internal_weight=370333 48163 13994 6976 322170 46588 13488 6755 34169 4217 2759 275582 32007 3846 3116 243575 57252 186323 27049 2917 30000 5951 20994 9827 4169 51301 371 200 33100 29430
internal_count=370333 48163 13994 6976 322170 46588 13488 6755 34169 4217 2759 275582 32007 3846 3116 243575 57252 186323 27049 2917 30000 5951 20994 9827 4169 51301 371 200 33100 29430
is_linear=0
shrinkage=0.05


Tree=12
num_leaves=31
num_cat=0
split_feature=10 1 1 10 10 3 11 11 3 1 4 1 11 10 10 6 6 11 7 5 10 8 11 10 11 8 11 1 3 10
split_gain=2.62291e+10 2.64765e+10 3.90524e+10 3.72734e+09 1.53097e+09 1.35359e+09 1.25453e+09 1.09258e+09 7.99611e+08 6.36607e+08 1.64761e+09 3.42057e+09 5.15374e+08 5.13621e+08 3.94562e+08 3.59609e+08 5.72766e+08 4.28024e+08 4.32239e+08 1.07996e+09 3.51181e+08 3.30119e+08 3.08881e+08 2.57504e+08 2.2449e+08 2.12455e+08 2.10569e+08 1.99789e+08 1.93652e+08 1.8904e+08
threshold=1302.2166666666669 4.5000000000000009 5.5000000000000009 2071.4333333333338 445.16666666666669 14.500000000000002 7768.1650000000009 4198.1350000000011 14.500000000000002 4.5000000000000009 1.5000000000000002 5.5000000000000009 2679.3000000000006 1645.116666666667 2548.1500000000001 31.500000000000004 30.500000000000004 1008.9750000000001 1.0000000180025095e-35 1.0000000180025095e-35 2155.8333333333339 1925.7600000000002 1991.5250000000003 1853.7000000000003 329.85000000000008 4.6428571428571432 4492.4150000000009 3.5000000000000004 16.500000000000004 1001.5500000000001
decision_type=2 2 2 2 2 2 2 2 2 2 2 2 2 2 2 2 2 2 2 2 2 2 2 2 2 2 2 2 2 2
left_child=4 5 3 7 8 23 26 -3 12 -6 -11 22 -1 -9 -8 16 17 18 19 -10 -7 27 -12 -2 -18 -14 -5 -22 -4 -24
right_child=1 2 28 6 9 20 14 13 15 10 11 -13 25 -15 -16 -17 24 -19 -20 -21 21 -23 29 -25 -26 -27 -28 -29 -30 -31
leaf_value=-4.6655205863993059 19.563248664181053 35.04438983136275 30.27813335598681 42.55991071554331 -1.5479361067053539 2.3175353860321386 201.44817918394551 122.07473787649241 -9.9064258570722501 0.15751198695486288 -1.7854960594574611 -6.9715563435372916 -17.257232641069375 158.91443307140452 237.74413790669934 -14.483357785432629 29.406272884147214 -5.8425321110485795 -12.197775256820536 21.207299390481001 16.774919163322384 5.3841146233992454 64.65561713217771 44.841274053525666 -1.6172870975497284 10.533532781278845 134.52224683229088 39.331779215604243 5.5334341532367182 93.387638733583344
leaf_weight=18378 1551 254 895 91 42878 19795 2112 1737 12930 12537 120 2484 734 2078 1160 20312 1425 118141 69720 3556 5076 7053 1039 2875 987 10905 197 1217 6783 1275
leaf_count=18378 1551 254 895 91 42878 19795 2112 1737 12930 12537 120 2484 734 2078 1160 20312 1425 118141 69720 3556 5076 7053 1039 2875 987 10905 197 1217 6783 1275
internal_value=-0.00784978 32.5972 88.0262 168.146 -5.43899 10.0122 205.51 135.456 -7.12117 1.72902 9.77883 34.3056 0.548304 142.141 214.316 -8.13502 -7.51136 -7.79727 -10.4761 -3.19525 6.54374 12.8121 76.4306 35.9831 16.7113 8.78094 105.465 21.1372 8.41784 80.4868
internal_weight=370295 52874 15307 7629 317421 37567 3560 4069 257088 60333 17455 4918 30017 3815 3272 227071 206759 204347 86206 16486 33141 13346 2434 4426 2412 11639 288 6293 7678 2314
internal_count=370295 52874 15307 7629 317421 37567 3560 4069 257088 60333 17455 4918 30017 3815 3272 227071 206759 204347 86206 16486 33141 13346 2434 4426 2412 11639 288 6293 7678 2314
is_linear=0
shrinkage=0.05


Tree=13
num_leaves=31
num_cat=0
split_feature=10 1 1 11 10 1 1 4 10 9 11 7 5 11 10 10 9 11 6 8 11 1 10 8 4 6 9 8 0 8
split_gain=2.3731e+10 2.30303e+10 3.3254e+10 2.25854e+09 2.15213e+09 2.01981e+09 3.1494e+09 3.9885e+09 1.72884e+09 7.11106e+08 5.53968e+08 6.89991e+08 1.50873e+09 4.76364e+08 4.61732e+08 3.54073e+08 2.88012e+08 2.65727e+08 2.1303e+08 2.12619e+08 2.10953e+08 2.02652e+08 1.89558e+08 1.81757e+08 1.75242e+08 1.69845e+08 1.6888e+08 1.61179e+08 1.52909e+08 1.51124e+08
threshold=1509.116666666667 4.5000000000000009 5.5000000000000009 7768.1650000000009 586.83333333333337 4.5000000000000009 5.5000000000000009 1.5000000000000002 2220.0000000000005 177.0471666666667 1213.2750000000003 1.0000000180025095e-35 1.0000000180025095e-35 3030.5600000000004 1160.1500000000003 2303.4000000000005 1270.8481666666669 4198.1350000000011 31.500000000000004 154.79500000000004 1955.2450000000001 3.5000000000000004 2548.1500000000001 1554.1278571428572 1.5000000000000002 30.500000000000004 290.46616666666677 2266.1771428571433 10.500000000000002 1879.7300000000002
decision_type=2 2 2 2 2 2 2 2 2 2 2 2 2 2 2 2 2 2 2 2 2 2 2 2 2 2 2 2 2 2
left_child=4 15 3 13 9 24 7 -7 16 18 11 12 25 -3 20 21 -5 -16 -1 -14 -9 -2 23 -10 -6 -11 -12 -24 -17 -30
right_child=1 2 -4 8 5 6 -8 14 22 10 26 -13 19 -15 17 28 -18 -19 -20 -21 -22 -23 27 -25 -26 -27 -28 -29 29 -31
leaf_value=-8.4932409493631287 4.8031563185564066 -2.4596891229802913 10.047188049282845 131.82531555516761 2.932707358304627 2.7056723079703451 -2.4469576339928025 -4.3525393214679902 231.24219024093065 -5.8788765401665115 -4.0676668188822971 -10.806257029271825 35.955737311409898 105.80223460227533 31.02702867537737 10.139790294149272 165.23897624759576 105.81228086704049 -13.967784248688396 6.6979452856727271 68.705949498703234 17.27853409620468 242.69941683248362 188.47878286565671 -4.5983169213881734 26.613442092549565 0.027380852143042353 205.61288333688341 32.815845667042325 17.603641593175876
leaf_weight=67915 16472 121 6506 895 13839 2811 6400 105 324 28242 50619 56072 2716 634 128 3865 2308 1649 24067 805 1675 4057 639 1066 17483 408 50091 541 2374 5228
leaf_count=67915 16472 121 6506 895 13839 2811 6400 105 324 28242 50619 56072 2716 634 128 3865 2308 1649 24067 805 1675 4057 639 1066 17483 408 50091 541 2374 5228
internal_value=0.00449764 34.022 90.0465 169.776 -4.70839 5.5618 22.3235 47.2184 180.412 -6.3202 -4.56507 -7.45729 -1.62026 88.4516 82.3957 11.1996 155.902 100.425 -9.92565 29.2666 64.3963 7.26858 210.958 198.447 -1.27088 -5.41616 -2.03088 225.696 18.2373 22.3542
internal_weight=370055 45030 13034 6528 325025 44090 12768 6368 5773 280935 188953 88243 32171 755 3557 31996 3203 1777 91982 3521 1780 20529 2570 1390 31322 28650 100710 1180 11467 7602
internal_count=370055 45030 13034 6528 325025 44090 12768 6368 5773 280935 188953 88243 32171 755 3557 31996 3203 1777 91982 3521 1780 20529 2570 1390 31322 28650 100710 1180 11467 7602
is_linear=0
shrinkage=0.05


Tree=14
num_leaves=31
num_cat=0
split_feature=10 1 1 10 10 1 1 4 3 11 3 11 9 11 9 7 11 6 8 11 6 11 9 11 1 3 11 4 3 8
split_gain=2.15005e+10 2.09906e+10 2.97837e+10 2.05934e+09 1.8992e+09 1.7941e+09 2.82541e+09 3.54216e+09 1.14487e+09 9.66978e+08 7.66942e+08 6.76371e+08 4.6041e+08 4.42472e+08 3.69859e+08 3.698e+08 5.62595e+08 3.63963e+08 6.18417e+08 3.42137e+08 3.11503e+08 3.63104e+08 2.62371e+08 2.46722e+08 2.35356e+08 2.28639e+08 2.26622e+08 2.12557e+08 2.01521e+08 2.001e+08
threshold=1509.116666666667 4.5000000000000009 5.5000000000000009 2220.0000000000005 586.83333333333337 4.5000000000000009 5.5000000000000009 1.5000000000000002 14.500000000000002 7491.9800000000005 14.500000000000002 5487.0100000000011 163.27516666666671 3196.5550000000007 724.95550000000014 1.0000000180025095e-35 2979.9050000000002 31.500000000000004 120.67071428571431 220.57500000000002 27.500000000000004 1780.3050000000001 1270.8481666666669 13348.465000000002 3.5000000000000004 14.500000000000002 3030.5600000000004 1.5000000000000002 16.500000000000004 2430.840714285715
decision_type=2 2 2 2 2 2 2 2 2 2 2 2 2 2 2 2 2 2 2 2 2 2 2 2 2 2 2 2 2 2
left_child=4 8 3 9 10 25 7 -7 -2 26 12 -5 -1 -9 -15 17 -17 18 19 -12 21 -14 -11 29 -10 -6 -3 -27 -4 -13
right_child=1 2 28 11 5 6 -8 13 24 22 15 23 20 14 -16 16 -18 -19 -20 -21 -22 -23 -24 -25 -26 27 -28 -29 -30 -31
leaf_value=-9.4998075690172818 35.928024175882086 2.507010490997978 33.810161642736063 51.466988024299532 10.985053295568209 2.6554123435329116 -2.581926827103969 20.793338483668453 4.7891014875560778 124.25508847283741 19.660691840159515 191.2744316642349 -2.282084551325148 61.821897038426357 96.701724279410371 -10.117814908063096 -4.3841365943260664 -12.832134099413583 -4.6991425906147262 1.2675512924230978 47.562263772302913 9.8920536314476255 155.80835766511805 205.24875365709511 16.245731048864268 2.1845947951315883 89.005144990938845 -6.6220309872499845 6.5139831107732196 125.09627135902322
leaf_weight=7684 3913 92 767 81 3395 2800 6327 309 22568 911 4318 296 12312 1227 1997 119834 66538 9140 42600 6100 413 12188 2380 2191 5594 12205 428 15621 5710 186
leaf_count=7684 3913 92 767 81 3395 2800 6327 309 22568 911 4318 296 12312 1227 1997 119834 66538 9140 42600 6100 413 12188 2380 2191 5594 12205 428 15621 5710 186
internal_value=-0.0111277 32.3331 85.8171 160.868 -4.50109 5.17326 21.05 44.6596 10.586 137.062 -6.01116 193.81 1.19993 77.949 83.4271 -6.95696 -8.07079 -3.61727 -2.02868 8.89105 4.50008 3.77418 147.074 198.124 7.06481 -1.26471 73.7016 -2.75928 9.74637 165.737
internal_weight=370125 45117 13042 6565 325008 43881 12660 6333 32075 3811 281127 2754 32597 3533 3224 248530 186372 62158 53018 10418 24913 24500 3291 2673 28162 31221 520 27826 6477 482
internal_count=370125 45117 13042 6565 325008 43881 12660 6333 32075 3811 281127 2754 32597 3533 3224 248530 186372 62158 53018 10418 24913 24500 3291 2673 28162 31221 520 27826 6477 482
is_linear=0
shrinkage=0.05


Tree=15
num_leaves=31
num_cat=0
split_feature=10 1 1 10 3 9 3 10 7 5 10 9 8 6 6 1 10 1 6 8 10 3 4 8 3 3 9 8 3 10
split_gain=1.94836e+10 2.01947e+10 2.95504e+10 3.1796e+09 1.09535e+09 1.00126e+09 7.57415e+08 4.75834e+08 4.52316e+08 6.03772e+08 4.09431e+08 3.63956e+08 4.8461e+08 3.35746e+08 2.61498e+08 2.43989e+08 7.41375e+08 1.42409e+09 2.42225e+08 2.20342e+08 2.05648e+08 2.04576e+08 2.21849e+08 1.93039e+08 1.89478e+08 1.8499e+08 1.74638e+08 1.64737e+08 1.81565e+08 1.65015e+08
threshold=1208.2000000000003 4.5000000000000009 5.5000000000000009 2010.5333333333335 14.500000000000002 288.48550000000006 14.500000000000002 2324.1500000000001 1.0000000180025095e-35 1.0000000180025095e-35 1546.1833333333336 1554.7928333333336 1518.4428571428573 31.500000000000004 30.500000000000004 4.5000000000000009 767.73333333333346 5.5000000000000009 27.500000000000004 476.29857142857151 1945.2500000000002 14.500000000000002 1.0000000180025095e-35 2693.3414285714293 276.50000000000006 269.50000000000006 1734.5108333333335 2340.6650000000004 19.500000000000004 2577.1000000000004
decision_type=2 2 2 2 2 2 2 2 2 2 2 2 2 2 2 2 2 2 2 2 2 2 2 2 2 2 2 2 2 2
left_child=5 4 3 10 26 13 18 23 9 15 -3 -6 -13 14 21 19 -17 -18 -7 -8 -4 22 -1 25 27 -5 -2 29 -29 -9
right_child=1 2 20 7 11 6 8 24 -10 -11 -12 12 -14 -15 -16 16 17 -19 -20 -21 -22 -23 -24 -25 -26 -27 -28 28 -30 -31
leaf_value=5.8930979548276232 21.423412134488927 93.663566366050929 -1.6375451038983551 163.97842895351866 -0.40796348816025879 7.0289642877710579 0.28996846326353731 189.37098593147584 -6.5812029069749842 31.497388027562369 125.14976251951384 25.23568177108006 5.5239190597417283 -12.739597003700425 11.317060700393142 -1.0161195326737829 57.855996611065393 -7.4220253273075203 71.892893589940556 -6.9078203689986015 14.317789240634193 -7.199943021680939 -7.2548217143065798 87.312747446695965 141.65220854909796 104.23344125147467 40.874669746864328 211.62221367877464 157.99439993340738 225.14487367922121
leaf_weight=6488 2380 1792 3868 1379 16624 19509 22899 769 51593 1463 2436 3984 14345 24259 2051 14313 1667 1675 145 19849 4226 142151 6347 102 190 143 2240 230 503 555
leaf_count=6488 2380 1792 3868 1379 16624 19509 22899 769 51593 1463 2436 3984 14345 24259 2051 14313 1667 1675 145 19849 4226 142151 6347 102 190 143 2240 230 503 555
internal_value=-0.0163126 27.221 74.258 141.781 7.97373 -4.84733 -1.55442 174.523 -3.12418 -0.241204 111.805 4.94943 9.80848 -7.26508 -6.41938 -1.00993 3.93488 25.1389 7.50751 -3.05215 6.69298 -6.65409 -0.608643 153.902 189.426 158.365 30.8543 193.839 174.822 204.367
internal_weight=370175 55766 16193 8099 39573 314409 133113 3871 113459 61866 4228 34953 18329 181296 157037 60403 17655 3342 19654 42748 8094 154986 12835 1624 2247 1522 4620 2057 733 1324
internal_count=370175 55766 16193 8099 39573 314409 133113 3871 113459 61866 4228 34953 18329 181296 157037 60403 17655 3342 19654 42748 8094 154986 12835 1624 2247 1522 4620 2057 733 1324
is_linear=0
shrinkage=0.05


Tree=16
num_leaves=31
num_cat=0
split_feature=10 1 1 11 10 1 1 4 10 3 3 11 8 11 4 9 11 9 9 8 1 3 3 11 6 3 4 8 0 9
split_gain=1.76579e+10 1.72144e+10 2.48011e+10 1.80418e+09 1.56183e+09 1.34586e+09 2.15692e+09 3.19253e+09 1.29796e+09 9.30644e+08 5.9736e+08 4.88686e+08 3.81314e+08 3.79413e+08 3.43339e+08 3.07616e+08 2.96623e+08 2.86489e+08 2.78007e+08 2.71646e+08 2.44325e+08 2.03607e+08 1.94692e+08 1.91398e+08 2.30493e+08 1.86324e+08 1.84154e+08 1.8597e+08 1.70453e+08 1.61201e+08
threshold=1509.116666666667 4.5000000000000009 5.5000000000000009 8677.3750000000018 561.4000000000002 4.5000000000000009 5.5000000000000009 1.5000000000000002 2303.4000000000005 14.500000000000002 14.500000000000002 3030.5600000000004 12.357142857142859 3196.5550000000007 2.5000000000000004 1270.8481666666669 617.29000000000008 706.2118333333334 180.48050000000003 205.45785714285719 3.5000000000000004 269.50000000000006 16.500000000000004 1916.8050000000001 27.500000000000004 14.500000000000002 1.5000000000000002 545.30214285714294 22.500000000000004 1804.4843333333336
decision_type=2 2 2 2 2 2 2 2 2 2 2 2 2 2 2 2 2 2 2 2 2 2 2 2 2 2 2 2 2 2
left_child=4 9 3 11 10 25 7 -7 15 29 12 -3 -1 -9 23 -5 -12 -15 -18 -20 -11 -17 -4 24 -14 -6 27 -27 -22 -2
right_child=1 2 22 8 5 6 -8 13 -10 20 16 -13 14 17 -16 21 18 -19 19 -21 28 -23 -24 -25 -26 26 -28 -29 -30 -31
leaf_value=-11.811641640640195 21.972979457268295 -12.49177192880326 32.087404005481353 112.65238550375176 9.4600739649392178 2.5575464295427772 -2.3065494055301916 18.088251166539237 187.32607397493967 4.1351570121705041 -8.8470256006783838 95.960440972560491 0.07835937598031717 55.523875222452752 -7.2180747824393094 151.01321839002424 -7.9913359139307847 86.568529906736359 0.34118936953262474 -5.216061237960445 10.156439788576186 98.928638817282291 5.3845868277728783 10.981646928254882 41.009440719344646 6.5313626255709671 -6.1501812987086142 -4.8243750821825513 29.34497206991567 42.382210404480617
leaf_weight=4986 1862 119 775 888 3732 3417 6967 317 2180 22588 79695 817 10159 1160 6103 2339 56203 2068 30514 78718 3904 204 5726 10615 356 8371 15668 6333 1645 2014
leaf_count=4986 1862 119 775 888 3732 3417 6967 317 2180 22588 79695 817 10159 1160 6103 2339 56203 2068 30514 78718 3904 204 5726 10615 356 8371 15668 6333 1645 2014
internal_value=0.0041934 29.3385 77.7453 146.437 -4.0582 4.26582 17.362 37.0446 157.157 9.60858 -5.49981 82.1722 0.900737 70.2864 3.2282 137.988 -6.34107 75.4125 -5.13388 -3.66364 6.44447 146.835 8.56789 6.24541 1.46414 -1.083 -2.3785 1.64046 15.8449 32.5778
internal_weight=370443 45061 13048 6547 325382 48033 13929 6962 5611 32013 277349 936 32219 3545 27233 3431 245130 3228 165435 109232 28137 2543 6501 21130 10515 34104 30372 14704 5549 3876
internal_count=370443 45061 13048 6547 325382 48033 13929 6962 5611 32013 277349 936 32219 3545 27233 3431 245130 3228 165435 109232 28137 2543 6501 21130 10515 34104 30372 14704 5549 3876
is_linear=0
shrinkage=0.05


Tree=17
num_leaves=31
num_cat=0
split_feature=10 1 1 10 3 9 3 10 7 5 10 10 8 6 6 1 10 1 6 8 8 9 8 3 3 3 3 4 8 7
split_gain=1.59837e+10 1.64509e+10 2.42455e+10 2.4348e+09 9.72457e+08 8.5957e+08 5.96127e+08 4.31649e+08 3.94271e+08 5.24754e+08 3.30332e+08 2.94017e+08 3.18984e+08 2.9038e+08 2.46643e+08 2.22979e+08 7.03449e+08 1.33646e+09 1.96731e+08 1.93053e+08 1.88655e+08 1.82272e+08 1.76109e+08 1.77065e+08 1.74408e+08 1.73147e+08 1.71253e+08 1.93234e+08 1.52143e+08 1.50234e+08
threshold=1231.9500000000003 4.5000000000000009 5.5000000000000009 2010.5333333333335 14.500000000000002 288.48550000000006 14.500000000000002 2303.4000000000005 1.0000000180025095e-35 1.0000000180025095e-35 1546.1833333333336 2303.4000000000005 1925.7600000000002 31.500000000000004 30.500000000000004 4.5000000000000009 828.96666666666681 5.5000000000000009 27.500000000000004 2430.840714285715 476.29857142857151 1734.5108333333335 2693.3414285714293 269.50000000000006 16.500000000000004 19.500000000000004 14.500000000000002 1.0000000180025095e-35 181.44500000000002 1.0000000180025095e-35
decision_type=2 2 2 2 2 2 2 2 2 2 2 2 2 2 2 2 2 2 2 2 2 2 2 2 2 2 2 2 2 2
left_child=5 4 3 10 21 13 18 22 9 15 -3 -6 -13 14 26 20 -17 -18 -7 -9 -8 -2 23 -5 -4 -21 27 29 -11 -1
right_child=1 2 24 7 11 6 8 19 -10 28 -12 12 -14 -15 -16 16 17 -19 -20 25 -22 -23 -24 -25 -26 -27 -28 -29 -30 -31
leaf_value=36.740744856670503 19.327615877419632 85.470744097784788 26.638049857125658 147.10188338738109 1.6096744373709406 6.3382425519152079 0.46257316463604803 180.63552479428361 -5.8876166490300612 37.493288031258288 114.42358341721103 22.195289149635045 4.1226401888487514 -11.661054188946881 11.516018775995448 -0.42301584323658648 59.809707099352124 -7.3846434964197263 66.247501156295556 187.53757070221948 -6.1512578847238046 39.22501842119572 69.347678205702039 86.306140706755912 3.4924478331324202 132.78810880988775 -6.5012755029101585 -6.670088504857782 -2.3806060271263121 3.7243754814837384
leaf_weight=365 2363 1663 920 1292 24477 19549 22945 1662 51818 1181 2417 4239 5758 24166 2036 14936 1482 1478 138 206 20340 2244 90 132 7057 483 142067 6376 300 6149
leaf_count=365 2363 1663 920 1292 24477 19549 22945 1662 51818 1181 2417 4239 5758 24166 2036 14936 1482 1478 138 206 20340 2244 90 132 7057 483 142067 6376 300 6149
internal_value=0.0261596 24.8976 67.7382 129.563 7.44393 -4.31222 -1.27877 158.001 -2.66087 0.00746649 102.622 4.56065 11.7859 -6.55881 -5.77342 -0.704427 3.99002 26.2579 6.75819 171.41 -2.64532 29.0193 137.179 141.466 6.16187 149.157 -6.00059 -0.482306 29.4162 5.57439
internal_weight=370329 55003 15922 7945 39081 315326 134167 3865 114480 62662 4080 34474 9997 181159 156993 61181 17896 2960 19687 2351 43285 4607 1514 1424 7977 689 154957 12890 1481 6514
internal_count=370329 55003 15922 7945 39081 315326 134167 3865 114480 62662 4080 34474 9997 181159 156993 61181 17896 2960 19687 2351 43285 4607 1514 1424 7977 689 154957 12890 1481 6514
is_linear=0
shrinkage=0.05


Tree=18
num_leaves=31
num_cat=0
split_feature=10 1 1 11 10 1 1 4 10 3 3 11 8 11 11 7 5 4 9 10 8 9 11 6 1 8 3 4 3 6
split_gain=1.46714e+10 1.43319e+10 2.03086e+10 1.7438e+09 1.3244e+09 1.33584e+09 2.18986e+09 2.02894e+09 1.17213e+09 7.9362e+08 4.91208e+08 3.50853e+08 3.17354e+08 3.16999e+08 3.06062e+08 4.98432e+08 9.45778e+08 2.92286e+08 2.63768e+08 2.50466e+08 2.47933e+08 2.2926e+08 1.8005e+08 2.00231e+08 1.74276e+08 1.78219e+08 1.59243e+08 1.57855e+08 1.80062e+08 1.56581e+08
threshold=1509.116666666667 4.5000000000000009 5.5000000000000009 7768.1650000000009 615.83333333333337 4.5000000000000009 5.5000000000000009 1.5000000000000002 2303.4000000000005 14.500000000000002 14.500000000000002 3030.5600000000004 7.2142857142857153 3469.9150000000004 617.29000000000008 1.0000000180025095e-35 1.0000000180025095e-35 2.5000000000000004 182.14016666666672 1878.4333333333336 205.45785714285719 724.95550000000014 1652.8050000000001 27.500000000000004 3.5000000000000004 545.30214285714294 16.500000000000004 1.5000000000000002 14.500000000000002 32.500000000000007
decision_type=2 2 2 2 2 2 2 2 2 2 2 2 2 2 2 2 2 2 2 2 2 2 2 2 2 2 2 2 2 2
left_child=4 9 3 11 10 27 7 -7 19 -2 12 -3 -1 -9 15 16 -12 22 -16 -5 -20 -15 23 -14 -11 -26 -4 -6 -29 -18
right_child=1 2 26 8 5 6 -8 13 -10 24 14 -13 17 21 18 -17 29 -19 20 -21 -22 -23 -24 -25 25 -27 -28 28 -30 -31
leaf_value=-10.88376329514255 29.89497954870717 -15.075525640672254 29.749684043591504 110.48349939050493 3.8386876462422452 3.2595770927470129 -2.4908449165999369 19.534881909050711 170.80683485096102 3.8446482350943079 -7.6552457549581696 76.81668960042299 -0.28335746560641289 52.458118762426295 -7.2036249044933118 -10.224227793933906 20.883488777895163 -6.744127752178402 0.82082315143586149 136.98260418157233 -4.4387310943622733 80.206529615817942 9.9940341437001496 37.386303503545996 107.68752003288269 12.863656166168916 5.5690480443766539 11.099763618022969 -5.6388079650761007 -22.824085629485378
leaf_weight=4910 3889 124 772 1678 10600 2167 5725 349 2220 22588 12741 640 10525 1195 57139 63090 4367 6165 30455 1903 84787 1974 11272 365 50 5528 5768 1792 15535 215
leaf_count=4910 3889 124 772 1678 10600 2167 5725 349 2220 22588 12741 640 10525 1195 57139 63090 4367 6165 30455 1903 84787 1974 11272 365 50 5528 5768 1792 15535 215
internal_value=0.0267517 26.7325 70.7854 132.91 -3.67992 4.92204 19.3371 41.3186 142.262 8.72248 -4.86293 61.9022 0.851448 64.762 -5.61424 -8.1615 -0.649106 2.88555 -4.42599 124.566 -3.04879 69.7429 5.56432 0.979216 5.7991 13.7136 8.4234 -0.967451 -3.90766 18.8326
internal_weight=370528 45160 13105 6565 325368 39337 11410 5685 5801 32055 286031 764 33237 3518 252794 80413 17323 28327 172381 3581 115242 3169 22162 10890 28166 5578 6540 27927 17327 4582
internal_count=370528 45160 13105 6565 325368 39337 11410 5685 5801 32055 286031 764 33237 3518 252794 80413 17323 28327 172381 3581 115242 3169 22162 10890 28166 5578 6540 27927 17327 4582
is_linear=0
shrinkage=0.05


Tree=19
num_leaves=31
num_cat=0
split_feature=10 10 3 0 9 11 11 3 0 3 8 7 5 6 8 3 0 6 11 9 3 7 5 10 6 11 3 0 10 0
split_gain=1.29557e+10 1.46125e+09 7.47638e+08 7.42025e+08 6.9097e+08 4.63241e+08 4.5516e+08 3.35919e+08 3.07221e+08 3.48781e+08 3.05243e+08 2.95775e+08 6.57835e+08 2.6987e+08 2.62276e+08 2.57833e+08 2.57796e+08 2.30668e+08 2.60078e+08 2.26368e+08 2.05184e+08 2.04081e+08 5.33883e+08 1.73359e+08 1.57137e+08 1.53737e+08 1.53422e+08 5.02849e+08 1.47497e+08 1.46976e+08
threshold=1208.2000000000003 1945.2500000000002 13.500000000000002 7.5000000000000009 319.04850000000005 10596.205000000002 1535.3700000000001 14.500000000000002 26.500000000000004 20.500000000000004 435.78785714285721 1.0000000180025095e-35 1.0000000180025095e-35 31.500000000000004 1593.7250000000001 14.500000000000002 7.5000000000000009 30.500000000000004 967.06500000000017 1665.0946666666666 14.500000000000002 1.0000000180025095e-35 1.0000000180025095e-35 449.83333333333343 3.5000000000000004 95.410000000000011 3.5000000000000004 22.500000000000004 648.83333333333337 6.5000000000000009
decision_type=2 2 2 2 2 2 2 2 2 2 2 2 2 2 2 2 2 2 2 2 2 2 2 2 2 2 2 2 2 2
left_child=4 15 3 -3 13 -4 11 -8 14 -10 23 12 -6 17 19 16 29 18 21 -7 -20 22 -1 -9 -25 -19 -5 -28 -12 -2
right_child=1 2 5 26 6 8 7 10 9 -11 28 -13 -14 -15 -16 -17 -18 25 20 -21 -22 -23 -24 24 -26 -27 27 -29 -30 -31
leaf_value=-7.4573403692229467 38.697133832142271 179.71347025090998 14.769826688587532 29.867153937090297 -2.3043593448146318 26.149850448053314 11.333355781597456 1.840343915581125 133.08029710628369 41.705710203443672 -6.0682183165923176 -8.4166336227293836 37.331360174789886 -10.641890640987134 23.628907176229706 12.065394788797722 23.501745637928011 24.056191341741279 3.8332202877619572 46.98116526653137 -4.2963336626441739 -8.8585664932266468 16.368033366704765 12.956715969839479 -25.163106115687363 -2.4904882753837367 48.439873088889065 144.16604882331745 1.1402275872937426 118.29094418492809
leaf_weight=10230 116 110 5911 883 32223 2462 8766 12370 108 3163 14854 22712 1082 24302 11209 23828 2618 1120 8445 2773 95908 57409 3053 7129 281 1063 2273 146 13588 116
leaf_count=10230 116 110 5911 883 32223 2462 8766 12370 108 3163 14854 22712 1082 24302 11209 23828 2618 1120 8445 2773 95908 57409 3053 7129 281 1063 2273 146 13588 116
internal_value=-0.00945775 22.2133 29.9746 51.9617 -3.94594 27.0471 -0.816357 2.32974 30.7281 44.7227 0.693019 -4.01698 -1.01669 -5.70081 27.9443 13.7654 27.9783 -5.02327 -5.22471 37.1843 -3.63843 -7.56632 -1.98125 5.46323 11.5111 11.1294 47.7059 54.2175 -2.62443 78.494
internal_weight=370251 55716 29038 3412 314535 25626 113005 56988 19715 3271 48222 56017 33305 201530 16444 26678 2850 177228 175045 5235 104353 70692 13283 19780 7410 2183 3302 2419 28442 232
internal_count=370251 55716 29038 3412 314535 25626 113005 56988 19715 3271 48222 56017 33305 201530 16444 26678 2850 177228 175045 5235 104353 70692 13283 19780 7410 2183 3302 2419 28442 232
is_linear=0
shrinkage=0.05


Tree=20
num_leaves=31
num_cat=0
split_feature=9 10 10 11 3 8 3 0 3 0 7 5 11 11 9 0 10 11 8 6 8 11 8 11 3 3 0 0 10 6
split_gain=1.18625e+10 1.14129e+09 7.64868e+08 4.65816e+08 4.49659e+08 5.55396e+08 4.18966e+08 4.66135e+08 3.29393e+08 3.17914e+08 2.79591e+08 9.59545e+08 2.94906e+08 2.74127e+08 2.26777e+08 2.2053e+08 2.0681e+08 1.96125e+08 1.88924e+08 2.07977e+08 1.83019e+08 1.78817e+08 1.64796e+08 1.87712e+08 1.63195e+08 1.60218e+08 1.50803e+08 1.38266e+08 1.30345e+08 1.16753e+08
threshold=970.15350000000012 2303.4000000000005 445.16666666666669 4063.2000000000003 13.500000000000002 2340.6650000000004 14.500000000000002 7.5000000000000009 14.500000000000002 7.5000000000000009 1.0000000180025095e-35 1.0000000180025095e-35 220.57500000000002 5660.9350000000004 341.71516666666673 6.5000000000000009 1645.116666666667 1916.8050000000001 354.0535714285715 3.5000000000000004 1669.8157142857144 115.20500000000001 1326.9885714285717 20009.920000000002 14.500000000000002 14.500000000000002 11.500000000000002 12.500000000000002 2720.4666666666672 40.500000000000007
decision_type=2 2 2 2 2 2 2 2 2 2 2 2 2 2 2 2 2 2 2 2 2 2 2 2 2 2 2 2 2 2
left_child=2 6 3 10 9 20 7 15 -5 -3 11 -1 -12 -8 21 -2 -15 -4 19 -19 27 29 23 -18 -20 -14 -10 -6 -22 -13
right_child=1 4 17 8 5 -7 13 -9 26 -11 12 14 25 16 -16 -17 22 18 24 -21 28 -23 -24 -25 -26 -27 -28 -29 -30 -31
leaf_value=-5.5525424872747822 47.856831740859327 174.15276999733666 -1.3028858930859015 8.1629288681776107 35.489717690394045 14.431691561098248 4.5467420175252613 27.278134379694507 -5.280699039368371 52.210928801449512 -10.037424033262052 21.181382477772122 0.16781790932469798 10.771111227305347 37.797772258975058 132.35866451746301 36.058769601716989 15.831867185330857 16.938039239260174 -25.758426507016953 27.329533044445778 0.44799940957702644 17.044139783273348 17.743279381306646 1.3803847738695934 -6.1130615683884164 0.11368320774880059 55.534889058994523 43.129791646355372 -20.577619778907906
leaf_weight=36186 151 55 31377 8501 1693 4065 5086 3918 24726 1896 51941 3080 11429 8498 963 158 2941 4727 1823 321 4948 2195 12602 2668 22367 90968 27217 1749 1773 177
leaf_count=36186 151 55 31377 8501 1693 4065 5086 3918 24726 1896 51941 3080 11429 8498 963 158 2941 4727 1823 321 4948 2195 12602 2668 22367 90968 27217 1749 1773 177
internal_value=0.0158826 22.1068 -3.61045 -4.80046 33.1384 30.0517 17.152 31.941 -0.960946 55.6486 -5.97888 -2.39303 -6.96866 15.1859 15.4293 91.0649 17.2118 1.44257 4.38887 13.1872 36.2993 11.4783 20.2173 27.3467 2.55284 -5.41202 -2.45416 45.6754 31.4976 18.912
internal_weight=370199 52201 317998 257383 16179 14228 36022 4227 60444 1951 196939 42601 154338 31795 6415 309 26709 60615 29238 5048 10163 5452 18211 5609 24190 102397 51943 3442 6721 3257
internal_count=370199 52201 317998 257383 16179 14228 36022 4227 60444 1951 196939 42601 154338 31795 6415 309 26709 60615 29238 5048 10163 5452 18211 5609 24190 102397 51943 3442 6721 3257
is_linear=0
shrinkage=0.05


Tree=21
num_leaves=31
num_cat=0
split_feature=10 1 1 10 11 10 11 3 11 1 11 1 10 3 11 7 5 11 9 9 11 1 8 10 11 8 10 3 3 9
split_gain=1.04838e+10 1.28867e+10 1.89241e+10 1.73929e+09 7.37097e+08 6.74167e+08 6.69729e+08 6.66071e+08 4.40147e+08 3.08503e+08 8.41093e+08 1.40822e+09 3.33625e+08 3.07911e+08 2.57884e+08 2.34168e+08 8.80988e+08 2.70292e+08 2.09892e+08 2.06159e+08 1.91586e+08 1.79086e+08 1.76572e+08 1.69893e+08 1.64377e+08 1.6152e+08 1.55681e+08 1.45335e+08 1.43963e+08 1.36439e+08
threshold=1302.2166666666669 4.5000000000000009 5.5000000000000009 2071.4333333333338 5128.8100000000004 430.50000000000006 4198.1350000000011 14.500000000000002 4198.1350000000011 4.5000000000000009 4198.1350000000011 5.5000000000000009 913.35000000000002 14.500000000000002 13348.465000000002 1.0000000180025095e-35 1.0000000180025095e-35 220.57500000000002 1235.1773333333335 416.29716666666673 8677.3750000000018 3.5000000000000004 391.76500000000004 2577.1000000000004 115.20500000000001 2430.840714285715 1987.5500000000002 14.500000000000002 14.500000000000002 1554.7928333333336
decision_type=2 2 2 2 2 2 2 2 2 2 2 2 2 2 2 2 2 2 2 2 2 2 2 2 2 2 2 2 2 2
left_child=5 7 3 6 -5 8 -3 26 15 22 -11 12 -12 -10 25 16 -1 -17 -8 24 -20 29 -7 -16 -18 -6 -2 -24 -19 -9
right_child=1 2 -4 4 14 9 18 21 13 10 11 -13 -14 -15 23 17 19 28 20 -21 -22 -23 27 -25 -26 -27 -28 -29 -30 -31
leaf_value=-5.5299471550392738 12.691082436627832 12.936566727307378 3.6336562010992455 16.008508983411286 134.62487836504289 3.8087230766209887 84.593926473165894 -3.428818953979746 8.1802620555357244 0.051252164145348333 28.732344124974972 -3.5061863203210422 64.880782629980075 -2.2496536193525283 142.9350844428335 -9.5450949650199988 18.885741495254535 0.081055649045347067 78.272657784770985 45.410452691382829 115.50376407759148 9.8737528826036645 5.4927355816381329 169.10138862850022 1.8011206319523774 82.857150027988197 31.547992308840396 -4.4333688384293604 -5.7928001036652521 3.8018076810914843
leaf_weight=33916 1983 245 7582 114 469 13182 1629 11665 8243 13205 1110 2405 1502 49994 1750 51948 3539 11754 429 504 1776 6507 4267 961 2338 222 2443 27161 92706 14804
leaf_count=33916 1983 245 7582 114 469 13182 1629 11665 8243 13205 1110 2405 1502 49994 1750 51948 3539 11754 429 504 1776 6507 4267 961 2338 222 2443 27161 92706 14804
internal_value=-0.0263381 20.6548 59.5136 115.298 141.07 -3.44825 93.0833 4.88668 -4.59156 1.19076 6.67261 24.1004 49.5191 -0.773379 145.26 -5.72198 -2.32323 -6.59764 98.2048 14.721 108.26 2.44218 -1.04843 152.211 12.0891 117.993 23.0994 -3.0857 -5.13186 0.61524
internal_weight=370353 52579 15177 7595 3516 317774 4079 37402 254942 62832 18222 5017 2612 58237 3402 196705 40297 156408 3834 6381 2205 32976 44610 2711 5877 691 4426 31428 104460 26469
internal_count=370353 52579 15177 7595 3516 317774 4079 37402 254942 62832 18222 5017 2612 58237 3402 196705 40297 156408 3834 6381 2205 32976 44610 2711 5877 691 4426 31428 104460 26469
is_linear=0
shrinkage=0.05


Tree=22
num_leaves=31
num_cat=0
split_feature=9 1 1 11 10 9 3 11 1 10 1 1 11 10 4 6 6 1 11 0 6 11 10 11 3 8 10 8 10 10
split_gain=9.53803e+09 1.06662e+10 1.76598e+10 1.86344e+09 1.05522e+09 6.26891e+08 5.4395e+08 4.87211e+08 5.10366e+08 4.30566e+08 5.23222e+08 1.26019e+09 2.59449e+08 2.47213e+08 2.08484e+08 2.07982e+08 2.06208e+08 1.91874e+08 1.64946e+08 1.64856e+08 1.47066e+08 1.52145e+08 1.35576e+08 1.30734e+08 1.29084e+08 1.44362e+08 2.15986e+08 1.25461e+08 1.46847e+08 1.2215e+08
threshold=970.15350000000012 4.5000000000000009 5.5000000000000009 6373.8900000000003 2303.4000000000005 286.54283333333336 14.500000000000002 1652.8050000000001 3.5000000000000004 941.90000000000009 4.5000000000000009 5.5000000000000009 3139.3800000000006 1832.116666666667 1.5000000000000002 30.500000000000004 31.500000000000004 3.5000000000000004 490.46500000000009 22.500000000000004 30.500000000000004 947.47500000000002 2176.9166666666674 15243.790000000003 14.500000000000002 521.06500000000017 526.50000000000011 2430.840714285715 2444.1500000000001 2394.6000000000004
decision_type=2 2 2 2 2 2 2 2 2 2 2 2 2 2 2 2 2 2 2 2 2 2 2 2 2 2 2 2 2 2
left_child=5 6 3 12 13 16 22 15 14 -10 -11 -12 -3 -5 24 18 20 -8 -7 -19 21 -1 -2 27 -9 26 -26 -6 -29 -4
right_child=1 2 29 4 23 7 17 8 9 10 11 -13 -14 -15 -16 -17 -18 19 -20 -21 -22 -23 -24 -25 25 -27 -28 28 -30 -31
leaf_value=-6.6549549786896467 14.096275486363531 -10.757378798861836 -0.3566620839347785 92.441899387622485 143.03803051372071 -6.9906432628713695 1.0092722355820667 8.7074795931243454 4.6125573843253713 -0.68330676095052212 61.065062196824776 -6.0778050034089084 54.103822190192865 116.07114383492997 -7.2707308727288211 32.19794410437494 -9.5027097297551872 5.4663314312980704 -1.9698743258895324 23.142292953207573 8.8948292839408509 -3.4397228551834278 31.71699846478316 151.9331451162314 -1.0571628171407237 -6.8760969095843656 13.249261122317723 17.169624956916362 118.20204915844027 14.112957516529585
leaf_weight=61077 2607 215 6109 2234 268 26319 26153 4369 25129 1716 1742 1167 545 2194 11204 402 24210 4438 43224 1877 2010 92542 1878 1833 12876 6649 3318 51 122 1916
leaf_count=61077 2607 215 6109 2234 268 26319 26153 4369 25129 1716 1742 1167 545 2194 11204 402 24210 4438 43224 1877 2010 92542 1878 1833 12876 6649 3318 51 122 1916
internal_value=-0.00589315 19.751 54.5835 109.953 118.368 -3.26438 5.15267 -0.730974 2.27711 7.19295 21.213 34.1294 35.7549 104.15 -1.53031 -3.66272 -5.21002 2.89803 -3.87002 10.7201 -4.54224 -4.71806 21.4746 146.053 0.833192 -0.67286 1.87409 121.611 88.4179 3.09802
internal_weight=370394 52440 15487 7462 6702 317954 36953 138115 68170 29754 4625 2909 760 4428 38416 69945 179839 32468 69543 6315 155629 153619 4485 2274 27212 22843 16194 441 173 8025
internal_count=370394 52440 15487 7462 6702 317954 36953 138115 68170 29754 4625 2909 760 4428 38416 69945 179839 32468 69543 6315 155629 153619 4485 2274 27212 22843 16194 441 173 8025
is_linear=0
shrinkage=0.05


Tree=23
num_leaves=31
num_cat=0
split_feature=10 1 1 11 10 1 1 4 10 9 11 7 5 11 1 8 10 8 6 11 4 10 11 8 8 9 8 0 10 8
split_gain=8.69287e+09 9.84829e+09 1.41185e+10 1.24833e+09 9.07727e+08 1.05613e+09 1.75594e+09 1.91255e+09 6.69159e+08 3.23896e+08 2.93195e+08 3.59258e+08 8.45441e+08 2.82752e+08 2.31454e+08 2.01718e+08 1.88384e+08 1.71667e+08 1.58186e+08 1.56828e+08 1.46926e+08 1.44585e+08 1.39e+08 1.37965e+08 1.37463e+08 1.34692e+08 1.27525e+08 1.23797e+08 1.16961e+08 1.25022e+08
threshold=1564.416666666667 4.5000000000000009 5.5000000000000009 5216.2050000000008 586.83333333333337 4.5000000000000009 5.5000000000000009 1.5000000000000002 2303.4000000000005 139.06500000000003 1133.1150000000002 1.0000000180025095e-35 1.0000000180025095e-35 3196.5550000000007 3.5000000000000004 148.0407142857143 1160.1500000000003 125.38857142857144 30.500000000000004 15243.790000000003 1.5000000000000002 1853.7000000000003 29214.375000000004 2430.840714285715 545.30214285714294 314.63633333333343 631.65142857142871 21.500000000000004 2519.2500000000005 2133.8221428571437
decision_type=2 2 2 2 2 2 2 2 2 2 2 2 2 2 2 2 2 2 2 2 2 2 2 2 2 2 2 2 2 2
left_child=4 14 3 -3 9 20 7 -7 21 -1 11 12 18 -9 22 -14 -15 -12 -11 -10 26 -5 28 -23 -16 -19 -6 -26 -2 -30
right_child=1 2 -4 8 5 6 -8 13 19 10 17 -13 15 16 24 -17 -18 25 -20 -21 -22 23 -24 -25 27 -27 -28 -29 29 -31
leaf_value=-7.002304903486567 4.1030808206591072 14.679368815055263 5.4531407994392262 91.506055519247752 6.2148746171335301 2.1797711236233788 -2.5165668020793892 11.184317863062731 113.28197147322388 -4.3120072842420631 3.6373219219108162 -7.1344381950457008 25.821269716603833 47.401341560308573 97.200205276489271 -0.49467048555484655 70.588513703544734 -3.415724900082254 24.727549285174543 145.26464535138342 -3.9536453607476014 115.95803210576335 -2.5474993413508966 71.767560400913666 9.290063501740379 0.27057477287922643 -3.9412836085785461 25.021840512755887 27.146741731451552 6.8410905041884362
leaf_weight=63160 14752 312 6211 1428 9218 2795 6707 317 487 27798 15431 64666 3330 1555 50 932 2006 65003 477 1800 19078 1972 6504 194 4221 40046 4650 1777 1231 1973
leaf_count=63160 14752 312 6211 1428 9218 2795 6707 317 487 27798 15431 64666 3330 1555 50 932 2006 65003 477 1800 19078 1972 6504 194 4221 40046 4650 1777 1231 1973
internal_value=-0.00503943 21.1542 58.7195 112.141 -2.78032 3.70425 15.5507 33.7101 117.311 -3.84997 -2.93533 -4.97826 -0.692945 56.435 5.88082 20.0666 60.4633 -1.2871 -3.82211 138.454 -1.10684 103.857 3.71524 112 14.6391 -2.01046 2.80947 13.9508 5.98372 14.6427
internal_weight=370081 42912 12404 6193 327169 46326 13380 6673 5881 280843 217683 97203 32537 3878 30508 4262 3561 120480 28275 2287 32946 3594 24460 2166 6048 105049 13868 5998 17956 3204
internal_count=370081 42912 12404 6193 327169 46326 13380 6673 5881 280843 217683 97203 32537 3878 30508 4262 3561 120480 28275 2287 32946 3594 24460 2166 6048 105049 13868 5998 17956 3204
is_linear=0
shrinkage=0.05


Tree=24
num_leaves=31
num_cat=0
split_feature=10 1 1 11 10 1 1 11 10 3 10 3 6 6 11 3 11 7 5 8 8 8 10 11 4 8 3 11 8 11
split_gain=8.01565e+09 8.91207e+09 1.23593e+10 1.02788e+09 9.11285e+08 1.26325e+09 2.07932e+09 1.67146e+09 5.08334e+08 4.89077e+08 3.62163e+08 3.3441e+08 2.22907e+08 2.6876e+08 2.58336e+08 1.92479e+08 1.83643e+08 2.67787e+08 5.72543e+08 1.77162e+08 1.71194e+08 1.66667e+08 1.90434e+08 1.57434e+08 1.47645e+08 1.27136e+08 1.26723e+08 1.16315e+08 1.29464e+08 1.14795e+08
threshold=1625.5000000000002 4.5000000000000009 5.5000000000000009 6373.8900000000003 615.83333333333337 4.5000000000000009 5.5000000000000009 4412.9450000000006 2303.4000000000005 14.500000000000002 1160.1500000000003 14.500000000000002 28.500000000000004 27.500000000000004 536.79000000000008 269.50000000000006 617.29000000000008 1.0000000180025095e-35 1.0000000180025095e-35 1.0000000180025095e-35 84.250714285714295 2340.6650000000004 2303.4000000000005 29214.375000000004 1.5000000000000002 1669.8157142857144 14.500000000000002 24530.555000000004 1326.9885714285717 3030.5600000000004
decision_type=2 2 2 2 2 2 2 2 2 2 2 2 2 2 2 2 2 2 2 2 2 2 2 2 2 2 2 2 2 2
left_child=4 9 3 29 11 24 7 -7 15 -2 -9 12 13 14 -1 -5 17 18 -13 -18 -21 22 27 -24 -6 -10 -26 28 -11 -3
right_child=1 2 -4 8 5 6 -8 10 25 21 -12 16 -14 -15 -16 -17 19 -19 -20 20 -22 -23 23 -25 26 -27 -28 -29 -30 -31
leaf_value=-6.0168845153343655 23.408413056894521 -12.781998798634746 6.426166770770263 105.52383131102259 3.5203783152151895 5.641388806094195 -2.7938882250189958 40.378880553799526 155.29004836476656 13.079405010080391 71.160742734462161 -6.1144349818218995 -9.9391133126087041 39.569993267206804 4.8341880397910062 58.426008771831157 -8.4281964778532075 -7.6852646095081001 14.479875740840795 2.4400216036560365 -3.3009676785458923 -6.1141081447446171 18.125576455462902 3.065632186636253 7.821643833435612 126.72571215761536 -5.0904269648762206 -5.526591936706895 0.99268400374334564 48.382573079315478
leaf_weight=7391 3551 101 5868 2974 10552 2506 6395 1672 502 3187 2230 12771 3991 485 21270 234 15222 63070 4587 14285 142736 3765 4225 2945 2119 1739 18405 3811 7268 319
leaf_count=7391 3551 101 5868 2974 10552 2506 6395 1672 502 3187 2230 12771 3991 485 21270 234 15222 63070 4587 14285 142736 3765 4225 2945 2119 1739 18405 3811 7268 319
internal_value=0.0287171 21.0238 57.739 109.043 -2.5497 4.15926 17.3766 37.5061 114.852 6.03609 57.9708 -3.5797 1.14304 2.66053 2.03595 102.088 -4.19907 -6.17171 -0.672212 -3.27796 -2.77868 3.5882 5.29231 11.9399 -1.28614 133.124 -3.75732 1.95129 4.67708 33.6739
internal_weight=370176 40489 11737 5869 329687 43879 12803 6408 5449 28752 3902 285808 33137 29146 28661 3208 252671 80428 17358 172243 157021 25201 21436 7170 31076 2241 20524 14266 10455 420
internal_count=370176 40489 11737 5869 329687 43879 12803 6408 5449 28752 3902 285808 33137 29146 28661 3208 252671 80428 17358 172243 157021 25201 21436 7170 31076 2241 20524 14266 10455 420
is_linear=0
shrinkage=0.05


Tree=25
num_leaves=31
num_cat=0
split_feature=10 10 3 3 10 8 0 0 4 6 6 8 0 8 10 11 11 9 11 6 8 7 8 3 7 6 10 8 8 3
split_gain=7.12495e+09 8.32161e+08 5.49223e+08 3.08651e+08 2.98297e+08 3.86031e+08 2.9015e+08 2.37006e+08 2.11583e+08 2.46977e+08 2.04618e+08 2.02381e+08 1.96905e+08 1.84027e+08 1.73689e+08 1.68937e+08 2.0344e+08 1.63842e+08 1.73453e+08 2.90289e+08 2.11616e+08 1.92553e+08 1.8136e+08 1.60527e+08 1.4172e+08 1.27405e+08 1.24662e+08 1.2596e+08 1.18667e+08 1.1579e+08
threshold=1645.116666666667 605.50000000000011 14.500000000000002 14.500000000000002 2519.2500000000005 2266.1771428571433 7.5000000000000009 6.5000000000000009 1.5000000000000002 28.500000000000004 27.500000000000004 1879.7300000000002 19.500000000000004 564.9000000000002 1987.5500000000002 35421.660000000011 13772.890000000001 154.58816666666669 728.95500000000004 29.500000000000004 192.41642857142861 1.0000000180025095e-35 148.0407142857143 14.500000000000002 15.500000000000002 13.500000000000002 2469.5833333333335 3218.1678571428579 1669.8157142857144 263.50000000000006
decision_type=2 2 2 2 2 2 2 2 2 2 2 2 2 2 2 2 2 2 2 2 2 2 2 2 2 2 2 2 2 2
left_child=1 3 6 8 11 15 7 -2 9 10 24 12 29 -14 -15 16 -6 -5 19 -19 -20 22 -21 -3 -1 -26 -8 -28 -18 -4
right_child=2 23 4 17 5 -7 26 -9 -10 -11 -12 -13 13 14 -16 -17 28 18 20 21 -22 -23 -24 -25 25 -27 27 -29 -30 -31
leaf_value=-0.56443304689202278 39.554049341853073 12.369160903700893 16.469846135619949 -6.1229352897714726 21.674348322821611 12.767584646133882 26.934949176619792 125.50104015374639 -6.3646518319985459 -9.3469370911512843 37.153167772146823 8.7857630363112005 120.60742221069336 16.715586885141974 32.95184135022722 24.045873224695484 69.786942100368819 -6.169848684132905 1.2828068766889815 26.137423036508057 -3.4109527677991247 -7.8662021743042487 -5.4412616194333596 2.8116359003134641 7.1855453118819854 56.186827961722422 55.959397316241876 25.073554886798583 43.461940298363885 2.9901947935067286
leaf_weight=8571 164 4918 9784 67133 806 3214 3190 157 7331 3374 489 8322 50 3516 3099 2023 611 59752 33047 1627 87841 1144 631 41185 13179 134 907 519 1430 1903
leaf_count=8571 164 4918 9784 67133 806 3214 3190 157 7331 3374 489 8322 50 3516 3099 2023 611 59752 33047 1627 87841 1144 631 41185 13179 134 907 519 1430 1903
internal_value=0.00494769 -2.40001 20.0198 -3.41064 17.8033 26.2172 35.6251 81.5904 1.1295 3.26333 5.16504 15.2533 18.1861 25.0443 24.322 35.0934 42.9434 -4.00855 -3.23728 -5.36098 -2.12783 8.84574 17.3127 3.83118 4.45026 7.67876 32.4287 44.7183 51.3427 14.2749
internal_weight=370051 330356 39695 284253 34758 8084 4937 321 33078 25747 22373 26674 18352 6665 6615 4870 2847 251175 184042 63154 120888 3402 2258 46103 21884 13313 4616 1426 2041 11687
internal_count=370051 330356 39695 284253 34758 8084 4937 321 33078 25747 22373 26674 18352 6665 6615 4870 2847 251175 184042 63154 120888 3402 2258 46103 21884 13313 4616 1426 2041 11687
is_linear=0
shrinkage=0.05


Tree=26
num_leaves=31
num_cat=0
split_feature=9 10 3 9 8 11 10 3 7 5 6 0 6 11 0 0 3 8 8 3 0 11 8 9 8 8 8 7 8 11
split_gain=6.3734e+09 7.40453e+08 4.6468e+08 4.51208e+08 3.59034e+08 2.71993e+08 2.34506e+08 2.00274e+08 1.83396e+08 4.35776e+08 1.73723e+08 1.72638e+08 1.57659e+08 1.78955e+08 1.52153e+08 1.83447e+08 1.48054e+08 1.46675e+08 1.42998e+08 1.39315e+08 1.38538e+08 1.29902e+08 1.27524e+08 1.61032e+08 1.22864e+08 1.15358e+08 1.14655e+08 1.1054e+08 1.07935e+08 1.03185e+08
threshold=970.15350000000012 1987.5500000000002 14.500000000000002 346.76666666666671 1972.967142857143 2637.7050000000004 2548.1500000000001 14.500000000000002 1.0000000180025095e-35 1.0000000180025095e-35 31.500000000000004 19.500000000000004 30.500000000000004 1030.575 7.5000000000000009 6.5000000000000009 14.500000000000002 874.19928571428591 181.44500000000002 14.500000000000002 7.5000000000000009 10302.135000000002 319.80714285714294 213.53250000000006 115.78214285714287 1.0000000180025095e-35 1518.4428571428573 26.500000000000004 1295.9014285714288 35421.660000000011
decision_type=2 2 2 2 2 2 2 2 2 2 2 2 2 2 2 2 2 2 2 2 2 2 2 2 2 2 2 2 2 2
left_child=3 19 14 10 6 8 11 -7 9 -5 12 26 13 -1 15 -3 -15 -13 25 20 -2 -6 23 -18 -14 -9 -4 -27 -21 -8
right_child=1 2 4 5 21 7 29 18 -10 -11 -12 17 24 16 -16 -17 22 -19 -20 28 -22 -23 -24 -25 -26 27 -28 -29 -30 -31
leaf_value=-5.4501895880923845 60.606904982436788 32.775992217866502 23.609155185494767 -0.78395265243840662 3.0595133999811912 11.405615211095764 46.115961963200768 -12.811006188782423 -5.6613502338835282 34.149265078383472 -7.9648094256188218 106.88662952985919 17.622943438152898 3.6289549577672098 36.345996080114979 127.38330434652477 -3.7533836208006544 28.718356354896699 0.79809129539919921 11.839086257874715 17.248410575759831 15.702359525282038 -6.3875501961916035 0.83727393483218848 -7.5328975804896219 24.467508037752577 10.746588559163131 -0.67687095484457727 4.8107813358791738 26.829035821739115
leaf_weight=78982 198 101 3224 38384 2736 6373 1567 367 22141 914 24258 61 1539 9508 3220 104 49948 3704 30945 11521 2649 7893 20797 30934 709 1575 3745 605 10388 1244
leaf_count=78982 198 101 3224 38384 2736 6373 1567 367 22141 914 24258 61 1539 9508 3220 104 49948 3704 30945 11521 2649 7893 20797 30934 709 1575 3745 605 10388 1244
internal_value=-0.0279886 16.1371 21.7687 -2.68956 19.3267 0.0649859 24.7245 3.28133 -2.02195 0.0285305 -3.97742 21.3578 -3.47473 -3.63034 39.0051 80.7719 -2.33761 29.9848 1.7354 9.85877 20.2639 12.448 -2.89554 -1.99765 9.68901 13.1234 16.6971 17.4894 8.50666 37.5806
internal_weight=370334 52355 27599 317979 24174 101304 13545 39865 61439 39298 216675 10734 192417 190169 3425 205 111187 3765 33492 24756 2847 10629 101679 80882 2248 2547 6969 2180 21909 2811
internal_count=370334 52355 27599 317979 24174 101304 13545 39865 61439 39298 216675 10734 192417 190169 3425 205 111187 3765 33492 24756 2847 10629 101679 80882 2248 2547 6969 2180 21909 2811
is_linear=0
shrinkage=0.05


Tree=27
num_leaves=31
num_cat=0
split_feature=10 1 1 11 10 1 1 10 10 3 11 11 3 7 5 9 8 11 8 8 9 8 8 11 10 3 0 11 9 3
split_gain=5.84663e+09 7.91648e+09 1.12512e+10 9.45673e+08 6.14418e+08 6.21473e+08 1.12418e+09 2.19214e+09 5.68741e+08 3.68315e+08 2.91275e+08 2.44322e+08 2.07746e+08 1.97254e+08 5.65926e+08 1.70945e+08 1.90964e+08 1.64647e+08 1.54241e+08 1.5188e+08 1.70532e+08 1.85381e+08 1.4116e+08 1.70396e+08 1.58769e+08 1.46068e+08 1.34048e+08 1.26904e+08 1.26241e+08 1.24791e+08
threshold=1564.416666666667 4.5000000000000009 5.5000000000000009 5128.8100000000004 486.50000000000006 4.5000000000000009 5.5000000000000009 828.96666666666681 2220.0000000000005 14.500000000000002 4063.2000000000003 3410.4700000000003 14.500000000000002 1.0000000180025095e-35 1.0000000180025095e-35 203.6431666666667 181.44500000000002 192.04500000000004 426.64000000000004 2340.6650000000004 1734.5108333333335 1518.4428571428573 2693.3414285714293 16431.460000000003 2762.7666666666669 269.50000000000006 11.500000000000002 2591.4600000000005 724.95550000000014 269.50000000000006
decision_type=2 2 2 2 2 2 2 2 2 2 2 2 2 2 2 2 2 2 2 2 2 2 2 2 2 2 2 2 2 2
left_child=4 9 3 -3 10 18 7 27 29 -2 13 -9 -12 14 -1 -16 -17 -15 -6 20 -11 -22 24 -24 25 -10 -14 -7 -13 -5
right_child=1 2 -4 8 5 6 -8 11 22 19 12 28 26 17 15 16 -18 -19 -20 -21 21 -23 23 -25 -26 -27 -28 -29 -30 -31
leaf_value=-3.5338081524553964 18.403300073337491 12.393947410751259 3.4926403108020994 91.552723144236921 4.0773394668594767 -1.0284764756316094 -2.4500710696628305 6.0396968825982542 123.6306965636423 -0.74826656988334173 6.9283163690496643 41.826455737078312 -4.1217938087016286 -7.4353732967889758 3.9333368422742723 26.789791151696775 -1.83736692322344 -3.9572089158550039 -2.6921919480221521 -7.6413169007611259 20.554925154523872 4.3596446549967949 53.951419437292856 117.47808280267814 154.65099469167171 76.268847580750787 0.95356568986872592 15.55478598276774 64.102141723138999 53.69119233253155
leaf_weight=43023 3720 302 6215 2945 11225 4183 9176 245 1703 12627 8596 883 24813 50651 3089 2562 754 103653 33605 3804 2265 8036 165 293 377 180 27349 1593 2274 235
leaf_count=43023 3720 302 6215 2945 11225 4183 9176 245 1703 12627 8596 883 24813 50651 3089 2562 754 103653 33605 3804 2265 8036 165 293 377 180 27349 1593 2274 235
internal_value=0.0176393 17.3822 51.0341 98.6905 -2.25403 2.17575 9.92566 22.2987 103.109 3.66266 -3.31226 54.139 -0.27386 -4.21839 -1.46951 12.3966 20.2805 -5.09893 -0.997167 1.61137 3.14649 7.92069 119.904 94.5918 125.033 119.103 -1.46074 3.54513 57.8717 88.7548
internal_weight=370541 42867 12415 6200 327674 63184 18354 9178 5898 30452 264490 3402 60758 203732 49428 6405 3316 154304 44830 26732 22928 10301 2718 458 2260 1883 52162 5776 3157 3180
internal_count=370541 42867 12415 6200 327674 63184 18354 9178 5898 30452 264490 3402 60758 203732 49428 6405 3316 154304 44830 26732 22928 10301 2718 458 2260 1883 52162 5776 3157 3180
is_linear=0
shrinkage=0.05


Tree=28
num_leaves=31
num_cat=0
split_feature=9 1 1 11 9 11 9 3 11 1 10 1 1 7 5 4 1 8 10 3 3 0 1 8 6 6 3 8 10 8
split_gain=5.2138e+09 7.0901e+09 1.16871e+10 1.19961e+09 6.77491e+08 3.94724e+08 3.94433e+08 3.71162e+08 3.32544e+08 3.6499e+08 3.24067e+08 3.76211e+08 8.82056e+08 1.81811e+08 4.81857e+08 1.54958e+08 1.49804e+08 1.4227e+08 1.7051e+08 1.31214e+08 1.21784e+08 1.19247e+08 1.18692e+08 1.17574e+08 1.09508e+08 1.09192e+08 1.02247e+08 1.23999e+08 1.81843e+08 1.01211e+08
threshold=970.15350000000012 4.5000000000000009 5.5000000000000009 9772.6550000000025 1630.4328333333335 4198.1350000000011 247.14483333333337 14.500000000000002 1427.5150000000001 3.5000000000000004 941.90000000000009 4.5000000000000009 5.5000000000000009 1.0000000180025095e-35 1.0000000180025095e-35 1.5000000000000002 3.5000000000000004 1669.8157142857144 2720.4666666666672 276.50000000000006 38.500000000000007 22.500000000000004 5.5000000000000009 192.41642857142861 31.500000000000004 30.500000000000004 14.500000000000002 476.29857142857151 526.50000000000011 2899.4528571428577
decision_type=2 2 2 2 2 2 2 2 2 2 2 2 2 2 2 2 2 2 2 2 2 2 2 2 2 2 2 2 2 2
left_child=6 7 3 5 -5 -3 24 -2 13 15 22 -12 -13 14 25 26 -9 20 19 -19 -6 -18 -11 -16 -1 -8 -10 28 -28 -7
right_child=1 2 -4 4 17 29 8 16 9 10 11 12 -14 -15 23 -17 21 18 -20 -21 -22 -23 -24 -25 -26 -27 27 -29 -30 -31
leaf_value=-3.6676531429433292 16.226498807673462 4.7343875275863398 1.1876954984122108 81.166096611365333 176.29059412124309 66.986784390840484 -2.248017385900777 -0.78290040123187721 6.6636358234711501 5.3718112111728935 -1.126160005130507 50.548641300113616 -5.815710555991302 -5.5444708436287291 28.124164363430175 -6.0978887252285245 3.3182322881729664 104.80078327091742 134.14721540167477 40.745867985770815 124.6665794671176 18.285041349355641 -0.92249239907806602 -2.0925713516244988 -7.3362153272407147 30.708438685948671 -0.75001763141943245 -5.5435982437423279 11.72356025459373 2.9492428236741288
leaf_weight=125741 4492 364 7994 2755 141 1216 38163 26133 5264 23036 1718 1765 1144 38645 1721 13217 4476 1658 528 84 602 1894 11098 396 24268 253 18411 9776 3473 65
leaf_count=125741 4492 364 7994 2755 141 1216 38163 26133 5264 23036 1718 1765 1144 38645 1721 13217 4476 1658 528 84 602 1894 11098 396 24268 253 18411 9776 3473 65
internal_value=0.0100362 14.6237 43.123 88.3451 99.0865 50.6814 -2.39742 2.75481 -0.73407 1.36479 5.00858 17.4261 28.3827 -3.09069 -0.751211 -1.45201 0.892986 115.472 109.256 101.712 134.463 7.76833 3.32534 22.4719 -4.26114 -2.03097 0.210988 -0.861872 1.22954 63.7374
internal_weight=370491 52402 15407 7413 5768 1645 318089 36995 168080 88902 38761 4627 2909 79178 40533 50141 32503 3013 2270 1742 743 6370 34134 2117 150009 38416 36924 31660 21884 1281
internal_count=370491 52402 15407 7413 5768 1645 318089 36995 168080 88902 38761 4627 2909 79178 40533 50141 32503 3013 2270 1742 743 6370 34134 2117 150009 38416 36924 31660 21884 1281
is_linear=0
shrinkage=0.05


Tree=29
num_leaves=31
num_cat=0
split_feature=10 1 1 11 10 1 11 1 10 9 3 11 0 11 8 8 10 11 3 7 5 11 9 8 9 11 3 11 8 10
split_gain=4.94183e+09 6.43446e+09 8.81479e+09 6.23862e+08 5.80123e+08 5.62107e+08 9.85786e+08 2.25472e+09 3.65525e+08 3.46761e+08 3.39968e+08 2.6327e+08 1.88169e+08 1.65706e+08 1.53667e+08 1.49031e+08 1.65563e+08 1.78918e+08 1.4704e+08 1.35463e+08 5.21721e+08 1.40462e+08 1.38229e+08 1.347e+08 1.31133e+08 1.31266e+08 1.27806e+08 1.22357e+08 1.21711e+08 1.67582e+08
threshold=1645.116666666667 4.5000000000000009 5.5000000000000009 8677.3750000000018 430.50000000000006 4.5000000000000009 4198.1350000000011 5.5000000000000009 1136.4000000000003 1630.4328333333335 14.500000000000002 4002.1250000000005 11.500000000000002 4875.8000000000002 391.76500000000004 2340.6650000000004 2548.1500000000001 24530.555000000004 276.50000000000006 1.0000000180025095e-35 1.0000000180025095e-35 192.04500000000004 416.29716666666673 1451.2592857142861 271.65833333333336 8101.5250000000005 14.500000000000002 115.20500000000001 1554.1278571428572 2609.7166666666667
decision_type=2 2 2 2 2 2 2 2 2 2 2 2 2 2 2 2 2 2 2 2 2 2 2 2 2 2 2 2 2 2
left_child=4 10 3 13 11 14 -7 8 -8 -5 -2 19 -13 -3 -6 16 17 23 28 20 -1 -21 27 -12 -14 -26 -16 -22 -11 -30
right_child=1 2 -4 9 5 6 7 -9 -10 18 15 12 24 -15 26 -17 -18 -19 -20 21 22 -23 -24 -25 25 -27 -28 -29 29 -31
leaf_value=-3.9057907741520701 18.458964969091902 14.157753521463148 4.2905168780270362 81.319903430016836 3.794230042342273 0.28000313956188733 30.512977327392708 -4.6530384895185621 59.932995409769767 133.94982650199259 11.762258213835757 -3.3278761984282457 -0.67810705659142623 65.066769609924492 4.9637374589786241 -7.3325193866956972 13.588644817215377 -6.1067447716171301 70.028792681901351 -6.8404180788711137 15.402946150680876 -3.621759558419555 37.033229746885837 0.87177795517124901 3.0492523854488383 13.814967605004989 -3.4752996069442115 0.67601319167751861 97.915404788350742 126.37418147304992
leaf_weight=33653 3504 230 5716 1875 13322 13455 1849 4048 2461 502 4473 27582 18163 524 5142 3771 3386 5356 230 50643 3548 102501 496 7774 12257 3682 35192 2341 1643 755
leaf_count=33653 3504 230 5716 1875 13322 13455 1849 4048 2461 502 4473 27582 18163 524 5142 3771 3386 5356 230 50643 3548 102501 496 7774 12257 3682 35192 2341 1643 755
internal_value=0.0431386 16.7017 48.2778 91.9366 -1.96087 1.88969 8.65748 22.1438 47.3117 98.324 3.88206 -3.10108 -0.257191 49.5375 -0.861646 1.81916 3.4634 1.51577 108.51 -4.00914 -1.41967 -4.68613 11.6837 4.84933 2.22641 5.53619 -2.39944 9.54868 111.562 106.876
internal_weight=370074 39739 11475 5759 330335 75469 21813 8358 4310 5005 28264 254866 61684 754 53656 24760 20989 17603 3130 193182 40038 153144 6385 12247 34102 15939 40334 5889 2900 2398
internal_count=370074 39739 11475 5759 330335 75469 21813 8358 4310 5005 28264 254866 61684 754 53656 24760 20989 17603 3130 193182 40038 153144 6385 12247 34102 15939 40334 5889 2900 2398
is_linear=0
shrinkage=0.05


Tree=30
num_leaves=31
num_cat=0
split_feature=10 1 1 10 1 1 4 10 3 6 3 3 10 4 8 6 6 7 8 8 9 0 4 6 1 9 8 10 8 9
split_gain=4.33498e+09 5.67878e+09 8.05384e+09 5.11658e+08 5.91762e+08 1.06412e+09 1.76695e+09 4.06524e+08 2.90139e+08 2.32197e+08 2.26305e+08 2.13805e+08 1.71541e+08 1.69448e+08 1.50617e+08 1.45021e+08 1.52388e+08 1.44244e+08 1.38652e+08 1.36594e+08 2.04306e+08 1.23267e+08 1.21734e+08 1.16304e+08 1.1579e+08 1.16572e+08 1.14605e+08 1.11012e+08 1.01387e+08 9.52055e+07
threshold=1645.116666666667 4.5000000000000009 5.5000000000000009 513.50000000000011 4.5000000000000009 5.5000000000000009 1.5000000000000002 2577.1000000000004 14.500000000000002 3.5000000000000004 269.50000000000006 14.500000000000002 1965.7166666666669 1.0000000180025095e-35 2430.840714285715 28.500000000000004 27.500000000000004 14.500000000000002 3218.1678571428579 1518.4428571428573 1554.7928333333336 19.500000000000004 1.5000000000000002 13.500000000000002 3.5000000000000004 1804.4843333333336 538.98785714285725 1160.1500000000003 1554.1278571428572 116.33033333333334
decision_type=2 2 2 2 2 2 2 2 2 2 2 2 2 2 2 2 2 2 2 2 2 2 2 2 2 2 2 2 2 2
left_child=3 8 7 11 22 6 -6 10 24 27 12 13 -3 15 -9 16 17 -1 28 20 -10 -22 26 -19 -2 -26 -5 -8 -14 -13
right_child=1 2 -4 4 5 -7 9 14 19 -11 -12 29 18 -15 -16 -17 -18 23 -20 -21 21 -23 -24 -25 25 -27 -28 -29 -30 -31
leaf_value=-6.2244001893108418 12.464859136390553 70.107718071197468 3.2678003633738144 4.7319882158439404 0.39876412999514321 -2.2718033260937158 36.794023158428381 127.68213749897632 -0.049957610106027138 -61.959244457721709 43.208772540784452 -5.4692286289875405 108.44651052342311 -3.6099180693664468 89.918061973026823 -7.7006070620984133 32.875724800940482 6.2945384193824818 24.844514148266285 -1.1011082305005129 9.5981979847051715 29.427527773509389 -3.5990217691189486 53.451249664480031 14.285636631271544 55.368478351949641 -2.5343295483685875 53.192868975360319 86.795632842820183 -2.8623449864756125
leaf_weight=2535 2858 1531 5762 12966 4516 8873 1758 711 4919 50 379 42681 753 11967 420 2343 496 13825 77 16135 2678 1108 21230 132 338 353 9332 2499 1918 195210
leaf_count=2535 2858 1531 5762 12966 4516 8873 1758 711 4919 50 379 42681 753 11967 420 2343 496 13825 77 16135 2678 1108 21230 132 338 353 9332 2499 1918 195210
internal_value=0.000157216 15.5591 45.116 -1.88059 2.24512 9.95468 22.2505 86.769 3.53291 45.1625 80.2401 -2.81894 83.52 1.06597 113.658 3.96061 5.56893 4.74768 90.9925 1.62228 6.67018 15.4014 -0.889143 6.74053 16.9057 35.273 1.69094 46.4207 92.8994 -3.33006
internal_weight=370353 39940 11551 330413 61224 17696 8823 5789 28389 4307 4658 269189 4279 31298 1131 19331 16988 16492 2748 24840 8705 3786 43528 13957 3549 691 22298 4257 2671 237891
internal_count=370353 39940 11551 330413 61224 17696 8823 5789 28389 4307 4658 269189 4279 31298 1131 19331 16988 16492 2748 24840 8705 3786 43528 13957 3549 691 22298 4257 2671 237891
is_linear=0
shrinkage=0.05


Tree=31
num_leaves=31
num_cat=0
split_feature=9 10 9 3 3 8 11 6 8 11 9 3 11 8 10 6 8 6 11 8 10 8 3 11 8 3 0 10 0 0
split_gain=3.90572e+09 4.99723e+08 2.94886e+08 3.09064e+08 2.61156e+08 3.53602e+08 1.94872e+08 2.20182e+08 2.19356e+08 1.56062e+08 1.47584e+08 1.44637e+08 1.41222e+08 1.38368e+08 1.33853e+08 1.4942e+08 1.27616e+08 1.20419e+08 1.26537e+08 1.05303e+08 1.04536e+08 1.58694e+08 1.40426e+08 8.66158e+07 8.58821e+07 8.29718e+07 1.44033e+08 7.97718e+07 7.95792e+07 1.04915e+08
threshold=970.15350000000012 2261.6500000000001 221.83983333333336 14.500000000000002 13.500000000000002 2340.6650000000004 758.16500000000008 30.500000000000004 292.85642857142869 32951.680000000008 468.4738333333334 263.50000000000006 6599.3550000000005 532.87500000000011 383.83333333333343 4.5000000000000009 3218.1678571428579 27.500000000000004 594.3900000000001 1669.8157142857144 1745.4833333333336 1791.3400000000004 14.500000000000002 1240.4600000000003 1066.9100000000003 138.50000000000003 20.500000000000004 2609.7166666666667 25.500000000000004 27.500000000000004
decision_type=2 2 2 2 2 2 2 2 2 2 2 2 2 2 2 2 2 2 2 2 2 2 2 2 2 2 2 2 2 2
left_child=2 11 -1 17 16 9 7 -5 14 12 -10 20 -6 -12 -8 23 27 18 -4 -14 24 22 -22 -16 -2 -24 -27 -3 -28 -30
right_child=1 4 3 6 5 -7 8 -9 10 -11 13 -13 19 -15 15 -17 -18 -19 -20 -21 21 -23 25 -25 -26 26 28 -29 29 -31
leaf_value=-3.9267918800701924 12.911858715974502 35.244061400220652 -2.8300193850750452 -4.5779245821346546 5.5786010269561537 5.0434764011395146 1.0573462033446843 23.779769350661326 -3.9650779314593692 14.106804359900288 5.3814631460443669 -0.75632629800624895 37.74475746064379 -1.6476663610467093 1.747235456692624 -21.188190327479603 17.045449839027011 37.556391038695971 5.8562221802290679 24.188661348244992 39.576348852361527 6.7852161900270493 14.119418225967861 13.10787221369567 4.6107157210790772 88.893233056944254 3.7830389011907215 59.309846118715271 80.054289730464191 10.971645409238022
leaf_weight=129046 4485 963 5345 50065 736 4301 28976 694 42389 4101 10064 3323 2146 23005 2390 411 631 270 19448 4309 636 6419 8933 5630 10206 98 262 536 107 113
leaf_count=129046 4485 963 5345 50065 736 4301 28976 694 42389 4101 10064 3323 2146 23005 2390 411 631 270 19448 4309 636 6419 8933 5630 10206 98 262 536 107 113
internal_value=-0.000703683 12.66 -2.0849 -0.825196 19.4868 17.2436 -1.61718 -4.19021 -0.460007 21.8905 -2.012 9.16128 26.3294 0.491532 2.67069 8.2155 35.9088 4.34527 3.9836 28.6955 10.2156 12.9383 16.83 9.72235 7.14496 15.3093 33.635 43.8493 22.3999 44.5709
internal_weight=370038 52305 317733 188687 17723 15593 163624 50759 112865 11292 75458 34582 7191 33069 37407 8431 2130 25063 24793 6455 31259 16568 10149 8020 14691 9513 580 1499 482 220
internal_count=370038 52305 317733 188687 17723 15593 163624 50759 112865 11292 75458 34582 7191 33069 37407 8431 2130 25063 24793 6455 31259 16568 10149 8020 14691 9513 580 1499 482 220
is_linear=0
shrinkage=0.05


Tree=32
num_leaves=31
num_cat=0
split_feature=9 1 1 11 10 9 3 3 11 1 10 1 1 6 8 11 6 8 1 3 11 0 11 8 3 10 8 10 9 8
split_gain=3.55918e+09 5.26035e+09 8.72611e+09 1.00788e+09 4.67254e+08 2.76677e+08 2.92936e+08 2.39112e+08 1.80602e+08 2.49049e+08 2.00224e+08 2.31886e+08 5.56739e+08 1.74366e+08 1.42823e+08 1.42483e+08 1.39925e+08 1.39526e+08 1.38287e+08 1.34015e+08 1.33475e+08 1.31128e+08 1.28721e+08 1.09192e+08 1.07675e+08 1.11345e+08 1.04663e+08 9.85672e+07 9.85545e+07 9.72444e+07
threshold=970.15350000000012 4.5000000000000009 5.5000000000000009 6264.1650000000009 2090.7166666666667 205.2346666666667 14.500000000000002 14.500000000000002 1427.5150000000001 3.5000000000000004 941.90000000000009 4.5000000000000009 5.5000000000000009 30.500000000000004 310.66500000000002 2979.9050000000002 27.500000000000004 292.85642857142869 3.5000000000000004 262.50000000000006 12198.740000000002 22.500000000000004 536.79000000000008 179.24214285714291 19.500000000000004 2720.4666666666672 1669.8157142857144 392.78333333333336 1270.8481666666669 2430.840714285715
decision_type=2 2 2 2 2 2 2 2 2 2 2 2 2 2 2 2 2 2 2 2 2 2 2 2 2 2 2 2 2 2
left_child=5 7 3 15 19 -1 16 -2 13 14 17 -12 -13 -8 -10 -3 22 27 -9 28 29 -20 -7 -15 -22 26 -26 -11 -5 -6
right_child=1 2 -4 4 20 6 8 18 9 10 11 12 -14 23 -16 -17 -18 -19 21 -21 24 -23 -24 -25 25 -27 -28 -29 -30 -31
leaf_value=-3.9359869664984908 12.696838484819478 -14.811924242973328 0.33375822834476054 61.82771545247877 87.370675079382153 -3.5005238112425539 -3.550054537003394 -1.2168074888712743 0.84532584815632272 3.69115671058064 -2.1911283751777413 40.740646657172235 -6.0156631600157544 28.857397019686523 -4.4566522733739804 34.02066750796336 36.912666039974432 -0.87366991059424781 2.2896108393143733 39.951925695533532 124.13917687810027 17.996349757345993 5.3782066562330488 -7.7387584843047676 105.94272029751433 116.35518235572414 81.329259128202793 15.067449635425191 80.003088736886937 40.055116959221394
leaf_weight=115368 4484 208 7968 1296 314 5071 81986 26241 21083 12233 1549 1601 1057 675 31951 530 320 21716 4404 358 384 1903 20934 292 668 510 1222 2255 1757 166
leaf_count=115368 4484 208 7968 1296 314 5071 81986 26241 21083 12233 1549 1601 1057 675 31951 530 320 21716 4404 358 384 1903 20934 292 668 510 1222 2255 1757 166
internal_value=0.00802191 12.0807 36.6592 75.7042 81.8345 -1.98124 -0.868813 1.87224 -1.60306 -0.0956812 2.86139 13.1859 22.1472 -3.3011 -2.34892 20.2576 4.05122 1.66165 0.380984 68.8939 95.3579 7.02878 3.64685 17.8066 99.5563 95.623 90.0286 5.46183 72.2876 71.0074
internal_weight=370504 52413 15381 7413 6675 318091 202723 37032 176398 93445 40411 4207 2658 82953 53034 738 26325 36204 32548 3411 3264 6307 26005 967 2784 2400 1890 14488 3053 480
internal_count=370504 52413 15381 7413 6675 318091 202723 37032 176398 93445 40411 4207 2658 82953 53034 738 26325 36204 32548 3411 3264 6307 26005 967 2784 2400 1890 14488 3053 480
is_linear=0
shrinkage=0.05


Tree=33
num_leaves=31
num_cat=0
split_feature=10 1 1 11 10 1 11 1 9 10 11 3 0 11 3 0 9 11 4 11 11 7 5 9 11 6 11 1 3 3
split_gain=3.16789e+09 4.71635e+09 6.67006e+09 5.73909e+08 4.12601e+08 4.024e+08 7.53017e+08 1.81073e+09 2.95791e+08 2.74074e+08 2.12114e+08 2.01339e+08 1.62104e+08 1.38531e+08 1.25984e+08 1.20778e+08 1.11218e+08 1.1627e+08 1.0839e+08 1.08157e+08 1.02689e+08 9.65642e+07 4.43251e+08 1.24556e+08 1.10694e+08 1.05626e+08 1.01981e+08 8.87956e+07 8.74129e+07 7.84591e+07
threshold=1645.116666666667 4.5000000000000009 5.5000000000000009 8677.3750000000018 397.50000000000006 4.5000000000000009 4198.1350000000011 5.5000000000000009 1630.4328333333335 971.95000000000016 3937.6500000000001 14.500000000000002 11.500000000000002 5128.8100000000004 276.50000000000006 25.500000000000004 267.78533333333337 9289.2850000000017 1.5000000000000002 25929.405000000002 10596.205000000002 1.0000000180025095e-35 1.0000000180025095e-35 416.29716666666673 192.04500000000004 32.500000000000007 306.35000000000008 3.5000000000000004 16.500000000000004 14.500000000000002
decision_type=2 2 2 2 2 2 2 2 2 2 2 2 2 2 2 2 2 2 2 2 2 2 2 2 2 2 2 2 2 2
left_child=4 11 3 13 10 18 -7 9 -5 -8 21 19 -12 -3 20 -13 -14 -18 -6 -2 -10 22 -1 25 -23 26 -24 -17 -4 -20
right_child=1 2 28 8 5 6 7 -9 14 -11 12 15 16 -15 -16 27 17 -19 29 -21 -22 24 23 -25 -26 -27 -28 -29 -30 -31
leaf_value=-3.7943491985291966 20.728558775497742 6.1024332396189376 18.982578588970778 68.788197767085919 0.88934413130687529 0.29907586320921559 22.103270644161071 -5.0360922876149345 62.256544276475907 49.538305916553036 -2.953502773434749 -0.91752857067387306 -0.52721731186299647 52.391536720232537 58.911435596047582 4.0085336761436245 3.4928508484675351 15.847415056022264 5.3220393845553113 2.7883798188017983 99.387316804700433 -5.9207348737024041 15.037867447763421 34.258263081277725 -3.058834929738822 -17.45783717329331 0.44338849160005406 19.948966129498604 0.086531955831629648 -4.6388912449555297
leaf_weight=28025 2103 240 696 1858 36439 15037 1296 4062 200 3059 27848 20157 18272 495 237 3449 14383 2195 2206 1399 2700 50675 3783 519 101386 362 1751 1170 5073 19035
leaf_count=28025 2103 240 696 1858 36439 15037 1296 4062 200 3059 27848 20157 18272 495 237 3449 14383 2195 2206 1399 2700 50675 3783 519 101386 362 1751 1170 5073 19035
internal_value=-0.0118253 13.3188 40.318 78.5281 -1.61703 1.4799 7.00197 18.9767 84.5981 41.3739 -2.62532 2.33978 -0.109409 37.2767 93.9621 0.753596 2.16325 5.12865 -0.7655 13.5617 96.8266 -3.47112 -1.08048 10.7755 -4.01258 8.70843 10.4201 8.04627 2.36624 -3.60439
internal_weight=370110 39777 11499 5730 330333 81134 23454 8417 4995 4355 249199 28278 62698 735 3137 24776 34850 16578 57680 3502 2900 186501 34440 6415 152061 5896 5534 4619 5769 21241
internal_count=370110 39777 11499 5730 330333 81134 23454 8417 4995 4355 249199 28278 62698 735 3137 24776 34850 16578 57680 3502 2900 186501 34440 6415 152061 5896 5534 4619 5769 21241
is_linear=0
shrinkage=0.05


Tree=34
num_leaves=31
num_cat=0
split_feature=9 1 1 11 10 9 3 3 1 11 1 1 10 11 6 6 11 11 4 3 1 0 3 10 3 9 1 11 11 1
split_gain=2.93418e+09 4.29192e+09 7.04609e+09 8.18261e+08 3.58896e+08 2.4473e+08 1.87337e+08 1.83497e+08 1.45728e+08 2.80082e+08 2.34375e+08 3.90851e+08 3.36553e+08 1.45576e+08 1.16582e+08 1.13104e+08 1.25858e+08 1.13946e+08 1.03467e+08 1.01904e+08 1.00182e+08 1.00673e+08 9.3061e+07 8.75928e+07 8.62985e+07 8.5093e+07 8.42519e+07 1.08549e+08 8.37205e+07 7.81456e+07
threshold=1008.4355 4.5000000000000009 5.5000000000000009 6373.8900000000003 2220.0000000000005 378.75450000000006 14.500000000000002 14.500000000000002 3.5000000000000004 3517.8500000000004 5.5000000000000009 4.5000000000000009 721.21666666666681 3086.9150000000004 31.500000000000004 30.500000000000004 1030.575 137.55500000000004 1.5000000000000002 262.50000000000006 3.5000000000000004 22.500000000000004 14.500000000000002 2394.6000000000004 19.500000000000004 1270.8481666666669 3.5000000000000004 11174.860000000002 23225.890000000003 3.5000000000000004
decision_type=2 2 2 2 2 2 2 2 2 2 2 2 2 2 2 2 2 2 2 2 2 2 2 2 2 2 2 2 2 2
left_child=5 6 3 13 19 14 26 -7 18 -10 11 -11 -13 -3 15 16 -1 -17 -9 25 28 -22 -18 -4 -6 -5 27 -2 -8 -24
right_child=1 2 23 4 24 7 20 8 9 10 -12 12 -14 -15 -16 17 22 -19 -20 -21 21 -23 29 -25 -26 -27 -28 -29 -30 -31
leaf_value=-3.8394087384222235 19.069875870286637 -17.742640559527342 -2.3590301396540965 56.784311727543049 110.7185404242762 5.9916310682818228 0.9310887894803046 -1.0523615836014091 -1.3870099624496606 1.7526884441008008 -2.5932839039818845 7.2817434761206759 36.189466091279741 32.614319494944901 -5.9124029403432257 19.007917444462908 3.1102964675741069 -3.2444357676117606 -6.9041286697452477 40.977787145843337 1.9717485933873597 15.962110546137986 -2.926345319977246 10.002780211064326 85.280041850120881 73.460349081397112 25.715948916787195 1.0564055323489463 -5.3151039543697873 -0.21827292791967309
leaf_weight=85278 1372 196 5897 1152 391 12840 17773 32459 21129 3955 3454 1765 2344 536 24244 1247 10762 1068 9845 393 4286 1837 62059 1893 2263 2277 840 2142 7684 46675
leaf_count=85278 1372 196 5897 1152 391 12840 17773 32459 21129 3955 3454 1765 2344 536 24244 1247 10762 1068 9845 393 4286 1837 62059 1893 2263 2277 840 2142 7684 46675
internal_value=-0.000226832 11.1444 33.6109 69.2387 74.9025 -1.7789 1.76736 0.468746 -0.477389 2.03231 8.30483 12.9728 23.7723 19.1308 -2.63188 -2.24783 -2.37207 8.74204 -2.41419 65.0939 0.426862 6.16909 -1.32491 0.644937 89.0278 67.8579 11.4901 8.08955 -0.954277 -1.76388
internal_weight=370056 50932 14998 7208 6476 319124 35934 87791 74951 32647 11518 8064 4109 732 231333 207089 204774 2315 42304 3822 31580 6123 119496 7790 2654 3429 4354 3514 25457 108734
internal_count=370056 50932 14998 7208 6476 319124 35934 87791 74951 32647 11518 8064 4109 732 231333 207089 204774 2315 42304 3822 31580 6123 119496 7790 2654 3429 4354 3514 25457 108734
is_linear=0
shrinkage=0.05


Tree=35
num_leaves=31
num_cat=0
split_feature=10 1 1 11 9 1 1 11 9 3 9 11 8 3 9 8 9 8 10 8 10 11 7 5 8 3 8 11 11 3
split_gain=2.63719e+09 3.80426e+09 5.26418e+09 4.25522e+08 3.43831e+08 4.39599e+08 8.9327e+08 9.99081e+08 2.44085e+08 1.69761e+08 1.42724e+08 1.49243e+08 1.84854e+08 1.39231e+08 1.36579e+08 1.16892e+08 1.57538e+08 1.08408e+08 1.23284e+08 1.07688e+08 1.23487e+08 1.06496e+08 9.84479e+07 4.02874e+08 1.07624e+08 1.11668e+08 9.7715e+07 9.64385e+07 9.25839e+07 9.22576e+07
threshold=1645.116666666667 4.5000000000000009 5.5000000000000009 8677.3750000000018 544.41850000000011 4.5000000000000009 5.5000000000000009 5743.6550000000007 1630.4328333333335 14.500000000000002 177.0471666666667 1213.2750000000003 205.45785714285719 14.500000000000002 769.2596666666667 1518.4428571428573 1554.7928333333336 521.06500000000017 402.16666666666669 1709.7935714285716 2609.7166666666667 3030.5600000000004 1.0000000180025095e-35 1.0000000180025095e-35 150.29285714285717 14.500000000000002 2693.3414285714293 3196.5550000000007 13348.465000000002 257.50000000000006
decision_type=2 2 2 2 2 2 2 2 2 2 2 2 2 2 2 2 2 2 2 2 2 2 2 2 2 2 2 2 2 2
left_child=4 9 3 21 10 28 7 27 -5 -2 -1 22 -13 -14 -9 16 -11 18 -15 -10 -21 -3 23 -12 25 -25 -23 -7 -6 -18
right_child=1 2 -4 8 5 6 -8 14 19 15 11 12 13 17 -16 -17 29 -19 -20 20 -22 26 -24 24 -26 -27 -28 -29 -30 -31
leaf_value=-3.7570232921191393 12.626954219851834 -15.380418744294539 2.5704474215682751 61.337168306299354 0.78108369079221496 -1.594816557037873 -2.5324311847473178 27.665509875495385 99.547626981142741 -0.39243433594825317 -2.6094288763500559 3.6394252891490404 3.7035659028283408 -2.5591147209241178 48.592995990945909 -1.6716544851848578 17.688633672513831 -6.4186695871514123 2.9472796954196858 70.184611900533241 94.701884771267217 50.111543500984929 -4.2462117735347631 58.811305231939663 -0.61387139102245902 17.580313471804043 -5.2897079836937699 18.798618442635455 -5.5594548249525273 -0.34611007726381698
leaf_weight=92096 3493 92 5721 1864 25766 2519 6996 1175 837 4900 30928 25239 11928 41545 2317 16083 2841 12217 13458 1500 781 552 52753 176 799 2453 93 753 7414 945
leaf_count=92096 3493 92 5721 1864 25766 2519 6996 1175 837 4900 30928 25239 11928 41545 2317 16083 2841 12217 13458 1500 781 552 52753 176 799 2453 93 753 7414 945
internal_value=-0.0209682 12.155 36.4819 70.4052 -1.48349 2.48031 9.99405 22.9502 75.6509 2.30784 -2.13957 -1.3617 -0.0865934 -1.27476 41.5512 0.852606 5.52653 -2.15815 -1.21182 84.208 78.5792 34.9452 -2.88971 -0.806834 15.4565 20.3405 42.1235 3.09842 -0.635696 13.1871
internal_weight=370234 39702 11440 5719 330532 46940 13760 6764 4982 28262 283592 191496 104387 79148 3492 24769 8686 67220 55003 3118 2281 737 87109 34356 3428 2629 645 3272 33180 3786
internal_count=370234 39702 11440 5719 330532 46940 13760 6764 4982 28262 283592 191496 104387 79148 3492 24769 8686 67220 55003 3118 2281 737 87109 34356 3428 2629 645 3272 33180 3786
is_linear=0
shrinkage=0.05


Tree=36
num_leaves=31
num_cat=0
split_feature=10 1 1 11 10 1 1 11 9 9 11 11 7 5 0 8 6 11 11 8 0 4 11 8 10 8 10 8 6 8
split_gain=2.46462e+09 3.25571e+09 4.45918e+09 4.07522e+08 3.79082e+08 7.0795e+08 1.24982e+09 8.46274e+08 2.08603e+08 1.5087e+08 1.41764e+08 1.40791e+08 1.56803e+08 3.25627e+08 1.417e+08 1.33304e+08 1.48094e+08 1.33277e+08 1.33155e+08 1.20854e+08 1.15992e+08 1.10759e+08 1.03117e+08 1.02936e+08 1.09133e+08 9.62114e+07 1.08722e+08 9.6159e+07 9.40228e+07 1.42891e+08
threshold=1766.3333333333335 4.5000000000000009 5.5000000000000009 10302.135000000002 615.83333333333337 4.5000000000000009 5.5000000000000009 6151.7700000000013 1630.4328333333335 857.21983333333344 29214.375000000004 4568.1850000000013 1.0000000180025095e-35 1.0000000180025095e-35 11.500000000000002 115.78214285714287 32.500000000000007 3307.1200000000003 2431.5150000000008 2899.4528571428577 10.500000000000002 1.5000000000000002 192.04500000000004 1669.8157142857144 2519.2500000000005 1709.7935714285716 2720.4666666666672 2340.6650000000004 3.5000000000000004 368.47071428571434
decision_type=2 2 2 2 2 2 2 2 2 2 2 2 2 2 2 2 2 2 2 2 2 2 2 2 2 2 2 2 2 2
left_child=4 10 3 17 11 21 7 18 -5 -9 20 12 13 28 -13 16 -15 -3 -7 -19 -2 -6 -14 24 -22 -10 -27 -28 29 -1
right_child=1 2 -4 8 5 6 -8 9 25 -11 -12 14 22 15 -16 -17 -18 19 -20 -21 23 -23 -24 -25 -26 26 27 -29 -30 -31
leaf_value=1.9869794615623897 -0.40869333752548953 -23.085441071310161 3.3375620505092112 59.341809404016615 3.1708899248089653 -1.9503247986676671 -2.6309055465795588 30.422389706741974 98.085052835300004 50.13534955794352 -2.9379810452283706 -2.4062682278341332 -5.2596094919390541 17.055697798189339 2.7325553445354775 -1.9592277366265975 -15.933438079337765 51.330969214818928 18.843733175638331 -10.883106977289373 12.368593883166469 -2.9474621792336908 -2.5395205236246472 4.8429616157250512 43.735262110392256 71.447494661190476 122.53057792218812 78.201227333712836 -4.9928597583089003 -3.4877292307200203
leaf_weight=25820 5897 81 5115 1338 10630 1718 7163 1639 790 2380 7386 25455 50741 4359 28361 1668 369 691 1395 88 3666 24320 111196 7777 300 1636 223 271 15749 22137
leaf_count=25820 5897 81 5115 1338 10630 1718 7163 1639 790 2380 7386 25455 50741 4359 28361 1668 369 691 1395 88 3666 24320 111196 7777 300 1636 223 271 15749 22137
internal_value=0.0188154 12.5932 36.3535 69.35 -1.30425 2.74748 12.1214 26.9379 75.6908 42.0962 2.87771 -2.00225 -2.53665 -0.561157 0.301889 10.1936 14.481 37.9559 7.36792 44.3029 5.31278 -1.08657 -3.39183 8.18595 14.7413 83.1822 77.6549 98.2122 -1.64092 -0.540152
internal_weight=370359 35259 10233 5118 335100 49245 14295 7132 4258 4019 25026 285855 232039 70102 53816 6396 4728 860 3113 779 17640 34950 161937 11743 3966 2920 2130 494 63706 47957
internal_count=370359 35259 10233 5118 335100 49245 14295 7132 4258 4019 25026 285855 232039 70102 53816 6396 4728 860 3113 779 17640 34950 161937 11743 3966 2920 2130 494 63706 47957
is_linear=0
shrinkage=0.05


Tree=37
num_leaves=31
num_cat=0
split_feature=9 10 9 8 3 8 3 3 11 11 3 6 3 4 8 7 8 11 5 6 6 3 11 10 11 3 8 8 11 8
split_gain=2.18703e+09 2.78677e+08 2.59962e+08 1.95422e+08 2.05051e+08 1.65119e+08 1.35834e+08 1.33977e+08 1.32386e+08 1.31564e+08 1.24286e+08 1.08137e+08 1.29918e+08 1.32434e+08 1.31737e+08 1.87317e+08 1.34749e+08 1.31657e+08 1.25377e+08 1.31578e+08 1.54434e+08 1.12953e+08 1.01898e+08 9.47032e+07 9.09517e+07 8.97391e+07 9.06128e+07 8.46764e+07 8.21907e+07 8.06287e+07
threshold=1270.8481666666669 2519.2500000000005 477.95616666666672 2266.1771428571433 13.500000000000002 1518.4428571428573 13.500000000000002 14.500000000000002 35421.660000000011 15243.790000000003 14.500000000000002 31.500000000000004 14.500000000000002 1.5000000000000002 379.8314285714286 1.0000000180025095e-35 120.67071428571431 375.71500000000009 1.0000000180025095e-35 2.5000000000000004 30.500000000000004 5.5000000000000009 1268.2250000000001 1987.5500000000002 27454.115000000002 49.500000000000007 1791.3400000000004 3218.1678571428579 6719.2000000000016 2537.0064285714293
decision_type=2 2 2 2 2 2 2 2 2 2 2 2 2 2 2 2 2 2 2 2 2 2 2 2 2 2 2 2 2 2
left_child=2 5 11 8 27 7 -7 -2 9 -3 -4 12 13 21 15 16 18 -17 19 -14 -21 -1 -18 -9 28 26 -11 -5 -25 -8
right_child=1 3 10 4 -6 6 29 23 -10 25 -12 -13 14 -15 -16 17 22 -19 -20 20 -22 -23 -24 24 -26 -27 -28 -29 -30 -31
leaf_value=-2.1256415251634713 42.363473677572948 16.960635820492723 7.161282496553719 41.178235169635904 4.222700664342228 15.191840171858008 5.0752204981923086 8.8023419078305167 15.545107308777659 80.985610208766801 0.64909898589509274 -5.234222145245365 10.636805953335481 -4.3145444398629698 -4.8561308167819925 -4.8602599563165638 -2.8310375143000042 -1.4678193680064942 13.29342364952276 -7.6111604367941403 23.805581315161145 6.4158355308021342 3.2591257990940861 3.7653726419165503 7.9449628040793874 32.667567390763736 39.930702964748662 13.295822987003966 27.027161999895732 -7.3738872797188426
leaf_weight=5526 383 975 8495 631 3217 3248 15354 7212 2109 224 53274 24305 2622 6781 36817 39657 16414 102570 4018 3343 443 12920 11810 451 1442 1399 336 479 2403 1421
leaf_count=5526 383 975 8495 631 3217 3248 15354 7212 2109 224 53274 24305 2622 6781 36817 39657 16414 102570 4018 3343 443 12920 11810 451 1442 1399 336 479 2403 1421
internal_value=-0.0174384 10.8302 -1.37866 18.4117 10.6163 8.60433 5.83278 13.2713 25.1003 31.9687 1.54471 -2.0544 -1.73624 1.6605 -2.12987 -1.57495 1.51167 -2.41373 6.36912 2.02738 -3.93509 3.857 -0.28268 12.3031 18.18 39.4382 56.3527 29.1461 23.3512 4.02066
internal_weight=370279 41284 328995 9370 4327 31914 20023 11891 5043 2934 61769 267226 242921 25227 217694 180877 38650 142227 10426 6408 3786 18446 28224 11508 4296 1959 560 1110 2854 16775
internal_count=370279 41284 328995 9370 4327 31914 20023 11891 5043 2934 61769 267226 242921 25227 217694 180877 38650 142227 10426 6408 3786 18446 28224 11508 4296 1959 560 1110 2854 16775
is_linear=0
shrinkage=0.05


Tree=38
num_leaves=31
num_cat=0
split_feature=10 1 1 11 9 1 1 11 9 3 9 11 11 1 7 5 0 1 11 10 3 11 3 11 3 9 6 11 11 1
split_gain=1.92466e+09 3.01904e+09 4.15667e+09 3.58831e+08 3.00998e+08 4.75765e+08 9.733e+08 9.90358e+08 1.48694e+08 1.38291e+08 1.33446e+08 1.23773e+08 1.16635e+08 1.19179e+08 9.60531e+07 2.88477e+08 9.45918e+07 9.40496e+07 9.02151e+07 8.56124e+07 9.15565e+07 8.24241e+07 7.54909e+07 7.38983e+07 7.28168e+07 7.26128e+07 6.95631e+07 7.99549e+07 6.31562e+07 6.17326e+07
threshold=1766.3333333333335 4.5000000000000009 5.5000000000000009 10596.205000000002 544.41850000000011 4.5000000000000009 5.5000000000000009 5743.6550000000007 1412.969166666667 14.500000000000002 769.2596666666667 4492.4150000000009 1591.9600000000003 3.5000000000000004 1.0000000180025095e-35 1.0000000180025095e-35 25.500000000000004 5.5000000000000009 77.27500000000002 2577.1000000000004 262.50000000000006 2777.2600000000007 262.50000000000006 12943.180000000002 18.500000000000004 240.34400000000002 40.500000000000007 48.445000000000007 25929.405000000002 3.5000000000000004
decision_type=2 2 2 2 2 2 2 2 2 2 2 2 2 2 2 2 2 2 2 2 2 2 2 2 2 2 2 2 2 2
left_child=4 9 3 11 12 23 7 21 -5 28 -9 -3 14 -14 15 -1 -11 25 26 20 -10 -7 -12 -6 -4 -15 27 -17 -2 -18
right_child=1 2 24 8 5 6 -8 10 19 16 22 -13 13 17 -16 18 29 -19 -20 -21 -22 -23 -24 -25 -26 -27 -28 -29 -30 -31
leaf_value=-2.3633275496967698 17.378891919902639 -2.349065853189106 16.383781115234918 49.139408902196514 0.55585328764018405 -2.5002654277980834 -2.6580276566479148 25.016536779669845 74.377770200066379 -1.2084212419682914 47.672163907028896 45.883085261736674 -2.0494212603347184 0.21845178746380656 -3.6574981992107931 10.874160283592055 3.6779533491532983 -1.9594112921431255 1.4747666273756335 88.238124078222455 44.436342370011666 15.046631147127295 20.48969742527278 -4.628834531472573 -0.38316464871820044 4.5380535976754937 -17.114240386782313 27.48242971377622 2.9271473150464553 17.883239714024114
leaf_weight=44506 1881 163 761 608 27082 2374 7670 1169 2313 17867 2621 723 74942 19506 101058 2479 3057 18474 2234 1008 287 932 283 9210 4343 19410 169 1024 1264 1020
leaf_count=44506 1881 163 761 608 27082 2374 7670 1169 2313 17867 2621 723 74942 19506 101058 2479 3057 18474 2234 1008 287 932 283 9210 4343 19410 169 1024 1264 1020
internal_value=-0.0138742 11.0919 34.0196 65.935 -1.18346 2.33954 9.8141 22.7781 72.0137 1.76504 39.281 37.0097 -1.82078 -0.736339 -2.76821 -0.985497 0.359713 0.978334 9.39746 75.8684 71.0727 2.44641 45.0232 -0.759891 2.11677 2.37292 14.2175 15.7291 11.5706 7.23189
internal_weight=370438 35295 10206 5102 335143 51341 15049 7379 4216 25089 4073 886 283802 132332 151470 50412 21944 57390 5906 3608 2600 3306 2904 36292 5104 38916 3672 3503 3145 4077
internal_count=370438 35295 10206 5102 335143 51341 15049 7379 4216 25089 4073 886 283802 132332 151470 50412 21944 57390 5906 3608 2600 3306 2904 36292 5104 38916 3672 3503 3145 4077
is_linear=0
shrinkage=0.05


Tree=39
num_leaves=31
num_cat=0
split_feature=9 1 1 11 9 1 11 1 1 10 10 11 3 8 3 3 8 10 0 8 3 6 0 1 10 8 6 9 8 8
split_gain=1.77568e+09 2.53165e+09 4.23631e+09 5.3324e+08 2.1087e+08 1.88614e+08 4.24229e+08 3.70223e+08 3.34088e+08 6.36118e+08 1.37742e+08 1.29125e+08 1.28039e+08 1.49715e+08 1.15869e+08 1.12298e+08 1.11057e+08 8.41939e+07 1.20911e+08 8.02819e+07 7.78686e+07 7.70377e+07 7.6483e+07 7.82833e+07 7.55279e+07 7.25385e+07 7.03963e+07 7.01208e+07 6.8844e+07 6.6108e+07
threshold=1235.1773333333335 4.5000000000000009 5.5000000000000009 8677.3750000000018 288.48550000000006 3.5000000000000004 3139.3800000000006 5.5000000000000009 4.5000000000000009 721.21666666666681 2548.1500000000001 3030.5600000000004 14.500000000000002 1326.9885714285717 14.500000000000002 269.50000000000006 521.06500000000017 1.0000000180025095e-35 18.500000000000004 1265.0907142857145 265.50000000000006 30.500000000000004 22.500000000000004 3.5000000000000004 2132.4000000000005 1709.7935714285716 1.5000000000000002 1554.7928333333336 2899.4528571428577 1791.3400000000004
decision_type=2 2 2 2 2 2 2 2 2 2 2 2 2 2 2 2 2 2 2 2 2 2 2 2 2 2 2 2 2 2
left_child=4 12 3 11 -1 14 21 8 -8 -10 15 -3 29 20 17 19 -16 18 -6 -5 27 -7 -15 -24 -25 -26 -13 -14 -12 -2
right_child=1 2 -4 10 5 6 7 -9 9 -11 28 26 13 22 16 -17 -18 -19 -20 -21 -22 -23 23 24 25 -27 -28 -29 -30 -31
leaf_value=-2.4062498143889877 23.85839082432841 -17.312953673753164 1.2061557605429805 80.414631417054579 6.8390425486889743 -1.2458836134340632 4.3932083096098182 -1.8595608040029892 6.0682673044996918 33.451602303222799 86.394555763570693 25.977364562380885 5.8454767297535319 -3.5822295094423682 -0.69289089880379695 30.42918298998746 -4.8015188893105503 0.99128880146250986 38.511847527278462 60.209038556521378 -5.6411007913652362 30.10208710801178 0.29163874265012113 -0.9809250542202167 55.755259977068221 16.577625844833069 62.250333755744435 18.770499923313469 53.885556030273442 7.0458590767870888
leaf_weight=180787 726 149 6748 591 2129 38062 8519 7599 4719 3852 963 672 3003 14236 45324 275 25815 9635 351 2923 910 197 5182 490 147 602 167 1613 196 3004
leaf_count=180787 726 149 6748 591 2129 38062 8519 7599 4719 3852 963 672 3003 14236 45324 275 25815 9635 351 2923 910 197 5182 490 147 602 167 1613 196 3004
internal_value=-0.0135278 9.5887 28.3078 59.1167 -1.26441 0.14753 2.21287 7.32256 11.4054 18.375 65.8132 25.5799 1.65126 0.416573 -1.41407 61.1993 -2.18383 3.10599 11.3218 63.6073 7.72663 -1.08447 -1.53896 2.99118 14.2818 24.2667 33.1974 10.362 80.8969 10.3182
internal_weight=369586 42597 12684 5936 326989 146202 62948 24689 17090 8571 4948 988 29913 26183 83254 3789 71139 12115 2480 3514 5526 38259 20657 6421 1239 749 839 4616 1159 3730
internal_count=369586 42597 12684 5936 326989 146202 62948 24689 17090 8571 4948 988 29913 26183 83254 3789 71139 12115 2480 3514 5526 38259 20657 6421 1239 749 839 4616 1159 3730
is_linear=0
shrinkage=0.05


Tree=40
num_leaves=31
num_cat=0
split_feature=10 1 1 11 10 1 1 4 10 6 11 11 1 0 11 3 4 6 3 11 3 3 9 10 10 4 11 3 0 9
split_gain=1.5615e+09 2.57098e+09 3.5567e+09 2.91428e+08 2.24342e+08 2.10924e+08 3.94876e+08 1.00676e+09 1.97406e+08 1.93671e+08 1.37886e+08 1.34804e+08 1.32434e+08 1.14808e+08 1.04695e+08 9.06393e+07 8.80994e+07 7.58869e+07 7.5445e+07 7.46159e+07 7.41195e+07 7.29644e+07 7.28174e+07 7.37656e+07 7.71628e+07 6.78225e+07 8.10199e+07 6.27466e+07 6.24771e+07 6.11145e+07
threshold=1645.116666666667 4.5000000000000009 5.5000000000000009 5128.8100000000004 383.83333333333343 4.5000000000000009 5.5000000000000009 1.5000000000000002 2303.4000000000005 3.5000000000000004 2317.2200000000007 4412.9450000000006 3.5000000000000004 11.500000000000002 29214.375000000004 269.50000000000006 1.5000000000000002 1.5000000000000002 25.500000000000004 9772.6550000000025 28.500000000000004 18.500000000000004 1804.4843333333336 2371.4500000000003 2261.6500000000001 1.0000000180025095e-35 9289.2850000000017 19.500000000000004 23.500000000000004 706.2118333333334
decision_type=2 2 2 2 2 2 2 2 2 2 2 2 2 2 2 2 2 2 2 2 2 2 2 2 2 2 2 2 2 2
left_child=4 12 3 -3 11 16 7 -7 15 10 -9 -1 14 -13 20 17 -6 -5 22 -12 -2 -4 -14 24 -24 26 -15 -10 -20 -18
right_child=1 2 21 8 5 6 -8 9 27 -11 19 13 18 25 -16 -17 29 -19 28 -21 -22 -23 23 -25 -26 -27 -28 -29 -30 -31
leaf_value=-2.4991417054684035 8.2496753242079013 3.8566873581683048 15.126174252142242 50.803821335150054 0.9559986414523286 0.69509744300292831 -1.3247032818710998 -7.9892545760550151 90.994293155756097 -60.759441817434208 26.361549648880555 -2.1286582025270344 8.1516825557204911 2.4130570090452874 -5.9200453207078008 22.509504833066369 -7.3150207863694749 73.671711461386593 2.1132343060415408 40.025199505146503 -0.029407573604159618 -0.71720089336770676 39.530053879997951 18.831418009613714 111.44086605952337 -3.6640347301115543 11.459247131557301 67.507307141010557 15.561155662049041 -1.3724447678527802
leaf_weight=191775 3406 244 853 2513 38253 7779 12119 205 333 57 1778 25603 530 22440 6249 246 6036 424 3433 2281 13105 4908 132 271 52 3913 2782 1947 1154 15276
leaf_count=191775 3406 244 853 2513 38253 7779 12119 205 333 57 1778 25603 530 22440 6249 246 6036 424 3433 2281 13105 4908 132 271 52 3913 2782 1947 1154 15276
internal_value=0.0125985 9.36867 29.343 57.3196 -1.11479 1.1204 5.05472 11.4442 59.7075 30.7955 32.0194 -1.87447 1.28362 0.314064 -0.407792 51.6633 -0.479293 54.1051 8.19255 34.04 1.67846 1.62864 20.7478 35.4202 59.8527 2.46066 3.41086 70.9376 5.49647 -3.05551
internal_weight=370097 39800 11468 5707 330297 83784 24219 12100 5463 4321 4264 246513 28332 54738 22760 3183 59565 2937 5572 4059 16511 5761 985 455 184 29135 25222 2280 4587 21312
internal_count=370097 39800 11468 5707 330297 83784 24219 12100 5463 4321 4264 246513 28332 54738 22760 3183 59565 2937 5572 4059 16511 5761 985 455 184 29135 25222 2280 4587 21312
is_linear=0
shrinkage=0.05


Tree=41
num_leaves=31
num_cat=0
split_feature=10 10 3 8 10 6 8 3 8 11 4 6 6 11 11 3 8 7 6 0 8 10 11 11 6 9 10 8 11 9
split_gain=1.49087e+09 2.79261e+08 2.14311e+08 2.95869e+08 2.18657e+08 1.35754e+08 1.23317e+08 1.20984e+08 1.20526e+08 1.70541e+08 1.07096e+08 1.05719e+08 1.20572e+08 1.05233e+08 1.29551e+08 9.66678e+07 9.46725e+07 8.28937e+07 1.0145e+08 7.96026e+07 7.79664e+07 1.38568e+08 8.22251e+07 7.8412e+07 8.22232e+07 1.04963e+08 7.53106e+07 7.89859e+07 7.38878e+07 7.286e+07
threshold=1900.7500000000002 581.50000000000011 14.500000000000002 2340.6650000000004 2548.1500000000001 5.5000000000000009 1972.967142857143 14.500000000000002 1518.4428571428573 22071.445000000003 1.5000000000000002 28.500000000000004 27.500000000000004 35421.660000000011 13772.890000000001 14.500000000000002 132.40857142857143 15.500000000000002 13.500000000000002 12.500000000000002 379.8314285714286 383.83333333333343 1376.5100000000002 3568.3200000000002 2.5000000000000004 286.54283333333336 2469.5833333333335 3218.1678571428579 8101.5250000000005 352.22783333333342
decision_type=2 2 2 2 2 2 2 2 2 2 2 2 2 2 2 2 2 2 2 2 2 2 2 2 2 2 2 2 2 2
left_child=1 7 6 4 8 15 -2 10 9 -4 11 12 17 14 -6 -3 -17 -1 -19 -10 21 23 -23 -9 -25 -26 -8 -28 -27 -14
right_child=2 5 3 -5 13 -7 26 20 19 -11 -12 -13 29 -15 -16 16 -18 18 -20 -21 -22 22 -24 24 25 28 27 -29 -30 -31
leaf_value=-0.48973876627763774 40.379363984378074 8.1120046247962669 22.161240850939507 -1.6452661659257459 10.075359843946567 -35.198408224562968 10.261408902544904 -2.5602466475803567 0.62511456783489405 5.2480323604770627 -4.0897130584504673 -5.4373132089154588 21.864308800632664 12.175301593637942 34.036143969669006 20.058320480081889 1.3747098397899253 5.4964848117712428 48.74588313833641 9.3401273227301456 -3.9170521325020817 -0.14351578052018643 7.0051619996339856 -4.0507439255534328 -0.43630408570150658 3.5953537211103619 34.968365148066397 10.29964283304289 15.717228262878033 83.031426032673238
leaf_weight=8032 715 6434 3324 5257 785 242 1697 139942 4452 2702 7249 3369 424 1959 2005 687 51867 13184 137 6368 42971 9753 6846 10877 29948 5893 886 512 1598 55
leaf_count=8032 715 6434 3324 5257 785 242 1697 139942 4452 2702 7249 3369 424 1959 2005 687 51867 13184 137 6368 42971 9753 6846 10877 29948 5893 886 512 1598 55
internal_value=0.0080177 -0.945578 10.5668 8.99222 11.5818 2.17384 21.6641 -1.60479 8.91043 14.5775 1.26603 2.8066 4.07876 21.0577 27.2945 2.32716 1.61895 3.52223 5.94128 5.75425 -1.98069 -1.57452 2.80485 -1.96065 -0.224001 0.887767 17.3405 25.9338 6.18122 28.8877
internal_weight=370170 339508 30662 26852 21595 59230 3810 280278 16846 6026 32450 25201 21832 4749 2790 58988 52554 21353 13321 10820 247828 204857 16599 188258 48316 37439 3095 1398 7491 479
internal_count=370170 339508 30662 26852 21595 59230 3810 280278 16846 6026 32450 25201 21832 4749 2790 58988 52554 21353 13321 10820 247828 204857 16599 188258 48316 37439 3095 1398 7491 479
is_linear=0
shrinkage=0.05


Tree=42
num_leaves=31
num_cat=0
split_feature=9 10 8 10 8 3 3 6 8 11 0 3 3 3 11 8 11 11 10 3 8 0 8 10 9 8 11 11 8 9
split_gain=1.33401e+09 1.90049e+08 1.98809e+08 1.65829e+08 1.38544e+08 1.31767e+08 1.22648e+08 1.15104e+08 1.50969e+08 1.11509e+08 1.00569e+08 9.56491e+07 9.38966e+07 8.98082e+07 8.41459e+07 7.92627e+07 7.87722e+07 1.07536e+08 1.00696e+08 8.46454e+07 7.81103e+07 7.5236e+07 7.32469e+07 9.03342e+07 7.17545e+07 9.10686e+07 8.03591e+07 7.13956e+07 7.2075e+07 9.93302e+07
threshold=1235.1773333333335 2494.5000000000005 1265.0907142857145 397.50000000000006 1925.7600000000002 257.50000000000006 13.500000000000002 5.5000000000000009 209.89785714285716 3937.6500000000001 12.500000000000002 14.500000000000002 13.500000000000002 14.500000000000002 4063.2000000000003 3218.1678571428579 35421.660000000011 12557.920000000002 2762.7666666666669 41.500000000000007 2693.3414285714293 7.5000000000000009 2537.0064285714293 1987.5500000000002 267.78533333333337 203.14857142857144 7932.1100000000006 350.43000000000006 426.64000000000004 468.4738333333334
decision_type=2 2 2 2 2 2 2 2 2 2 2 2 2 2 2 2 2 2 2 2 2 2 2 2 2 2 2 2 2 2
left_child=3 2 5 9 12 -2 15 8 14 -1 -11 -10 -3 21 -5 -6 17 -14 -19 -20 -8 -4 23 -15 -12 -26 -27 -13 -29 -30
right_child=1 4 13 7 6 -7 20 -9 11 10 24 27 16 22 -16 -17 -18 18 19 -21 -22 -23 -24 -25 25 26 -28 28 29 -31
leaf_value=-2.3238702554186577 17.85805545487251 87.038320950099404 39.396165529334027 6.6387160558402689 33.951734230030738 -0.19481834526511896 10.51894592092372 -21.908699696690498 5.6003456190239396 -1.86578667499872 -0.16296983088680156 -8.575470600185481 5.96166080279942 0.26520875273733119 24.279347508671275 8.3158367127487338 12.516536837469287 27.126220518833577 116.00253673769394 47.689769419135565 -3.1046089035194004 9.8784908268563623 -8.1175772525612153 6.871180203102675 15.792947959998514 1.0945915486396218 10.263704706967857 2.7701545676201285 -6.0485569595007824 0.18679391428754355
leaf_weight=186256 5177 56 230 4246 797 1256 4207 548 8184 31742 16201 2413 411 9056 804 485 1340 1049 53 314 1403 3515 1316 12076 1632 10060 3134 18867 7783 35610
leaf_count=186256 5177 56 230 4246 797 1256 4207 548 8184 31742 16201 2413 411 9056 804 485 1340 1049 53 314 1403 3515 1316 12076 1632 10060 3134 18867 7783 35610
internal_value=0.00617876 8.31405 6.45761 -1.07812 14.302 14.3334 10.3004 0.926436 1.08706 -1.70965 0.112923 0.507582 22.859 4.52332 9.44724 24.2533 21.7242 28.4775 35.0128 57.5551 7.11184 11.6913 3.32748 4.04023 2.13723 4.65076 3.27255 -0.136878 0.190175 -0.931583
internal_weight=370221 42741 32626 327480 10115 6433 6892 78455 77907 249025 62769 72857 3223 26193 5050 1282 3167 1827 1416 367 5610 3745 22448 21132 31027 14826 13194 64673 62260 43393
internal_count=370221 42741 32626 327480 10115 6433 6892 78455 77907 249025 62769 72857 3223 26193 5050 1282 3167 1827 1416 367 5610 3745 22448 21132 31027 14826 13194 64673 62260 43393
is_linear=0
shrinkage=0.05


Tree=43
num_leaves=31
num_cat=0
split_feature=9 1 1 11 10 1 3 11 8 11 1 11 1 10 1 3 8 11 10 3 3 9 9 3 8 3 8 10 8 10
split_gain=1.26457e+09 2.22922e+09 3.82941e+09 4.81351e+08 1.82968e+08 1.63102e+08 1.45273e+08 1.22347e+08 1.04967e+08 1.03316e+08 9.97109e+07 1.64293e+08 1.20379e+08 1.19031e+08 2.73161e+08 9.58223e+07 8.87533e+07 8.57164e+07 7.84805e+07 1.03033e+08 7.78665e+07 8.95134e+07 7.26714e+07 6.70544e+07 6.47735e+07 6.2906e+07 6.24507e+07 6.58382e+07 7.10944e+07 6.19353e+07
threshold=970.15350000000012 4.5000000000000009 5.5000000000000009 7223.8350000000009 2010.5333333333335 3.5000000000000004 14.500000000000002 29214.375000000004 12.357142857142859 2979.9050000000002 3.5000000000000004 3568.3200000000002 5.5000000000000009 566.50000000000011 4.5000000000000009 5.5000000000000009 1709.7935714285716 459.24000000000007 2720.4666666666672 269.50000000000006 25.500000000000004 1804.4843333333336 1412.969166666667 262.50000000000006 2430.840714285715 19.500000000000004 683.51857142857148 374.16666666666669 301.26857142857153 2371.4500000000003
decision_type=2 2 2 2 2 2 2 2 2 2 2 2 2 2 2 2 2 2 2 2 2 2 2 2 2 2 2 2 2 2
left_child=6 5 3 9 23 7 8 -2 -1 -3 26 -12 13 -13 -15 17 22 -10 19 -18 21 -7 -6 -5 -20 -24 27 -8 -29 -23
right_child=1 2 -4 4 16 20 10 -9 15 -11 11 12 -14 14 -16 -17 18 -19 24 -21 -22 29 25 -25 -26 -27 -28 28 -30 -31
leaf_value=-4.9305042745214571 0.6888055822758159 -15.801978990924892 -0.7332753532509324 47.242993455465061 41.810782355107136 8.5309098569313786 -2.6153317636954529 -6.9257818767040504 -8.0733988317540515 24.530187379421481 -1.5936497604310185 2.6182974295893828 -1.8493331922158949 -0.59414063002951256 22.375675882848519 4.9039486517986779 54.561859036405842 1.817568370685011 90.200835434128265 8.2804344338040021 4.8975396122402035 58.666430999151345 124.4364781632143 22.255043648719791 55.124068137196936 74.614930220590594 -6.1347175443332844 4.082216398905536 -1.4572515178939898 21.288150543674458
leaf_weight=4981 22824 201 8017 2555 161 817 120464 6861 3007 756 87359 17662 10719 2513 2669 20499 1774 8066 272 129 5929 183 68 300 255 928 10220 7884 21830 281
leaf_count=4981 22824 201 8017 2555 161 817 120464 6861 3007 756 87359 17662 10719 2513 2669 20499 1774 8066 272 129 5929 183 68 300 255 928 10220 7884 21830 281
internal_value=0.0353652 7.23919 23.2071 49.1471 54.0625 0.56725 -1.15014 -1.07113 1.8152 16.0592 -1.53543 -0.451288 2.52209 4.57328 11.2365 2.87945 61.5802 -0.868437 56.1532 51.4245 7.31279 18.4916 72.9783 44.6173 73.2282 78.0164 -2.35276 -2.09539 0.0125326 36.03
internal_weight=370184 52311 15416 7399 6442 36895 317873 29685 36553 957 281320 120922 33563 22844 5182 31572 3587 11073 2430 1903 7210 1281 1157 2855 527 996 160398 150178 29714 464
internal_count=370184 52311 15416 7399 6442 36895 317873 29685 36553 957 281320 120922 33563 22844 5182 31572 3587 11073 2430 1903 7210 1281 1157 2855 527 996 160398 150178 29714 464
is_linear=0
shrinkage=0.05


Tree=44
num_leaves=31
num_cat=0
split_feature=10 1 1 11 9 1 1 11 11 3 8 0 8 9 9 8 3 11 11 8 8 3 9 8 1 8 3 8 3 10
split_gain=1.12886e+09 1.79594e+09 2.4198e+09 2.25426e+08 1.98058e+08 3.55724e+08 7.62585e+08 7.37435e+08 1.2344e+08 1.25083e+08 1.32574e+08 1.1698e+08 1.06581e+08 9.93321e+07 9.23121e+07 9.1512e+07 1.17614e+08 8.77098e+07 8.70444e+07 1.06267e+08 1.54053e+08 1.09507e+08 1.02704e+08 8.28872e+07 8.03668e+07 8.02687e+07 7.83754e+07 7.44294e+07 7.36375e+07 7.87361e+07
threshold=1853.7000000000003 4.5000000000000009 5.5000000000000009 10302.135000000002 544.41850000000011 4.5000000000000009 5.5000000000000009 5949.4100000000008 29214.375000000004 14.500000000000002 1669.8157142857144 19.500000000000004 1925.7600000000002 1630.4328333333335 769.2596666666667 1669.8157142857144 38.500000000000007 3307.1200000000003 1565.4350000000002 1.0000000180025095e-35 99.290714285714301 14.500000000000002 165.09583333333339 2899.4528571428577 3.5000000000000004 825.08928571428578 262.50000000000006 647.76285714285723 276.50000000000006 2720.4666666666672
decision_type=2 2 2 2 2 2 2 2 2 2 2 2 2 2 2 2 2 2 2 2 2 2 2 2 2 2 2 2 2 2
left_child=4 8 3 17 18 27 7 -7 9 12 11 -11 -2 -5 -9 16 -15 -3 -1 -20 22 -22 -21 -19 -23 -13 -16 -6 29 -17
right_child=1 2 -4 13 5 6 -8 14 -10 10 -12 25 -14 15 26 28 -18 23 19 20 21 24 -24 -25 -26 -27 -28 -29 -30 -31
leaf_value=-2.1909707308844131 45.02700571213326 -25.583970664204031 1.8719495397145902 44.451036037241714 2.7454400357957427 2.0192661969864445 -2.5166682553074713 20.763016703922851 -4.1430523171465499 3.6206256715790164 -1.3131547444031968 80.46079896171139 11.133086316858517 121.54322778702706 39.831971409226895 54.601543373405484 68.586538679461398 39.925508968174753 -5.3528001052915579 0.57479751115663458 3.6807620850753704 -2.4822697213862011 9.2378069882528067 -12.761294097339407 0.42038315492600148 17.883046840076378 13.467901479204498 -2.0804646744709987 22.383976135494041 77.875745445200053
leaf_weight=149963 274 69 4613 1020 11295 3434 8121 1144 6895 3479 9119 53 1511 129 2922 1568 560 613 10160 6745 12858 55241 6943 85 41960 1547 312 27302 139 473
leaf_count=149963 274 69 4613 1020 11295 3434 8121 1144 6895 3479 9119 53 1511 129 2922 1568 560 613 10160 6745 12858 55241 6943 85 41960 1547 312 27302 139 473
internal_value=0.0171418 8.97108 27.5379 52.9669 -0.833456 1.92645 8.2119 19.3648 1.44873 3.86101 2.29265 8.76662 16.3359 57.8528 32.9703 62.6174 78.5015 28.1934 -1.36362 -0.437064 -0.033467 -0.655617 4.96896 33.5095 -1.22924 19.9559 37.2885 -0.668215 57.5972 59.9953
internal_weight=370547 32147 9269 4656 338400 54530 15933 7812 22878 15983 14198 5079 1785 3889 4378 2869 689 767 283870 133907 123747 110059 13688 698 97201 1600 3234 38597 2180 2041
internal_count=370547 32147 9269 4656 338400 54530 15933 7812 22878 15983 14198 5079 1785 3889 4378 2869 689 767 283870 133907 123747 110059 13688 698 97201 1600 3234 38597 2180 2041
is_linear=0
shrinkage=0.05


Tree=45
num_leaves=31
num_cat=0
split_feature=10 1 1 9 1 1 4 11 11 1 11 11 11 9 0 8 9 3 9 11 8 11 3 8 7 5 3 4 11 8
split_gain=1.00874e+09 1.6073e+09 2.0378e+09 2.03077e+08 2.87157e+08 6.44051e+08 1.10187e+09 1.81786e+08 1.37019e+08 1.13302e+08 1.00619e+08 9.22151e+07 8.82252e+07 8.66458e+07 7.94219e+07 7.59032e+07 9.48659e+07 7.00471e+07 6.79793e+07 6.73084e+07 6.52756e+07 6.91797e+07 6.44489e+07 7.04224e+07 7.25291e+07 8.99396e+07 6.42678e+07 6.24078e+07 1.05162e+08 5.93393e+07
threshold=1945.2500000000002 4.5000000000000009 5.5000000000000009 419.86566666666675 4.5000000000000009 5.5000000000000009 1.5000000000000002 11174.860000000002 6264.1650000000009 3.5000000000000004 3307.1200000000003 29214.375000000004 14742.730000000001 1008.4355 21.500000000000004 1750.47 1665.0946666666666 19.500000000000004 60.423166666666667 5043.0250000000005 1518.4428571428573 1681.2050000000002 15.500000000000002 532.87500000000011 1.0000000180025095e-35 1.0000000180025095e-35 55.500000000000007 1.5000000000000002 1748.2350000000004 3218.1678571428579
decision_type=2 2 2 2 2 2 2 2 2 2 2 2 2 2 2 2 2 2 2 2 2 2 2 2 2 2 2 2 2 2
left_child=3 9 7 18 12 6 19 10 20 11 -3 -2 22 -10 -11 16 -16 -9 -1 -6 21 -8 -5 24 25 27 -18 28 -24 -12
right_child=1 2 -4 4 5 -7 8 17 13 14 29 -13 -14 -15 15 -17 26 -19 -20 -21 -22 -23 23 -25 -26 -27 -28 -29 -30 -31
leaf_value=-3.8362699777665079 2.0301081815573458 -33.303053757240029 2.8507139623137103 4.2756131036421516 -1.0348805834650709 -2.059692804613519 -20.286987585259467 74.649449950870718 26.126543046799895 4.3566961318941022 39.412670838057366 -6.0949373898744987 -4.7449496239294344 39.904246458625309 11.971421997559901 10.960529534046332 103.73429969049269 53.969244686272646 -1.2105578069181249 11.769114479300228 -12.162608757615089 24.235265509056333 1.7714716792882836 -2.2145791809176796 -1.9315158636220819 30.607888517579084 42.783436045613321 -4.3680655974667459 12.917453600599718 -13.333501907874799
leaf_weight=27763 11612 58 4253 8417 6525 13780 97 475 2074 2865 661 4994 10536 2537 187 817 62 2968 219865 1218 192 868 7295 26040 8419 311 143 2147 2981 58
leaf_count=27763 11612 58 4253 8417 6525 13780 97 475 2074 2865 661 4994 10536 2537 187 817 62 2968 219865 1218 192 868 7295 26040 8419 311 143 2147 2981 58
internal_value=0.00755714 8.93461 27.2761 -0.755495 1.2307 5.54601 13.3032 51.8924 29.8469 1.41975 30.0474 -0.413375 -0.549744 33.7071 8.89173 19.6385 37.725 56.8223 -1.50494 0.979231 14.4625 19.76 0.245089 -0.473766 1.66923 4.04984 61.2174 3.38498 5.00485 35.1578
internal_weight=370218 29153 8473 341065 93437 27291 13511 4220 5768 20680 777 16606 66146 4611 4074 1209 392 3443 247628 7743 1157 965 55610 47193 21153 12734 205 12423 10276 719
internal_count=370218 29153 8473 341065 93437 27291 13511 4220 5768 20680 777 16606 66146 4611 4074 1209 392 3443 247628 7743 1157 965 55610 47193 21153 12734 205 12423 10276 719
is_linear=0
shrinkage=0.05


Tree=46
num_leaves=31
num_cat=0
split_feature=9 1 1 11 3 1 10 1 1 4 6 6 11 8 3 9 9 3 8 1 3 11 6 3 10 0 10 1 9 8
split_gain=8.86299e+08 1.59334e+09 2.51164e+09 3.13714e+08 1.27504e+08 1.17111e+08 2.49393e+08 2.26943e+08 3.1039e+08 1.02652e+08 1.03045e+08 1.09478e+08 9.70133e+07 9.62737e+07 1.14516e+08 1.147e+08 1.07988e+08 9.80998e+07 9.28625e+07 9.04028e+07 8.42583e+07 8.41024e+07 7.64506e+07 7.63535e+07 9.00813e+07 7.12109e+07 7.5384e+07 7.01278e+07 6.82645e+07 8.09176e+07
threshold=1235.1773333333335 4.5000000000000009 5.5000000000000009 8677.3750000000018 14.500000000000002 3.5000000000000004 1113.116666666667 5.5000000000000009 4.5000000000000009 2.5000000000000004 28.500000000000004 27.500000000000004 2431.5150000000008 1791.3400000000004 35.500000000000007 1592.5745000000004 2041.4540000000004 12.500000000000002 3218.1678571428579 1.0000000180025095e-35 3.5000000000000004 3030.5600000000004 1.5000000000000002 262.50000000000006 2680.8833333333337 9.5000000000000018 2519.2500000000005 5.5000000000000009 1630.4328333333335 1709.7935714285716
decision_type=2 2 2 2 2 2 2 2 2 2 2 2 2 2 2 2 2 2 2 2 2 2 2 2 2 2 2 2 2 2
left_child=4 13 3 21 9 -6 12 8 -8 10 11 20 -7 14 15 -2 -15 18 -18 -17 -1 -3 -23 28 -25 -21 -27 -14 -5 -30
right_child=1 2 -4 23 5 6 7 -9 -10 -11 -12 -13 27 16 -16 19 17 -19 -20 25 -22 22 -24 24 -26 26 -28 -29 29 -31
leaf_value=-1.6476369018366839 3.8880928956631444 -14.080376637287628 0.63114367142233319 44.632844015168736 -2.1042252820458693 -1.6765186260558975 2.1845920208460363 -6.6813132400127717 28.139985984251549 -3.6161926524357164 -4.7429938213553973 27.749078040600807 2.7030617081895958 -6.4568637418041819 0.96309541009536714 2.589262635107259 25.815551577030121 -0.65983109600891943 -2.2262278414954824 9.2912746660744983 5.2285094670507135 18.175526927455774 55.099509255360751 22.421167275810664 67.137956963141761 32.483751076908753 78.036502785152862 -1.5646224083883467 72.418206990327803 52.470207912765275
leaf_weight=5673 2023 156 6729 1680 165427 74883 2277 1573 2331 6960 3674 484 29121 7763 11994 393 757 5595 484 268 20753 674 177 452 150 571 108 14379 678 2032
leaf_count=5673 2023 156 6729 1680 165427 74883 2277 1573 2331 6960 3674 484 29121 7763 11994 393 757 5595 484 268 20753 674 177 452 150 571 108 14379 678 2032
internal_value=0.00579339 6.78263 21.6028 45.1265 -0.877357 -1.23232 -0.0743848 9.7167 15.3144 1.86438 3.11159 4.18397 -0.585596 0.485688 3.24938 11.4033 -2.4215 2.16108 14.879 22.7491 3.75237 19.6687 25.8554 50.2619 33.5632 31.1153 39.7293 1.29237 52.5518 57.4609
internal_weight=370219 42684 12728 5999 327535 289991 124564 6181 4608 37544 30584 26910 118383 29956 15357 3363 14599 6836 1241 1340 26426 1007 851 4992 602 947 679 43500 4390 2710
internal_count=370219 42684 12728 5999 327535 289991 124564 6181 4608 37544 30584 26910 118383 29956 15357 3363 14599 6836 1241 1340 26426 1007 851 4992 602 947 679 43500 4390 2710
is_linear=0
shrinkage=0.05


Tree=47
num_leaves=31
num_cat=0
split_feature=10 1 1 11 9 1 1 11 6 11 8 3 3 3 0 4 11 9 11 8 6 7 8 8 3 8 9 10 11 3
split_gain=8.14346e+08 1.30604e+09 1.72299e+09 2.00365e+08 1.64831e+08 2.91987e+08 6.49857e+08 5.70419e+08 1.35702e+08 1.09434e+08 1.00748e+08 1.17279e+08 9.45252e+07 9.30529e+07 8.5567e+07 7.56207e+07 7.43278e+07 7.4176e+07 8.1444e+07 1.67368e+08 1.1686e+08 9.45859e+07 1.27085e+08 9.19195e+07 8.98729e+07 1.0143e+08 1.14238e+08 6.72941e+07 6.40424e+07 6.39285e+07
threshold=1900.7500000000002 4.5000000000000009 5.5000000000000009 10302.135000000002 544.41850000000011 4.5000000000000009 5.5000000000000009 6599.3550000000005 5.5000000000000009 29214.375000000004 2024.3085714285717 14.500000000000002 9.5000000000000018 19.500000000000004 25.500000000000004 1.5000000000000002 12943.180000000002 139.06500000000003 1008.9750000000001 127.62857142857145 29.500000000000004 1.0000000180025095e-35 148.0407142857143 1.0000000180025095e-35 14.500000000000002 521.06500000000017 341.71516666666673 2519.2500000000005 3357.3900000000003 263.50000000000006
decision_type=2 2 2 2 2 2 2 2 2 2 2 2 2 2 2 2 2 2 2 2 2 2 2 2 2 2 2 2 2 2
left_child=4 9 3 28 17 16 7 15 -9 10 11 -2 -12 -5 27 -7 -6 -1 20 23 -19 22 -22 -20 -21 26 -26 -13 -3 -28
right_child=1 2 -4 13 5 6 -8 8 -10 -11 12 14 -14 -15 -16 -17 -18 18 19 24 21 -23 -24 -25 25 -27 29 -29 -30 -31
leaf_value=-2.7140584113543404 37.917901380538943 -25.233947892622517 1.8789325461868254 70.196472703570052 0.79648589482967314 -1.8082346032682126 -2.3977648985110687 30.883443138347424 -26.643110843840102 -4.1168199996487083 12.081269340971243 1.88245572682162 -3.654461508747489 47.448817646722176 18.452253954508478 14.309703637740455 -4.0237830110328527 -2.3247168024367606 -5.2527602805636961 3.0754110688333056 18.476494722625773 -4.2896071812978391 -5.0849227978193232 6.0215135462773679 -1.6317946653496944 -5.2932493971599328 3.6185558047449682 15.667296948954608 26.477512781139492 -4.2624969906553307
leaf_weight=63184 300 66 4415 523 28493 2584 8337 4333 105 6664 1150 5889 5610 3202 1193 1013 11118 85923 2057 14068 1962 1414 808 14928 64519 13104 18928 1042 645 2978
leaf_count=63184 300 66 4415 523 28493 2584 8337 4333 105 6664 1150 5889 5610 3202 1193 1013 11118 85923 2057 14068 1962 1414 808 14928 64519 13104 18928 1042 645 2978
internal_value=-0.0100695 7.78883 23.9919 46.0001 -0.71454 1.76502 7.38172 17.5288 29.5224 1.22471 3.56902 7.21748 -0.977525 50.6426 6.08378 2.73096 -0.556465 -1.20354 -0.771071 0.0268254 -1.92737 6.2325 11.6037 4.65612 -0.665346 -1.19409 -0.572559 3.95486 21.6773 2.54717
internal_weight=370555 30699 8851 4436 339856 55983 16372 8035 4438 21848 15184 8424 6760 3725 8124 3597 39611 283873 220689 130582 90107 4184 2770 16985 113597 99529 86425 6931 711 21906
internal_count=370555 30699 8851 4436 339856 55983 16372 8035 4438 21848 15184 8424 6760 3725 8124 3597 39611 283873 220689 130582 90107 4184 2770 16985 113597 99529 86425 6931 711 21906
is_linear=0
shrinkage=0.05


Tree=48
num_leaves=31
num_cat=0
split_feature=10 1 1 11 9 1 11 1 1 4 6 11 1 11 11 0 3 3 9 6 6 11 11 7 5 3 10 3 3 3
split_gain=7.42708e+08 1.24629e+09 1.54524e+09 1.53674e+08 1.51427e+08 2.0819e+08 2.63316e+08 4.2514e+08 4.56315e+08 3.3528e+08 2.20646e+08 8.558e+07 8.48371e+07 7.96603e+07 7.44121e+07 7.34985e+07 7.05282e+07 7.00674e+07 6.29049e+07 5.54782e+07 8.10485e+07 8.62787e+07 6.09034e+07 6.55551e+07 1.99164e+08 5.86606e+07 5.19186e+07 5.15155e+07 4.79498e+07 4.75177e+07
threshold=1945.2500000000002 4.5000000000000009 5.5000000000000009 10302.135000000002 385.17333333333335 3.5000000000000004 2979.9050000000002 5.5000000000000009 4.5000000000000009 1.5000000000000002 4.5000000000000009 13348.465000000002 3.5000000000000004 29214.375000000004 3307.1200000000003 21.500000000000004 4.5000000000000009 262.50000000000006 2087.0383333333334 31.500000000000004 30.500000000000004 95.410000000000011 350.43000000000006 1.0000000180025095e-35 1.0000000180025095e-35 14.500000000000002 1.0000000180025095e-35 262.50000000000006 13.500000000000002 28.500000000000004
decision_type=2 2 2 2 2 2 2 2 2 2 2 2 2 2 2 2 2 2 2 2 2 2 2 2 2 2 2 2 2 2
left_child=4 12 3 14 19 11 -7 8 -8 -10 27 -6 13 29 -3 -14 -4 -5 -19 20 22 -22 23 24 -1 26 -24 -11 -26 -2
right_child=1 2 16 17 5 6 7 -9 9 10 -12 -13 15 -15 -16 -17 -18 18 -20 -21 21 -23 25 -25 28 -27 -28 -29 -30 -31
leaf_value=-6.3026347593621352 8.1201427815994069 -29.998032913208011 37.199101854051861 51.879987092898354 -0.2191941817117801 -0.43552685058595259 3.2299115608102178 -2.4385519922018619 5.0490242988275353 29.616118265664451 -76.412417161230948 -5.41206913330943 3.1483907974158547 -5.8026336510528136 28.384331413570621 17.817177311657684 1.0997729159658776 11.681396077437835 50.226460006424027 -3.6294442460917908 17.469085896642341 -1.8472778044319409 5.744532848588455 -3.4727465842769081 32.509183066258068 -1.0547857508180096 -0.18672658082962568 12.792346725022483 9.9320676876158682 0.14557598764148105
leaf_weight=3205 2339 60 140 3143 51320 22515 7816 7794 2507 4958 51 9385 2857 4989 604 1218 4032 220 204 24327 1204 1112 6167 41895 260 144521 9184 501 2463 9277
leaf_count=3205 2339 60 140 3143 51320 22515 7816 7794 2507 4958 51 9385 2857 4989 604 1218 4032 220 204 24327 1204 1112 6167 41895 260 144521 9184 501 2463 9277
internal_value=-0.00396332 7.66605 23.9035 45.1948 -0.657764 0.902208 3.43374 7.1209 11.8267 20.2079 27.105 -1.02201 1.0682 -0.518267 23.1088 7.53283 2.31116 49.3061 30.2267 -1.36904 -1.1072 8.19456 -1.21092 -2.7764 2.14493 -0.742638 2.19605 28.0721 12.0878 1.75134
internal_weight=370268 29083 8403 4231 341185 106847 46142 23627 15833 8017 5510 60705 20680 16605 664 4075 4172 3567 424 234338 210011 2316 207695 47823 5928 159872 15351 5459 2723 11616
internal_count=370268 29083 8403 4231 341185 106847 46142 23627 15833 8017 5510 60705 20680 16605 664 4075 4172 3567 424 234338 210011 2316 207695 47823 5928 159872 15351 5459 2723 11616
is_linear=0
shrinkage=0.05


Tree=49
num_leaves=31
num_cat=0
split_feature=10 1 1 1 10 1 1 11 11 3 11 3 11 3 3 0 4 6 9 0 3 0 11 3 3 10 6 7 5 9
split_gain=6.72905e+08 8.42917e+08 1.12631e+09 1.80493e+08 4.91627e+08 5.23781e+08 7.80205e+08 1.14422e+08 1.08831e+08 8.96292e+07 8.95137e+07 7.84147e+07 7.57949e+07 7.9208e+07 8.32355e+07 1.34626e+08 1.67768e+08 7.04186e+07 7.01458e+07 6.59263e+07 6.542e+07 6.22446e+07 6.01125e+07 5.9697e+07 5.83764e+07 5.01345e+07 4.65635e+07 4.51961e+07 1.391e+08 7.45331e+07
threshold=2155.8333333333339 4.5000000000000009 5.5000000000000009 3.5000000000000004 941.90000000000009 5.5000000000000009 4.5000000000000009 5216.2050000000008 2431.5150000000008 14.500000000000002 4269.4150000000009 262.50000000000006 24530.555000000004 14.500000000000002 7.5000000000000009 18.500000000000004 1.0000000180025095e-35 39.500000000000007 1235.1773333333335 25.500000000000004 138.50000000000003 12.500000000000002 1845.5700000000002 19.500000000000004 4.5000000000000009 235.16666666666671 23.500000000000004 1.0000000180025095e-35 1.0000000180025095e-35 416.29716666666673
decision_type=2 2 2 2 2 2 2 2 2 2 2 2 2 2 2 2 2 2 2 2 2 2 2 2 2 2 2 2 2 2
left_child=3 9 10 12 8 6 -6 -8 27 -2 -3 18 13 14 25 -16 17 22 -9 -11 -20 -10 -17 -12 -4 -1 -23 28 -5 -30
right_child=1 2 24 4 5 -7 7 11 21 19 23 -13 -14 -15 15 16 -18 -19 20 -21 -22 26 -24 -25 -26 -27 -28 -29 29 -31
leaf_value=-5.0473729836543448 12.356781636967378 -10.679579288372096 38.353983011331643 -0.88763146944866811 1.6760967506819533 -3.426606226387138 6.3345760831156293 25.934245974236791 -0.5467180006114053 -0.85104231789878659 63.756808223122995 11.22191305993416 -7.5459369228176785 -1.7244318564206713 2.4301086260400293 50.951033028891359 1.9674417824062527 -3.3424704531405838 35.800919630853123 8.1395719194184633 72.201057699800444 3.6301476816419687 9.7873969638019531 43.971101061830282 1.4165740807952423 1.7016758098969484 -5.0358451113521259 -2.2581264479661045 8.4291444872038426 38.177677047563634
leaf_weight=5441 1938 69 111 28614 5914 6085 592 2659 19521 10792 448 531 5084 171786 9784 476 702 94 2138 2514 131 26594 109 2558 2943 5567 1646 52736 2490 230
leaf_count=5441 1938 69 111 28614 5914 6085 592 2659 19521 10792 448 531 5084 171786 9784 476 702 94 2138 2514 131 26594 109 2558 2943 5567 1646 52736 2490 230
internal_value=-0.00505573 8.60695 24.2667 -0.532576 0.777918 8.51691 14.591 27.2135 -0.281687 2.3108 45.6274 29.4777 -1.51939 -1.36142 1.451 4.49285 19.1068 36.8267 31.4448 0.84762 37.9025 1.62431 43.2812 46.9199 2.75909 -1.63422 3.12504 -1.3645 0.139489 10.9446
internal_weight=370297 21373 6129 348924 149881 18050 11965 6051 131831 15244 3075 5459 199043 193959 22173 11165 1381 679 4928 13306 2269 47761 585 3006 3054 11008 28240 84070 31334 2720
internal_count=370297 21373 6129 348924 149881 18050 11965 6051 131831 15244 3075 5459 199043 193959 22173 11165 1381 679 4928 13306 2269 47761 585 3006 3054 11008 28240 84070 31334 2720
is_linear=0
shrinkage=0.05


Tree=50
num_leaves=31
num_cat=0
split_feature=10 1 1 11 9 1 1 4 6 1 8 11 8 0 10 0 0 11 3 8 8 9 3 11 8 3 8 11 8 3
split_gain=6.02526e+08 9.64326e+08 1.15263e+09 1.42974e+08 1.41108e+08 2.1272e+08 4.45272e+08 6.35782e+08 1.51011e+08 9.16e+07 8.81701e+07 8.7898e+07 8.26518e+07 8.87806e+07 8.38052e+07 7.73505e+07 6.94288e+07 6.51674e+07 6.52467e+07 6.89263e+07 6.19623e+07 7.13262e+07 7.23962e+07 5.98813e+07 5.78878e+07 5.67214e+07 5.55462e+07 6.18204e+07 5.53526e+07 5.37771e+07
threshold=1987.5500000000002 4.5000000000000009 5.5000000000000009 10302.135000000002 468.4738333333334 4.5000000000000009 5.5000000000000009 1.5000000000000002 3.5000000000000004 3.5000000000000004 1451.2592857142861 9526.7850000000017 1554.1278571428572 27.500000000000004 2720.4666666666672 28.500000000000004 7.5000000000000009 29214.375000000004 14.500000000000002 2340.6650000000004 1750.47 1697.2931666666666 34.500000000000007 35421.660000000011 1925.7600000000002 25.500000000000004 1518.4428571428573 1681.2050000000002 2266.1771428571433 14.500000000000002
decision_type=2 2 2 2 2 2 2 2 2 2 2 2 2 2 2 2 2 2 2 2 2 2 2 2 2 2 2 2 2 2
left_child=4 9 3 -3 -1 10 7 -7 11 17 29 26 13 23 -14 -15 -16 18 24 -20 21 -11 -23 -5 -2 -22 27 -9 -18 -6
right_child=1 2 -4 12 5 6 -8 8 -10 20 -12 -13 14 15 16 -17 28 -19 19 -21 25 22 -24 -25 -26 -27 -28 -29 -30 -31
leaf_value=-1.1477771703877444 43.453290824036102 18.040582501258225 2.7575243633327529 75.016640256379773 4.7488027661253307 0.18602828635472268 -1.5722608096196327 -24.548848712607608 -56.334812341887385 4.2948524792989096 -5.8071113846330391 29.369628050737489 35.455106066850696 -28.70717111475328 25.197271162225295 56.052807965194972 88.352643013536266 -5.4696857192399015 2.5217492159791814 -7.4005059320876629 17.800283569198168 63.801804169437347 20.426088663471212 44.664519980754932 8.6090562760332769 -0.5656133564003748 -0.52178422512152256 22.507263956442337 51.870456156346201 -0.29198871481740318
leaf_weight=264107 134 596 4022 475 6040 5479 11538 73 58 636 6644 3686 2028 51 129 57 178 4796 7333 2299 533 114 616 247 1079 1990 390 1591 250 42669
leaf_count=264107 134 596 4022 475 6040 5479 11538 73 58 636 6644 3686 2028 51 129 57 178 4796 7333 2299 533 114 616 247 1079 1990 390 1591 250 42669
internal_value=-0.0227664 7.08898 21.6714 40.6372 -0.595467 1.27063 5.33338 12.3988 23.9397 1.09098 -0.403927 24.7509 44.5809 58.3084 40.1732 16.0273 57.3516 -0.616487 1.52975 0.15347 7.95819 16.5354 27.1998 64.633 12.4583 3.3143 16.4623 20.4429 67.043 0.333078
internal_weight=369838 27563 8033 4011 342275 78168 22815 11277 5798 19530 55353 5740 3415 830 2585 108 557 15641 10845 9632 3889 1366 730 722 1213 2523 2054 1664 428 48709
internal_count=369838 27563 8033 4011 342275 78168 22815 11277 5798 19530 55353 5740 3415 830 2585 108 557 15641 10845 9632 3889 1366 730 722 1213 2523 2054 1664 428 48709
is_linear=0
shrinkage=0.05


Tree=51
num_leaves=31
num_cat=0
split_feature=9 1 1 11 8 9 3 1 11 1 1 10 9 6 3 8 8 7 8 6 3 10 3 11 3 9 8 9 8 3
split_gain=5.62285e+08 7.70744e+08 1.4264e+09 2.77294e+08 1.38101e+08 1.02102e+08 1.1673e+08 9.35627e+07 1.51865e+08 1.83594e+08 1.25413e+08 2.6698e+08 9.15722e+07 8.87301e+07 8.25678e+07 1.13212e+08 7.98896e+07 9.03156e+07 7.8977e+07 7.6118e+07 7.32825e+07 7.28694e+07 7.17826e+07 6.587e+07 6.12987e+07 5.59271e+07 5.58324e+07 5.41359e+07 8.38265e+07 8.52782e+07
threshold=1341.3198333333337 4.5000000000000009 5.5000000000000009 8472.3050000000021 1554.1278571428572 198.87100000000001 14.500000000000002 3.5000000000000004 3139.3800000000006 5.5000000000000009 4.5000000000000009 687.73333333333346 2041.4540000000004 27.500000000000004 13.500000000000002 3218.1678571428579 310.66500000000002 1.0000000180025095e-35 2430.840714285715 29.500000000000004 262.50000000000006 2519.2500000000005 3.5000000000000004 24530.555000000004 15.500000000000002 2258.7413333333338 2024.3085714285717 1630.4328333333335 2430.840714285715 12.500000000000002
decision_type=2 2 2 2 2 2 2 2 2 2 2 2 2 2 2 2 2 2 2 2 2 2 2 2 2 2 2 2 2 2
left_child=5 4 3 -3 21 -1 13 16 19 10 -10 -12 26 22 15 -14 17 -8 -16 -9 27 23 -7 24 -2 -22 -6 -5 -29 -30
right_child=1 2 -4 20 12 6 7 8 9 -11 11 -13 14 -15 18 -17 -18 -19 -20 -21 25 -23 -24 -25 -26 -27 -28 28 29 -31
leaf_value=-1.9209129048650866 35.147333196699741 9.8309228158731159 0.26835559041516849 34.121019788384409 -1.3520760164346026 -1.9785352378376668 3.3312014274556598 -1.2194779232314181 2.2057893711225631 -2.0888835271621478 3.7196780249749075 19.777481065363489 26.080895828427817 28.523745711881727 4.9511944186184662 -4.7006896888508516 -2.7146848957463661 -1.3230817119488154 -6.6506396804943453 10.209971352636813 13.404319677256087 21.044790013469616 4.0295859547557962 -2.6382400579027614 6.9163743409291349 47.57685050299002 -8.5655929640199364 51.970227791199335 57.664562113251172 19.112153469831018
leaf_weight=109980 200 877 6225 1181 7153 6471 14486 50490 10448 9971 6767 4192 802 335 3983 476 58625 37163 2322 1500 394 787 21453 2020 4983 172 4292 2038 211 448
leaf_count=109980 200 877 6225 1181 7153 6471 14486 50490 10448 9971 6767 4192 802 335 3983 476 58625 37163 2322 1500 394 787 21453 2020 4983 172 4292 2038 211 448
internal_value=-0.0111708 5.70344 16.5164 35.5249 1.08258 -0.675199 -0.0577899 -0.495877 0.768156 3.51508 6.1253 9.86206 -1.23385 2.94416 3.02745 14.6161 -1.4515 -0.0176945 0.678481 -0.889719 40.5955 6.59909 2.63729 5.02076 8.00574 23.7889 -4.05722 43.0484 46.9577 31.4559
internal_weight=370445 38564 11546 5321 27018 331881 221901 193642 83368 31378 21407 10959 19028 28259 7583 1278 110274 51649 6305 51990 4444 7990 27924 7203 5183 566 11445 3878 2697 659
internal_count=370445 38564 11546 5321 27018 331881 221901 193642 83368 31378 21407 10959 19028 28259 7583 1278 110274 51649 6305 51990 4444 7990 27924 7203 5183 566 11445 3878 2697 659
is_linear=0
shrinkage=0.05


Tree=52
num_leaves=31
num_cat=0
split_feature=10 1 1 9 1 1 4 6 11 11 8 8 10 9 8 1 9 11 10 11 6 6 8 8 11 6 6 11 11 8
split_gain=5.22284e+08 6.73305e+08 8.61798e+08 1.42178e+08 2.15062e+08 4.18188e+08 7.10422e+08 2.41309e+08 1.30149e+08 9.07951e+07 8.80477e+07 8.32571e+07 8.72101e+07 7.88922e+07 7.5e+07 7.04192e+07 7.03067e+07 6.44747e+07 6.22479e+07 6.12202e+07 6.74987e+07 6.00383e+07 5.54042e+07 5.33974e+07 4.78104e+07 4.58032e+07 8.01111e+07 7.37479e+07 6.05061e+07 7.62226e+07
threshold=2155.8333333333339 4.5000000000000009 5.5000000000000009 391.92883333333344 4.5000000000000009 5.5000000000000009 1.5000000000000002 5.5000000000000009 8677.3750000000018 12943.180000000002 1791.3400000000004 3218.1678571428579 2444.1500000000001 1554.7928333333336 1750.47 3.5000000000000004 1196.8403333333333 4269.4150000000009 2812.8500000000008 2317.2200000000007 1.5000000000000002 1.5000000000000002 2195.8535714285722 503.59714285714296 29214.375000000004 31.500000000000004 30.500000000000004 77.27500000000002 161.18500000000003 248.14857142857144
decision_type=2 2 2 2 2 2 2 2 2 2 2 2 2 2 2 2 2 2 2 2 2 2 2 2 2 2 2 2 2 2
left_child=3 10 11 25 9 6 -6 8 19 -5 13 17 -13 -2 -4 -15 -10 -3 24 -8 22 -17 -21 -7 -12 26 28 -28 -1 -30
right_child=1 2 14 4 5 23 7 -9 16 -11 18 12 -14 15 -16 21 -18 -19 -20 20 -22 -23 -24 -25 -26 -27 27 -29 29 -31
leaf_value=-2.7384937742184516 -8.4118288984502971 -9.9875782736416525 14.811063924013522 0.44532195112764728 1.0346016214546034 2.8518762579458041 -10.293433927454883 -64.764187705064131 21.77822069608942 -3.8323485110558693 -0.1191509657222089 -48.548887603759766 28.165895580745246 6.8781333586842495 -2.275711424498446 18.236959272974687 33.892999168736303 43.262213079534774 7.730730380828259 13.473603954882217 35.123518480372624 60.04071584039805 -30.330835812970214 -3.2013954771022171 -8.4408278398788905 -3.1977491362591568 17.058896243376068 -0.70315651861564665 0.32570674056404081 -1.8135376955421809
leaf_weight=40712 677 58 912 63813 9276 5451 252 79 2453 15398 6031 50 143 3447 2171 695 2340 2855 1804 1438 369 98 76 10985 2418 24265 1185 1153 97016 72949
leaf_count=40712 677 58 912 63813 9276 5451 252 79 2453 15398 6031 50 143 3447 2171 695 2340 2855 1804 1438 369 98 76 10985 2418 24265 1185 1153 97016 72949
internal_value=0.0176759 7.60767 21.5062 -0.446557 1.02237 4.4325 10.1117 22.1281 23.119 -0.386224 1.93741 40.0949 8.2916 7.43803 2.77883 9.96877 27.6928 42.202 -0.700506 12.8508 15.9482 23.4031 11.2747 -1.19383 -2.50071 -1.13948 -0.905018 8.29942 -1.00717 -0.592457
internal_weight=370569 21359 6189 349210 111930 32719 16283 7007 6928 79211 15170 3106 193 4917 3083 4240 4793 2913 10253 2135 1883 793 1514 16436 8449 237280 213015 2338 210677 169965
internal_count=370569 21359 6189 349210 111930 32719 16283 7007 6928 79211 15170 3106 193 4917 3083 4240 4793 2913 10253 2135 1883 793 1514 16436 8449 237280 213015 2338 210677 169965
is_linear=0
shrinkage=0.05


Tree=53
num_leaves=31
num_cat=0
split_feature=10 1 1 11 3 8 10 11 10 1 11 1 10 1 4 1 8 8 3 3 11 0 0 8 3 3 0 11 11 10
split_gain=4.39583e+08 7.39009e+08 1.03034e+09 1.22714e+08 9.64386e+07 8.79938e+07 1.3437e+08 1.55106e+08 9.78541e+07 8.25836e+07 1.36502e+08 1.52394e+08 1.53562e+08 2.01045e+08 8.20072e+07 7.80153e+07 8.76844e+07 7.52151e+07 7.25225e+07 6.67409e+07 6.00239e+07 5.46347e+07 5.39464e+07 5.14008e+07 7.36404e+07 5.13698e+07 5.62093e+07 5.11553e+07 4.7534e+07 4.69882e+07
threshold=1766.3333333333335 4.5000000000000009 5.5000000000000009 5128.8100000000004 14.500000000000002 2899.4528571428577 2444.1500000000001 16431.460000000003 2548.1500000000001 3.5000000000000004 3568.3200000000002 5.5000000000000009 1160.1500000000003 4.5000000000000009 2.5000000000000004 3.5000000000000004 735.66785714285732 4.6428571428571432 5.5000000000000009 269.50000000000006 29214.375000000004 27.500000000000004 15.500000000000002 2340.6650000000004 35.500000000000007 18.500000000000004 22.500000000000004 350.43000000000006 42026.485000000008 2241.0833333333335
decision_type=2 2 2 2 2 2 2 2 2 2 2 2 2 2 2 2 2 2 2 2 2 2 2 2 2 2 2 2 2 2
left_child=4 15 3 -3 14 8 7 -7 19 -6 -11 12 22 -14 17 20 -17 -1 27 21 23 -5 -12 24 -2 -18 -27 -19 -10 -28
right_child=1 2 -4 5 9 6 -8 -9 28 10 11 -13 13 -15 -16 16 25 18 -20 -21 -22 -23 -24 -25 -26 26 29 -29 -30 -31
leaf_value=-3.4690161536293709 10.881519580950886 -5.8265399093627934 0.7653345080061128 36.602395239110159 -1.5966338436908876 -98.888178119751132 30.206780512310281 24.449971727371217 57.376782869188382 -1.0107028121872588 0.89423184487542473 -1.8766489033628446 2.4305095410710655 21.9202961269051 -3.1180439641414921 70.893323795612034 19.225209479112376 -7.9439752434582402 5.7347762655937453 8.8341537942384427 -4.9961767816227161 17.50858908781299 6.1346855111020631 -4.3737616988371952 0.64593548607715567 -0.041120135068299368 2.5105583484118812 1.9399761446512287 34.501118917889222 21.640004288079496
leaf_weight=4064 2197 200 5098 2822 169000 52 237 50 672 87738 13460 13143 2606 2688 6965 52 608 1558 17625 285 5783 432 7732 3359 8779 3010 618 8194 343 668
leaf_count=4064 2197 200 5098 2822 169000 52 237 50 672 87738 13460 13143 2606 2688 6965 52 608 1558 17625 285 5783 432 7732 3359 8779 3010 618 8194 343 668
internal_value=-0.00723191 5.30248 16.6559 32.562 -0.566557 34.1312 9.55552 -38.4283 35.9606 -0.872052 0.0893762 2.52493 4.70911 12.3263 1.79086 0.68803 6.30723 2.87831 3.82054 32.0354 -0.696242 34.0675 2.80624 1.03843 2.69473 5.62239 3.69722 0.360895 49.6464 12.4472
internal_weight=370038 35265 10191 5093 334773 4893 339 102 4554 296367 127367 39629 26486 5294 38406 25074 4956 31441 27377 3539 20118 3254 21192 14335 10976 4904 4296 9752 1015 1286
internal_count=370038 35265 10191 5093 334773 4893 339 102 4554 296367 127367 39629 26486 5294 38406 25074 4956 31441 27377 3539 20118 3254 21192 14335 10976 4904 4296 9752 1015 1286
is_linear=0
shrinkage=0.05


Tree=54
num_leaves=31
num_cat=0
split_feature=9 1 1 11 8 10 11 8 8 3 1 1 10 1 7 5 9 9 3 9 8 3 10 3 8 6 10 8 11 3
split_gain=4.37891e+08 6.66587e+08 1.14154e+09 1.6367e+08 9.85893e+07 8.18876e+07 8.14868e+07 1.21918e+08 1.2961e+08 1.4641e+08 9.4825e+07 8.38732e+07 1.34842e+08 1.00965e+08 6.81055e+07 2.76753e+08 8.04655e+07 6.52226e+07 6.4813e+07 6.37641e+07 6.60789e+07 6.0062e+07 6.88701e+07 5.75686e+07 5.69047e+07 5.5009e+07 5.42677e+07 5.28355e+07 5.08399e+07 6.93807e+07
threshold=1235.1773333333335 4.5000000000000009 5.5000000000000009 8677.3750000000018 1451.2592857142861 2720.4666666666672 617.29000000000008 1.0000000180025095e-35 79.0107142857143 14.500000000000002 3.5000000000000004 5.5000000000000009 1160.1500000000003 4.5000000000000009 1.0000000180025095e-35 1.0000000180025095e-35 416.29716666666673 225.24500000000003 265.50000000000006 1734.5108333333335 891.91357142857157 262.50000000000006 2680.8833333333337 18.500000000000004 1972.967142857143 42.500000000000007 2394.6000000000004 181.44500000000002 15243.790000000003 14.500000000000002
decision_type=2 2 2 2 2 2 2 2 2 2 2 2 2 2 2 2 2 2 2 2 2 2 2 2 2 2 2 2 2 2
left_child=6 4 3 -3 18 28 14 -8 17 -10 -11 12 -12 -14 15 -1 25 -9 19 20 -2 -5 -23 -4 26 27 -25 -17 29 -6
right_child=1 2 23 21 5 -7 7 8 9 10 11 -13 13 -15 -16 16 -18 -19 -20 -21 -22 22 -24 24 -26 -27 -28 -29 -30 -31
leaf_value=-2.5729070861236587 21.034141707758533 12.033273878637793 11.396763350641955 36.107160416326913 10.124866243998211 6.5984337761360194 -4.0759731448525072 2.7328938835224061 3.5635201527754021 -1.5774093514177898 1.1342644323843196 -1.6340943890266879 2.6737049702554945 18.228744234845419 -2.6035396732733744 12.14766593349483 33.035892179616205 10.41086035695019 -5.454940284423631 16.64788482034508 2.9929103297497748 9.4641925606876622 49.213164426800283 -1.0398560168648672 -9.1951939088324686 -14.033240804515902 14.199215682437291 -6.4409883350345254 -4.9708163496825968 -1.5752792877876223
leaf_weight=16025 564 1015 997 4354 1500 3013 17891 9344 24137 102867 47930 25087 2072 2101 71000 3970 379 3929 1184 1422 5070 448 144 3319 1732 244 709 423 9071 8159
leaf_count=16025 564 1015 997 4354 1500 3013 17891 9344 24137 102867 47930 25087 2072 2101 71000 3970 379 3929 1184 1422 5070 448 144 3319 1732 244 709 423 9071 8159
internal_value=0.0193803 4.78164 14.3736 30.3223 0.712983 -1.05204 -0.601737 -0.108448 0.21796 -0.0932515 -0.583449 0.741149 1.8848 10.5053 -1.86313 0.6353 10.8848 5.00568 5.37038 7.18688 4.79895 34.0755 19.1329 0.303753 -1.61634 9.07431 1.64249 10.3578 -2.28274 0.241702
internal_weight=370100 42701 12718 5961 29983 21743 327399 235358 217467 204194 180057 77190 52103 4173 92041 21041 5016 13273 8240 7056 5634 4946 592 6757 5760 4637 4028 4393 18730 9659
internal_count=370100 42701 12718 5961 29983 21743 327399 235358 217467 204194 180057 77190 52103 4173 92041 21041 5016 13273 8240 7056 5634 4946 592 6757 5760 4637 4028 4393 18730 9659
is_linear=0
shrinkage=0.05


Tree=55
num_leaves=31
num_cat=0
split_feature=10 1 1 1 1 10 1 1 11 11 11 8 11 8 1 3 8 9 0 3 3 3 0 4 6 11 8 3 3 0
split_gain=3.55014e+08 3.51343e+08 2.33069e+08 2.84617e+08 1.48209e+08 3.58525e+08 3.74739e+08 4.29948e+08 8.9481e+07 8.43657e+07 8.0716e+07 7.66908e+07 6.84326e+07 6.80058e+07 7.24181e+07 6.58553e+07 5.89683e+07 5.92185e+07 5.70913e+07 5.61722e+07 5.15463e+07 6.13429e+07 1.38104e+08 1.66434e+08 6.73056e+07 7.0334e+07 4.70592e+07 6.98932e+07 6.67542e+07 5.33202e+07
threshold=2303.4000000000005 3.5000000000000004 5.5000000000000009 4.5000000000000009 3.5000000000000004 1160.1500000000003 5.5000000000000009 4.5000000000000009 1681.2050000000002 5128.8100000000004 20009.920000000002 2899.4528571428577 15243.790000000003 1.0000000180025095e-35 5.5000000000000009 262.50000000000006 106.28785714285716 346.76666666666671 21.500000000000004 13.500000000000002 15.500000000000002 7.5000000000000009 18.500000000000004 1.0000000180025095e-35 39.500000000000007 1845.5700000000002 1925.7600000000002 14.500000000000002 9.5000000000000018 25.500000000000004
decision_type=2 2 2 2 2 2 2 2 2 2 2 2 2 2 2 2 2 2 2 2 2 2 2 2 2 2 2 2 2 2
left_child=4 26 3 18 10 8 7 -7 -6 -9 20 15 -5 -10 16 -11 17 -15 -3 -18 21 -1 -23 24 25 -24 27 -2 -28 -29
right_child=1 2 -4 12 5 6 -8 9 13 11 -12 -13 -14 14 -16 -17 19 -19 -20 -21 -22 22 23 -25 -26 -27 28 29 -30 -31
leaf_value=-1.7139986738385788 52.461623776423473 4.3851161330307411 2.7961343046714173 18.793961376874609 -1.2826104596514574 2.9781811339039823 -2.7620251934766955 1.6686820041002901 -4.8752634382133309 26.264970125333861 -6.1033101018679812 -37.765972117304806 38.937937210008386 6.7583920637935648 -0.79959071280430327 7.7876859199666528 7.7008796801910009 28.208763477876996 21.547063737300359 1.5610587929487925 -1.3655355076560172 1.6198907244448506 49.998836338789317 0.85978252240106723 -2.5049202709198002 5.8949006563371364 9.9659144840418001 1.837913946929459 -4.4415279922032411 20.242775096137095
leaf_weight=10999 77 1606 2356 549 71399 5775 5898 464 4160 4889 8247 50 1817 3862 19005 535 4227 351 694 31380 168785 12459 487 692 100 111 967 2954 4769 454
leaf_count=10999 77 1606 2356 549 71399 5775 5898 464 4160 4889 8247 50 1817 3862 19005 535 4227 351 694 31380 168785 12459 487 692 100 111 967 2954 4769 454
internal_value=-0.0392188 7.18872 15.6155 22.0884 -0.370984 0.808288 7.51635 12.692 -0.0708015 22.1391 -1.25886 23.8742 34.2638 1.30289 1.7398 24.4425 2.95178 8.5455 9.56355 2.28993 -1.05253 1.07366 3.28764 18.2361 35.4631 41.8123 0.771538 5.35408 -2.01266 4.28974
internal_weight=370118 16243 7022 4666 353875 151995 17611 11713 134384 5938 201880 5474 2366 62985 58825 5424 39820 4213 2300 35607 193633 24848 13849 1390 698 598 9221 3485 5736 3408
internal_count=370118 16243 7022 4666 353875 151995 17611 11713 134384 5938 201880 5474 2366 62985 58825 5424 39820 4213 2300 35607 193633 24848 13849 1390 698 598 9221 3485 5736 3408
is_linear=0
shrinkage=0.05


Tree=56
num_leaves=31
num_cat=0
split_feature=10 1 1 1 10 1 1 8 3 8 3 0 9 8 9 8 3 10 8 3 9 10 8 8 3 9 8 3 3 0
split_gain=3.67315e+08 3.17192e+08 4.573e+08 1.24437e+08 3.22807e+08 3.3497e+08 3.72958e+08 7.98113e+07 8.18641e+07 7.50827e+07 6.78337e+07 7.69159e+07 7.55747e+07 6.62833e+07 6.9162e+07 6.57162e+07 7.9541e+07 5.63134e+07 5.35558e+07 5.14852e+07 7.51713e+07 5.09673e+07 5.05942e+07 5.01629e+07 4.7705e+07 4.47168e+07 5.38938e+07 4.53182e+07 6.39464e+07 1.10049e+08
threshold=2303.4000000000005 4.5000000000000009 5.5000000000000009 3.5000000000000004 1090.7166666666669 5.5000000000000009 4.5000000000000009 1925.7600000000002 9.5000000000000018 2899.4528571428577 14.500000000000002 23.500000000000004 1554.7928333333336 3218.1678571428579 2041.4540000000004 2693.3414285714293 12.500000000000002 2762.7666666666669 2078.5514285714294 18.500000000000004 1841.156666666667 1448.7666666666669 1326.9885714285717 1791.3400000000004 269.50000000000006 1121.5418333333334 994.51571428571447 14.500000000000002 7.5000000000000009 18.500000000000004
decision_type=2 2 2 2 2 2 2 2 2 2 2 2 2 2 2 2 2 2 2 2 2 2 2 2 2 2 2 2 2 2
left_child=3 7 15 22 -5 6 19 10 13 21 -2 -12 -13 14 -9 17 -17 24 -4 20 -6 -8 25 -21 -3 27 -27 28 -1 -30
right_child=1 2 18 4 5 -7 9 8 -10 -11 11 12 -14 -15 -16 16 -18 -19 -20 23 -22 -23 -24 -25 -26 26 -28 -29 29 -31
leaf_value=-1.7041812640479383 47.34755514992608 36.498469659042783 10.476732752266832 -0.11319727281187855 8.9403887953301862 -2.4752688664470361 13.581837728782691 -1.2054034605893222 -2.6606634555398081 -36.35477288015958 3.7034831141916174 -32.739037819514202 24.021862682840734 -3.2618376662959032 32.891972448311598 45.609534520859938 1.6843985284666223 54.776464865949691 -4.5889341971246411 3.4731935000412886 55.731359970092775 23.646804503203814 -4.2016693647089944 -9.0995587309714683 7.1387148324545322 10.983369929370262 0.28083742002711481 -1.3575409570750385 1.9311176383924673 17.4260664262675
leaf_weight=10171 108 1362 1143 133649 606 6290 1754 220 6044 58 3335 63 848 429 459 157 300 392 1219 4397 100 4446 12704 968 154 1668 3990 162714 9246 1308
leaf_count=10171 108 1362 1143 133649 606 6290 1754 220 6044 58 3335 63 848 429 459 157 300 392 1219 4397 100 4446 12704 968 154 1668 3990 162714 9246 1308
internal_value=0.00417223 7.35872 18.2631 -0.333012 0.746078 6.91404 11.7043 2.87889 -0.370267 20.2697 8.21604 7.2207 20.0966 12.1236 21.8442 33.8049 16.7747 37.884 2.70152 2.87502 15.568 20.7994 -1.14723 1.20471 33.516 -0.942029 3.43598 -1.07707 1.12498 3.85147
internal_weight=370302 16233 4727 354069 152268 18619 12329 11506 7152 6258 4354 4246 911 1108 679 2365 457 1908 2362 6071 706 6200 201801 5365 1516 189097 5658 183439 20725 10554
internal_count=370302 16233 4727 354069 152268 18619 12329 11506 7152 6258 4354 4246 911 1108 679 2365 457 1908 2362 6071 706 6200 201801 5365 1516 189097 5658 183439 20725 10554
is_linear=0
shrinkage=0.05


Tree=57
num_leaves=31
num_cat=0
split_feature=9 1 1 11 8 3 8 1 11 1 9 1 11 3 6 8 11 9 8 3 10 3 8 8 0 8 10 11 10 9
split_gain=3.2803e+08 3.78262e+08 6.90021e+08 1.59029e+08 1.44351e+08 8.49413e+07 8.05574e+07 8.04361e+07 1.8465e+08 1.87758e+08 1.31041e+08 2.55018e+08 7.48404e+07 5.86615e+07 5.49542e+07 6.00634e+07 4.9939e+07 4.94809e+07 4.75205e+07 5.74709e+07 4.6933e+07 4.6376e+07 7.07334e+07 6.40244e+07 4.6188e+07 4.46365e+07 4.44132e+07 4.28785e+07 4.6564e+07 5.18301e+07
threshold=1519.3770000000002 4.5000000000000009 5.5000000000000009 11174.860000000002 1554.1278571428572 36.500000000000007 1669.8157142857144 3.5000000000000004 4568.1850000000013 5.5000000000000009 706.2118333333334 4.5000000000000009 16431.460000000003 19.500000000000004 3.5000000000000004 426.64000000000004 35421.660000000011 2041.4540000000004 1879.7300000000002 16.500000000000004 2548.1500000000001 13.500000000000002 3218.1678571428579 2340.6650000000004 19.500000000000004 3218.1678571428579 2872.6833333333338 5216.2050000000008 2220.0000000000005 1880.9296666666669
decision_type=2 2 2 2 2 2 2 2 2 2 2 2 2 2 2 2 2 2 2 2 2 2 2 2 2 2 2 2 2 2
left_child=7 4 3 25 5 20 13 12 -9 10 -10 -12 -1 -5 15 -13 -15 -6 26 -20 -2 22 -19 -23 -7 27 -4 -3 29 -29
right_child=1 2 18 6 17 24 -8 8 9 -11 11 14 -14 16 -16 -17 -18 21 19 -21 -22 23 -24 -25 -26 -27 -28 28 -30 -31
leaf_value=-0.90433287174102106 18.453256183251952 -4.7433580514027982 4.6721113963635741 91.48007393750278 -3.2866722964927408 2.4890327257710116 28.582641629854944 -0.62356047743035159 3.3902435969449281 -1.8018042898951259 2.0224076184636277 66.61408973914989 -5.7093292871616939 50.33770192405612 -22.276523017883303 19.571509480123296 23.714717440432814 20.209803356793362 10.608434419027148 -7.6953747238026082 52.957226143896051 4.9010892853153676 -4.1970786992708851 -5.2650764229525162 14.518204326972569 -29.790286224607442 45.902733879658712 19.709194568294826 36.045610106517287 -18.953430230042031
leaf_weight=185031 771 239 2597 66 9536 2942 2337 106970 18085 11851 4052 69 8475 602 77 4081 249 778 544 2026 113 3481 480 2790 1095 63 67 343 272 116
leaf_count=185031 771 239 2597 66 9536 2942 2337 106970 18085 11851 4052 69 8475 602 77 4081 249 778 544 2026 113 3481 480 2790 1095 63 67 343 272 116
internal_value=0.00660805 4.88647 13.2117 28.0847 1.28126 8.82581 33.5106 -0.447345 0.442224 3.42553 5.77529 10.9853 -1.11478 46.0697 19.5771 20.3537 42.5479 -0.894342 1.02964 -3.82095 22.8638 2.13571 10.8972 0.37811 5.75184 10.9928 5.70907 13.6416 19.6526 9.93825
internal_weight=370198 31507 9521 4287 21986 4921 3254 338691 145185 38215 26364 8279 193506 917 4227 4150 851 17065 5234 2570 884 7529 1258 6271 4037 1033 2664 970 731 459
internal_count=370198 31507 9521 4287 21986 4921 3254 338691 145185 38215 26364 8279 193506 917 4227 4150 851 17065 5234 2570 884 7529 1258 6271 4037 1033 2664 970 731 459
is_linear=0
shrinkage=0.05


Tree=58
num_leaves=31
num_cat=0
split_feature=10 1 1 1 7 5 6 1 1 11 8 8 9 11 11 10 8 3 7 10 10 4 9 11 3 11 11 10 8 9
split_gain=2.81997e+08 2.98115e+08 1.55063e+08 2.17836e+08 1.02768e+08 1.54209e+08 1.20892e+08 1.38454e+08 2.81692e+08 5.25403e+08 1.25801e+08 1.1109e+08 1.14762e+08 9.82138e+07 9.00363e+07 8.73378e+07 8.72109e+07 1.05869e+08 8.62578e+07 6.75712e+07 6.43122e+07 6.75554e+07 6.301e+07 5.78305e+07 5.66683e+07 5.53699e+07 5.9574e+07 5.23591e+07 5.06315e+07 5.05289e+07
threshold=2261.6500000000001 3.5000000000000004 5.5000000000000009 4.5000000000000009 1.0000000180025095e-35 1.0000000180025095e-35 4.5000000000000009 4.5000000000000009 5.5000000000000009 5216.2050000000008 379.8314285714286 115.78214285714287 143.08166666666668 1213.2750000000003 4718.9150000000009 535.83333333333337 2899.4528571428577 12.500000000000002 26.500000000000004 2762.7666666666669 1528.1500000000003 1.5000000000000002 431.04400000000004 16431.460000000003 21.500000000000004 22071.445000000003 16431.460000000003 266.83333333333343 1.0000000180025095e-35 416.29716666666673
decision_type=2 2 2 2 2 2 2 2 2 2 2 2 2 2 2 2 2 2 2 2 2 2 2 2 2 2 2 2 2 2
left_child=4 -2 3 -3 5 6 7 10 9 -9 13 12 -7 -1 -6 -8 17 -5 27 -19 21 22 -15 -18 28 26 -21 -16 -14 -26
right_child=1 2 -4 16 14 11 15 8 -10 -11 -12 -13 24 20 18 -17 23 19 -20 25 -22 -23 -24 -25 29 -27 -28 -29 -30 -31
leaf_value=-0.091339518169404291 0.48105177700765189 8.1538903598980088 3.6260817950656477 76.934631687686561 -1.5763185223866467 1.270028442072574 -2.9291045310763622 0.9322947934618514 -0.92696521839687274 18.894125393197253 -1.355333792804843 -2.6968283899534078 50.233972487115025 5.6454005219551142 1.9095212299134658 -26.643798950216933 -22.405822017267951 25.334174746976181 -1.9568341488437655 44.278374090175788 62.498608224064697 -8.0697162646334615 16.78295928869359 21.332592942763348 11.971820877964616 36.484059987947397 116.20988053375821 10.004446339708522 19.868457917584024 33.402141255768726
leaf_weight=12039 10010 2486 2578 126 163965 1595 17608 10045 16834 6846 59834 1699 228 8434 28528 397 123 1700 17083 63 51 768 1495 196 2269 301 53 2148 345 313
leaf_count=12039 10010 2486 2578 126 163965 1595 17608 10045 16834 6846 59834 1699 228 8434 28528 397 123 1700 17083 63 51 768 1495 196 2269 301 53 2148 345 313
internal_value=-0.0149877 6.15511 13.603 18.6981 -0.323664 0.723196 0.360662 0.950687 3.65039 8.21231 -0.151305 8.27581 12.2005 3.01023 -1.01984 -3.452 28.9295 32.4085 0.890634 29.7584 6.48434 6.21728 7.32237 4.46794 17.7264 47.7946 77.1436 2.47635 31.9511 14.5697
internal_weight=370160 17636 7626 5048 352524 140800 134351 116346 33725 16891 82621 6449 4750 22787 211724 18005 2562 2243 47759 2117 10748 10697 9929 319 3155 417 116 30676 573 2582
internal_count=370160 17636 7626 5048 352524 140800 134351 116346 33725 16891 82621 6449 4750 22787 211724 18005 2562 2243 47759 2117 10748 10697 9929 319 3155 417 116 30676 573 2582
is_linear=0
shrinkage=0.05


Tree=59
num_leaves=31
num_cat=0
split_feature=9 1 1 11 8 9 3 4 3 0 5 6 11 1 8 8 9 11 4 3 8 9 11 6 6 9 7 5 8 8
split_gain=2.46741e+08 3.95133e+08 6.97825e+08 1.36304e+08 1.05818e+08 7.89792e+07 6.80814e+07 6.70924e+07 5.79185e+07 1.33735e+08 1.09289e+08 5.59992e+07 6.42454e+07 5.08683e+07 5.36652e+07 4.95662e+07 1.1752e+08 9.31118e+07 1.02195e+08 9.53786e+07 6.68449e+07 7.6374e+07 8.43753e+07 9.07429e+07 5.06679e+07 5.8193e+07 5.02203e+07 9.69153e+07 4.93564e+07 4.93439e+07
threshold=1235.1773333333335 4.5000000000000009 5.5000000000000009 8677.3750000000018 1518.4428571428573 2041.4540000000004 14.500000000000002 2.5000000000000004 7.5000000000000009 18.500000000000004 1.0000000180025095e-35 39.500000000000007 1565.4350000000002 2.5000000000000004 746.56928571428591 532.87500000000011 412.61950000000007 1427.5150000000001 1.5000000000000002 269.50000000000006 313.69071428571436 205.2346666666667 947.47500000000002 30.500000000000004 1.5000000000000002 551.43033333333335 1.0000000180025095e-35 1.0000000180025095e-35 323.01071428571436 179.24214285714291
decision_type=2 2 2 2 2 2 2 2 2 2 2 2 2 2 2 2 2 2 2 2 2 2 2 2 2 2 2 2 2 2
left_child=6 4 3 -3 13 -6 7 8 -1 -10 -11 12 -12 -2 -15 16 20 26 19 24 21 -8 23 -23 25 28 27 -18 -19 -25
right_child=1 2 -4 -5 5 -7 15 -9 9 10 11 -13 -14 14 -16 -17 17 18 -20 -21 -22 22 -24 29 -26 -27 -28 -29 -30 -31
leaf_value=0.34816867010253572 1.9911175258176141 6.6692213936237215 -0.028551497962009644 26.829813082603955 -4.0317938726480103 2.4069994582220002 -1.3612822224129735 -2.8893390857547963 3.4102339470941163 1.2511839859804019 47.616298022212362 -3.0922611512078184 7.3204596351623543 37.359372739972493 8.1556002890763466 -2.2233045633069142 1.2255233137628916 19.630106765876956 -2.3443984728012461 -3.7675732207313297 -2.8362688244142507 -1.4309577272328677 2.3336496995592131 21.906416152507543 5.5687933406890187 22.817741004692419 -3.050022027272461 25.070616993294706 6.8584964095903178 -10.720855840494934
leaf_weight=15110 6140 1009 6775 4958 12662 7634 101009 6962 14349 417 474 90 125 165 3375 46260 9561 1005 3357 1588 35850 33961 39454 630 4504 1136 7871 446 3059 142
leaf_count=15110 6140 1009 6775 4958 12662 7634 101009 6962 14349 417 474 90 125 165 3375 46260 9561 1005 3357 1588 35850 33961 39454 630 4504 1136 7871 446 3059 142
internal_value=0.00290894 3.57689 10.9526 23.4207 0.441666 -1.60995 -0.463468 1.54042 2.54942 4.70153 21.4545 33.682 39.2073 4.74328 9.51679 -0.722927 -0.437972 2.35958 5.31491 7.59195 -0.869139 -0.466609 0.75153 -1.04564 9.45087 12.8133 -0.0619756 2.28827 10.0168 15.905
internal_weight=370078 42718 12742 5967 29976 20296 327360 37527 30565 15455 1106 689 599 9680 3540 289833 243573 32527 14649 11292 211046 175196 74187 34733 9704 5200 17878 10007 4064 772
internal_count=370078 42718 12742 5967 29976 20296 327360 37527 30565 15455 1106 689 599 9680 3540 289833 243573 32527 14649 11292 211046 175196 74187 34733 9704 5200 17878 10007 4064 772
is_linear=0
shrinkage=0.05


Tree=60
num_leaves=31
num_cat=0
split_feature=9 1 1 11 8 9 11 8 8 3 9 0 7 5 9 6 9 3 8 1 11 7 3 8 8 8 9 3 6 8
split_gain=2.30789e+08 3.16825e+08 6.15669e+08 1.45377e+08 1.03596e+08 6.49458e+07 6.31238e+07 9.50964e+07 1.20346e+08 1.04459e+08 8.34023e+07 7.64615e+07 6.34876e+07 2.18148e+08 7.37156e+07 6.99368e+07 7.29545e+07 5.83983e+07 5.77031e+07 5.69369e+07 5.35002e+07 5.63531e+07 5.03913e+07 6.56369e+07 6.4056e+07 4.76589e+07 4.74791e+07 4.66991e+07 4.4565e+07 4.36982e+07
threshold=1341.3198333333337 4.5000000000000009 5.5000000000000009 9772.6550000000025 1451.2592857142861 2041.4540000000004 490.46500000000009 1.0000000180025095e-35 111.20000000000002 14.500000000000002 159.84700000000001 17.500000000000004 1.0000000180025095e-35 1.0000000180025095e-35 416.29716666666673 30.500000000000004 165.09583333333339 276.50000000000006 120.67071428571431 3.5000000000000004 2142.3200000000002 23.500000000000004 13.500000000000002 2340.6650000000004 3218.1678571428579 2195.8535714285722 1917.6366666666668 265.50000000000006 32.500000000000007 154.79500000000004
decision_type=2 2 2 2 2 2 2 2 2 2 2 2 2 2 2 2 2 2 2 2 2 2 2 2 2 2 2 2 2 2
left_child=6 4 3 25 19 -6 12 -8 10 -10 -9 -11 13 15 28 -1 -17 -5 -18 27 -12 -22 24 -24 -7 -3 -21 -2 29 -15
right_child=1 2 -4 17 5 22 7 8 9 11 20 -13 -14 14 -16 16 18 -19 -20 26 21 -23 23 -25 -26 -27 -28 -29 -30 -31
leaf_value=-4.4105825937215606 6.2794965452553679 13.708790627303046 -0.075690509348890128 28.85480413589795 -3.1683940172042164 20.318480121062493 -3.4121959472657375 0.55265698498776838 2.7707197420142684 -1.510655164550724 2.3914034022505652 0.56386138767268901 -2.3586232797902205 11.330134094981691 31.360408938951032 0.32331865380543312 50.612539540916863 4.9424699752867873 5.557909411475773 12.433791650041318 12.003156362131364 2.9942991736182965 5.1555820453438628 -4.9858753718077331 -2.7952917660452381 -9.2415380689510833 42.063684719423705 -6.6241880453724367 -13.387300529311188 -4.2264918110382217
leaf_weight=8658 4217 724 6214 3944 13052 801 19683 12734 25991 103312 5328 77915 64821 3656 374 592 163 273 126 937 5054 2644 3730 2788 479 329 158 841 226 515
leaf_count=8658 4217 724 6214 3944 13052 801 19683 12734 25991 103312 5328 77915 64821 3656 374 592 163 273 126 937 5054 2644 3730 2788 479 329 158 841 226 515
internal_value=-0.035711 3.62941 10.5858 23.157 0.67097 -1.01142 -0.460856 -0.0748996 0.20705 -0.193621 3.43012 -0.618757 -1.69319 1.32106 10.0502 -3.0449 10.3763 27.3068 30.9693 6.37189 6.24307 8.90892 2.59885 0.81769 11.6689 6.53818 16.7092 4.13398 8.23762 9.40933
internal_weight=370279 38487 11484 5270 27003 20850 331792 252661 232978 207218 25760 181227 79131 14310 4771 9539 881 4217 289 6153 13026 7698 7798 6518 1280 1053 1095 5058 4397 4171
internal_count=370279 38487 11484 5270 27003 20850 331792 252661 232978 207218 25760 181227 79131 14310 4771 9539 881 4217 289 6153 13026 7698 7798 6518 1280 1053 1095 5058 4397 4171
is_linear=0
shrinkage=0.05


Tree=61
num_leaves=31
num_cat=0
split_feature=10 8 3 11 3 10 9 3 3 6 0 10 11 8 11 8 0 10 8 8 3 0 8 8 11 8 9 8 8 9
split_gain=2.53878e+08 1.08598e+08 1.1549e+08 9.46079e+07 1.11175e+08 8.88559e+07 7.65918e+07 8.24941e+07 7.20476e+07 6.12918e+07 5.64587e+07 5.35022e+07 5.21437e+07 6.3944e+07 7.70791e+07 5.16993e+07 5.0503e+07 4.79889e+07 6.01042e+07 4.70377e+07 4.40499e+07 1.02816e+08 4.37777e+07 5.3565e+07 4.7245e+07 4.27879e+07 9.93003e+07 6.13865e+07 4.21964e+07 4.10138e+07
threshold=2261.6500000000001 2266.1771428571433 12.500000000000002 35421.660000000011 14.500000000000002 2720.4666666666672 341.71516666666673 35.500000000000007 39.500000000000007 30.500000000000004 16.500000000000004 2812.8500000000008 438.77000000000004 417.72928571428577 2030.8800000000003 874.19928571428591 22.500000000000004 2641.9333333333338 2899.4528571428577 245.75071428571431 56.500000000000007 29.500000000000004 7.2142857142857153 207.59071428571431 7932.1100000000006 1972.967142857143 1554.7928333333336 1451.2592857142861 431.25857142857149 513.0351666666669
decision_type=2 2 2 2 2 2 2 2 2 2 2 2 2 2 2 2 2 2 2 2 2 2 2 2 2 2 2 2 2 2
left_child=6 3 17 4 -2 15 -1 25 11 10 -9 -7 -12 14 -14 -6 -17 -3 -19 -11 21 -18 -16 24 -24 26 28 -28 -8 -15
right_child=1 2 -4 -5 5 8 7 9 -10 19 12 -13 13 29 22 16 20 18 -20 -21 -22 -23 23 -25 -26 -27 27 -29 -30 -31
leaf_value=-0.90314822423825847 47.575245772467724 4.4825903616910967 -2.8995701221458923 2.4905170364133546 46.953884076524055 26.891821915762769 6.0567573976694513 -1.2998573116876981 19.802093936773595 44.446865408155652 -3.0495090843504546 95.409103268590471 1.7552815751660464 -2.5446752736994593 -14.815635516975499 5.4332365583572715 20.470458789082137 43.664653529595896 12.608727065285485 -5.3723204756436287 10.236153493010354 94.496034244321436 19.110302223728841 8.4806631966768702 60.524167650222779 -3.8701468466331415 29.004447774673963 8.6871239679935108 1.5467715561773023 1.7169887367799401
leaf_weight=214078 216 912 5108 3794 87 56 6372 54186 1002 135 6535 58 5894 7595 158 4347 408 218 546 73 979 53 842 2655 75 2417 509 1379 27874 21996
leaf_count=214078 216 912 5108 3794 87 56 6372 54186 1002 135 6535 58 5894 7595 158 4347 408 218 546 73 979 53 842 2655 75 2417 509 1379 27874 21996
internal_value=-0.0162963 5.81262 0.83732 8.88103 12.2457 11.1539 -0.310144 0.605168 24.0872 -0.151415 -0.207847 61.7515 1.08552 1.77461 5.31495 8.69675 8.1216 12.2264 21.4702 26.9622 16.2371 28.981 10.9398 12.079 22.4975 2.57054 3.00136 14.1646 2.38592 0.623165
internal_weight=370557 17784 6784 11000 7206 6990 352773 138695 1116 100144 99936 114 45750 39215 9624 5874 5787 1676 764 208 1440 461 3730 3572 917 38551 36134 1888 34246 29591
internal_count=370557 17784 6784 11000 7206 6990 352773 138695 1116 100144 99936 114 45750 39215 9624 5874 5787 1676 764 208 1440 461 3730 3572 917 38551 36134 1888 34246 29591
is_linear=0
shrinkage=0.05


Tree=62
num_leaves=31
num_cat=0
split_feature=10 1 1 1 1 10 1 1 3 11 11 11 0 6 10 11 11 1 11 3 3 11 3 11 3 3 3 0 4 6
split_gain=2.43907e+08 2.31616e+08 1.37901e+08 1.72046e+08 9.40547e+07 2.08862e+08 2.35101e+08 2.8315e+08 7.59469e+07 7.69778e+07 6.44466e+07 5.97606e+07 5.92806e+07 5.18888e+07 8.3919e+07 5.07191e+07 4.79312e+07 4.69431e+07 4.61897e+07 5.9738e+07 4.31634e+07 4.22495e+07 4.17607e+07 3.99009e+07 4.33088e+07 3.96029e+07 4.58966e+07 1.07274e+08 1.31571e+08 5.37332e+07
threshold=2303.4000000000005 3.5000000000000004 5.5000000000000009 4.5000000000000009 3.5000000000000004 941.90000000000009 5.5000000000000009 4.5000000000000009 262.50000000000006 3139.3800000000006 1681.2050000000002 20009.920000000002 21.500000000000004 1.5000000000000002 1853.7000000000003 5128.8100000000004 45915.240000000013 5.5000000000000009 23225.890000000003 1.5000000000000002 19.500000000000004 15243.790000000003 16.500000000000004 42026.485000000008 48.500000000000007 15.500000000000002 7.5000000000000009 18.500000000000004 1.0000000180025095e-35 39.500000000000007
decision_type=2 2 2 2 2 2 2 2 2 2 2 2 2 2 2 2 2 2 2 2 2 2 2 2 2 2 2 2 2 2
left_child=4 18 3 12 11 10 7 -7 9 -9 -6 25 -3 -11 -15 -5 -4 -12 19 -2 -17 -16 -8 24 -14 26 -1 -28 29 -29
right_child=1 2 16 15 5 6 22 8 -10 13 17 -13 23 14 21 20 -18 -19 -20 -21 -22 -23 -24 -25 -26 -27 27 28 -30 -31
leaf_value=-1.2970470757583943 42.153896565956643 2.9550250396373667 6.771865813850777 -19.574370629446847 -1.0268754478672333 1.9010905306265462 9.0086560943223386 -12.852404464958864 0.89217907837915722 17.243112503165644 2.1524262801027056 -5.0960732426768365 53.372934732055661 19.563794211996797 71.664671241565486 45.083786123836717 -10.622417385474085 -0.82282147511735249 -3.0135298816996077 3.306854502415435 25.729361985854617 34.083661156185734 -3.4821603852861767 0.91774562250369451 19.377721364995377 -1.0246863719513397 1.5608161957065463 37.182271627498714 0.72491880152807686 -2.7599713773143537
leaf_weight=11038 101 1614 1849 56 71224 6591 752 193 705 5016 41036 8246 125 609 142 338 504 19585 4213 4908 1950 158 6074 189 374 168783 12515 598 688 98
leaf_count=11038 101 1614 1849 56 71224 6591 752 193 705 5016 41036 8246 125 609 142 338 504 19585 4213 4908 1950 158 6074 189 374 168783 12515 598 688 98
internal_value=0.0545197 6.04989 12.9081 17.9027 -0.220161 0.718964 5.44811 9.29223 16.432 18.2228 -0.00702469 -0.927343 8.19364 19.235 30.2266 27.4379 3.0461 1.1912 0.844891 4.09015 28.5885 51.872 -2.10608 20.4831 27.8936 -0.749895 1.11 3.02158 16.2307 31.5582
internal_weight=370272 16221 6999 4646 354051 152085 20240 13414 6823 6118 131845 201966 2302 5925 909 2344 2353 60621 9222 5009 2288 300 6826 688 499 193720 24937 13899 1384 696
internal_count=370272 16221 6999 4646 354051 152085 20240 13414 6823 6118 131845 201966 2302 5925 909 2344 2353 60621 9222 5009 2288 300 6826 688 499 193720 24937 13899 1384 696
is_linear=0
shrinkage=0.05


Tree=63
num_leaves=31
num_cat=0
split_feature=10 1 1 1 10 1 1 8 11 11 3 11 0 3 8 8 9 8 11 3 9 11 3 8 10 7 8 9 3 10
split_gain=1.92175e+08 1.21763e+08 1.55358e+08 1.06099e+08 2.46351e+08 2.54569e+08 2.51093e+08 8.9497e+07 8.33789e+07 7.16378e+07 6.56429e+07 6.01483e+07 5.71456e+07 5.62258e+07 5.48408e+07 6.8276e+07 5.37137e+07 5.15341e+07 9.78343e+07 5.13105e+07 7.40063e+07 5.10182e+07 5.05695e+07 5.29006e+07 3.96317e+07 3.85241e+07 4.1471e+07 9.22293e+07 5.19192e+07 5.21095e+07
threshold=2519.2500000000005 4.5000000000000009 5.5000000000000009 3.5000000000000004 1090.7166666666669 5.5000000000000009 4.5000000000000009 1632.2000000000003 24530.555000000004 3307.1200000000003 269.50000000000006 1133.1150000000002 9.5000000000000018 37.500000000000007 1.0000000180025095e-35 111.20000000000002 286.54283333333336 2899.4528571428577 14253.120000000001 18.500000000000004 1804.4843333333336 10596.205000000002 31.500000000000004 2693.3414285714293 2955.1166666666672 26.500000000000004 492.04642857142863 312.47566666666671 13.500000000000002 253.50000000000003
decision_type=2 2 2 2 2 2 2 2 2 2 2 2 2 2 2 2 2 2 2 2 2 2 2 2 2 2 2 2 2 2
left_child=3 7 22 8 11 6 19 12 -1 -8 17 -5 -2 -14 -13 16 -16 -11 -19 20 -6 -22 -3 -24 -15 26 27 -17 29 -28
right_child=1 2 -4 4 5 -7 9 -9 -10 10 -12 14 13 24 15 25 -18 18 -20 -21 21 -23 23 -25 -26 -27 28 -29 -30 -31
leaf_value=-0.73116801744672377 2.7435506619400716 46.99799460811581 4.0134780968004371 -1.1867825446962184 5.9728425426736624 -1.8841951275287832 -10.239283987604471 1.0320468962942968 -6.1393865312590741 19.046044050097716 -0.22788515289624534 -3.7679119243088559 56.887092832535032 14.063584100996577 3.959169002263208 0.52502080250875716 15.425762623753229 -54.508661453864164 29.999150137970414 1.365768097869708 9.1517201692630081 60.683855224609374 28.291953039778214 -0.4887347074655386 61.214836364746091 -2.6199014283886282 -1.1432072957212553 5.9042186997323469 -2.8443521474172364 10.204545621198259
leaf_weight=198560 398 278 1349 59061 602 7241 249 5684 7392 6402 510 5687 126 410 6826 27160 1201 68 69 6259 78 125 881 195 50 7372 2342 11277 10711 1781
leaf_count=198560 398 278 1349 59061 602 7241 249 5684 7392 6402 510 5687 126 410 6826 27160 1201 68 69 6259 78 125 881 195 50 7372 2342 11277 10711 1781
internal_value=0.001941 7.07099 16.0228 -0.181574 0.806469 5.75986 9.61382 3.44221 -0.925279 16.1182 17.0492 0.00441862 17.3643 27.2945 0.950577 1.34135 5.6748 18.3967 -11.9463 2.89401 14.7764 40.8833 27.9877 23.0761 19.1887 0.767749 1.23655 2.10322 -1.0091 3.75865
internal_weight=370344 9371 2703 360973 155021 21603 14362 6668 205952 7298 7049 133418 984 586 74357 68670 8027 6539 137 7064 805 203 1354 1076 460 60643 53271 38437 14834 4123
internal_count=370344 9371 2703 360973 155021 21603 14362 6668 205952 7298 7049 133418 984 586 74357 68670 8027 6539 137 7064 805 203 1354 1076 460 60643 53271 38437 14834 4123
is_linear=0
shrinkage=0.05


Tree=64
num_leaves=31
num_cat=0
split_feature=10 1 1 1 10 1 1 11 11 8 3 11 3 0 0 8 3 8 8 9 11 3 3 11 8 3 0 11 0 10
split_gain=2.12293e+08 1.30627e+08 1.54821e+08 9.03571e+07 2.03367e+08 2.49768e+08 2.19788e+08 6.9866e+07 6.93168e+07 6.88214e+07 6.42328e+07 5.62353e+07 5.47222e+07 5.7553e+07 5.43711e+07 5.18729e+07 4.43666e+07 5.11424e+07 4.40911e+07 4.35712e+07 5.35643e+07 5.71293e+07 4.38249e+07 4.35715e+07 4.25293e+07 4.20557e+07 4.00487e+07 3.83597e+07 3.8102e+07 4.14662e+07
threshold=2494.5000000000005 4.5000000000000009 5.5000000000000009 3.5000000000000004 1090.7166666666669 5.5000000000000009 4.5000000000000009 19100.720000000005 4412.9450000000006 1791.3400000000004 269.50000000000006 3568.3200000000002 35.500000000000007 12.500000000000002 15.500000000000002 3218.1678571428579 31.500000000000004 2693.3414285714293 6.0714285714285721 2258.7413333333338 13772.890000000001 61.500000000000007 262.50000000000006 38560.455000000009 2133.8221428571437 4.5000000000000009 19.500000000000004 22071.445000000003 11.500000000000002 368.83333333333343
decision_type=2 2 2 2 2 2 2 2 2 2 2 2 2 2 2 2 2 2 2 2 2 2 2 2 2 2 2 2 2 2
left_child=3 9 16 7 11 6 27 28 -8 12 15 -5 13 -2 -13 -10 -3 19 -16 23 -21 -22 -23 -18 -4 -26 -15 -6 -1 -30
right_child=1 2 24 4 5 -7 8 -9 10 -11 -12 14 -14 26 18 -17 17 -19 -20 20 21 22 -24 -25 25 -27 -28 -29 29 -31
leaf_value=-1.579564067410848 4.4882421651017772 44.001521231017165 13.662525097970224 -0.63952834790126467 5.3354698863875871 -2.3676281880766448 -4.3241116170322194 -4.8752940136365703 18.301444062772255 0.81085175824102762 -1.0698228265187755 0.28644296912769318 8.3668936046217208 82.655324881417414 -5.9734636704211272 -28.804598725852323 30.014990291524466 0.20731574576075484 5.2866251206576669 8.1230937912350623 27.107756060194749 112.01828134610103 53.612118531408761 2.8154551656081761 37.18513649358588 -6.7016264372655785 32.138541060227617 -2.6038991108689657 -0.71921055319242677 1.3299000757686312
leaf_weight=73531 109 316 677 97775 4738 7155 425 10463 6183 5524 483 23727 1384 63 943 59 403 205 11135 84 107 52 84 232 59 730 104 2241 86951 34479
leaf_count=73531 109 316 677 97775 4738 7155 425 10463 6183 5524 483 23727 1384 63 943 59 403 205 11135 84 107 52 84 232 59 730 104 2241 86951 34479
internal_value=-0.0066823 7.13082 15.9914 -0.207422 0.704539 5.24373 9.09817 -0.894927 15.2593 3.49357 16.4969 -0.0187143 12.4209 32.7497 1.67658 17.8562 27.382 22.8817 4.40748 27.7136 42.542 54.4399 75.9439 20.0775 4.4688 -3.41985 51.1958 2.78609 -0.681313 -0.137383
internal_weight=370421 10133 2949 360288 154864 21284 14129 205424 7150 7184 6725 133580 1660 276 35805 6242 1483 1167 12078 962 327 243 136 635 1466 789 167 6979 194961 121430
internal_count=370421 10133 2949 360288 154864 21284 14129 205424 7150 7184 6725 133580 1660 276 35805 6242 1483 1167 12078 962 327 243 136 635 1466 789 167 6979 194961 121430
is_linear=0
shrinkage=0.05


Tree=65
num_leaves=31
num_cat=0
split_feature=9 1 1 1 11 8 3 8 9 3 8 11 10 8 9 8 10 8 8 3 3 3 0 1 3 0 8 3 11 0
split_gain=1.5058e+08 2.22662e+08 1.65729e+08 2.03253e+08 7.22867e+07 6.99542e+07 1.1036e+08 5.98734e+07 5.88733e+07 6.58818e+07 9.61479e+07 1.22164e+08 8.89081e+07 9.21705e+07 6.66168e+07 8.24299e+07 6.03332e+07 7.22642e+07 5.72729e+07 5.62533e+07 5.6001e+07 1.0603e+08 6.60352e+07 5.15171e+07 5.06306e+07 4.8157e+07 4.57672e+07 4.57491e+07 4.36809e+07 4.31277e+07
threshold=1519.3770000000002 3.5000000000000004 5.5000000000000009 4.5000000000000009 11174.860000000002 1925.7600000000002 13.500000000000002 1669.8157142857144 245.38166666666669 14.500000000000002 357.74000000000007 1030.575 397.50000000000006 6.0714285714285721 463.73333333333335 551.57428571428579 12.500000000000002 181.44500000000002 1669.8157142857144 4.5000000000000009 45.500000000000007 61.500000000000007 21.500000000000004 1.0000000180025095e-35 5.5000000000000009 19.500000000000004 1750.47 18.500000000000004 23225.890000000003 14.500000000000002
decision_type=2 2 2 2 2 2 2 2 2 2 2 2 2 2 2 2 2 2 2 2 2 2 2 2 2 2 2 2 2 2
left_child=8 5 3 26 -5 6 23 20 -1 24 11 -11 16 -14 -12 -16 17 -13 27 -20 -6 -22 28 -2 -10 -8 29 -4 -23 -3
right_child=1 2 18 4 7 -7 25 -9 9 10 14 12 13 -15 15 -17 -18 -19 19 -21 21 22 -24 -25 -26 -27 -28 -29 -30 -31
leaf_value=-1.0378680038540362 6.5381454903738847 3.8473561727872458 37.974548007647194 8.666436586361959 55.576965849957574 -3.4571631034779871 -0.80650059678396324 19.461233903343427 -0.093427365709604249 -0.76011283831624654 -2.8795870375749848 9.4345685177122842 -16.85131078911331 8.2877508505614212 3.4006871054238665 -1.1472235112169866 -0.88468772012863051 1.7341034388380387 24.725962512872439 -4.3120800878937997 -3.3470377527475357 47.324093415047315 77.053683003286523 51.132835691215021 4.4665729866157973 7.2254495311872011 0.86106340022317218 6.0681737963714886 13.855580049722306 21.610198625394062
leaf_weight=148536 105 744 120 1057 235 9031 5741 2339 10086 37091 34869 4237 379 9606 12957 43121 11722 10845 176 3185 200 197 96 169 15354 2765 2787 1762 193 632
leaf_count=148536 105 744 120 1057 235 9031 5741 2339 10086 37091 34869 4237 379 9606 12957 43121 11722 10845 176 3185 200 197 96 169 15354 2765 2787 1762 193 632
internal_value=0.015691 3.32044 8.10699 12.4275 20.0291 -0.367494 2.8105 23.7132 -0.291898 0.29046 -0.0750641 1.26479 3.30631 7.33355 -1.16348 -0.0964143 1.80609 3.8974 1.11899 -2.79149 34.5117 27.2955 39.9056 34.0436 2.6587 1.8044 4.54477 8.10259 30.7615 12.0059
internal_weight=370337 31534 13723 8480 4317 17811 8780 3260 338803 190267 164827 73880 36789 9985 90947 56078 26804 15082 5243 3361 921 686 486 274 25440 8506 4163 1882 390 1376
internal_count=370337 31534 13723 8480 4317 17811 8780 3260 338803 190267 164827 73880 36789 9985 90947 56078 26804 15082 5243 3361 921 686 486 274 25440 8506 4163 1882 390 1376
is_linear=0
shrinkage=0.05


Tree=66
num_leaves=31
num_cat=0
split_feature=9 1 1 1 8 3 8 1 10 1 1 8 10 3 9 3 3 9 10 8 8 3 8 0 3 8 3 3 8 1
split_gain=1.54204e+08 1.50397e+08 1.37534e+08 1.05578e+08 6.65349e+07 6.32058e+07 8.71577e+07 5.83494e+07 1.17143e+08 1.56566e+08 1.74165e+08 5.644e+07 6.07762e+07 5.6173e+07 5.53075e+07 1.11308e+08 7.53173e+07 1.14044e+08 5.4804e+07 5.11839e+07 4.85947e+07 5.76701e+07 4.46187e+07 4.35631e+07 4.33119e+07 4.26936e+07 4.25891e+07 4.05282e+07 3.6339e+07 3.53973e+07
threshold=1734.5108333333335 3.5000000000000004 5.5000000000000009 4.5000000000000009 2266.1771428571433 25.500000000000004 1593.7250000000001 3.5000000000000004 1090.7166666666669 5.5000000000000009 4.5000000000000009 2430.840714285715 2220.0000000000005 276.50000000000006 2258.7413333333338 66.500000000000014 31.500000000000004 1998.7498333333335 2418.9166666666674 3218.1678571428579 1750.47 4.5000000000000009 1326.9885714285717 22.500000000000004 29.500000000000004 1295.9014285714288 12.500000000000002 26.500000000000004 1750.47 5.5000000000000009
decision_type=2 2 2 2 2 2 2 2 2 2 2 2 2 2 2 2 2 2 2 2 2 2 2 2 2 2 2 2 2 2
left_child=7 4 3 5 24 -3 23 22 29 10 25 12 -5 14 16 -16 17 -14 19 27 -4 -22 -1 -7 -2 -10 -20 -13 -15 -9
right_child=1 2 20 11 -6 6 -8 8 9 -11 -12 18 13 28 15 -17 -18 -19 26 -21 21 -23 -24 -25 -26 -27 -28 -29 -30 -31
leaf_value=-0.6694537007749739 11.206717768389815 22.240053607475556 9.1351046989275062 10.791783418886125 -4.2981229380573849 14.61363295041598 -1.1782894335539922 0.57873451081674376 5.5142644865105774 -3.2812105472775279 14.094307958602613 26.362608717002121 24.844075262351115 26.440186335435556 26.284708175308566 89.97637228924296 21.436471596037507 101.95406740647329 40.76223565378497 -51.347519442818388 28.042654011700606 -4.0292019971011355 -4.2359961106919526 51.619061132577748 1.4850132445728508 -3.4145670459876727 10.220189852031771 -13.871391682271605 -23.916216593903382 -1.1437032687413644
leaf_weight=188962 1370 529 1380 620 4820 338 2032 88655 2946 4462 5506 102 122 67 170 115 942 79 155 55 148 2648 9196 104 6997 2454 433 162 77 44952
leaf_count=188962 1370 529 1380 620 4820 338 2032 88655 2946 4462 5506 102 122 67 170 115 942 79 155 55 148 2648 9196 104 6997 2454 433 162 77 44952
internal_value=-0.0077236 3.91515 8.44932 13.2341 0.3812 6.55295 3.19867 -0.272897 0.474738 4.60881 7.83687 19.7084 24.0488 29.2774 32.2788 51.9849 27.3653 55.151 9.21852 -7.468 1.45772 -2.33155 -0.834968 23.3208 3.07683 1.45661 18.2712 1.67356 -0.486501 -0.000778711
internal_weight=370598 23465 10278 6102 13187 3003 2474 347133 148975 15368 10906 3099 2192 1572 1428 285 1143 201 907 319 4176 2796 198158 442 8367 5400 588 264 144 133607
internal_count=370598 23465 10278 6102 13187 3003 2474 347133 148975 15368 10906 3099 2192 1572 1428 285 1143 201 907 319 4176 2796 198158 442 8367 5400 588 264 144 133607
is_linear=0
shrinkage=0.05


Tree=67
num_leaves=31
num_cat=0
split_feature=9 1 1 8 3 1 8 9 1 1 4 6 8 8 3 8 3 8 10 3 8 3 9 9 4 10 10 10 8 8
split_gain=1.6101e+08 1.49936e+08 1.51855e+08 8.93192e+07 1.23743e+08 7.43974e+07 6.20188e+07 7.92577e+07 7.58867e+07 1.64264e+08 2.52784e+08 1.16756e+08 6.02476e+07 5.7215e+07 5.46284e+07 5.10847e+07 6.73108e+07 4.97621e+07 8.48078e+07 4.98801e+07 4.78238e+07 4.84935e+07 5.38607e+07 4.75007e+07 4.73197e+07 9.00687e+07 4.94376e+07 4.58238e+07 4.55398e+07 4.20772e+07
threshold=1697.2931666666666 3.5000000000000004 5.5000000000000009 2693.3414285714293 18.500000000000004 4.5000000000000009 1791.3400000000004 455.00233333333341 4.5000000000000009 5.5000000000000009 1.5000000000000002 3.5000000000000004 1451.2592857142861 1750.47 11.500000000000002 631.65142857142871 15.500000000000002 368.47071428571434 363.50000000000006 11.500000000000002 1925.7600000000002 266.50000000000006 2138.2523333333338 1519.3770000000002 1.5000000000000002 643.16666666666686 1664.0666666666668 2762.7666666666669 1295.9014285714288 1879.7300000000002
decision_type=2 2 2 2 2 2 2 2 2 2 2 2 2 2 2 2 2 2 2 2 2 2 2 2 2 2 2 2 2 2
left_child=6 20 3 4 13 12 7 17 15 10 -10 -12 -6 -3 -5 24 23 18 -1 -19 21 22 -2 -17 25 -9 -26 -7 -11 -4
right_child=1 2 29 14 5 27 -8 8 9 28 11 -13 -14 -15 -16 16 -18 19 -20 -21 -22 -23 -24 -25 26 -27 -28 -29 -30 -31
leaf_value=-0.5870028465305327 3.5132345146677637 78.293949938424021 6.6430125914745064 15.513120497131348 26.8912255575557 16.628209274597186 -6.6558705863448697 1.46670336358464 0.50473930404335388 0.49367088094955369 15.707468272513001 -56.832406445911957 4.0401864973136865 32.023650543574099 -8.0665902355413763 3.007553210679605 -2.0195576232159893 0.76341626756381087 2.8419296505977432 -2.9144384114655706 -1.9604057637281767 -6.7971169825715183 17.320244694367435 30.691573839367564 -3.4508255376381856 10.350576063502899 35.98531150111446 35.85792508053057 -9.0615009658268839 -3.2868576159169884
leaf_weight=190044 3996 79 1903 375 334 2114 3729 15435 6069 10030 5871 56 2115 433 712 6078 28593 12194 19923 37785 8178 881 858 159 4210 3500 81 363 1424 2428
leaf_count=190044 3996 79 1903 375 334 2114 3729 15435 6069 10030 5871 56 2115 433 712 6078 28593 12194 19923 37785 8178 881 858 159 4210 3500 81 363 1424 2428
internal_value=0.0367776 3.93076 8.33472 13.1526 15.768 13.3364 -0.242641 -0.172602 1.18782 3.58836 7.67749 15.0221 7.15666 39.163 0.0680846 0.218187 -0.992976 -0.599161 -0.261644 -2.01711 0.494444 3.99501 5.95378 3.7133 2.03446 3.10882 -2.7064 19.4463 -0.69426 1.07623
internal_weight=369950 24769 10856 6525 5438 4926 345181 341452 81506 23450 11996 5927 2449 512 1087 58056 34830 259946 209967 49979 13913 5735 4854 6237 23226 18935 4291 2477 11454 4331
internal_count=369950 24769 10856 6525 5438 4926 345181 341452 81506 23450 11996 5927 2449 512 1087 58056 34830 259946 209967 49979 13913 5735 4854 6237 23226 18935 4291 2477 11454 4331
is_linear=0
shrinkage=0.05


Tree=68
num_leaves=31
num_cat=0
split_feature=10 1 8 11 9 3 1 11 1 1 10 8 11 6 6 6 10 8 11 8 11 10 8 9 3 8 3 8 3 8
split_gain=1.22059e+08 9.88546e+07 7.1531e+07 7.19074e+07 5.6852e+07 7.20422e+07 7.26986e+07 1.01276e+08 1.0794e+08 1.82166e+08 1.54164e+08 6.21641e+07 5.87745e+07 5.86229e+07 5.67152e+07 5.90869e+07 6.46365e+07 5.41885e+07 5.54399e+07 5.09923e+07 5.09049e+07 5.51723e+07 4.73946e+07 4.65813e+07 4.59187e+07 4.1808e+07 4.01855e+07 5.08533e+07 4.15091e+07 5.59913e+07
threshold=2348.0500000000006 3.5000000000000004 2024.3085714285717 45915.240000000013 269.66516666666672 263.50000000000006 2.5000000000000004 2104.9600000000005 5.5000000000000009 4.5000000000000009 721.21666666666681 379.8314285714286 15809.935000000003 30.500000000000004 3.5000000000000004 1.5000000000000002 1900.7500000000002 2430.840714285715 23225.890000000003 450.2542857142858 12557.920000000002 2680.8833333333337 396.00642857142867 1917.6366666666668 14.500000000000002 183.57357142857146 11.500000000000002 2537.0064285714293 282.50000000000006 2899.4528571428577
decision_type=2 2 2 2 2 2 2 2 2 2 2 2 2 2 2 2 2 2 2 2 2 2 2 2 2 2 2 2 2 2
left_child=4 -2 3 20 -1 6 12 13 9 22 11 -11 -6 -8 15 17 -17 25 23 -10 -3 -22 -9 -19 -24 -12 -4 -28 -29 -30
right_child=1 2 26 -5 5 -7 7 8 19 10 14 -13 -14 -15 -16 16 -18 18 -20 -21 21 -23 24 -25 -26 -27 27 28 29 -31
leaf_value=-0.86200058080095077 0.89867503648471936 2.5378082847277792 16.845812501967384 2.1634820266032784 0.050755601002022532 -2.2907582917530691 -0.38093096866774384 5.8550977406789508 4.3794997948448628 9.3890289191215768 54.987986004402245 -0.41574165768183563 -4.5993675542986274 20.3471515717548 -38.49983993231082 17.610129790557465 44.986824641100142 7.0348798101012777 35.186594707124378 -2.6155738719439086 18.416757941382272 39.216321734873162 5.5473429045045854 -44.178577812244228 -0.40058765141138458 13.037499348785515 7.2982998874510123 -9.7282486710772229 61.748887986660009 -3.8613849306619294
leaf_weight=167716 8388 338 556 762 63672 21900 40539 5967 3532 2709 60 4009 7607 344 51 773 299 74 51 9930 1225 431 4054 111 16258 5857 1864 996 50 93
leaf_count=167716 8388 338 556 762 63672 21900 40539 5967 3532 2709 60 4009 7607 344 51 773 299 74 51 9930 1225 431 4054 111 16258 5857 1864 996 50 93
internal_value=-0.00829884 4.456 9.18106 15.2283 -0.192929 0.404599 0.760412 1.66888 3.09573 4.39136 8.99954 3.53798 -0.445512 -0.20652 14.0422 14.4131 25.246 12.5258 -10.9692 -0.780289 20.2209 23.8302 1.93742 -23.6932 0.786539 13.4629 4.49826 2.21213 -6.1115 19.0793
internal_weight=370216 14703 6315 2756 355513 187797 165897 94618 53735 40273 13994 6718 71279 40883 7276 7225 1072 6153 236 13462 1994 1656 26279 185 20312 5917 3559 3003 1139 143
internal_count=370216 14703 6315 2756 355513 187797 165897 94618 53735 40273 13994 6718 71279 40883 7276 7225 1072 6153 236 13462 1994 1656 26279 185 20312 5917 3559 3003 1139 143
is_linear=0
shrinkage=0.05


Tree=69
num_leaves=31
num_cat=0
split_feature=9 1 1 1 11 3 11 7 5 9 11 6 10 11 1 1 4 11 0 11 9 11 11 0 6 11 3 11 3 10
split_gain=1.42272e+08 1.28671e+08 1.15433e+08 7.78067e+07 6.55581e+07 4.91417e+07 4.83167e+07 4.80956e+07 1.4869e+08 9.18736e+07 6.84142e+07 6.76979e+07 7.07777e+07 6.2328e+07 5.98823e+07 1.32779e+08 2.55161e+08 7.26357e+07 5.52526e+07 9.60961e+07 4.71051e+07 4.54931e+07 3.97193e+07 3.95505e+07 3.93087e+07 3.82806e+07 3.77783e+07 3.69809e+07 3.67159e+07 3.9336e+07
threshold=1734.5108333333335 3.5000000000000004 5.5000000000000009 4.5000000000000009 16431.460000000003 269.50000000000006 29214.375000000004 1.0000000180025095e-35 1.0000000180025095e-35 341.71516666666673 192.04500000000004 4.5000000000000009 96.166666666666671 115.20500000000001 4.5000000000000009 5.5000000000000009 1.5000000000000002 13348.465000000002 11.500000000000002 6839.2300000000005 1880.9296666666669 3307.1200000000003 14253.120000000001 17.500000000000004 40.500000000000007 329.85000000000008 21.500000000000004 1565.4350000000002 25.500000000000004 2371.4500000000003
decision_type=2 2 2 2 2 2 2 2 2 2 2 2 2 2 2 2 2 2 2 2 2 2 2 2 2 2 2 2 2 2
left_child=7 23 3 28 5 21 -6 8 11 13 -9 14 -13 24 17 16 -16 25 -12 -20 -8 -5 -17 -2 -10 -1 -11 -18 29 -3
right_child=1 2 -4 4 6 -7 20 10 9 26 18 12 -14 -15 15 22 27 -19 19 -21 -22 -23 -24 -25 -26 -27 -28 -29 -30 -31
leaf_value=-5.310416219989448 -1.8238956803057769 33.926767921040202 1.5510487448356172 -27.476069068908693 32.331561495528163 -13.723558769563233 -2.2165286220144482 -2.2680150237510031 11.13278456470043 46.00862979880462 -1.5361951961892144 -1.6267159764589125 -12.048148521325952 -0.98703047625177676 0.17515699762792236 0.28899794290660158 -13.731941122093867 -3.2142629687067679 0.0060545233287167032 5.2218602136595056 22.824427781663044 16.002140909362122 -6.4294681702009058 3.7113312162115073 -12.901032416820527 0.88643715585151961 18.022786684074894 13.288086413016979 4.1128689597329737 6.495283886065355
leaf_weight=2598 7494 234 4113 64 888 198 256 50748 3103 141 50305 16232 1811 2251 9319 12605 129 15181 100887 9678 705 1004 2665 5668 180 61175 833 6901 2489 296
leaf_count=2598 7494 234 4113 64 888 198 256 50748 3103 141 50305 16232 1811 2251 9319 12605 129 15181 100887 9678 705 1004 2665 5668 180 61175 833 6901 2489 296
internal_value=0.0578832 3.83058 8.03186 12.3774 17.9212 9.15515 23.9233 -0.196816 0.540119 7.91353 -0.66737 0.167023 -2.67273 5.42122 0.630406 2.46909 5.60046 -0.10594 -0.162431 0.462606 16.1538 13.3967 -0.883544 0.559759 9.81506 0.633988 22.0741 12.7923 6.6573 18.6065
internal_weight=370151 23409 10247 6134 3115 1266 1849 346742 135124 6508 211618 128616 18043 5534 110573 31619 16349 78954 160870 110565 961 1068 15270 13162 3283 63773 974 7030 3019 530
internal_count=370151 23409 10247 6134 3115 1266 1849 346742 135124 6508 211618 128616 18043 5534 110573 31619 16349 78954 160870 110565 961 1068 15270 13162 3283 63773 974 7030 3019 530
is_linear=0
shrinkage=0.05


Tree=70
num_leaves=31
num_cat=0
split_feature=10 1 9 1 1 3 8 3 6 8 3 8 3 8 9 10 8 8 3 3 6 3 3 0 3 8 8 3 9 3
split_gain=9.60459e+07 7.12114e+07 1.46974e+08 1.47757e+08 1.85591e+08 6.84618e+07 6.31449e+07 5.36428e+07 1.11725e+08 5.16584e+07 4.56164e+07 3.95972e+07 6.28021e+07 5.29213e+07 4.14112e+07 3.76699e+07 5.13105e+07 4.10812e+07 4.01493e+07 8.34448e+07 3.84996e+07 3.76384e+07 3.61915e+07 3.35394e+07 3.31377e+07 5.12978e+07 3.30787e+07 3.29303e+07 4.78002e+07 3.94421e+07
threshold=2720.4666666666672 3.5000000000000004 928.8950000000001 5.5000000000000009 4.5000000000000009 262.50000000000006 891.91357142857157 138.50000000000003 1.5000000000000002 2024.3085714285717 39.500000000000007 2266.1771428571433 12.500000000000002 3218.1678571428579 2530.8520000000003 2220.0000000000005 1669.8157142857144 1326.9885714285717 38.500000000000007 61.500000000000007 2.5000000000000004 18.500000000000004 56.500000000000007 5.5000000000000009 24.500000000000004 2899.4528571428577 1092.6764285714287 15.500000000000002 1519.3770000000002 7.5000000000000009
decision_type=2 2 2 2 2 2 2 2 2 2 2 2 2 2 2 2 2 2 2 2 2 2 2 2 2 2 2 2 2 2
left_child=1 9 -3 4 6 7 10 15 -9 27 -4 -2 13 14 -13 17 18 23 -17 -20 -19 -8 -14 26 25 -18 -6 28 29 -1
right_child=11 2 3 -5 5 -7 21 8 -10 -11 -12 12 22 -15 -16 16 24 20 19 -21 -22 -23 -24 -25 -26 -27 -28 -29 -30 -31
leaf_value=-1.4654801066697525 12.039507335041037 0.10538334121435465 56.316444765196913 -1.0146267024893707 -18.937965548547925 -0.16866490927636257 10.565409309905405 22.308306843617999 99.435220056013634 -5.1666260500370162 12.920310124199535 23.251910323907836 -12.109155129008698 3.2966272286879708 71.509534347266481 60.800309561009989 43.035317819846234 6.044674513973888 -2.6518706520684336 49.57777662277222 43.435284627995024 -1.0036427397362169 3.0454936759707372 20.141391115585623 10.652441328272507 -0.92336033483346314 20.77729353352597 -0.80413615817928918 15.361659950162801 2.55395638901462
leaf_weight=10869 2196 135870 72 7568 117 811 807 321 55 6281 381 202 583 312 57 114 215 2268 139 170 71 5457 1215 1460 946 96 95 176622 576 13920
leaf_count=10869 2196 135870 72 7568 117 811 807 321 55 6281 381 202 583 312 57 114 215 2268 139 170 71 5457 1215 1460 946 96 95 176622 576 13920
internal_value=-0.00480797 -0.0948784 0.709083 4.58494 7.70208 13.4753 1.79051 15.2991 33.5902 -0.701061 19.8177 7.20282 2.71934 17.1655 33.8723 14.0906 20.3762 11.4579 35.4394 26.0829 7.17966 0.486815 -1.86839 17.4429 15.3072 29.4661 -1.14103 -0.5622 1.12246 0.791592
internal_weight=369866 365301 157033 21163 13595 6878 6717 6067 376 208268 453 4565 2369 571 259 5691 1680 4011 423 309 2339 6264 1798 1672 1257 311 212 201987 25365 24789
internal_count=369866 365301 157033 21163 13595 6878 6717 6067 376 208268 453 4565 2369 571 259 5691 1680 4011 423 309 2339 6264 1798 1672 1257 311 212 201987 25365 24789
is_linear=0
shrinkage=0.05


Tree=71
num_leaves=31
num_cat=0
split_feature=10 1 8 3 11 0 11 3 10 10 3 4 8 9 8 6 8 9 3 6 8 6 9 3 8 10 11 6 4 3
split_gain=9.76666e+07 9.90844e+07 8.67326e+07 9.26943e+07 6.96304e+07 8.22024e+07 5.89847e+07 5.35532e+07 5.241e+07 5.0865e+07 4.99598e+07 5.88295e+07 5.14814e+07 6.74949e+07 9.00696e+07 7.67756e+07 5.55852e+07 7.27232e+07 5.01398e+07 5.02683e+07 4.92064e+07 4.85576e+07 5.28238e+07 4.84511e+07 4.71788e+07 9.18296e+07 6.90713e+07 4.61844e+07 4.60919e+07 4.51533e+07
threshold=2303.4000000000005 3.5000000000000004 2430.840714285715 12.500000000000002 35421.660000000011 22.500000000000004 5487.0100000000011 58.500000000000007 3076.1000000000008 2720.4666666666672 14.500000000000002 2.5000000000000004 1750.47 1235.1773333333335 1234.1314285714288 4.5000000000000009 665.42785714285731 558.25000000000011 5.5000000000000009 28.500000000000004 674.31214285714293 27.500000000000004 281.04600000000011 49.500000000000007 379.8314285714286 383.83333333333343 1110.9850000000004 1.5000000000000002 1.5000000000000002 265.50000000000006
decision_type=2 2 2 2 2 2 2 2 2 2 2 2 2 2 2 2 2 2 2 2 2 2 2 2 2 2 2 2 2 2
left_child=10 -2 4 -4 5 6 -3 -7 -6 -8 11 18 13 16 15 20 17 24 -1 21 23 -20 -23 -15 25 -12 -27 -19 -28 -22
right_child=1 2 3 -5 8 7 9 -9 -10 -11 12 -13 -14 14 -16 -17 -18 27 19 -21 29 22 -24 -25 -26 26 28 -29 -30 -31
leaf_value=-0.29184717902867091 0.37139523787256623 -21.650679383739348 17.003653571321951 -6.7719564680869766 2.2513347800520362 50.282110472471139 10.045968736635473 21.544098044518819 43.900275797783578 28.973870307935314 -0.50054236042047562 -2.7362425323839421 -4.5028574814809046 73.103617682823767 0.19731515284550222 -52.848240392348352 -2.5953360797722596 5.50639594295059 4.1717842516629231 -3.1549652194865634 9.7318505061435268 9.9471965985440889 46.594490696358335 19.219992178424278 -2.0084165710324724 -0.22164598409496286 6.4110181874835739 -0.36202935303962858 -7.3113677188134165 -3.4139079690210581
leaf_weight=11952 9227 124 563 1508 1722 243 1802 487 79 442 186390 6965 7514 52 10533 51 28222 8644 18952 2359 4186 355 136 211 40990 9081 10715 5477 649 774
leaf_count=11952 9227 124 563 1508 1722 243 1802 487 79 442 186390 6965 7514 52 10533 51 28222 8644 18952 2359 4186 355 136 211 40990 9081 10715 5477 649 774
internal_value=-0.0264696 3.77032 8.26987 -0.308572 11.8963 16.4413 11.9192 31.1103 4.07825 13.7742 -0.200087 1.44756 -0.414099 -0.313689 2.86803 8.20188 -0.487014 -0.259864 2.31087 3.73769 8.798 4.57397 20.098 29.8738 -0.45873 -0.151618 3.02941 3.23026 5.62733 7.68048
internal_weight=370405 16197 6970 2071 4899 3098 2368 730 1801 2244 354208 40719 313489 305975 15807 5274 290168 261946 33754 21802 5223 19443 491 263 247825 206835 20445 14121 11364 4960
internal_count=370405 16197 6970 2071 4899 3098 2368 730 1801 2244 354208 40719 313489 305975 15807 5274 290168 261946 33754 21802 5223 19443 491 263 247825 206835 20445 14121 11364 4960
is_linear=0
shrinkage=0.05


Tree=72
num_leaves=31
num_cat=0
split_feature=10 8 3 0 3 8 11 3 9 8 11 4 9 8 10 3 8 10 8 9 11 11 10 8 8 9 8 3 8 7
split_gain=1.03879e+08 7.8381e+07 6.50321e+07 7.2088e+07 5.67814e+07 5.8944e+07 6.45201e+07 5.59067e+07 6.6869e+07 7.58581e+07 1.24891e+08 1.035e+08 7.43071e+07 6.06487e+07 8.89834e+07 6.04561e+07 5.64248e+07 5.37484e+07 5.03673e+07 6.97955e+07 6.50202e+07 4.88254e+07 7.03922e+07 8.19207e+07 5.04017e+07 1.00597e+08 6.08784e+07 4.68025e+07 4.63874e+07 4.52134e+07
threshold=2519.2500000000005 1669.8157142857144 17.500000000000004 22.500000000000004 12.500000000000002 2266.1771428571433 31067.535000000003 264.50000000000006 346.76666666666671 455.39000000000004 1535.3700000000001 1.5000000000000002 544.41850000000011 73.790000000000006 1546.1833333333336 14.500000000000002 2537.0064285714293 509.16666666666669 255.56071428571431 198.87100000000001 1159.6450000000002 23225.890000000003 1900.7500000000002 825.08928571428578 1326.9885714285717 1008.4355 674.31214285714293 28.500000000000004 2024.3085714285717 1.0000000180025095e-35
decision_type=2 2 2 2 2 2 2 2 2 2 2 2 2 2 2 2 2 2 2 2 2 2 2 2 2 2 2 2 2 2
left_child=7 2 -2 -4 -3 6 27 8 18 10 -10 17 -11 -13 -15 -14 21 -12 19 -1 29 22 24 -24 25 26 -17 28 -6 -21
right_child=1 4 3 -5 5 -7 -8 -9 9 12 11 13 15 14 -16 16 -18 -19 -20 20 -22 -23 23 -25 -26 -27 -28 -29 -30 -31
leaf_value=-0.81059994697850635 70.916263236251538 13.313193957392594 7.6759440748293857 33.803673921472885 15.504951880055089 -3.4576581240013242 -1.282692514348803 -2.0787585779013282 0.41971645019530257 -2.0157828210647328 5.7417751027998154 -24.96683478388988 4.7759429548907759 -2.6364481287328463 46.691028134028123 2.7104559642587809 -10.071836840226165 12.555791787445848 -1.7377561243035975 3.2669095787750067 3.4769895233334935 -2.2980993685134106 44.857900989055636 4.6029208755571274 -3.7108033112730476 6.5270631287889032 -2.8994308381807019 10.000154856306997 70.074602576867861 -1.4169785126290535
leaf_weight=92026 51 1166 1181 340 93 3250 1604 33734 20921 26901 8004 284 9587 1919 96 8415 1240 4533 58979 7024 22815 10745 128 10015 6210 6823 11371 1608 67 19334
leaf_count=92026 51 1166 1181 340 93 3250 1604 33734 20921 26901 8004 284 9587 1919 96 8415 1240 4533 58979 7024 22815 10745 128 10015 6210 6823 11371 1608 67 19334
internal_value=-0.00588364 5.19453 15.3787 13.5165 3.13888 1.34738 5.97858 -0.140681 0.059029 0.955511 2.90813 6.41716 0.191911 -3.33518 -0.286355 1.11219 0.472947 8.20552 -0.51059 0.00199828 1.52275 0.716408 1.47035 5.11092 0.3452 1.29179 -0.513542 12.5663 38.356 -0.168795
internal_weight=370464 9360 1572 1521 7788 6622 3372 361104 327370 127192 35757 14836 91435 2299 2015 64534 54947 12537 200178 141199 49173 53707 42962 10143 32819 26609 19786 1768 160 26358
internal_count=370464 9360 1572 1521 7788 6622 3372 361104 327370 127192 35757 14836 91435 2299 2015 64534 54947 12537 200178 141199 49173 53707 42962 10143 32819 26609 19786 1768 160 26358
is_linear=0
shrinkage=0.05


Tree=73
num_leaves=31
num_cat=0
split_feature=9 8 3 3 0 3 10 8 9 8 8 9 11 8 3 8 8 3 11 3 3 8 9 8 10 11 4 10 11 9
split_gain=7.65925e+07 1.25628e+08 1.41659e+08 7.56869e+07 6.5298e+07 5.86203e+07 5.65844e+07 5.56069e+07 5.73654e+07 4.94386e+07 4.82845e+07 7.55404e+07 4.29458e+07 3.5534e+07 3.96795e+07 3.40568e+07 3.34849e+07 8.64499e+07 6.28641e+07 5.51047e+07 3.31797e+07 5.09298e+07 6.50241e+07 6.19295e+07 7.24453e+07 5.21672e+07 7.22172e+07 6.08245e+07 6.24803e+07 5.06945e+07
threshold=1519.3770000000002 1554.1278571428572 13.500000000000002 257.50000000000006 12.500000000000002 138.50000000000003 2641.9333333333338 1669.8157142857144 2041.4540000000004 2899.4528571428577 1295.9014285714288 1121.5418333333334 22071.445000000003 994.51571428571447 14.500000000000002 770.63928571428585 3218.1678571428579 22.500000000000004 55972.670000000006 269.50000000000006 14.500000000000002 631.65142857142871 468.4738333333334 316.75357142857143 388.50000000000006 554.0150000000001 1.5000000000000002 631.36666666666679 1748.2350000000004 581.01750000000004
decision_type=2 2 2 2 2 2 2 2 2 2 2 2 2 2 2 2 2 2 2 2 2 2 2 2 2 2 2 2 2 2
left_child=10 2 -2 5 9 15 -6 8 -8 -3 11 20 -7 -13 -15 -4 17 18 -9 -19 29 22 23 24 -22 -24 27 -27 -29 -1
right_child=1 4 3 -5 6 12 7 16 -10 -11 -12 13 -14 14 -16 -17 -18 19 -20 -21 21 -23 25 -25 -26 26 -28 28 -30 -31
leaf_value=0.57687583489140637 60.867339260673525 -1.8334954408869988 31.194937082480273 -2.2610255888966853 0.97829589738856737 76.196226193612091 5.158038852954733 42.461169547141594 73.561320994450497 -17.683319988672647 -3.6090273996630233 9.8236745430046142 14.263463093150746 25.082387638285354 1.4503855069427078 8.5195419531539063 -3.700940859745685 3.2026994486856091 -2.1975992826657875 30.439100890679686 -0.32727854132927603 -2.4662594144529839 -2.2948554142557231 -2.0730207524852093 3.6375621177163588 2.9130759539754281 -1.8753094981662857 4.4936218012159967 16.113820870191248 6.9718898542860748
leaf_weight=32646 125 8558 171 1638 11810 57 58 299 65 522 10298 2462 55 185 4456 5234 592 2071 107 204 169585 27614 5407 48236 12361 11842 5322 2611 2077 3424
leaf_count=32646 125 8558 171 1638 11810 57 58 299 65 522 10298 2462 55 185 4456 5234 592 2071 107 204 169585 27614 5407 48236 12361 11842 5322 2611 2077 3424
internal_value=-0.018145 2.33742 8.09865 7.17676 0.610423 9.97885 2.61387 8.30177 41.3061 -2.74469 -0.23779 -0.132019 45.7828 4.96819 2.39241 9.23693 7.06146 9.43794 30.6915 5.645 -0.244831 -0.425623 -0.206737 -0.480193 -0.0579162 2.1024 3.19044 4.82141 9.64191 1.18393
internal_weight=370092 31566 7280 7155 24286 5517 15206 3396 123 9080 338526 328228 112 7103 4641 5405 3273 2681 406 2275 321125 285055 257441 230182 181946 27259 21852 16530 4688 36070
internal_count=370092 31566 7280 7155 24286 5517 15206 3396 123 9080 338526 328228 112 7103 4641 5405 3273 2681 406 2275 321125 285055 257441 230182 181946 27259 21852 16530 4688 36070
is_linear=0
shrinkage=0.05


Tree=74
num_leaves=31
num_cat=0
split_feature=10 8 3 9 1 4 1 11 1 1 9 3 8 3 3 11 6 10 8 3 3 8 8 11 1 8 11 11 11 3
split_gain=8.60245e+07 5.70552e+07 5.79242e+07 8.44321e+07 5.09249e+07 4.67083e+07 4.64101e+07 8.31933e+07 1.30178e+08 1.02271e+08 1.31247e+08 4.95261e+07 4.53606e+07 4.42888e+07 8.53744e+07 1.33424e+08 5.88663e+07 5.04788e+07 4.42191e+07 4.40061e+07 7.55768e+07 5.88161e+07 4.38062e+07 5.39659e+07 4.62075e+07 6.235e+07 5.29824e+07 4.85999e+07 6.40246e+07 4.04885e+07
threshold=2720.4666666666672 2899.4528571428577 14.500000000000002 1768.4196666666669 3.5000000000000004 2.5000000000000004 3.5000000000000004 5216.2050000000008 5.5000000000000009 4.5000000000000009 857.21983333333344 269.50000000000006 615.51285714285734 7.5000000000000009 8.5000000000000018 438.77000000000004 31.500000000000004 235.16666666666671 1925.7600000000002 68.500000000000014 52.500000000000007 693.45928571428578 2693.3414285714293 35421.660000000011 4.5000000000000009 1972.967142857143 17684.070000000003 22071.445000000003 16431.460000000003 107.50000000000001
decision_type=2 2 2 2 2 2 2 2 2 2 2 2 2 2 2 2 2 2 2 2 2 2 2 2 2 2 2 2 2 2
left_child=1 2 3 5 18 13 -4 12 9 -9 -11 19 -8 17 15 16 -15 -1 -5 20 21 -12 23 24 29 26 -26 28 -27 -2
right_child=22 -3 6 4 -6 -7 7 8 -10 10 11 -13 -14 14 -16 -17 -18 -19 -20 -21 -22 -23 -24 -25 25 27 -28 -29 -30 -31
leaf_value=-3.4373642155251249 17.42179809478375 -9.8610085816916033 -0.79041747247239735 32.761184433967841 22.897562944463321 -2.4538779345813637 -0.015538450055341711 1.22553882966454 -1.7352948310651843 3.0440481741463898 65.554795732169325 -1.528005479678455 -3.8616885031832453 42.200069058923638 2.4145198576339495 6.2307414007842938 -1.9520217392470813 2.3454193302619468 0.61427769339589622 19.425584943393286 -1.4109142621551132 14.427318390605436 -0.86325897218603087 2.5300363582287519 13.228756726798364 10.097072449115792 71.018854101975109 -4.2960666461935579 75.552957549889882 -0.4612287719178908
leaf_weight=6015 848 1486 183872 124 714 6968 92218 12548 12716 7249 58 526 8361 443 14231 1808 91 10128 779 2479 927 1865 1320 1400 59 99 121 159 60 505
leaf_count=6015 848 1486 183872 124 714 6968 92218 12548 12716 7249 58 526 8361 443 14231 1808 91 10128 779 2479 927 1865 1320 1400 59 99 121 159 60 505
internal_value=0.00162647 -0.0836002 -0.0436979 1.7194 12.9188 1.26306 -0.269266 0.420386 2.40127 4.45181 7.54119 13.1091 -0.335264 2.05471 3.87034 12.7166 34.676 0.190712 5.02869 14.5538 10.3162 15.9694 6.81838 9.93734 15.5398 28.5612 52.0765 15.2507 34.7974 10.7471
internal_weight=370177 365606 364120 41301 1617 39684 322819 138947 38368 25652 13104 5855 100579 32716 16573 2342 534 16143 903 5329 2850 1923 4571 3251 1851 498 180 318 159 1353
internal_count=370177 365606 364120 41301 1617 39684 322819 138947 38368 25652 13104 5855 100579 32716 16573 2342 534 16143 903 5329 2850 1923 4571 3251 1851 498 180 318 159 1353
is_linear=0
shrinkage=0.05


Tree=75
num_leaves=31
num_cat=0
split_feature=9 8 3 1 1 8 1 3 1 0 8 8 1 10 9 8 9 8 3 7 5 10 6 6 8 8 3 8 9 9
split_gain=7.14609e+07 1.20467e+08 1.0029e+08 7.4729e+07 6.44242e+07 6.21678e+07 6.07417e+07 4.77512e+07 4.75632e+07 6.57682e+07 4.73449e+07 4.69274e+07 4.69201e+07 4.19603e+07 4.05072e+07 4.33418e+07 3.93574e+07 5.70252e+07 6.06643e+07 5.90097e+07 1.16324e+08 8.66482e+07 6.69214e+07 7.22873e+07 6.79792e+07 5.74908e+07 5.63623e+07 6.31266e+07 5.14003e+07 4.12974e+07
threshold=1554.7928333333336 2024.3085714285717 14.500000000000002 3.5000000000000004 1.0000000180025095e-35 1518.4428571428573 5.5000000000000009 12.500000000000002 4.5000000000000009 19.500000000000004 1750.47 2693.3414285714293 3.5000000000000004 2872.6833333333338 1841.156666666667 2899.4528571428577 341.71516666666673 465.61428571428581 15.500000000000002 1.0000000180025095e-35 1.0000000180025095e-35 1.0000000180025095e-35 1.5000000000000002 30.500000000000004 123.08357142857143 20.399285714285718 14.500000000000002 1.0000000180025095e-35 477.95616666666672 558.25000000000011
decision_type=2 2 2 2 2 2 2 2 2 2 2 2 2 2 2 2 2 2 2 2 2 2 2 2 2 2 2 2 2 2
left_child=10 2 4 -4 -2 -6 8 12 9 -5 16 -9 -3 -8 -14 -16 -1 19 -19 20 22 -21 24 25 -18 -24 -22 -28 -26 -20
right_child=1 7 3 6 5 -7 13 11 -10 -11 -12 -13 14 -15 15 -17 17 18 29 21 26 -23 23 -25 28 -27 27 -29 -30 -31
leaf_value=-0.57353072174958786 -8.4961300625520604 -0.74518940351226126 1.323119389353075 0.10843994545111012 66.722644000806312 22.879531867025527 1.5002627978270704 -1.0091495823182666 17.436960395989995 19.329251933345823 -7.4804833716770238 -9.1345680530108275 -6.0037126614795469 36.578859077800409 26.900145112872124 5.5358980651977845 19.140570971589934 2.537272989119955 -2.8229706164433042 3.9822068758656215 68.792714684469658 -2.3904124962786888 -17.586098193945052 43.707427041097127 1.9982240803798004 -0.55283009745073386 30.319497902474854 3.9398050568760796 7.9508706859626592 -0.072528882867341299
leaf_weight=213915 136 1760 9021 1314 95 543 2728 8382 2079 673 2225 2255 246 88 500 452 758 14989 20767 8602 57 14041 538 88 11742 6254 468 440 5247 39810
leaf_count=213915 136 1760 9021 1314 95 543 2728 8382 2079 673 2225 2255 246 88 500 452 758 14989 20767 8602 57 14041 538 88 11742 6254 468 440 5247 39810
internal_value=-0.003499 2.32438 5.1722 4.3168 22.7478 29.4079 8.24094 -1.16905 12.1502 6.61856 -0.210798 -2.7317 4.45025 2.59647 12.083 16.7566 -0.162903 0.546619 -0.310733 1.88977 3.53476 0.0305243 2.86748 -1.31867 4.49033 -1.90205 20.564 17.5364 3.83668 -1.01543
internal_weight=370213 30272 16677 15903 774 638 6882 13595 4066 1987 339941 10637 2958 2816 1198 952 337716 123801 75566 48235 25592 22643 24627 6880 17747 6792 965 908 16989 60577
internal_count=370213 30272 16677 15903 774 638 6882 13595 4066 1987 339941 10637 2958 2816 1198 952 337716 123801 75566 48235 25592 22643 24627 6880 17747 6792 965 908 16989 60577
is_linear=0
shrinkage=0.05


Tree=76
num_leaves=31
num_cat=0
split_feature=9 8 3 3 8 3 3 8 3 3 9 0 11 8 7 5 9 1 1 1 6 0 11 11 11 8 9 9 3 0
split_gain=6.58347e+07 1.00424e+08 8.13227e+07 7.21599e+07 6.47438e+07 5.58051e+07 7.63893e+07 5.4214e+07 4.55141e+07 4.15777e+07 5.34571e+07 4.42813e+07 5.67229e+07 4.82458e+07 5.67156e+07 6.83229e+07 6.25991e+07 4.02261e+07 3.86233e+07 6.3068e+07 3.77723e+07 3.69532e+07 4.58383e+07 4.12944e+07 3.6034e+07 3.56053e+07 5.51613e+07 4.58509e+07 3.41817e+07 3.2713e+07
threshold=1734.5108333333335 1669.8157142857144 18.500000000000004 12.500000000000002 2430.840714285715 259.50000000000006 138.50000000000003 1972.967142857143 282.50000000000006 35.500000000000007 617.34733333333338 17.500000000000004 2431.5150000000008 205.45785714285719 1.0000000180025095e-35 1.0000000180025095e-35 269.66516666666672 1.0000000180025095e-35 4.5000000000000009 5.5000000000000009 1.5000000000000002 6.5000000000000009 15243.790000000003 35421.660000000011 42026.485000000008 3218.1678571428579 1998.7498333333335 2530.8520000000003 14.500000000000002 9.5000000000000018
decision_type=2 2 2 2 2 2 2 2 2 2 2 2 2 2 2 2 2 2 2 2 2 2 2 2 2 2 2 2 2 2
left_child=7 2 17 25 -5 6 21 9 28 10 -1 13 -13 14 15 20 -17 -2 -12 -20 -11 -4 -23 -24 -15 26 -3 -27 -6 -28
right_child=1 3 5 4 8 -7 -8 -9 -10 11 18 12 -14 24 -16 16 -18 -19 19 -21 -22 22 23 -25 -26 27 29 -29 -30 -31
leaf_value=0.30166332275738106 5.0750265204388167 1.4425600696038343 0.77108983200083503 1.4810562077449685 -39.217266052889542 -1.7390018710687074 59.697258292854613 -7.9408573750508724 10.068653591804225 5.3120570028223701 2.0130848818183398 -0.5273987349507071 1.8928774379971902 -1.785852143284389 -0.9126864514490669 3.9964548006080274 17.322775846458029 50.379866253553764 14.390831816877393 1.4348275642009296 -1.0412521337237377 5.1930852549416677 24.227091181436528 6.6006583607220506 -12.513936018567019 -12.841755615967225 -4.04189411649768 13.290444412491835 -6.7760934517528 20.888129968943858
leaf_weight=85967 69 835 930 11151 83 1266 77 2223 409 3165 9448 70255 36936 74804 46516 2910 1264 169 1906 1852 8969 1232 979 503 791 393 149 293 3738 1126
leaf_count=85967 69 835 930 11151 83 1266 77 2223 409 3165 9448 70255 36936 74804 46516 2910 1264 169 1906 1852 8969 1232 979 503 791 393 149 293 3738 1126
internal_value=0.0154926 2.58234 8.69147 0.826258 -0.516919 7.32877 10.4139 -0.157615 -5.78392 -0.107432 0.756647 -0.456332 0.306583 -1.04713 -0.0231628 2.51406 8.03202 37.2453 3.71845 8.00591 0.615928 9.37252 12.3199 18.2446 -1.89811 8.21517 11.4324 -1.68033 -7.48078 17.9747
internal_weight=370408 23402 5225 18177 15381 4987 3721 347006 4230 344783 99173 245610 107191 138419 62824 16308 4174 238 13206 3758 12134 3644 2714 1482 75595 2796 2110 686 3821 1275
internal_count=370408 23402 5225 18177 15381 4987 3721 347006 4230 344783 99173 245610 107191 138419 62824 16308 4174 238 13206 3758 12134 3644 2714 1482 75595 2796 2110 686 3821 1275
is_linear=0
shrinkage=0.05


Tree=77
num_leaves=31
num_cat=0
split_feature=10 1 11 1 0 1 9 11 11 8 3 3 11 0 9 8 9 3 1 0 10 1 9 8 3 8 8 3 3 8
split_gain=7.33344e+07 5.0264e+07 1.13534e+08 1.44886e+08 8.98272e+07 7.44091e+07 7.06069e+07 5.27579e+07 4.41698e+07 7.36636e+07 6.5395e+07 5.3486e+07 4.82234e+07 4.09951e+07 6.26505e+07 8.08098e+07 4.28289e+07 4.02737e+07 3.74129e+07 3.65448e+07 3.42034e+07 3.38172e+07 3.20128e+07 3.47273e+07 3.05268e+07 4.0582e+07 3.04463e+07 3.03694e+07 3.01088e+07 2.91467e+07
threshold=2519.2500000000005 3.5000000000000004 5043.0250000000005 5.5000000000000009 13.500000000000002 4.5000000000000009 378.75450000000006 19100.720000000005 35421.660000000011 2266.1771428571433 9.5000000000000018 40.500000000000007 13772.890000000001 27.500000000000004 1270.8481666666669 1483.5285714285715 1697.2931666666666 59.500000000000007 4.5000000000000009 28.500000000000004 2812.8500000000008 1.5000000000000002 1957.9808333333337 2133.8221428571437 282.50000000000006 3218.1678571428579 3218.1678571428579 18.500000000000004 20.500000000000004 532.87500000000011
decision_type=2 2 2 2 2 2 2 2 2 2 2 2 2 2 2 2 2 2 2 2 2 2 2 2 2 2 2 2 2 2
left_child=1 7 -3 4 -4 22 -7 -1 9 11 26 12 -2 14 29 16 -16 -15 -13 -19 21 -14 -6 -24 -12 -26 -11 -23 -25 -8
right_child=8 2 3 -5 5 6 13 -9 -10 10 24 18 20 17 15 -17 -18 19 -20 -21 -22 27 23 28 25 -27 -28 -29 -30 -31
leaf_value=-0.4402183102645128 -7.043496592839559 -0.28288937952119314 2.0438419437733657 -1.4019087544262607 2.8927740984011177 3.0550932795273873 23.053652810251627 -4.0571327366415053 -0.31533581944442074 29.298720682528536 -3.3400227218165415 5.6482264898438279 1.0284655691563398 15.983641115724476 33.749724235857165 16.794058586767264 72.907094215211416 -19.897044030003826 19.477714769610049 5.4370553801170738 66.093666721397724 66.943107318878177 36.831445562271846 40.235263121361832 38.666176634442571 -10.164652158789439 6.3523704564459971 27.223314663306958 -2.9611441869192174 8.5468626794175719
leaf_weight=194932 84 111424 15139 14326 6349 2053 416 10632 3258 263 2381 1735 87 527 414 1352 84 208 681 451 71 64 147 51 102 73 321 194 193 2065
leaf_count=194932 84 111424 15139 14326 6349 2053 416 10632 3258 263 2381 1735 87 527 414 1352 84 208 681 451 71 64 147 51 102 73 321 194 193 2065
internal_value=-0.00138421 -0.114477 0.564752 2.72232 4.72863 7.56895 10.971 -0.627289 4.37909 6.90458 1.59045 12.6269 27.5123 13.9167 16.1722 23.1363 40.3546 5.68036 9.54636 -2.55914 34.4899 27.986 3.74791 17.6336 -1.85863 18.2967 16.6861 37.0763 6.06761 10.9793
internal_weight=370077 360763 155199 43775 29449 14310 7570 205564 9314 6056 3140 2916 500 5517 4331 1850 498 1186 2416 659 416 345 6740 391 2556 175 584 258 244 2481
internal_count=370077 360763 155199 43775 29449 14310 7570 205564 9314 6056 3140 2916 500 5517 4331 1850 498 1186 2416 659 416 345 6740 391 2556 175 584 258 244 2481
is_linear=0
shrinkage=0.05


Tree=78
num_leaves=31
num_cat=0
split_feature=10 1 11 1 1 10 6 11 3 3 8 11 3 8 9 11 0 9 10 8 3 8 8 8 7 5 9 8 9 0
split_gain=6.82944e+07 4.9566e+07 1.25205e+08 1.29928e+08 8.62846e+07 1.3474e+08 1.12656e+08 6.10712e+07 5.0422e+07 4.08204e+07 3.69135e+07 3.88885e+07 4.60867e+07 3.65636e+07 5.50801e+07 4.0897e+07 3.45463e+07 4.08823e+07 5.24456e+07 4.87309e+07 4.63249e+07 3.8104e+07 3.67526e+07 3.42878e+07 4.60844e+07 6.76636e+07 5.88757e+07 4.62312e+07 7.08535e+07 6.23359e+07
threshold=2720.4666666666672 3.5000000000000004 4718.9150000000009 5.5000000000000009 4.5000000000000009 730.50000000000011 3.5000000000000004 23225.890000000003 262.50000000000006 255.50000000000003 2693.3414285714293 42026.485000000008 33.500000000000007 2024.3085714285717 2138.2523333333338 14742.730000000001 11.500000000000002 1998.7498333333335 2444.1500000000001 2133.8221428571437 20.500000000000004 2024.3085714285717 2430.840714285715 615.51285714285734 1.0000000180025095e-35 1.0000000180025095e-35 558.25000000000011 179.24214285714291 177.0471666666667 5.5000000000000009
decision_type=2 2 2 2 2 2 2 2 2 2 2 2 2 2 2 2 2 2 2 2 2 2 2 2 2 2 2 2 2 2
left_child=1 7 23 4 16 -6 8 -1 9 -7 11 12 -2 14 -10 -15 -4 19 20 -18 -19 -20 -22 24 25 26 -3 28 -27 -30
right_child=10 2 3 -5 5 6 -8 -9 13 -11 -12 -13 -14 15 -16 -17 17 18 21 -21 22 -23 -24 -25 -26 27 -28 -29 29 -31
leaf_value=-0.37156689026258727 33.493622875360799 0.13596299572726028 -1.1978775869278804 -0.9782406765440318 2.3798142966001481 12.503645504962435 -62.630503620820889 -4.5137076440100001 0.52622420168284212 32.812923986185346 -1.0041016418915807 1.7746367342972462 10.329917269363952 -56.44396880013602 51.7554388539833 1.4504752144884707 3.5924758378233621 71.495624515928071 27.859520333030009 -13.880673404617239 34.217533043044767 -7.2258367151136147 -9.3873604269588693 -3.0045613178783328 -0.79288205774498266 1.536258369975863 8.0542443237246388 -5.6580254208870926 5.6088729708587532 27.625499512312384
leaf_weight=199114 243 27575 5654 15769 7846 7379 51 9315 660 256 1320 1215 1846 56 57 67 9258 58 110 417 167 261 68 10710 65478 981 2566 454 522 837
leaf_count=199114 243 27575 5654 15769 7846 7379 51 9315 660 256 1320 1215 1846 56 57 67 9258 58 110 417 167 261 68 10710 65478 981 2566 454 522 837
internal_value=0.0253002 -0.0510543 0.619111 2.74338 4.55664 7.10824 11.4595 -0.556685 11.9054 13.1846 6.06374 8.88746 13.0244 0.278199 4.59884 -24.908 1.94457 3.66305 15.6647 2.83937 31.4769 3.17683 21.5999 -0.317899 -0.0255176 1.50008 0.810072 8.9437 11.7767 19.1688
internal_weight=370310 365686 157257 48134 32365 16372 8526 208429 8475 7635 4624 3304 2089 840 717 123 15993 10339 664 9675 293 371 235 109123 98413 32935 30141 2794 2340 1359
internal_count=370310 365686 157257 48134 32365 16372 8526 208429 8475 7635 4624 3304 2089 840 717 123 15993 10339 664 9675 293 371 235 109123 98413 32935 30141 2794 2340 1359
is_linear=0
shrinkage=0.05


Tree=79
num_leaves=31
num_cat=0
split_feature=9 1 3 8 8 8 1 1 0 11 11 8 8 0 4 9 8 7 8 0 9 3 10 1 8 8 3 8 9 8
split_gain=5.90503e+07 8.4504e+07 6.51054e+07 7.28172e+07 5.44499e+07 5.36905e+07 4.99723e+07 6.47248e+07 4.29547e+07 3.97847e+07 3.95628e+07 6.88979e+07 9.27375e+07 6.84711e+07 4.80751e+07 4.34347e+07 4.7559e+07 4.13282e+07 1.71232e+08 5.93817e+07 6.41665e+07 6.17602e+07 3.92592e+07 3.913e+07 3.8576e+07 3.85275e+07 3.59268e+07 3.52639e+07 5.93387e+07 3.4698e+07
threshold=1734.5108333333335 3.5000000000000004 18.500000000000004 2537.0064285714293 1750.47 1791.3400000000004 5.5000000000000009 4.5000000000000009 22.500000000000004 11846.610000000002 459.24000000000007 1.0000000180025095e-35 79.0107142857143 11.500000000000002 1.5000000000000002 1554.7928333333336 857.42928571428581 1.0000000180025095e-35 145.79500000000004 4.5000000000000009 143.08166666666668 21.500000000000004 1136.4000000000003 5.5000000000000009 1593.7250000000001 2340.6650000000004 29.500000000000004 1326.9885714285717 1121.5418333333334 1879.7300000000002
decision_type=2 2 2 2 2 2 2 2 2 2 2 2 2 2 2 2 2 2 2 2 2 2 2 2 2 2 2 2 2 2
left_child=5 25 4 6 23 10 7 8 -4 -10 17 22 14 -14 -13 27 -17 18 19 -1 -21 -22 -12 -3 -11 -2 -18 28 -15 -8
right_child=1 2 3 -5 -6 -7 29 -9 9 24 11 12 13 15 -16 16 26 -19 -20 20 21 -23 -24 -25 -26 -27 -28 -29 -30 -31
leaf_value=-0.86983653634106328 1.6299128843263428 75.769734341303518 -0.9546081411462386 -6.2647779122879301 12.40970597020911 -5.699127981153036 6.122456956908529 15.713005971048226 -8.4672516640196456 51.871614346559028 -2.5131966207663354 5.8105273004539022 -1.0187763616686878 0.64113924658780652 -0.8240570102888114 44.849829899823227 20.358859012296072 -1.64127858478778 -3.9587667168493428 1.3777231394725284 30.139449025281507 11.186887479137894 -46.014198581989 21.596393554687502 14.916495548121134 -4.1564762643110305 3.5235747705659146 -3.2101771279191036 6.3073532907560343 -4.5975855916521988
leaf_weight=1599 8938 60 1545 1407 1387 4341 1659 2165 141 87 20122 11414 79774 138498 3589 81 370 62994 6962 1406 510 2735 52 75 375 4242 2208 5612 4780 1385
leaf_count=1599 8938 60 1545 1407 1387 4341 1659 2165 141 87 20122 11414 79774 138498 3589 81 370 62994 6962 1406 510 2735 52 75 375 4242 2208 5612 4780 1385
internal_value=-0.00925113 2.41822 5.81466 4.15694 15.3602 -0.173387 6.15005 9.61197 3.46265 14.7805 -0.103394 0.183882 0.413955 0.166883 4.22341 0.791004 7.12511 -1.10803 1.43449 7.44215 10.2998 14.1656 -2.62532 45.6734 21.8756 -0.232444 5.93981 0.677884 0.830174 1.24491
internal_weight=370513 23466 10286 8764 1522 347047 7357 4313 2148 603 342706 266500 246326 231323 15003 151549 2659 76206 13212 6250 4651 3245 20174 135 462 13180 2578 148890 143278 3044
internal_count=370513 23466 10286 8764 1522 347047 7357 4313 2148 603 342706 266500 246326 231323 15003 151549 2659 76206 13212 6250 4651 3245 20174 135 462 13180 2578 148890 143278 3044
is_linear=0
shrinkage=0.05


Tree=80
num_leaves=31
num_cat=0
split_feature=10 8 9 8 3 3 0 8 10 1 8 9 1 1 8 8 3 8 8 3 8 1 9 8 3 3 7 10 3 9
split_gain=5.30347e+07 5.15355e+07 6.69515e+07 7.02685e+07 7.35301e+07 5.35155e+07 4.49531e+07 4.51811e+07 5.52706e+07 4.06846e+07 3.80444e+07 6.14416e+07 4.52119e+07 6.35796e+07 3.71263e+07 5.78132e+07 3.70022e+07 4.20805e+07 3.68952e+07 3.50501e+07 4.23968e+07 3.39668e+07 4.71952e+07 3.21381e+07 3.19217e+07 4.87258e+07 2.86034e+07 3.67388e+07 2.82071e+07 3.24265e+07
threshold=2720.4666666666672 2340.6650000000004 1554.7928333333336 1518.4428571428573 18.500000000000004 14.500000000000002 23.500000000000004 1879.7300000000002 2282.6333333333337 2.5000000000000004 1295.9014285714288 970.15350000000012 3.5000000000000004 5.5000000000000009 357.74000000000007 551.57428571428579 12.500000000000002 3218.1678571428579 2133.8221428571437 39.500000000000007 725.26857142857159 1.0000000180025095e-35 2258.7413333333338 1042.8514285714289 257.50000000000006 138.50000000000003 27.500000000000004 167.16666666666669 11.500000000000002 2422.4765000000002
decision_type=2 2 2 2 2 2 2 2 2 2 2 2 2 2 2 2 2 2 2 2 2 2 2 2 2 2 2 2 2 2
left_child=1 2 10 4 9 -5 -7 8 -8 -4 11 26 23 19 -6 -16 17 -2 -18 20 -14 -10 -23 -13 25 -17 -1 -28 29 -3
right_child=16 28 3 5 14 6 7 -9 21 -11 -12 12 13 -15 15 24 18 -19 -20 -21 -22 22 -24 -25 -26 -27 27 -29 -30 -31
leaf_value=-0.12700164934284033 29.731186195137436 -2.5438254364478734 12.717246571982781 10.441399355587507 -35.36643713465277 -1.7480702143085844 3.7910742497692507 -0.17204570681247811 -7.1196634775552994 52.400996272704191 -3.0847799168923182 4.3224014660662773 64.419953484628721 -0.2878843117005076 55.084989328853425 7.5270891730814187 8.9440438988176059 3.699651924463419 -0.78451970726952325 8.2435771897199572 17.30935950237965 23.229344806161386 74.44008499145508 -2.5853214508310747 -0.90996035470118086 47.693339850685817 -1.2921226585407162 -7.9801702553741638 -7.162098501494329 15.896453392965752
leaf_weight=300248 309 1458 123 1344 53 9806 912 1905 78 136 11084 3244 51 1899 61 3889 1749 312 2201 2419 751 449 50 3501 1231 77 14217 2400 3959 285
leaf_count=300248 309 1458 123 1344 53 9806 912 1905 78 136 11084 3244 51 1899 61 3889 1749 312 2201 2419 751 449 50 3501 1231 77 14217 2400 3959 285
internal_value=-0.0455217 -0.112436 -0.0377205 2.76522 7.54068 0.936333 -0.0314559 4.92821 11.4534 33.555 -0.20363 -0.106484 3.42604 6.96861 6.27205 6.69176 5.30685 16.6525 3.52314 11.2468 20.3052 23.5644 28.3607 0.73694 6.12374 8.30692 -0.238759 -2.25808 -4.82868 0.471366
internal_weight=370201 365630 359928 20114 5570 14544 13200 3394 1489 259 339814 328730 11865 5120 5311 5258 4571 621 3950 3221 802 577 499 6745 5197 3966 316865 16617 5702 1743
internal_count=370201 365630 359928 20114 5570 14544 13200 3394 1489 259 339814 328730 11865 5120 5311 5258 4571 621 3950 3221 802 577 499 6745 5197 3966 316865 16617 5702 1743
is_linear=0
shrinkage=0.05


Tree=81
num_leaves=31
num_cat=0
split_feature=10 3 9 0 11 8 7 5 9 9 8 6 6 3 0 4 8 11 8 8 9 9 8 10 11 0 8 9 6 3
split_gain=4.7768e+07 4.375e+07 6.21203e+07 4.58325e+07 6.24832e+07 4.16696e+07 5.75443e+07 6.66687e+07 6.78096e+07 4.96467e+07 4.76372e+07 4.53604e+07 4.50201e+07 3.95491e+07 7.91985e+07 1.1578e+08 4.2788e+07 4.49607e+07 3.89061e+07 3.85499e+07 9.56124e+07 3.57566e+07 5.97606e+07 3.61411e+07 7.05723e+07 5.57401e+07 4.61928e+07 5.06915e+07 3.45714e+07 3.54259e+07
threshold=2812.8500000000008 14.500000000000002 581.01750000000004 17.500000000000004 2431.5150000000008 212.19571428571433 1.0000000180025095e-35 1.0000000180025095e-35 206.92483333333337 1196.8403333333333 115.78214285714287 1.5000000000000002 32.500000000000007 7.5000000000000009 18.500000000000004 1.0000000180025095e-35 24.796428571428574 1876.9850000000004 2693.3414285714293 1925.7600000000002 1519.3770000000002 2041.4540000000004 1879.7300000000002 1987.5500000000002 22071.445000000003 29.500000000000004 1295.9014285714288 1307.0473333333337 2.5000000000000004 66.500000000000014
decision_type=2 2 2 2 2 2 2 2 2 2 2 2 2 2 2 2 2 2 2 2 2 2 2 2 2 2 2 2 2 2
left_child=1 2 13 5 -5 6 7 9 10 11 12 -3 -9 -1 -15 16 -16 -18 21 20 -4 22 23 26 25 -25 27 -6 29 -23
right_child=-2 3 19 4 18 -7 -8 8 -10 -11 -12 -13 -14 14 15 -17 17 -19 -20 -21 -22 28 -24 24 -26 -27 -28 -29 -30 -31
leaf_value=-1.3897361081521897 6.1900177815220658 5.3917711841939981 5.2655859748965108 -0.41571515170749501 1.8037924553911282 -1.4681826024757085 -0.71670255823804574 7.2968422715060548 13.256656039071025 -45.524111481370596 -13.877222972290191 -0.86545040648270588 -12.180645789547244 1.1440187872391843 -1.6743868756294251 -2.6273285481519317 40.022015433543821 1.638118173787882 -8.9996511025276007 0.72741672498044896 25.888170251754907 1.380872756373174 -5.345601430643061 11.26242571619407 0.14244975409639163 42.586350037501411 -3.5496442692345358 12.081550966556167 43.379945677243747 12.695723461079901
leaf_weight=15737 3079 3970 5501 89105 39804 100680 59738 2118 2462 58 408 10710 345 15758 100 546 472 91 833 3390 626 1531 2932 1585 1905 156 3947 1237 65 1262
leaf_count=15737 3079 3970 5501 89105 39804 100680 59738 2118 2462 58 408 10710 345 15758 100 546 472 91 833 3390 626 1531 2932 1585 1905 156 3947 1237 65 1262
internal_value=-0.0118145 -0.0638354 1.45029 -0.260627 0.403443 -0.791775 0.0615213 2.37778 7.16827 0.644318 1.94722 0.826727 4.56857 0.415688 2.09023 14.4231 28.4646 33.8179 1.72438 5.00556 7.37261 1.88852 1.5868 2.00474 6.79259 14.0692 1.61671 2.11357 7.33234 6.49342
internal_weight=370151 367072 42221 324851 144362 180489 79809 20071 5333 14738 2871 14680 2463 32704 16967 1209 663 563 55257 9517 6127 54424 51566 48634 3646 1741 44988 41041 2858 2793
internal_count=370151 367072 42221 324851 144362 180489 79809 20071 5333 14738 2871 14680 2463 32704 16967 1209 663 563 55257 9517 6127 54424 51566 48634 3646 1741 44988 41041 2858 2793
is_linear=0
shrinkage=0.05


Tree=82
num_leaves=31
num_cat=0
split_feature=10 3 1 9 1 1 11 8 6 11 9 3 8 8 11 8 11 3 8 8 9 3 8 9 11 6 4 3 11 8
split_gain=5.37724e+07 4.66401e+07 4.77143e+07 8.86578e+07 6.11786e+07 1.11027e+08 1.23929e+08 5.17288e+07 4.48339e+07 4.29965e+07 4.14474e+07 4.96169e+07 4.38084e+07 3.78985e+07 3.63494e+07 5.40556e+07 5.16469e+07 4.70484e+07 3.76658e+07 3.62114e+07 3.58258e+07 3.44691e+07 3.44212e+07 5.92473e+07 8.28704e+07 5.83383e+07 4.87415e+07 3.74176e+07 3.73306e+07 3.23264e+07
threshold=2720.4666666666672 263.50000000000006 2.5000000000000004 565.87616666666679 5.5000000000000009 4.5000000000000009 6151.7700000000013 1925.7600000000002 6.5000000000000009 15809.935000000003 1917.6366666666668 35.500000000000007 1593.7250000000001 631.65142857142871 35421.660000000011 2133.8221428571437 13772.890000000001 8.5000000000000018 3218.1678571428579 364.97071428571434 1121.5418333333334 282.50000000000006 445.2328571428572 294.29233333333337 1070.1650000000002 30.500000000000004 1.5000000000000002 11.500000000000002 220.57500000000002 292.85642857142869
decision_type=2 2 2 2 2 2 2 2 2 2 2 2 2 2 2 2 2 2 2 2 2 2 2 2 2 2 2 2 2 2
left_child=1 2 9 22 5 7 -7 10 19 -1 13 12 -12 20 15 16 -2 18 -17 -8 -5 -19 23 -4 25 -25 29 -24 -27 -26
right_child=14 -3 3 4 -6 6 8 -9 -10 -11 11 -13 -14 -15 -16 17 -18 21 -20 -21 -22 -23 27 24 26 28 -28 -29 -30 -31
leaf_value=-0.3403687585431735 -0.82142632393421477 -1.7954693200149734 -0.20281669732469135 6.7151158767505157 -0.54482161993015921 -0.80786035615331953 49.119355004934164 -3.9342238782025372 -29.122326970456257 -3.6812326468032524 11.935349557913987 8.8978538325640937 74.965679963429778 1.1996062753040395 -0.15626760753866745 48.800917537238007 26.217298330950484 -1.4618090212143073 10.406730308719711 11.630605709264877 39.703797172097602 24.669836075064069 1.5553586188677955 -0.81860952504845574 8.6089836801370776 39.083997672716777 -3.2769830390647217 -2.7401692048200315 -7.3069166371079746 3.7423560235324391
leaf_weight=131775 241 35729 92681 2592 10462 2787 65 3390 67 10390 51 478 60 12337 1825 93 661 1475 204 7150 85 138 6925 13809 6001 150 1638 18923 61 7910
leaf_count=131775 241 35729 92681 2592 10462 2787 65 3390 67 10390 51 478 60 12337 1825 93 661 1475 204 7150 85 138 6925 13809 6001 150 1638 18923 61 7910
internal_value=-0.0116481 -0.0795253 0.106379 0.629898 2.73383 3.9141 8.15859 1.66392 11.5903 -0.584533 2.8802 15.891 46.0058 2.36978 5.33884 8.90519 18.993 4.14122 22.4292 11.9683 7.76257 0.77388 0.0684069 0.418914 2.36767 -0.419922 4.88114 -1.58934 25.6724 5.84175
internal_weight=370153 365516 329787 187622 39524 29062 10069 18993 7282 142165 15603 589 111 15014 4637 2812 902 1910 297 7215 2677 1613 148098 122250 29569 14020 15549 25848 211 13911
internal_count=370153 365516 329787 187622 39524 29062 10069 18993 7282 142165 15603 589 111 15014 4637 2812 902 1910 297 7215 2677 1613 148098 122250 29569 14020 15549 25848 211 13911
is_linear=0
shrinkage=0.05


Tree=83
num_leaves=31
num_cat=0
split_feature=10 11 3 10 1 11 0 11 8 8 11 0 8 3 10 8 9 4 8 10 8 8 9 7 5 9 6 8 11 6
split_gain=5.02093e+07 4.76501e+07 4.55666e+07 7.24663e+07 5.30641e+07 4.21038e+07 4.00026e+07 5.08863e+07 4.24462e+07 5.42632e+07 5.63926e+07 3.84575e+07 4.53915e+07 6.34105e+07 3.77618e+07 3.83328e+07 3.62515e+07 3.57439e+07 3.52216e+07 4.3984e+07 3.93076e+07 3.35895e+07 4.92583e+07 4.82485e+07 6.908e+07 6.31095e+07 4.56937e+07 4.33279e+07 4.34076e+07 3.44018e+07
threshold=2812.8500000000008 55972.670000000006 14.500000000000002 805.96666666666681 3.5000000000000004 11174.860000000002 17.500000000000004 375.71500000000009 1.0000000180025095e-35 96.750714285714295 3517.8500000000004 9.5000000000000018 1632.2000000000003 51.500000000000007 2303.4000000000005 3218.1678571428579 282.73583333333335 1.5000000000000002 2899.4528571428577 2220.0000000000005 1483.5285714285715 156.95071428571433 1196.8403333333333 1.0000000180025095e-35 1.0000000180025095e-35 416.29716666666673 32.500000000000007 8.7857142857142865 29.665000000000003 1.5000000000000002
decision_type=2 2 2 2 2 2 2 2 2 2 2 2 2 2 2 2 2 2 2 2 2 2 2 2 2 2 2 2 2 2
left_child=1 2 3 17 5 14 21 -8 -9 10 -10 -2 13 -13 -5 -16 -12 -1 19 20 -6 22 23 24 29 26 27 28 -26 -4
right_child=11 -3 6 4 18 -7 7 8 9 -11 16 12 -14 -15 15 -17 -18 -19 -20 -21 -22 -23 -24 -25 25 -27 -28 -29 -30 -31
leaf_value=1.4396149203092128 -1.7868202453331823 -7.2262920662413457 6.0595431445551879 4.9268295188360574 17.225478740877602 -2.3955020040800008 -1.4176258764605629 -2.6658593405131987 3.0088765789484859 0.79118024575642609 8.8009362249332082 81.898008270263688 7.8804925132446417 16.113136096592367 37.111373283190609 -2.9607054333354155 25.796662938790249 -2.434603360445033 -4.0089040835382361 27.675168867950784 3.6177925723868967 -1.2340467882902184 -48.918891779581713 -0.58398227374694966 6.9081995068967927 27.315840193364892 -11.460683000837054 1.9424718409565647 21.419103697595883 -0.89844540137561868
leaf_weight=27507 986 2317 2199 1551 1051 2095 30687 7858 7614 95757 1183 50 1893 137 195 86 427 7598 330 443 1072 116662 51 46391 1442 372 350 1977 802 9245
leaf_count=27507 986 2317 2199 1551 1051 2095 30687 7858 7614 95757 1183 50 1893 137 195 86 427 7598 330 443 1072 116662 51 46391 1442 372 350 1977 802 9245
internal_value=-0.0254275 -0.078622 -0.0332421 1.5175 6.23251 2.4459 -0.234531 0.387709 0.878677 1.14399 4.80662 6.3465 10.202 33.7027 7.98232 24.8473 13.3085 0.601093 11.3672 13.3446 10.3543 -0.732091 0.19995 0.239854 2.5721 7.51169 5.89997 7.3395 12.0944 0.438554
internal_weight=370328 367262 364945 41928 6823 3927 323017 143526 112839 104981 9224 3066 2080 187 1832 281 1610 35105 2896 2566 2123 179491 62829 62778 16387 4943 4571 4221 2244 11444
internal_count=370328 367262 364945 41928 6823 3927 323017 143526 112839 104981 9224 3066 2080 187 1832 281 1610 35105 2896 2566 2123 179491 62829 62778 16387 4943 4571 4221 2244 11444
is_linear=0
shrinkage=0.05


Tree=84
num_leaves=31
num_cat=0
split_feature=3 10 0 11 11 1 10 11 3 1 1 9 1 0 0 0 10 11 10 6 11 11 1 1 11 11 0 9 11 10
split_gain=4.03895e+07 5.42458e+07 4.14742e+07 4.5591e+07 4.07272e+07 4.69007e+07 4.59193e+07 3.2421e+07 3.11882e+07 2.53021e+07 5.79042e+07 3.32839e+07 3.98768e+07 5.82268e+07 5.78076e+07 5.14195e+07 3.92797e+07 2.72216e+07 2.37296e+07 2.33271e+07 2.31933e+07 2.26279e+07 2.21863e+07 4.23336e+07 2.23224e+07 2.03541e+07 2.02812e+07 2.48421e+07 1.9833e+07 4.32716e+07
threshold=35.500000000000007 2812.8500000000008 17.500000000000004 2431.5150000000008 1565.4350000000002 2.5000000000000004 256.83333333333343 29214.375000000004 14.500000000000002 3.5000000000000004 5.5000000000000009 1270.8481666666669 4.5000000000000009 27.500000000000004 28.500000000000004 21.500000000000004 2394.6000000000004 19100.720000000005 2812.8500000000008 7.5000000000000009 55972.670000000006 15809.935000000003 5.5000000000000009 4.5000000000000009 45915.240000000013 10302.135000000002 20.500000000000004 2336.8835000000004 19100.720000000005 2609.7166666666667
decision_type=2 2 2 2 2 2 2 2 2 2 2 2 2 2 2 2 2 2 2 2 2 2 2 2 2 2 2 2 2 2
left_child=1 4 7 -4 -1 21 -7 -2 19 17 11 -11 -13 15 16 26 -15 18 -5 20 -8 -6 23 -10 -25 -20 -14 -28 29 -12
right_child=2 -3 3 9 5 6 8 -9 22 10 28 12 13 14 -16 -17 -18 -19 25 -21 -22 -23 -24 24 -26 -27 27 -29 -30 -31
leaf_value=-0.3450826638501045 -0.75652812861342378 14.371188166749755 -0.41532395642027436 1.1202707649598231 0.61891626020138857 1.1252781021888387 8.445115619759882 -5.0466744202307847 1.5964242587512987 3.2789816485127221 -0.11189430371940355 3.4830102719493392 16.127337068470194 -40.220821248207777 11.132340209050613 30.951419110306229 5.3240272463821787 -3.3501665849828388 0.50818019982041984 -25.17680154023347 -7.3771092044861977 -3.459982257647348 -1.371523062710482 8.2669359794733204 25.336349782489595 40.308568018012579 -15.327873884714567 24.758506622314457 -6.266272169289536 32.294300048918949
leaf_weight=48586 143671 733 70268 20057 19710 18541 5948 4543 4713 9886 5440 1821 471 112 506 591 82 3809 58 54 241 4109 2231 2178 210 72 130 55 1345 105
leaf_count=48586 143671 733 70268 20057 19710 18541 5948 4543 4713 9886 5440 1821 471 112 506 591 82 3809 58 54 241 4109 2231 2178 210 72 130 55 1345 105
internal_value=-0.00197026 0.815799 -0.335437 0.377944 0.72252 1.61784 2.80654 -0.888028 4.80798 1.62943 2.91739 4.80304 8.80168 13.7761 2.23543 20.2545 -20.9699 0.526762 1.25828 7.54351 7.829 -0.0847318 2.97794 4.34445 9.76802 22.5515 10.6175 -3.4103 -0.81944 0.501749
internal_weight=370276 107254 263022 114808 106521 57935 34116 148214 15575 44540 20544 13654 3768 1947 700 1247 194 23996 20187 6243 6189 23819 9332 7101 2388 130 656 185 6890 5545
internal_count=370276 107254 263022 114808 106521 57935 34116 148214 15575 44540 20544 13654 3768 1947 700 1247 194 23996 20187 6243 6189 23819 9332 7101 2388 130 656 185 6890 5545
is_linear=0
shrinkage=0.05


Tree=85
num_leaves=31
num_cat=0
split_feature=10 8 11 10 1 3 8 0 3 11 8 8 3 0 4 10 10 11 8 7 11 11 1 1 3 10 6 10 10 8
split_gain=4.54434e+07 4.97783e+07 3.96712e+07 7.56895e+07 7.33427e+07 8.67768e+07 8.65755e+07 5.30691e+07 5.80887e+07 3.1416e+07 5.93051e+07 9.47058e+07 6.06523e+07 5.76081e+07 5.75951e+07 5.62975e+07 3.85177e+07 3.57074e+07 3.51055e+07 3.3228e+07 3.08597e+07 3.04645e+07 3.80514e+07 4.58018e+07 3.00994e+07 2.84305e+07 2.77631e+07 3.15666e+07 2.71654e+07 2.73439e+07
threshold=2720.4666666666672 2899.4528571428577 38560.455000000009 2220.0000000000005 3.5000000000000004 18.500000000000004 1669.8157142857144 22.500000000000004 58.500000000000007 568.19500000000005 1.0000000180025095e-35 123.08357142857143 14.500000000000002 25.500000000000004 1.5000000000000002 1113.116666666667 291.83333333333343 4063.2000000000003 1669.8157142857144 26.500000000000004 3937.6500000000001 5390.3050000000012 3.5000000000000004 5.5000000000000009 269.50000000000006 2494.5000000000005 4.5000000000000009 308.16666666666669 857.58333333333337 1972.967142857143
decision_type=2 2 2 2 2 2 2 2 2 2 2 2 2 2 2 2 2 2 2 2 2 2 2 2 2 2 2 2 2 2
left_child=1 2 3 9 -5 -6 -7 24 -9 -1 15 14 28 18 16 26 -12 -18 19 21 -3 -14 -23 -24 -8 -10 -11 -28 -13 -30
right_child=-2 20 -4 4 5 6 7 8 25 10 11 12 13 -15 -16 -17 17 -19 -20 -21 -22 22 23 -25 -26 -27 27 -29 29 -31
leaf_value=-0.89916793204365375 4.9412431709154561 12.047558427714057 -3.8100630808977649 0.69079706112494077 32.35136875129453 18.791097533586392 -0.44333297856489484 31.315751879555837 -4.9361657164282349 15.122112004597984 3.7102095201332221 1.5801815341668466 -0.750547121140683 1.7547259552906269 -0.32614789387837795 -49.310626396536833 7.408504917138635 22.463722566714505 -4.6365827180491515 -2.8506589225884045 -11.668865276298433 -0.45414941889794447 4.5537013353823292 -0.94887578858218635 -27.336596210653131 20.071843059175819 -2.1804750309002827 -14.100912116418542 8.3091804424695468 -0.77032569796377226
leaf_weight=86395 4606 153 6773 6000 371 1126 1921 287 347 225 17925 22202 98068 29461 8698 64 2077 486 5348 13829 1325 22386 11164 5719 110 169 18051 573 3162 1124
leaf_count=86395 4606 153 6773 6000 371 1126 1921 287 347 225 17925 22202 98068 29461 8698 64 2077 486 5348 13829 1325 22386 11164 5719 110 169 18051 573 3162 1124
internal_value=0.00582289 -0.0563662 -0.0191893 0.0526731 4.27008 9.22867 7.06238 2.40234 13.2838 -0.0729044 0.201061 0.412093 0.0452239 -0.273599 3.08276 -2.49527 4.52999 10.2633 -0.655395 -0.514548 -9.21378 -0.279315 0.89751 2.68974 -1.89989 3.25444 -2.33631 -2.54723 2.28371 5.92809
internal_weight=370145 365539 364061 357288 10331 4331 3960 2834 803 346957 260562 241649 212463 185975 29186 18913 20488 2563 156514 151166 1478 137337 39269 16883 2031 516 18849 18624 26488 4286
internal_count=370145 365539 364061 357288 10331 4331 3960 2834 803 346957 260562 241649 212463 185975 29186 18913 20488 2563 156514 151166 1478 137337 39269 16883 2031 516 18849 18624 26488 4286
is_linear=0
shrinkage=0.05


Tree=86
num_leaves=31
num_cat=0
split_feature=1 11 1 1 9 8 3 11 8 8 9 10 11 9 8 11 3 3 0 11 8 11 10 11 9 10 8 0 3 8
split_gain=4.09384e+07 1.0045e+08 1.19174e+08 7.88429e+07 9.34266e+07 9.27943e+07 4.61892e+07 4.45536e+07 3.24591e+07 3.11329e+07 4.33255e+07 3.29543e+07 3.10129e+07 2.99259e+07 3.03179e+07 6.0011e+07 4.79435e+07 9.88703e+07 4.01883e+07 3.00583e+07 2.62481e+07 4.90777e+07 2.3841e+07 2.34178e+07 4.48919e+07 2.36893e+07 7.01293e+07 5.01628e+07 3.47131e+07 2.60672e+07
threshold=3.5000000000000004 5043.0250000000005 5.5000000000000009 4.5000000000000009 434.85700000000003 73.790000000000006 269.50000000000006 29214.375000000004 295.65571428571434 615.51285714285734 565.87616666666679 610.83333333333337 50375.340000000004 1630.4328333333335 1709.7935714285716 10596.205000000002 38.500000000000007 61.500000000000007 21.500000000000004 23225.890000000003 1632.2000000000003 7491.9800000000005 2071.4333333333338 35421.660000000011 2422.4765000000002 2155.8333333333339 1709.7935714285716 14.500000000000002 25.500000000000004 1518.4428571428573
decision_type=2 2 2 2 2 2 2 2 2 2 2 2 2 2 2 2 2 2 2 2 2 2 2 2 2 2 2 2 2 2
left_child=7 9 3 23 -5 -6 8 -1 -7 10 -2 -12 -4 20 15 -15 -17 -18 19 -19 -10 -22 -23 25 -25 29 27 -27 -28 -3
right_child=1 2 12 4 5 6 -8 -9 13 -11 11 -13 -14 14 -16 16 17 18 -20 -21 21 22 -24 24 -26 26 28 -29 -30 -31
leaf_value=-0.31873835672980178 -0.13674421982073529 2.3475327865577538 -0.56498958920596321 1.8851058070099478 -56.282641774303514 36.030852973553564 -0.70535260115595089 -4.1715202585547422 9.9370295247391596 -2.7223082482321308 0.42779972952883577 10.262211475575109 -11.245308236308983 -10.208884610715121 11.841865462795866 53.275624185992832 -2.6276702046905975 46.549500020823089 76.460499657524949 9.4951738275507438 -41.300271840529007 9.2592650330820572 -12.677509302336995 -6.4371115198934241 28.064091426547215 9.6864958388582654 19.249388093790735 41.290769796972882 -1.4571789395934456 -5.221328787211835
leaf_weight=203468 96923 11058 14980 6179 53 129 907 7791 5108 11189 1622 1794 712 115 2299 155 233 133 63 93 66 506 164 1418 101 289 242 222 1237 1268
leaf_count=203468 96923 11058 14980 6179 53 129 907 7791 5108 11189 1622 1794 712 115 2299 155 233 133 63 93 66 506 164 1418 101 289 242 222 1237 1268
internal_value=-0.00449934 0.600826 2.52033 4.26886 6.72091 9.70181 10.0525 -0.460825 11.129 -0.220656 0.0583087 5.59259 -1.04959 10.7695 14.7483 23.1851 28.8576 21.6071 41.1458 31.3015 8.66506 -0.162692 3.88967 1.75982 -4.14309 2.38615 7.44813 23.4167 1.93091 1.56891
internal_weight=370517 159258 47730 32038 16203 10024 9971 211259 9064 111528 100339 3416 15692 8935 3091 792 677 522 289 226 5844 736 670 15835 1519 14316 1990 511 1479 12326
internal_count=370517 159258 47730 32038 16203 10024 9971 211259 9064 111528 100339 3416 15692 8935 3091 792 677 522 289 226 5844 736 670 15835 1519 14316 1990 511 1479 12326
is_linear=0
shrinkage=0.05


Tree=87
num_leaves=31
num_cat=0
split_feature=10 8 1 11 3 3 8 8 0 11 8 3 9 8 11 8 9 8 10 3 8 1 9 7 5 3 9 8 9 11
split_gain=4.27595e+07 4.65985e+07 4.41938e+07 4.08329e+07 3.7263e+07 4.40199e+07 4.31598e+07 3.60549e+07 3.59752e+07 3.91572e+07 3.59724e+07 3.21661e+07 3.80218e+07 6.12401e+07 1.03063e+08 6.35071e+07 5.65701e+07 7.25844e+07 6.69407e+07 5.43013e+07 4.69226e+07 4.60236e+07 5.31324e+07 4.29906e+07 7.71658e+07 4.83995e+07 4.212e+07 8.91086e+07 5.50141e+07 3.45146e+07
threshold=2519.2500000000005 2266.1771428571433 3.5000000000000004 35421.660000000011 9.5000000000000018 282.50000000000006 2899.4528571428577 2899.4528571428577 19.500000000000004 25929.405000000002 2899.4528571428577 265.50000000000006 241.98866666666672 295.65571428571434 1008.9750000000001 6.0714285714285721 455.00233333333341 538.98785714285725 1564.416666666667 14.500000000000002 196.48357142857145 3.5000000000000004 1841.156666666667 1.0000000180025095e-35 1.0000000180025095e-35 14.500000000000002 928.8950000000001 1326.9885714285717 1341.3198333333337 1427.5150000000001
decision_type=2 2 2 2 2 2 2 2 2 2 2 2 2 2 2 2 2 2 2 2 2 2 2 2 2 2 2 2 2 2
left_child=7 2 -2 8 6 -6 -3 11 -4 -10 -7 12 -1 14 23 -16 -15 18 29 21 -17 -19 -23 24 -14 -26 -21 28 -28 -18
right_child=1 4 3 -5 5 10 -8 -9 9 -11 -12 -13 13 16 15 20 17 19 -20 26 -22 22 -24 -25 25 -27 27 -29 -30 -31
leaf_value=-0.53055045803812328 2.5769171040001058 25.216932516451237 12.100768721925803 4.2668530303044703 -4.6366401074197068 38.523787472226211 1.5535943374237016 -10.276569793025883 19.945609628371081 53.903717562822798 1.7262001682730284 -1.5476206421305165 0.60537508565037246 -1.1866328264707611 -6.3472463369551653 7.6449397904454859 1.2144862710933972 0.69457161197873296 42.856446929987492 -2.086071048460723 3.0930746022616096 5.3245222596435759 23.005943854346143 -1.4338322454378349 40.701143094235 10.220926039140625 1.5710996536268973 -1.3931342436110377 8.287010437676166 6.2665286592974851
leaf_weight=135842 2882 270 812 947 3086 109 673 862 274 123 170 32155 6666 57317 1309 9635 6434 6954 111 23081 13729 4339 471 18641 144 1363 9229 20814 4554 7124
leaf_count=135842 2882 270 812 947 3086 109 673 862 274 123 170 32155 6666 57317 1309 9635 6434 6954 111 23081 13729 4339 471 18641 144 1363 9229 20814 4554 7124
internal_value=0.0235329 3.36256 6.62733 12.0416 -0.455428 -2.91712 8.32889 -0.062966 18.1316 30.4666 16.1023 -0.0385041 0.10955 0.562628 2.03769 4.36977 0.0218045 0.855196 4.18566 0.199625 4.9702 3.29556 7.0559 -0.108173 2.91539 13.1334 -0.431821 0.671793 3.79008 3.86906
internal_weight=370120 9346 5038 2156 4308 3365 943 360774 1209 397 279 359912 327757 191915 51487 24673 140428 83111 13669 69442 23364 11764 4810 26814 8173 1507 57678 34597 13783 13558
internal_count=370120 9346 5038 2156 4308 3365 943 360774 1209 397 279 359912 327757 191915 51487 24673 140428 83111 13669 69442 23364 11764 4810 26814 8173 1507 57678 34597 13783 13558
is_linear=0
shrinkage=0.05


Tree=88
num_leaves=31
num_cat=0
split_feature=0 9 1 1 11 11 1 7 11 1 1 1 10 7 5 9 11 10 3 9 6 11 0 0 10 0 3 3 3 9
split_gain=3.59719e+07 4.23997e+07 4.26981e+07 4.26468e+07 5.32972e+07 3.35957e+07 3.3498e+07 3.13937e+07 3.683e+07 5.7958e+07 6.43702e+07 5.02019e+07 4.7166e+07 4.05021e+07 1.07954e+08 6.18208e+07 3.65869e+07 3.50563e+07 3.13198e+07 3.92335e+07 2.79302e+07 2.64994e+07 2.57891e+07 3.69477e+07 2.77204e+07 4.18372e+07 2.56408e+07 2.50389e+07 3.63121e+07 3.30892e+07
threshold=5.5000000000000009 1841.156666666667 3.5000000000000004 5.5000000000000009 13348.465000000002 42026.485000000008 4.5000000000000009 27.500000000000004 4959.6550000000007 3.5000000000000004 5.5000000000000009 4.5000000000000009 1367.0833333333337 1.0000000180025095e-35 1.0000000180025095e-35 218.50933333333336 398.30000000000007 96.166666666666671 38.500000000000007 606.9575000000001 3.5000000000000004 65821.285000000018 27.500000000000004 30.500000000000004 2010.5333333333335 26.500000000000004 4.5000000000000009 276.50000000000006 103.50000000000001 2258.7413333333338
decision_type=2 2 2 2 2 2 2 2 2 2 2 2 2 2 2 2 2 2 2 2 2 2 2 2 2 2 2 2 2 2
left_child=-1 5 21 4 -4 7 -6 8 13 20 11 -11 -13 14 -2 16 -16 -9 -17 -20 -10 -3 24 -24 -14 -26 -5 28 -8 -30
right_child=1 2 3 26 6 -7 27 17 9 10 -12 12 22 -15 15 18 -18 -19 19 -21 -22 -23 23 -25 25 -27 -28 -29 29 -31
leaf_value=-1.1155764352302464 0.42693640313377285 0.89036814296141231 0.70259801187685555 22.021831423994428 6.7313045697194305 -4.8801579006771361 15.142265723757788 -1.0378610527005514 -1.2502102294912214 1.9388830754186792 -0.6612782347621371 4.5251383892185144 10.424656204190363 -0.58636109115359258 7.2417767299551734 26.021209898769854 -8.3377004892819624 -7.6731263469244899 10.00494949828472 54.216623192567091 1.5480959330866533 -13.966405939519214 -6.1019408734237093 25.183199133411534 17.737112146007934 57.400391495064518 -0.040722791637988691 -1.7181002716612974 24.440136681478851 59.891364796956388
leaf_weight=61331 68872 8597 1400 138 1330 3385 1090 11417 21081 10438 8925 7231 2097 136633 1183 500 553 2411 1433 52 15454 311 395 124 745 73 2881 153 245 90
leaf_count=61331 68872 8597 1400 138 1330 3385 1090 11417 21081 10438 8925 7231 2097 136633 1183 500 553 2411 1433 52 15454 311 395 124 745 73 2881 153 245 90
internal_value=-0.00940308 0.209984 2.69721 5.52453 8.71786 0.0721694 12.5766 0.130051 0.246617 1.27103 2.89845 4.40396 6.81656 -0.0792878 0.875115 9.17045 2.27896 -2.19476 15.1975 11.5531 -0.0665501 0.371682 11.6416 1.37274 13.4699 21.2767 0.967768 17.5033 19.5671 33.9643
internal_weight=370568 309237 16235 7327 4308 293002 2908 289617 275789 66563 30028 21103 10665 209226 72593 3721 1736 13828 1985 1485 36535 8908 3434 519 2915 818 3019 1578 1425 335
internal_count=370568 309237 16235 7327 4308 293002 2908 289617 275789 66563 30028 21103 10665 209226 72593 3721 1736 13828 1985 1485 36535 8908 3434 519 2915 818 3019 1578 1425 335
is_linear=0
shrinkage=0.05


Tree=89
num_leaves=31
num_cat=0
split_feature=0 11 1 1 10 1 11 9 4 6 11 11 11 11 9 3 0 3 0 6 3 9 10 11 4 10 11 11 11 11
split_gain=3.59551e+07 6.82574e+07 5.00884e+07 8.9311e+07 6.13995e+07 3.49784e+07 4.00805e+07 4.73846e+07 3.68282e+07 3.40595e+07 3.16679e+07 3.12252e+07 3.04204e+07 3.94007e+07 3.24344e+07 6.32933e+07 3.0962e+07 2.99497e+07 2.9564e+07 2.63474e+07 3.96188e+07 2.54572e+07 2.4844e+07 2.35385e+07 2.34658e+07 2.32314e+07 2.28144e+07 2.20111e+07 2.19187e+07 2.19034e+07
threshold=11.500000000000002 3568.3200000000002 3.5000000000000004 5.5000000000000009 2220.0000000000005 4.5000000000000009 9526.7850000000017 1998.7498333333335 1.5000000000000002 11.500000000000002 115.20500000000001 15243.790000000003 42026.485000000008 13772.890000000001 2194.8705000000004 33.500000000000007 27.500000000000004 124.50000000000001 14.500000000000002 1.5000000000000002 48.500000000000007 1087.7610000000002 2872.6833333333338 32951.680000000008 1.5000000000000002 326.16666666666669 14253.120000000001 7355.0100000000011 27454.115000000002 17684.070000000003
decision_type=2 2 2 2 2 2 2 2 2 2 2 2 2 2 2 2 2 2 2 2 2 2 2 2 2 2 2 2 2 2
left_child=-1 10 11 4 5 8 7 -7 -4 -8 -2 21 13 14 15 -6 -14 19 -19 29 -21 24 -13 -24 -3 -12 -5 -17 -20 -15
right_child=1 2 3 26 12 6 9 -9 -10 -11 25 22 16 17 -16 27 -18 18 28 20 -22 -23 23 -25 -26 -27 -28 -29 -30 -31
leaf_value=-0.64244977081250665 -1.6540940384934644 1.2993691186903276 4.2231425053156837 0.70026843966098273 49.240266609191899 3.7645243712473331 10.969766770126993 -44.605953261431523 -1.4275543195204827 -11.517158775545111 -0.34481545067296715 -2.4261933757306089 7.1940995299254729 25.493457092437893 -6.955595581835202 29.453377711968347 -16.382119218462464 9.662190908488661 33.23531810270773 63.733134598732001 13.971928204481419 3.7651624082132922 19.683216236697305 -0.51914563539827607 -2.133100972298533 1.146399234711543 -4.1430345785699556 -4.0858422034182533 71.526084571838382 9.3570231771833416
leaf_weight=134493 31594 20276 6337 7959 95 6998 3462 51 5291 177 83227 10593 714 256 369 61 173 101 148 65 104 7418 252 337 6600 38062 3501 247 50 1178
leaf_count=134493 31594 20276 6337 7959 95 6998 3462 51 5291 177 83227 10593 714 256 369 61 173 101 148 65 104 7418 252 337 6600 38062 3501 247 50 1178
internal_value=0.00987678 0.382108 1.53822 2.89531 4.52269 3.54978 5.61452 3.41456 1.65195 9.87601 -0.244129 0.424005 10.6197 13.2813 3.75475 13.5615 2.59581 17.1481 31.6756 14.4383 33.1109 1.17214 -1.87046 8.12431 0.45645 0.123146 -0.779348 2.55667 42.9047 12.2377
internal_weight=370189 235696 82813 37337 25877 22316 10688 7049 11628 3639 152883 45476 3561 2674 772 403 887 1902 299 1603 169 34294 11182 589 26876 121289 11460 308 198 1434
internal_count=370189 235696 82813 37337 25877 22316 10688 7049 11628 3639 152883 45476 3561 2674 772 403 887 1902 299 1603 169 34294 11182 589 26876 121289 11460 308 198 1434
is_linear=0
shrinkage=0.05


Tree=90
num_leaves=31
num_cat=0
split_feature=1 11 1 1 9 8 8 9 0 3 11 11 10 11 9 3 8 9 0 0 8 10 0 0 9 8 0 3 9 8
split_gain=3.17092e+07 6.02281e+07 5.85174e+07 1.17453e+08 7.21381e+07 3.67459e+07 2.84212e+07 4.05248e+07 3.9414e+07 4.39164e+07 3.9043e+07 2.9025e+07 3.64798e+07 2.7507e+07 2.64284e+07 3.03852e+07 4.85216e+07 2.87707e+07 2.46811e+07 3.52608e+07 5.6762e+07 3.8772e+07 3.18576e+07 3.15601e+07 3.0196e+07 5.90123e+07 2.86873e+07 3.11991e+07 2.83896e+07 7.50638e+07
threshold=2.5000000000000004 6373.8900000000003 5.5000000000000009 4.5000000000000009 970.15350000000012 558.29571428571444 1972.967142857143 1917.6366666666668 11.500000000000002 39.500000000000007 25929.405000000002 24530.555000000004 2519.2500000000005 45915.240000000013 2041.4540000000004 12.500000000000002 3218.1678571428579 2422.4765000000002 27.500000000000004 13.500000000000002 2430.840714285715 2519.2500000000005 10.500000000000002 6.5000000000000009 1270.8481666666669 1418.4021428571432 28.500000000000004 59.500000000000007 2258.7413333333338 1834.1171428571431
decision_type=2 2 2 2 2 2 2 2 2 2 2 2 2 2 2 2 2 2 2 2 2 2 2 2 2 2 2 2 2 2
left_child=-1 -2 3 6 -5 -6 7 11 -9 10 -10 12 -3 -4 -8 16 -16 -18 19 20 21 22 23 -7 -21 -26 27 -20 -23 -30
right_child=1 2 13 4 5 18 14 8 9 -11 -12 -13 -14 -15 15 -17 17 -19 26 24 -22 28 -24 -25 25 -27 -28 -29 29 -31
leaf_value=-0.53603097680095801 -0.080915505151461925 1.7614988045893296 -0.37334161686739842 3.0212323937295729 43.398119365163602 3.0296480210500114 -7.262564319363662 0.73139864004062805 21.892219891419284 12.498286067135632 77.51329685037787 -3.0896233652046998 37.932828521728517 -9.3142180684318294 33.608694192625229 -1.8020843325689897 -27.393816843668624 17.01426505505199 7.0541222948777049 5.290503517452926 -17.637756769213564 13.504978462939954 -6.3402933423243582 17.108927752095877 34.568135302705883 13.846561060574993 9.7574135257625638 -20.846210410909833 -3.9489937373570037 70.267386075820056
leaf_weight=159126 159619 16541 12115 6832 83 871 1925 501 74 448 55 3511 70 926 168 1517 75 71 190 637 215 262 398 733 419 1909 574 212 56 87
leaf_count=159126 159619 16541 12115 6832 83 871 1925 501 74 448 55 3511 70 926 168 1517 75 71 190 637 215 262 398 733 419 1909 574 212 56 87
internal_value=-0.00306469 0.398694 1.88592 2.86792 6.62906 10.3379 0.836634 1.54686 10.9916 19.9003 45.6066 1.04088 1.91393 -1.0082 -3.17211 1.12833 15.2858 -5.79811 9.91976 11.2013 6.97732 9.17601 6.32179 9.46363 14.9367 17.5761 2.58365 -7.65949 23.285 41.2036
internal_weight=370220 211094 51475 38434 13478 6646 24956 21200 1078 577 129 20122 16611 13041 3756 1831 314 146 6563 5587 2622 2407 2002 1604 2965 2328 976 402 405 143
internal_count=370220 211094 51475 38434 13478 6646 24956 21200 1078 577 129 20122 16611 13041 3756 1831 314 146 6563 5587 2622 2407 2002 1604 2965 2328 976 402 405 143
is_linear=0
shrinkage=0.05


Tree=91
num_leaves=31
num_cat=0
split_feature=0 11 1 1 9 11 10 6 0 8 8 10 8 11 9 8 11 8 11 11 3 10 0 11 8 1 9 8 0 11
split_gain=3.33221e+07 6.18489e+07 5.14145e+07 7.06429e+07 6.26376e+07 5.87091e+07 5.3621e+07 4.33039e+07 5.11903e+07 4.32126e+07 4.0331e+07 3.61985e+07 3.39634e+07 3.1166e+07 3.09733e+07 3.18315e+07 2.95378e+07 2.79086e+07 3.08119e+07 2.73833e+07 2.6936e+07 2.92647e+07 2.60331e+07 2.571e+07 2.52108e+07 2.46238e+07 2.44738e+07 4.80193e+07 2.94996e+07 2.81931e+07
threshold=12.500000000000002 2431.5150000000008 3.5000000000000004 5.5000000000000009 1998.7498333333335 13348.465000000002 2444.1500000000001 1.5000000000000002 26.500000000000004 2537.0064285714293 1.0000000180025095e-35 430.50000000000006 2340.6650000000004 65821.285000000018 2336.8835000000004 1632.2000000000003 23225.890000000003 3218.1678571428579 11502.295000000002 6373.8900000000003 14.500000000000002 2641.9333333333338 23.500000000000004 115.20500000000001 2195.8535714285722 4.5000000000000009 2194.8705000000004 2430.840714285715 27.500000000000004 21033.945000000003
decision_type=2 2 2 2 2 2 2 2 2 2 2 2 2 2 2 2 2 2 2 2 2 2 2 2 2 2 2 2 2 2
left_child=9 23 13 4 10 17 7 8 16 20 11 -4 19 14 24 -16 -7 18 -6 22 21 -1 -12 -2 -3 -21 -8 28 29 -28
right_child=1 2 3 -5 5 6 26 -9 -10 -11 12 -13 -14 -15 15 -17 -18 -19 -20 25 -22 -23 -24 -25 -26 -27 27 -29 -30 -31
leaf_value=1.7154926376578403 -1.6134213961617243 0.40967489286400938 -3.9738023525090527 -0.3965285181888798 10.075363710477596 21.768922004293888 3.0236220617043346 74.25297320414397 -4.4364479482512591 -9.4611631181082867 1.3649397164328274 -47.462944671630865 -9.6196456857608439 -12.400352982523041 37.372880443894722 5.5772374663905042 61.199813870092242 -23.251089438685668 -19.582829986678231 3.3163272993010455 -0.6987068792182265 32.856291718232008 6.3107522391499948 0.04838716895810781 -4.9427953918921652 7.8489949816517397 17.723168834563225 7.8114828262158813 8.7731240161053545 58.749965206412384
leaf_weight=10312 31006 49639 1112 13935 463 94 418 59 88 1361 11756 50 473 481 83 1525 96 108 108 5748 135266 76 3439 93339 2302 6259 62 420 77 129
leaf_count=10312 31006 49639 1112 13935 463 94 418 59 88 1361 11756 50 473 481 83 1525 96 108 108 5748 135266 76 3439 93339 2302 6259 62 420 77 129
internal_value=-0.00861749 0.376272 1.30928 2.55978 3.89045 12.1813 17.8862 35.3471 27.0901 -0.593141 3.28037 -5.84511 3.66352 0.270224 0.384037 7.21843 41.6919 0.0571872 4.46576 3.89449 -0.510278 1.94332 2.4843 -0.365992 0.172456 5.67911 12.5658 18.3633 34.8997 45.4324
internal_weight=370284 223269 98924 44894 30959 2122 1443 337 278 147015 28837 1162 27675 54030 53549 1608 190 679 571 27202 145654 10388 15195 124345 51941 12007 1106 688 268 191
internal_count=370284 223269 98924 44894 30959 2122 1443 337 278 147015 28837 1162 27675 54030 53549 1608 190 679 571 27202 145654 10388 15195 124345 51941 12007 1106 688 268 191
is_linear=0
shrinkage=0.05


Tree=92
num_leaves=31
num_cat=0
split_feature=10 8 9 3 8 9 3 8 3 3 8 3 11 8 3 8 0 11 11 10 11 8 0 11 0 11 3 8 9 11
split_gain=3.85963e+07 3.72567e+07 4.31005e+07 4.92417e+07 4.58175e+07 4.818e+07 4.00708e+07 4.16232e+07 3.52907e+07 8.75064e+07 3.91422e+07 3.00152e+07 2.82044e+07 3.56466e+07 4.75735e+07 6.26356e+07 3.84421e+07 6.11852e+07 4.58273e+07 3.71501e+07 3.98418e+07 6.73904e+07 3.23103e+07 2.81053e+07 2.78147e+07 2.66952e+07 4.12568e+07 2.62356e+07 3.90196e+07 2.89373e+07
threshold=2720.4666666666672 2340.6650000000004 1734.5108333333335 14.500000000000002 1554.1278571428572 1341.3198333333337 285.50000000000006 1669.8157142857144 259.50000000000006 136.50000000000003 1355.9100000000001 15.500000000000002 35421.660000000011 2133.8221428571437 7.5000000000000009 3218.1678571428579 7.5000000000000009 15243.790000000003 19100.720000000005 2812.8500000000008 25929.405000000002 1750.47 26.500000000000004 38560.455000000009 26.500000000000004 11502.295000000002 123.50000000000001 1145.382142857143 1087.7610000000002 15809.935000000003
decision_type=2 2 2 2 2 2 2 2 2 2 2 2 2 2 2 2 2 2 2 2 2 2 2 2 2 2 2 2 2 2
left_child=1 2 4 23 5 27 7 8 9 25 -11 -7 13 16 15 -15 -2 -18 -19 -20 -21 -22 -16 -4 -6 -5 -27 28 -1 -30
right_child=12 -3 3 6 24 11 -8 -9 -10 10 -12 -13 -14 14 22 -17 17 18 19 20 21 -23 -24 -25 -26 26 -28 -29 29 -31
leaf_value=-0.098974010142252641 0.28746584553421639 -4.0750862485604893 20.22278886776034 0.41660517530361391 -4.9425675581429207 18.016800323544935 46.225996234370214 -0.31617404820275175 -2.1840406398869172 18.637662461224725 77.561345643845812 3.19318686125207 -0.29877937975071522 62.950946833989398 -2.7315486506573023 8.3393287231577915 -1.5891014214400407 69.978332704816552 6.1251984063510241 13.967110475239004 101.37078827689676 27.64118180093886 15.368061880860786 -0.422957364052928 3.1577562393484246 8.2092018528091746 38.237782793596757 -2.9269206075698819 8.7585701190167615 0.074274379898773876
leaf_weight=318232 273 5696 602 1134 7189 358 51 8177 1093 51 63 7403 1817 73 1324 187 182 70 145 95 51 79 303 227 1243 2092 121 8056 2180 1713
leaf_count=318232 273 5696 602 1134 7189 358 51 8177 1093 51 63 7403 1817 73 1324 187 182 70 145 95 51 79 303 227 1243 2092 121 8056 2180 1713
internal_value=-0.00568071 -0.0629284 0.000555452 2.76048 -0.107898 -0.0170617 1.99458 1.81739 5.64835 8.12185 51.2008 3.87697 4.54627 7.7107 3.81284 23.6726 15.9289 22.794 32.8797 25.8611 38.5797 56.5659 0.639184 14.5695 -3.74846 6.65457 9.85107 -0.108592 -0.0381088 4.9373
internal_weight=370280 365681 359985 13611 346374 337942 12782 12731 4554 3461 114 7761 4599 2782 1887 260 895 622 440 370 225 130 1627 829 8432 3347 2213 330181 322125 3893
internal_count=370280 365681 359985 13611 346374 337942 12782 12731 4554 3461 114 7761 4599 2782 1887 260 895 622 440 370 225 130 1627 829 8432 3347 2213 330181 322125 3893
is_linear=0
shrinkage=0.05


Tree=93
num_leaves=31
num_cat=0
split_feature=0 9 8 3 8 9 0 1 3 8 1 10 3 3 10 7 10 8 9 8 6 6 10 9 9 8 3 10 7 3
split_gain=3.10778e+07 4.31008e+07 5.73469e+07 5.25225e+07 4.76975e+07 6.44782e+07 4.6629e+07 4.56568e+07 4.66789e+07 3.47383e+07 3.7043e+07 4.56453e+07 3.31363e+07 2.96416e+07 2.86836e+07 2.81302e+07 2.80442e+07 2.60669e+07 2.57702e+07 6.98554e+07 5.39653e+07 3.95182e+07 4.13618e+07 3.62075e+07 3.52164e+07 3.81259e+07 4.25456e+07 3.28804e+07 3.11801e+07 6.70531e+07
threshold=5.5000000000000009 1841.156666666667 2693.3414285714293 27.500000000000004 1518.4428571428573 1341.3198333333337 27.500000000000004 1.0000000180025095e-35 18.500000000000004 1669.8157142857144 2.5000000000000004 2241.0833333333335 10.500000000000002 33.500000000000007 2071.4333333333338 27.500000000000004 96.166666666666671 1632.2000000000003 253.89233333333334 361.39285714285717 30.500000000000004 1.5000000000000002 1.0000000180025095e-35 431.04400000000004 544.41850000000011 647.76285714285723 14.500000000000002 1546.1833333333336 1.0000000180025095e-35 101.50000000000001
decision_type=2 2 2 2 2 2 2 2 2 2 2 2 2 2 2 2 2 2 2 2 2 2 2 2 2 2 2 2 2 2
left_child=-1 4 3 6 5 15 -3 -7 14 10 -5 -12 -4 -14 -9 18 -17 -13 -2 20 21 23 28 -20 -21 27 -27 -26 29 -23
right_child=1 2 12 9 -6 7 -8 8 -10 -11 11 17 13 -15 -16 16 -18 -19 19 24 -22 22 -24 -25 25 26 -28 -29 -30 -31
leaf_value=-1.0136346962927301 -0.32553788856748278 9.962445836668941 2.6181233704428784 1.4374206055063528 -3.1743106135511194 -3.8678489444710014 47.567002420092741 16.821014838537913 5.7973634611874019 1.2058602077528331 -0.092575065223625422 16.466338955720268 -21.445230908382616 -4.6869293295683399 51.410042099952697 -1.0745839600858433 -7.0058291103409154 43.497129505812524 2.9360264808655128 -1.0565563078542259 19.358027461695514 28.513041114329635 -0.38799582292188961 9.2242820334585414 3.3761626682856782 4.3799606589871605 -0.96732375514600266 35.364067931234104 2.4511732554832797 -0.37927170740791544
leaf_weight=61204 122360 1989 1408 1244 10837 1189 86 239 5259 8124 446 900 318 1550 80 11403 2415 99 11734 50609 449 362 20939 2844 9787 4520 21014 81 16216 451
leaf_count=61204 122360 1989 1408 1244 10837 1189 86 239 5259 8124 446 900 318 1550 80 11403 2415 99 11734 50609 449 362 20939 2844 9787 4520 21014 81 16216 451
internal_value=0.0157049 0.219619 2.73306 4.23458 0.0808589 0.205974 11.521 5.02771 6.92387 2.83633 7.76228 13.2074 -3.17399 -7.53979 25.4954 0.0874035 -2.1112 19.1451 0.20364 0.669449 2.0974 1.94991 1.10026 4.16279 -0.210371 0.999296 -0.0207535 3.63873 2.93023 12.4854
internal_weight=370156 308952 16164 12888 292788 281951 2075 6767 5578 10813 2689 1445 3276 1868 319 275184 13818 999 261366 139006 52995 52546 37968 14578 86011 35402 25534 9868 17029 813
internal_count=370156 308952 16164 12888 292788 281951 2075 6767 5578 10813 2689 1445 3276 1868 319 275184 13818 999 261366 139006 52995 52546 37968 14578 86011 35402 25534 9868 17029 813
is_linear=0
shrinkage=0.05


Tree=94
num_leaves=31
num_cat=0
split_feature=3 11 9 8 3 9 8 3 8 9 9 3 2 10 8 11 8 10 1 7 5 9 6 9 11 8 6 11 6 9
split_gain=3.33624e+07 3.6793e+07 3.48486e+07 1.00159e+08 4.03902e+07 3.12427e+07 3.31809e+07 3.0743e+07 3.13928e+07 2.6267e+07 2.69833e+07 2.62388e+07 2.52982e+07 4.81585e+07 3.74678e+07 4.53892e+07 3.29262e+07 3.13079e+07 3.97354e+07 2.76426e+07 3.29354e+07 5.81882e+07 4.75527e+07 5.26392e+07 4.45686e+07 2.95716e+07 3.34893e+07 2.8617e+07 5.20893e+07 4.68718e+07
threshold=35.500000000000007 42026.485000000008 1592.5745000000004 1791.3400000000004 32.500000000000007 2194.8705000000004 1554.1278571428572 12.500000000000002 2340.6650000000004 1697.2931666666666 1804.4843333333336 14.500000000000002 1.0000000180025095e-35 2324.1500000000001 1669.8157142857144 15809.935000000003 205.45785714285719 2418.9166666666674 3.5000000000000004 1.0000000180025095e-35 1.0000000180025095e-35 513.0351666666669 2.5000000000000004 1050.3710000000003 7102.0150000000003 60.005000000000003 35.500000000000007 4063.2000000000003 2.5000000000000004 438.82049999999998
decision_type=2 2 2 2 2 2 2 2 2 2 2 2 2 2 2 2 2 2 2 2 2 2 2 2 2 2 2 2 2 2
left_child=2 12 -1 4 -4 -3 -7 -5 -9 -6 -11 -10 16 -14 15 -15 19 -17 -19 20 22 25 24 -24 -2 26 -22 -21 -29 -30
right_child=1 5 3 7 9 6 -8 8 11 10 -12 -13 13 14 -16 17 -18 18 -20 27 21 -23 23 -25 -26 -27 -28 28 29 -31
leaf_value=0.49277652429820534 3.930163173548558 -7.4034616786999594 11.106117532401008 4.2647808421220352 3.5040425456653943 30.2252097544044 -0.2769172539812001 0.84930286156416168 -33.855912869233713 70.951071436651816 28.998127338105601 -7.1764323028719232 0.43718593046105819 -1.6289676531305854 5.4759758933845966 13.197896628183862 -1.0198254038373311 23.789794642584667 81.2544613999587 -0.85480407034917671 9.2684092468667547 38.806798304411082 -0.88879590300048639 -47.862169812520349 32.821676950385104 -1.7329782480817615 -10.645543872999109 -2.2675874606220923 3.0468500644745795 24.100865333810503
leaf_weight=98917 5201 3153 1759 3138 55 99 897 2059 102 58 113 955 55111 106 1654 73 117999 56 65 47331 2572 130 9971 60 137 1205 230 5863 10775 271
leaf_count=98917 5201 3153 1759 3138 55 99 897 2059 102 58 113 955 55111 106 1654 73 117999 56 65 47331 2572 130 9971 60 137 1205 230 5863 10775 271
internal_value=0.00936082 -0.293675 0.753006 3.87731 13.6626 -4.96486 2.75492 0.771474 -2.7465 33.5605 43.2278 -9.75099 -0.218791 0.710691 8.42467 24.6818 -0.481702 39.0578 54.6592 0.276521 1.92505 5.88507 0.859095 -1.16977 4.67167 4.81698 7.63379 -0.224042 1.54156 3.56338
internal_weight=370115 262959 107156 8239 1985 4149 996 6254 3116 226 171 1057 258810 57065 1954 300 201745 194 121 83746 19506 4137 15369 10031 5338 4007 2802 64240 16909 11046
internal_count=370115 262959 107156 8239 1985 4149 996 6254 3116 226 171 1057 258810 57065 1954 300 201745 194 121 83746 19506 4137 15369 10031 5338 4007 2802 64240 16909 11046
is_linear=0
shrinkage=0.05


Tree=95
num_leaves=31
num_cat=0
split_feature=3 9 8 6 10 8 9 9 4 7 6 3 8 9 3 9 8 9 8 8 0 7 0 3 10 4 1 9 8 1
split_gain=3.40354e+07 3.96983e+07 5.09067e+07 5.31021e+07 5.2036e+07 4.45819e+07 6.20816e+07 4.42029e+07 4.52158e+07 4.39547e+07 4.77414e+07 4.33398e+07 3.84212e+07 5.82373e+07 3.79708e+07 3.71952e+07 3.5017e+07 4.40603e+07 5.44364e+07 3.38161e+07 3.16699e+07 3.05462e+07 2.96105e+07 2.74803e+07 2.74735e+07 3.60702e+07 2.7191e+07 3.584e+07 3.46439e+07 3.45541e+07
threshold=261.50000000000006 378.75450000000006 465.61428571428581 1.5000000000000002 14.500000000000002 250.6114285714286 197.24566666666669 544.41850000000011 1.5000000000000002 1.0000000180025095e-35 30.500000000000004 22.500000000000004 2693.3414285714293 2041.4540000000004 255.50000000000003 284.54183333333339 2024.3085714285717 1446.3833333333334 1117.6485714285716 243.17428571428573 5.5000000000000009 1.0000000180025095e-35 23.500000000000004 63.500000000000007 1528.1500000000003 1.5000000000000002 3.5000000000000004 1697.2931666666666 2693.3414285714293 5.5000000000000009
decision_type=2 2 2 2 2 2 2 2 2 2 2 2 2 2 2 2 2 2 2 2 2 2 2 2 2 2 2 2 2 2
left_child=1 5 3 7 20 6 -1 8 19 10 -8 26 13 16 -15 -12 17 -13 23 -3 -5 -22 -16 -19 25 -9 -4 -28 29 -29
right_child=-2 2 11 4 -6 -7 9 24 -10 -11 15 12 -14 14 22 -17 -18 18 -20 -21 21 -23 -24 -25 -26 -27 27 28 -30 -31
leaf_value=-0.49487128902785582 -1.3431726091878942 12.834783647474858 0.82894656476176787 -1.7347442464054568 -1.246209220527656 -1.2423852871139163 3.4630246965311997 14.640261028791375 -6.83907488817154 0.85819737195650847 9.4139716084202814 -0.97967953898716109 -8.002420684573524 3.8600961380146845 9.9846542519017287 33.554407119750977 -5.6073184666992706 6.417785594117551 1.3442523099852779 3.7086629760076741 23.220400422034057 5.9606430180482572 52.841853713989259 22.434774143858988 38.715906727715833 0.85182056724156308 2.7342050931799822 22.544202388714812 1.5990011599626435 5.4844472824939379
leaf_weight=88796 39747 1162 14033 1337 10139 69786 11715 1537 907 38685 574 45987 1567 6130 95 221 3245 655 11114 8027 276 3600 70 453 89 686 7492 716 712 507
leaf_count=88796 39747 1162 14033 1337 10139 69786 11715 1537 907 38685 574 45987 1567 6130 95 221 3245 655 11114 8027 276 3600 70 453 89 686 7492 716 712 507
internal_value=0.0391519 0.205489 0.928615 2.8071 0.841094 -0.210013 0.304629 5.23957 3.81145 1.69133 4.26766 0.366544 -0.262156 -0.0831272 4.4972 16.1247 -0.55231 -0.270506 2.39786 4.86271 4.90079 7.18967 28.1665 12.9662 11.4758 10.3853 2.22413 4.30099 10.3673 15.472
internal_weight=370060 330313 120536 27760 15352 209777 139991 12408 10096 51195 12510 92776 69316 67749 6295 795 61454 58209 12222 9189 5213 3876 165 1108 2312 2223 23460 9427 1935 1223
internal_count=370060 330313 120536 27760 15352 209777 139991 12408 10096 51195 12510 92776 69316 67749 6295 795 61454 58209 12222 9189 5213 3876 165 1108 2312 2223 23460 9427 1935 1223
is_linear=0
shrinkage=0.05


Tree=96
num_leaves=31
num_cat=0
split_feature=11 10 8 0 3 8 8 8 10 3 8 8 10 1 8 1 8 3 1 6 3 3 9 7 11 8 8 9 11 3
split_gain=3.60889e+07 5.89288e+07 4.68134e+07 3.43946e+07 4.14994e+07 7.34637e+07 3.61615e+07 3.38669e+07 3.17777e+07 5.04605e+07 3.50079e+07 3.1607e+07 3.15115e+07 3.3581e+07 3.30779e+07 3.12788e+07 2.89213e+07 2.52236e+07 2.7827e+07 2.44575e+07 3.4192e+07 3.08462e+07 2.56287e+07 2.36308e+07 2.88364e+07 5.00218e+07 9.8057e+07 5.13164e+07 5.59857e+07 4.03217e+07
threshold=32951.680000000008 2348.0500000000006 2340.6650000000004 12.500000000000002 21.500000000000004 2195.8535714285722 2430.840714285715 2537.0064285714293 1766.3333333333335 14.500000000000002 1791.3400000000004 1518.4428571428573 2955.1166666666672 3.5000000000000004 1972.967142857143 2.5000000000000004 1632.2000000000003 18.500000000000004 4.5000000000000009 1.5000000000000002 60.500000000000007 54.500000000000007 1592.5745000000004 27.500000000000004 758.16500000000008 1.0000000180025095e-35 123.08357142857143 225.24500000000003 3762.1450000000004 22.500000000000004
decision_type=2 2 2 2 2 2 2 2 2 2 2 2 2 2 2 2 2 2 2 2 2 2 2 2 2 2 2 2 2 2
left_child=1 2 8 7 5 -5 12 17 16 10 -10 15 13 -6 -14 -11 23 18 -3 20 -17 22 -21 24 -1 -26 27 -27 -29 -28
right_child=-2 3 -4 4 6 -7 -8 -9 9 11 -12 -13 14 -15 -16 19 -18 -19 -20 21 -22 -23 -24 -25 25 26 29 28 -30 -31
leaf_value=-0.60618198293109715 -2.7427453776141846 6.5120268899041251 -7.3011038596370259 60.013139189121333 1.9451834541100723 11.555503673685923 -1.8421666333951006 -8.702975301754142 25.489944373644317 0.17161371328161518 6.1441024442696062 -0.56974324477308691 60.217281069074367 12.417859995006079 11.955317192348009 -1.4470768364968869 -5.4341399066962115 1.3115868159576858 41.213989321390791 13.391382763990714 10.245815452428888 9.4539853571145027 54.638355822895846 -1.8711940918253811 -2.2157646644711573 2.3139515892448408 1.9379488545746071 3.9340143816911004 13.950738142164596 -0.12206471162973559
leaf_weight=105738 11627 185 2193 86 1807 864 1530 823 364 2485 654 7697 56 1328 97 1010 2496 2771 84 67 1641 333 86 16580 16697 16192 28611 3655 2256 139930
leaf_count=105738 11627 185 2193 86 1807 864 1530 823 364 2485 654 7697 56 1328 97 1010 2496 2771 84 67 1641 333 86 16580 16697 16192 28611 3655 2256 139930
internal_value=-0.00124426 0.0877147 -0.0188515 3.94589 6.39117 15.9422 4.50793 0.294734 0.027239 2.332 13.0615 1.51192 7.4628 6.38146 29.6198 4.3619 -0.0722427 2.73063 17.3483 7.68127 5.79096 17.9924 36.576 -0.0316453 0.0657733 0.408451 0.638286 3.76959 7.75701 0.227637
internal_weight=369943 358316 348685 9631 5768 950 4818 3863 346492 14337 1018 13319 3288 3135 153 5622 332155 3040 269 3137 2651 486 153 329659 313079 207341 190644 22103 5911 168541
internal_count=369943 358316 348685 9631 5768 950 4818 3863 346492 14337 1018 13319 3288 3135 153 5622 332155 3040 269 3137 2651 486 153 329659 313079 207341 190644 22103 5911 168541
is_linear=0
shrinkage=0.05


Tree=97
num_leaves=31
num_cat=0
split_feature=10 8 3 9 8 8 1 9 8 8 9 10 9 2 11 11 3 3 9 1 11 11 6 10 3 8 9 11 4 10
split_gain=3.3427e+07 3.42751e+07 2.80385e+07 3.1459e+07 4.95683e+07 4.31467e+07 4.83059e+07 3.78861e+07 5.50896e+07 3.63908e+07 4.65118e+07 3.62806e+07 4.65771e+07 6.7248e+07 5.12446e+07 1.97778e+08 3.53708e+07 2.80149e+07 4.10246e+07 3.64155e+07 2.61634e+07 2.59995e+07 3.28691e+07 3.1611e+07 2.82526e+07 2.4514e+07 7.68254e+07 7.17796e+07 1.14686e+08 5.74615e+07
threshold=2872.6833333333338 2899.4528571428577 263.50000000000006 1880.9296666666669 1879.7300000000002 2133.8221428571437 2.5000000000000004 1341.3198333333337 1295.9014285714288 1145.382142857143 1050.3710000000003 2494.5000000000005 2336.8835000000004 1.0000000180025095e-35 25929.405000000002 38560.455000000009 10.500000000000002 11.500000000000002 2194.8705000000004 3.5000000000000004 19100.720000000005 24530.555000000004 1.5000000000000002 1766.3333333333335 13.500000000000002 521.06500000000017 412.61950000000007 1427.5150000000001 1.5000000000000002 551.16666666666686
decision_type=2 2 2 2 2 2 2 2 2 2 2 2 2 2 2 2 2 2 2 2 2 2 2 2 2 2 2 2 2 2
left_child=1 2 3 4 7 6 16 9 -9 10 25 -8 13 -13 -15 -16 -5 18 19 -7 -6 23 -23 -10 -25 26 -1 -28 29 -29
right_child=-2 -3 -4 5 20 17 11 8 21 -11 -12 12 -14 14 15 -17 -18 -19 -20 -21 -22 22 -24 24 -26 -27 27 28 -30 -31
leaf_value=-0.073906995897161029 6.0199587763683828 -6.7659620624899235 -1.3302912616382037 33.350063729286198 -1.9283115756884097 -10.446240697262894 5.5563311381345395 7.8411830026932012 -2.2578856402167702 -3.1070352228404241 5.4141370651720351 14.106486618129304 -3.3663159228711721 15.063649911319509 140.8652223953834 15.914091477570711 -0.37083892519639317 -2.1068504124905396 22.523186429971123 17.240080046135446 -9.1853213479430771 -4.9567191817644902 9.7060530350116796 24.07737847399968 4.1627413161075841 -0.95995640490501966 0.4036684691761015 4.7383968855032474 -3.1989250669883873 12.723077042239815
leaf_weight=209064 2289 1885 36060 80 3137 335 2332 3771 2274 9100 4066 811 249 85 52 81 2784 4664 303 184 2056 2785 443 186 4191 51450 14160 4913 2785 4162
leaf_count=209064 2289 1885 36060 80 3137 335 2332 3771 2274 9100 4066 811 249 85 52 81 2784 4664 303 184 2056 2785 443 186 4191 51450 14160 4913 2785 4162
internal_value=-0.00357346 -0.0409949 -0.00641271 0.138031 0.0435082 2.65555 5.42007 0.123802 2.69996 0.00646961 0.103968 9.26702 16.038 20.7335 45.3874 64.7672 0.571086 -0.606843 7.90415 -0.630666 -4.80149 0.737456 -2.94445 2.52443 5.00901 0.0286147 0.244971 2.80708 5.67658 8.40035
internal_weight=370737 368448 366563 330503 318543 11960 6474 313350 13650 299700 290600 3610 1278 1029 218 133 2864 5486 822 519 5193 9879 3228 6651 4377 286534 235084 26020 11860 9075
internal_count=370737 368448 366563 330503 318543 11960 6474 313350 13650 299700 290600 3610 1278 1029 218 133 2864 5486 822 519 5193 9879 3228 6651 4377 286534 235084 26020 11860 9075
is_linear=0
shrinkage=0.05


Tree=98
num_leaves=31
num_cat=0
split_feature=0 9 8 3 8 8 11 8 11 9 8 3 3 10 10 0 8 9 9 9 8 0 3 3 4 1 10 9 3 11
split_gain=2.55969e+07 4.7987e+07 4.39985e+07 4.4993e+07 3.96934e+07 4.2034e+07 4.28198e+07 5.60802e+07 5.46921e+07 4.86775e+07 2.92354e+07 4.7688e+07 2.86304e+07 3.50246e+07 2.86298e+07 2.84405e+07 2.73343e+07 2.69494e+07 2.53966e+07 2.43075e+07 3.66623e+07 5.59005e+07 2.27434e+07 1.47568e+08 8.57002e+07 2.13767e+07 2.15064e+07 3.07687e+07 2.19691e+07 5.30321e+07
threshold=11.500000000000002 2041.4540000000004 3218.1678571428579 21.500000000000004 7.2142857142857153 2340.6650000000004 192.04500000000004 123.08357142857143 3568.3200000000002 279.19633333333337 2078.5514285714294 282.50000000000006 20.500000000000004 2548.1500000000001 3076.1000000000008 25.500000000000004 2693.3414285714293 792.79800000000012 2530.8520000000003 2422.4765000000002 2430.840714285715 19.500000000000004 7.5000000000000009 8.5000000000000018 1.0000000180025095e-35 1.0000000180025095e-35 1.0000000180025095e-35 581.01750000000004 9.5000000000000018 1620.9900000000002
decision_type=2 2 2 2 2 2 2 2 2 2 2 2 2 2 2 2 2 2 2 2 2 2 2 2 2 2 2 2 2 2
left_child=16 4 3 19 17 6 22 8 -8 -10 -5 14 13 25 -12 -14 -1 -2 -13 20 21 -3 -6 24 -24 -9 28 -28 29 -27
right_child=1 2 -4 10 5 -7 7 12 9 -11 11 18 15 -15 -16 -17 -18 -19 -20 -21 -22 -23 23 -25 -26 26 27 -29 -30 -31
leaf_value=-0.50842803868200037 -1.5921233713499949 11.818075655741865 -5.5713334550684408 8.1341227935639786 -6.088915354749048 -7.6733044508296775 1.7742368937955264 -2.1511233340229374 5.1305139472027745 17.240153000214651 -1.942772674441914 9.8734913132178104 -0.33081231048171728 37.769313857134648 19.445375587000992 1.3528835437586293 -9.5295704998878339 -36.628581525629215 41.45358807047208 30.103409714318218 4.7875473852288977 64.318312569187114 43.320056840193644 -1.6943681782486726 -5.3806114322356597 22.555092934135075 0.18233067241445955 4.7789332804875722 3.3608537815033013 1.6636152080683044
leaf_weight=133940 26124 166 1019 2352 2522 1598 16479 2967 3674 1072 3024 189 97801 68 165 33732 845 55 96 213 617 73 291 18845 131 553 12307 5170 3708 674
leaf_count=133940 26124 166 1019 2352 2522 1598 16479 2967 3674 1072 3024 189 97801 68 165 33732 845 55 96 213 617 73 291 18845 131 553 12307 5170 3708 674
internal_value=-0.0154017 0.298897 4.12641 5.55962 0.165908 0.403767 0.468305 0.72413 3.13633 7.86577 3.82949 0.915134 0.39798 1.93316 -0.836142 0.100976 -0.564984 -1.66573 20.511 14.9888 11.2278 27.8537 -1.624 -1.03955 28.2021 1.83715 2.36513 1.54209 5.2799 11.0793
internal_weight=370470 235685 7914 6895 227771 201592 199994 178205 21225 4746 5826 3474 156980 25447 3189 131533 134785 26179 285 1069 856 239 21789 19267 422 25379 22412 17477 4935 1227
internal_count=370470 235685 7914 6895 227771 201592 199994 178205 21225 4746 5826 3474 156980 25447 3189 131533 134785 26179 285 1069 856 239 21789 19267 422 25379 22412 17477 4935 1227
is_linear=0
shrinkage=0.05


Tree=99
num_leaves=31
num_cat=0
split_feature=3 9 6 11 5 11 0 11 1 1 9 11 3 11 3 5 7 3 0 9 1 11 9 10 9 11 3 10 0 10
split_gain=2.44102e+07 2.67731e+07 4.44253e+07 4.55328e+07 2.99121e+07 4.10898e+07 2.60637e+07 2.33418e+07 3.73054e+07 7.53402e+07 4.32071e+07 3.61338e+07 2.87105e+07 3.01044e+07 2.62335e+07 2.03945e+07 5.14139e+07 3.03009e+07 1.97517e+07 1.82746e+07 1.95311e+07 1.80361e+07 1.78863e+07 3.73781e+07 2.12465e+07 2.10074e+07 1.99689e+07 2.02127e+07 1.91254e+07 2.49494e+07
threshold=263.50000000000006 245.38166666666669 30.500000000000004 95.410000000000011 1.0000000180025095e-35 137.55500000000004 12.500000000000002 1510.2900000000002 3.5000000000000004 5.5000000000000009 1665.0946666666666 15809.935000000003 124.50000000000001 10596.205000000002 125.50000000000001 1.0000000180025095e-35 1.0000000180025095e-35 21.500000000000004 25.500000000000004 2703.9491666666668 1.0000000180025095e-35 65821.285000000018 2336.8835000000004 2494.5000000000005 1734.5108333333335 11502.295000000002 61.500000000000007 3076.1000000000008 19.500000000000004 2444.1500000000001
decision_type=2 2 2 2 2 2 2 2 2 2 2 2 2 2 2 2 2 2 2 2 2 2 2 2 2 2 2 2 2 2
left_child=1 -1 3 15 5 -4 -5 -8 11 10 -10 -9 13 -12 -14 -3 17 -17 -16 21 -21 -13 24 -24 -15 -26 27 -25 29 -27
right_child=-2 2 4 6 -6 -7 7 8 9 -11 12 19 14 22 18 16 -18 -19 -20 20 -22 -23 23 26 25 28 -28 -29 -30 -31
leaf_value=-0.40492571735998856 -1.2262740339475389 -5.585082785141859 45.046389736559085 -0.074467319359641751 4.5058416279175439 7.4774731536964314 0.084791628498500693 1.431145227469498 3.4946934211381917 -0.62242757311503227 -1.2301714797392893 -1.9553842798598169 45.946412974390491 19.922466029926223 4.6058036552192014 24.0980690304951 -1.8694922572750419 4.3148825259997121 28.703851398982501 27.709529915222756 -5.8960233043979962 -12.817973846673965 50.206548780717974 -3.7579903794400522 32.195130106022482 23.395352203612561 31.135907584970649 31.142896344926626 1.8089715285083423 3.3024336315336686
leaf_weight=137080 36757 3113 138 66573 431 154 33878 32754 20227 10691 736 8556 87 343 193 279 14603 632 152 104 74 400 81 179 76 286 99 54 1248 336
leaf_count=137080 36757 3113 138 66573 431 154 33878 32754 20227 10691 736 8556 87 343 193 279 14603 632 152 104 74 400 81 179 76 286 99 54 1248 336
internal_value=-0.00339017 0.131368 0.505535 0.459842 12.8768 25.2326 0.707132 1.17779 1.66072 2.87091 4.42079 0.655647 9.26113 7.73454 21.4103 -1.89167 -1.15056 10.3736 15.2229 -2.12524 13.7387 -2.44054 10.1764 19.7536 8.44846 6.42606 12.3238 4.33063 5.37876 12.5413
internal_weight=370314 333557 196477 195754 723 292 177127 110554 76676 34788 24097 41888 3870 3438 432 18627 15514 911 345 9134 178 8956 2702 413 2289 1946 332 233 1870 622
internal_count=370314 333557 196477 195754 723 292 177127 110554 76676 34788 24097 41888 3870 3438 432 18627 15514 911 345 9134 178 8956 2702 413 2289 1946 332 233 1870 622
is_linear=0
shrinkage=0.05


Tree=100
num_leaves=31
num_cat=0
split_feature=8 9 0 8 8 8 8 3 8 9 3 10 3 3 9 0 3 8 7 9 6 9 3 9 8 3 3 4 6 1
split_gain=2.72662e+07 4.23461e+07 4.50938e+07 2.77237e+07 2.65942e+07 2.56593e+07 2.58965e+07 2.52444e+07 3.41467e+07 5.23258e+07 3.39158e+07 3.14169e+07 3.07239e+07 3.36153e+07 2.94158e+07 2.92458e+07 2.90924e+07 2.52559e+07 3.37492e+07 4.77186e+07 6.54792e+07 3.03199e+07 2.58203e+07 2.43565e+07 3.83297e+07 2.52389e+07 5.22805e+07 6.40431e+07 3.53305e+07 2.50817e+07
threshold=2693.3414285714293 2258.7413333333338 19.500000000000004 1669.8157142857144 1518.4428571428573 1265.0907142857145 1834.1171428571431 37.500000000000007 1326.9885714285717 1375.5241666666668 257.50000000000006 2872.6833333333338 61.500000000000007 48.500000000000007 2087.0383333333334 29.500000000000004 67.500000000000014 205.45785714285719 1.0000000180025095e-35 206.92483333333337 30.500000000000004 294.29233333333337 72.500000000000014 352.22783333333342 435.78785714285721 7.5000000000000009 8.5000000000000018 1.0000000180025095e-35 30.500000000000004 1.0000000180025095e-35
decision_type=2 2 2 2 2 2 2 2 2 2 2 2 2 2 2 2 2 2 2 2 2 2 2 2 2 2 2 2 2 2
left_child=1 7 5 4 -4 -3 -7 11 9 17 12 23 13 -11 -13 -14 -10 18 19 -9 -21 -22 -23 25 -25 -1 27 28 -27 -26
right_child=-2 2 3 -5 -6 6 -8 8 16 10 -12 14 15 -15 -16 -17 -18 -19 -20 20 21 22 -24 24 29 26 -28 -29 -30 -31
leaf_value=-2.4313098980635086 -4.2167319738991322 -17.754850268076702 14.440777991799747 9.5019381701560111 54.293451968381106 10.653907004959192 -0.27409350931039317 -0.0068710510692794758 -5.0441899736605222 11.59536999540814 -2.2382758302073325 4.2674773377257509 11.085517828766122 -4.0868777958630345 51.187487725080075 43.005808680216475 -0.92515831763760559 -0.73272109184490808 -0.13352837120417199 3.5260411221154073 12.466526709025835 17.096304911548653 51.856109852833789 5.1570253645147481 -2.3110300640362769 22.568607795068086 0.12975258622232699 -1.8625077122991738 -2.6104233131074071 1.4561000620419686
leaf_weight=9220 3807 166 102 1312 71 723 2167 12509 6522 590 1085 77 1660 812 59 75 12508 120574 85082 9228 476 103 111 6218 5190 752 58522 737 171 29724
leaf_count=9220 3807 166 102 1312 71 723 2167 12509 6522 590 1085 77 1660 812 59 75 12508 120574 85082 9228 476 103 111 6218 5190 752 58522 737 171 29724
internal_value=-0.00707215 0.03665 4.83502 11.9827 30.7965 1.36175 2.4598 -0.0235409 -0.300607 -0.133803 5.38171 0.605685 8.01725 2.51264 24.6225 12.4654 -2.33684 -0.235899 0.321299 2.04679 4.63696 19.4942 35.1259 0.576135 1.54024 0.00474404 0.377952 9.12804 17.9038 0.896113
internal_weight=370353 366546 4541 1485 173 3056 2890 362005 251335 232305 4222 110670 3137 1402 136 1735 19030 228083 107509 22427 9918 690 214 110534 41132 69402 60182 1660 923 34914
internal_count=370353 366546 4541 1485 173 3056 2890 362005 251335 232305 4222 110670 3137 1402 136 1735 19030 228083 107509 22427 9918 690 214 110534 41132 69402 60182 1660 923 34914
is_linear=0
shrinkage=0.05


Tree=101
num_leaves=31
num_cat=0
split_feature=0 8 11 8 11 9 9 8 11 8 8 9 9 8 9 6 3 8 3 3 9 3 11 8 9 3 8 10 8 9
split_gain=2.58246e+07 4.06107e+07 3.73273e+07 4.70169e+07 5.17684e+07 4.88986e+07 2.96689e+07 5.03631e+07 5.37192e+07 3.31174e+07 2.82348e+07 2.71844e+07 2.62523e+07 3.17228e+07 3.84223e+07 4.37057e+07 4.66359e+07 2.90515e+07 2.87248e+07 2.73868e+07 2.64029e+07 2.55619e+07 2.53385e+07 2.4151e+07 2.85003e+07 3.62316e+07 3.06523e+07 2.66985e+07 2.63573e+07 4.06271e+07
threshold=11.500000000000002 7.2142857142857153 192.04500000000004 103.93857142857144 3762.1450000000004 382.01400000000007 385.17333333333335 445.2328571428572 8283.1350000000002 368.47071428571434 1554.1278571428572 265.89766666666674 2336.8835000000004 2133.8221428571437 1957.9808333333337 2.5000000000000004 21.500000000000004 3218.1678571428579 4.5000000000000009 269.50000000000006 2422.4765000000002 20.500000000000004 7932.1100000000006 1879.7300000000002 1554.7928333333336 35.500000000000007 857.42928571428581 2155.8333333333339 1295.9014285714288 1008.4355
decision_type=2 2 2 2 2 2 2 2 2 2 2 2 2 2 2 2 2 2 2 2 2 2 2 2 2 2 2 2 2 2
left_child=10 -2 -3 4 -4 -6 9 8 -8 11 -1 -5 13 14 21 16 -16 18 -14 -20 -19 -9 -7 24 28 27 -27 -26 29 -23
right_child=1 2 3 6 5 22 7 12 -10 -11 -12 -13 17 -15 15 -17 -18 20 19 -21 -22 23 -24 -25 25 26 -28 -29 -30 -31
leaf_value=-0.36312927331430478 -1.5468254318324544 -1.4138173980192419 1.9121263520128136 -0.14107003498512743 6.9168578815005581 20.553562960588845 3.3674879391655987 2.6048767803182482 17.633824421337675 -1.739543584623688 -3.1925414241098253 2.1032865465658963 27.094097704174875 -3.1757329545483426 33.020188290168498 44.057431753317516 3.9172856996131373 -26.111934863437309 4.0349138669149021 19.520034862651652 0.22111404834070167 -0.61172191173474844 56.048027998401281 -5.4064207248777159 3.8961769614536195 28.790333762823366 1.0534480097633649 20.60373214519754 -3.6777391275803981 3.9588385453355688
leaf_weight=125068 26289 21930 12775 50581 2963 266 11504 11547 700 22826 9486 18400 174 5471 145 75 2717 110 2161 329 707 25782 62 2000 467 102 4245 490 4934 5992
leaf_count=125068 26289 21930 12775 50581 2963 266 11504 11547 700 22826 9486 18400 174 5471 145 75 2717 110 2161 329 707 25782 62 2000 467 102 4245 490 4934 5992
internal_value=-0.00990982 0.305546 0.53804 0.766299 3.35269 8.94466 0.52395 1.23007 4.18578 -0.088684 -0.562602 0.45759 0.695269 0.465155 0.805679 6.37913 5.39175 4.92385 7.45342 6.08094 -3.32434 0.511051 27.2629 -0.0382854 0.217267 3.64326 1.70428 12.4507 -0.27776 0.250203
internal_weight=370298 235744 209455 187525 16066 3291 171459 79652 12204 91807 134554 68981 67448 63967 58496 2937 2862 3481 2664 2490 817 55559 328 44012 42012 5304 4347 957 36708 31774
internal_count=370298 235744 209455 187525 16066 3291 171459 79652 12204 91807 134554 68981 67448 63967 58496 2937 2862 3481 2664 2490 817 55559 328 44012 42012 5304 4347 957 36708 31774
is_linear=0
shrinkage=0.05


Tree=102
num_leaves=31
num_cat=0
split_feature=8 9 3 0 8 8 8 10 11 10 8 3 8 9 8 1 0 1 8 9 3 8 8 10 11 11 11 8 1 10
split_gain=2.46099e+07 3.07026e+07 5.6647e+07 3.67228e+07 3.50306e+07 3.10327e+07 3.24531e+07 3.00509e+07 2.6685e+07 3.75826e+07 4.41848e+07 4.2667e+07 6.16479e+07 3.24506e+07 3.99512e+07 3.25698e+07 3.15007e+07 3.64908e+07 2.97045e+07 3.38342e+07 2.9314e+07 2.78837e+07 2.71141e+07 2.64745e+07 3.0079e+07 2.60609e+07 4.07796e+07 2.59677e+07 2.29235e+07 2.5964e+07
threshold=3218.1678571428579 2258.7413333333338 4.5000000000000009 19.500000000000004 1669.8157142857144 2266.1771428571433 1265.0907142857145 2720.4666666666672 32951.680000000008 2220.0000000000005 2024.3085714285717 18.500000000000004 1483.5285714285715 1307.0473333333337 1203.4478571428574 1.0000000180025095e-35 8.5000000000000018 3.5000000000000004 1145.382142857143 1008.4355 13.500000000000002 2693.3414285714293 891.91357142857157 2303.4000000000005 16973.135000000006 5301.8050000000012 6839.2300000000005 1518.4428571428573 4.5000000000000009 2577.1000000000004
decision_type=2 2 2 2 2 2 2 2 2 2 2 2 2 2 2 2 2 2 2 2 2 2 2 2 2 2 2 2 2 2
left_child=1 8 7 5 27 6 -4 -3 9 10 13 12 -11 18 15 -15 -14 23 19 -1 -16 -19 -21 -18 -25 -2 -27 -5 -13 -30
right_child=25 2 3 4 -6 -7 -8 -9 -10 11 -12 28 16 14 20 -17 17 21 -20 22 -22 -23 -24 24 -26 26 -28 -29 29 -31
leaf_value=-0.027310325366527707 11.748556141527544 13.539290407194244 -17.171382355832769 13.393031239509583 6.1360854073612225 -5.1607712219190125 5.8408514736347765 49.490827429166409 -2.5516911088526553 68.19834297180175 -5.697314738291098 0.61322927814021522 -7.9235817953251129 -2.7101553523655491 10.310832462186898 10.122594858138012 -11.538733435458825 48.042863054313358 -3.0990912954594396 9.2963254331616021 0.31361799461000595 6.6294675318400067 1.3401020028030928 29.793458833405467 -4.6422078433546048 -47.006735456162609 -7.2667339664376431 53.606256507099538 4.1606369064791213 19.222214615345003
leaf_weight=315621 161 155 167 96 1796 1745 1855 93 9870 50 3363 5356 172 622 789 2411 122 126 7745 1705 10379 60 2879 165 103 69 1002 69 1458 356
leaf_count=315621 161 155 167 96 1796 1745 1855 93 9870 50 3363 5356 172 622 789 2411 122 126 7745 1705 10379 60 2879 165 103 69 1002 69 1458 356
internal_value=0.0475166 0.0710506 3.62581 2.61288 8.16164 -0.275654 3.94024 27.0211 0.012586 0.0841863 0.00589352 3.47917 14.4465 0.0619503 2.40195 7.49089 10.8534 16.4604 -0.0393773 0.0346299 1.0199 34.6837 4.29939 7.76935 16.5589 -7.00748 -9.82701 30.2095 2.25855 7.11649
internal_weight=370560 369328 5976 5728 1961 3767 2022 248 363352 353482 345514 7968 798 342151 14201 3033 748 576 327950 320205 11168 186 4584 390 268 1232 1071 165 7170 1814
internal_count=370560 369328 5976 5728 1961 3767 2022 248 363352 353482 345514 7968 798 342151 14201 3033 748 576 327950 320205 11168 186 4584 390 268 1232 1071 165 7170 1814
is_linear=0
shrinkage=0.05


Tree=103
num_leaves=31
num_cat=0
split_feature=11 0 10 8 11 11 8 9 9 8 8 9 8 9 1 8 9 1 11 0 0 10 8 9 7 11 5 6 6 8
split_gain=2.53328e+07 2.40626e+07 6.35738e+07 4.75667e+07 4.48774e+07 3.644e+07 3.04002e+07 2.83804e+07 2.46446e+07 2.31821e+07 2.74457e+07 2.25933e+07 2.15773e+07 2.19073e+07 2.75576e+07 2.65238e+07 4.52549e+07 2.54794e+07 4.52394e+07 2.51481e+07 2.18175e+07 2.10225e+07 2.00992e+07 3.73728e+07 4.46862e+07 6.87398e+07 6.31719e+07 6.07491e+07 9.04011e+07 5.74053e+07
threshold=42026.485000000008 25.500000000000004 2394.6000000000004 1791.3400000000004 25929.405000000002 1535.3700000000001 2340.6650000000004 1841.156666666667 1957.9808333333337 1.0000000180025095e-35 96.750714285714295 2258.7413333333338 2430.840714285715 1697.2931666666666 4.5000000000000009 1326.9885714285717 1307.0473333333337 5.5000000000000009 10596.205000000002 19.500000000000004 6.5000000000000009 3076.1000000000008 248.14857142857144 198.87100000000001 1.0000000180025095e-35 3568.3200000000002 1.0000000180025095e-35 30.500000000000004 4.5000000000000009 1.0000000180025095e-35
decision_type=2 2 2 2 2 2 2 2 2 2 2 2 2 2 2 2 2 2 2 2 2 2 2 2 2 2 2 2 2 2
left_child=1 12 5 4 8 -3 9 -5 -4 -7 -11 -12 13 15 21 16 22 18 -16 -18 -20 -15 23 -1 26 -26 27 28 -25 -28
right_child=-2 2 3 7 -6 6 -8 -9 -10 10 11 -13 -14 14 17 -17 19 -19 20 -21 -22 -23 -24 24 25 -27 29 -29 -30 -31
leaf_value=-0.42693925418230755 -2.9321150407800287 -0.28061782546523306 43.521993746076312 -15.951366320110504 58.041008909456025 -2.7927876888463241 -10.401631880241403 8.9009882429853757 4.2351762709857752 9.883294851096343 2.3809866254150367 26.208920650482181 -3.5709210366846031 0.1261539755543529 -4.4285528586082856 -2.6418985440446558 3.4565704372130819 2.1026708250650952 3.7150090022306692 14.090772828083425 19.263507543672834 20.379332226606518 -0.59921617506845137 3.6175292372049492 -1.1408634845769796 3.1645919857324287 18.110263259551409 23.627550469772729 -6.7678268725811854 4.1291874335754084
leaf_weight=80470 7282 38024 56 126 91 1895 466 1301 139 1348 19231 100 4513 8889 388 10526 2879 2285 304 689 875 130 131752 9956 26407 14286 1268 316 2654 1744
leaf_count=80470 7282 38024 56 126 91 1895 466 1301 139 1348 19231 100 4513 8889 388 10526 2879 2285 304 689 875 130 131752 9956 26407 14286 1268 316 2654 1744
internal_value=-0.0121729 0.0463855 0.936658 10.4366 29.0477 0.67016 2.23927 6.7066 15.5175 2.50022 2.98527 2.50425 -0.139705 -0.0873581 1.93007 -0.179129 -0.0839708 5.47021 10.3808 5.51009 15.2544 0.418084 -0.158211 0.265589 1.24964 0.370643 3.4939 1.97436 1.43175 10.015
internal_weight=370390 363108 62777 1713 286 61064 23040 1427 195 22574 20679 19331 300331 295818 12871 282947 272421 3852 1567 3568 1179 9019 268853 137101 56631 40693 15938 12926 12610 3012
internal_count=370390 363108 62777 1713 286 61064 23040 1427 195 22574 20679 19331 300331 295818 12871 282947 272421 3852 1567 3568 1179 9019 268853 137101 56631 40693 15938 12926 12610 3012
is_linear=0
shrinkage=0.05


Tree=104
num_leaves=31
num_cat=0
split_feature=11 10 8 3 8 9 8 8 3 3 0 9 11 8 0 3 8 11 11 8 1 11 11 11 1 10 10 0 9 9
split_gain=2.71474e+07 3.21835e+07 3.33267e+07 3.74693e+07 3.18943e+07 4.82974e+07 4.20254e+07 3.50198e+07 3.71255e+07 3.08937e+07 5.50439e+07 2.87681e+07 2.65468e+07 3.09258e+07 2.61013e+07 2.60282e+07 3.54026e+07 3.91971e+07 3.08123e+07 2.51397e+07 2.43649e+07 2.74495e+07 2.40618e+07 5.33703e+07 2.47849e+07 2.38606e+07 2.34465e+07 2.33969e+07 2.2235e+07 2.2037e+07
threshold=55972.670000000006 2303.4000000000005 2024.3085714285717 11.500000000000002 1451.2592857142861 1341.3198333333337 290.09642857142859 558.29571428571444 15.500000000000002 14.500000000000002 9.5000000000000018 2194.8705000000004 11174.860000000002 3218.1678571428579 22.500000000000004 282.50000000000006 2693.3414285714293 29214.375000000004 27454.115000000002 2899.4528571428577 4.5000000000000009 12198.740000000002 20009.920000000002 23225.890000000003 3.5000000000000004 2955.1166666666672 1787.5333333333335 15.500000000000002 1554.7928333333336 2530.8520000000003
decision_type=2 2 2 2 2 2 2 2 2 2 2 2 2 2 2 2 2 2 2 2 2 2 2 2 2 2 2 2 2 2
left_child=1 4 9 12 5 -1 -7 -8 27 10 -3 -10 13 -4 20 16 17 18 -5 -17 -11 -22 24 -24 29 -25 -2 -9 -16 -14
right_child=26 2 3 15 -6 6 7 8 11 14 -12 -13 22 -15 28 19 -18 -19 -20 -21 21 -23 23 25 -26 -27 -28 -29 -30 -31
leaf_value=-0.03773840817294178 11.886037792235005 -6.1697544796366088 30.216954308367793 1.8160950353225165 -2.1455574697225699 -36.161816325783732 34.373483465135713 33.636289905082613 3.1162522767092966 0.32633558545910563 52.71288044717577 40.103046544992701 -31.834513007269965 2.969134408426795 -16.640868679682413 26.754997958412659 -8.5817869355135254 -7.4993761106246799 25.427222020924091 -0.30205110615872321 -8.9692678141714968 11.204903361071381 43.336173278220159 -0.44438632439522846 9.0356588681538899 32.521472327435603 -6.0214071547233425 -0.76969128472464421 11.869831650835502 5.8621632167271214
leaf_weight=328566 196 71 235 3416 17405 64 97 168 6517 3209 90 53 126 187 72 158 1557 1257 144 188 197 1170 94 548 120 61 2712 70 1362 56
leaf_count=328566 196 71 235 3416 17405 64 97 168 6517 3209 90 53 126 187 72 158 1557 1257 144 188 197 1170 94 548 120 61 2712 70 1362 56
internal_value=-0.00245559 0.0356464 2.35951 0.260066 -0.0586276 0.0496264 4.1686 4.54241 4.11738 5.13121 26.746 3.41462 7.61844 18.1427 4.55217 -1.30249 -2.0275 0.0910494 2.77115 12.0535 2.70761 8.29758 3.1993 8.27011 -8.6046 2.85761 -4.81444 23.5169 10.4383 -20.2355
internal_weight=370166 367258 14318 8147 352940 335535 6969 6905 6808 6171 161 6570 1427 422 6010 6720 6374 4817 3560 346 4576 1367 1005 703 302 609 2908 238 1434 182
internal_count=370166 367258 14318 8147 352940 335535 6969 6905 6808 6171 161 6570 1427 422 6010 6720 6374 4817 3560 346 4576 1367 1005 703 302 609 2908 238 1434 182
is_linear=0
shrinkage=0.05


Tree=105
num_leaves=31
num_cat=0
split_feature=8 10 3 9 3 0 8 10 9 6 7 8 1 9 8 3 9 0 8 9 8 10 9 0 10 0 8 9 3 1
split_gain=2.66873e+07 3.85839e+07 2.35357e+07 3.75344e+07 2.29764e+07 2.45193e+07 2.89762e+07 3.58996e+07 2.30882e+07 2.88876e+07 6.58705e+07 6.43031e+07 2.66757e+07 2.91391e+07 9.61361e+07 2.56594e+07 2.48014e+07 3.44606e+07 2.69852e+07 2.364e+07 2.97528e+07 2.30434e+07 2.60549e+07 2.97357e+07 3.63881e+07 2.33154e+07 2.25437e+07 2.22468e+07 2.10311e+07 2.06404e+07
threshold=3218.1678571428579 2720.4666666666672 4.5000000000000009 2422.4765000000002 35.500000000000007 17.500000000000004 205.45785714285719 1564.416666666667 163.27516666666671 27.500000000000004 1.0000000180025095e-35 1.0000000180025095e-35 1.0000000180025095e-35 1592.5745000000004 1791.3400000000004 11.500000000000002 1998.7498333333335 19.500000000000004 2537.0064285714293 354.94400000000002 154.79500000000004 1987.5500000000002 2138.2523333333338 8.5000000000000018 2548.1500000000001 6.5000000000000009 1518.4428571428573 573.2266666666668 13.500000000000002 3.5000000000000004
decision_type=2 2 2 2 2 2 2 2 2 2 2 2 2 2 2 2 2 2 2 2 2 2 2 2 2 2 2 2 2 2
left_child=1 4 3 -3 8 6 7 -6 -1 12 11 -11 -10 26 21 16 -16 -18 -19 20 28 -15 23 25 -25 -23 27 -14 -13 -4
right_child=-2 2 29 -5 5 -7 -8 -9 9 10 -12 19 13 14 15 -17 17 18 -20 -21 -22 22 -24 24 -26 -27 -28 -29 -30 -31
leaf_value=-0.67863957539236752 -7.4032956075263066 4.2035770084563788 1.0221462305638624 59.839653976440438 0.15616835167449505 0.29225380419037411 -1.2988053202333141 -42.227866317749026 -1.3677970385933103 38.605573713779449 -2.0252981691964163 36.194331472570248 0.69978893475437798 5.0086737244320165 0.20204460360238416 -2.4609527552956019 4.9214898123294457 57.994884872436529 18.626813128770117 33.045281406966119 -7.0473411993346975 16.393929694979281 -4.5439934975760323 23.403892580440285 61.581199800795403 -16.125848027822133 -3.7570126754764264 3.2611642615105101 7.8454284425342777 8.3758491579623549
leaf_weight=25993 1206 77 2185 50 62882 113368 83361 50 11214 244 975 88 48212 387 869 2465 443 59 166 88 271 216 105 654 69 74 2438 10286 255 1694
leaf_count=25993 1206 77 2185 50 62882 113368 83361 50 11214 244 975 88 48212 387 869 2465 443 59 166 88 271 216 105 654 69 74 2438 10286 255 1694
internal_value=0.0224643 0.0467182 4.92704 26.1075 -0.00681099 -0.25968 -0.687394 0.122494 0.615141 1.03774 7.09471 16.4943 0.887905 1.26861 4.75169 0.700474 5.77069 13.0149 28.95 8.80889 5.33527 15.5244 19.1645 21.6219 27.0474 8.09578 0.953836 1.15017 15.1186 4.23359
internal_weight=370444 369238 4006 127 365232 259661 146293 62932 105571 79578 1921 946 77657 66443 5507 4002 1537 668 225 702 614 1505 1118 1013 723 290 60936 58498 343 3879
internal_count=370444 369238 4006 127 365232 259661 146293 62932 105571 79578 1921 946 77657 66443 5507 4002 1537 668 225 702 614 1505 1118 1013 723 290 60936 58498 343 3879
is_linear=0
shrinkage=0.05


Tree=106
num_leaves=31
num_cat=0
split_feature=11 9 3 1 1 9 0 1 10 0 10 0 9 4 11 1 9 0 3 3 1 0 10 9 11 10 11 10 10 3
split_gain=2.43486e+07 2.74514e+07 2.61813e+07 2.48629e+07 5.7432e+07 3.67311e+07 2.38038e+07 2.4043e+07 2.5407e+07 1.90431e+07 2.07529e+07 3.11377e+07 2.17081e+07 1.75821e+07 1.75384e+07 1.73467e+07 2.23967e+07 4.11547e+07 2.38848e+07 3.17708e+07 2.56523e+07 2.54575e+07 2.88017e+07 5.14115e+07 2.9815e+07 2.91633e+07 2.1522e+07 2.1581e+07 1.89624e+07 2.17064e+07
threshold=31067.535000000003 544.41850000000011 14.500000000000002 4.5000000000000009 5.5000000000000009 1880.9296666666669 19.500000000000004 5.5000000000000009 2494.5000000000005 27.500000000000004 2324.1500000000001 20.500000000000004 2336.8835000000004 1.5000000000000002 1030.575 1.5000000000000002 1307.0473333333337 29.500000000000004 82.500000000000014 59.500000000000007 4.5000000000000009 28.500000000000004 2176.9166666666674 2087.0383333333334 6970.8350000000009 2010.5333333333335 10903.300000000001 2872.6833333333338 2641.9333333333338 283.50000000000006
decision_type=2 2 2 2 2 2 2 2 2 2 2 2 2 2 2 2 2 2 2 2 2 2 2 2 2 2 2 2 2 2
left_child=1 -1 14 -2 5 -5 -4 15 13 10 -7 12 -12 -9 -3 -8 -17 18 19 -18 -20 22 24 -24 -22 -26 -21 -28 29 -19
right_child=3 2 6 4 -6 9 7 8 -10 -11 11 -13 -14 -15 -16 16 17 28 20 26 21 -23 23 -25 25 -27 27 -29 -30 -31
leaf_value=-0.15907768684672402 -3.6110757466521388 -1.2774938689467332 -0.19371300484101772 2.424197164131594 -4.8856835365958995 50.197787677027563 0.36913261666401187 2.1235440748631151 12.595132384555681 -1.3080195867714763 2.241032675407276 38.290126152802969 30.544079208374026 -5.4742981659329466 4.4797394245343085 1.8604229016218057 4.960520110276267 27.652649717653794 4.7333237795271783 1.4914884582543986 -4.1320701637268069 -2.9913023330795934 -7.031744526469776 39.04649072419042 26.137675833000856 62.007106182995962 -20.410516180193913 7.3537413943897594 -7.2027032383152703 0.73008808576932527
leaf_weight=283270 8947 1611 39499 1403 2021 54 6955 1117 280 119 257 131 92 2392 7395 8945 1707 384 1754 390 50 142 177 92 170 85 342 88 61 93
leaf_count=283270 8947 1611 39499 1403 2021 54 6955 1117 280 119 257 131 92 2392 7395 8945 1707 384 1754 390 50 142 177 92 170 85 342 88 61 93
internal_value=-0.012862 0.0646076 0.924016 -2.13637 1.09988 6.98355 0.57255 1.77246 -1.89915 16.7795 20.8103 17.5042 9.70201 -3.05572 3.44988 2.42148 3.40727 5.90709 4.49241 1.0748 7.98889 15.9641 20.6534 8.72735 31.1718 38.0942 -7.01413 -14.7285 19.0467 22.4036
internal_weight=370023 356999 73729 13024 4077 2056 64723 25224 3789 653 534 480 349 3509 9006 21435 14480 5535 4997 2527 2470 716 574 269 305 255 820 430 538 477
internal_count=370023 356999 73729 13024 4077 2056 64723 25224 3789 653 534 480 349 3509 9006 21435 14480 5535 4997 2527 2470 716 574 269 305 255 820 430 538 477
is_linear=0
shrinkage=0.05


Tree=107
num_leaves=31
num_cat=0
split_feature=3 10 0 8 11 11 10 1 1 9 8 8 11 1 3 3 11 10 11 10 3 9 8 11 11 0 9 8 0 11
split_gain=2.21843e+07 2.27567e+07 2.88766e+07 2.22895e+07 2.43256e+07 2.64451e+07 2.74672e+07 2.13416e+07 4.4677e+07 5.75552e+07 6.13661e+07 4.10953e+07 3.44071e+07 3.34776e+07 5.26223e+07 3.87026e+07 3.49632e+07 2.96854e+07 2.79044e+07 2.96593e+07 4.95824e+07 2.38371e+07 4.51201e+07 2.7155e+07 2.98797e+07 2.28762e+07 2.36209e+07 3.62429e+07 4.35151e+07 6.34427e+07
threshold=261.50000000000006 2812.8500000000008 3.5000000000000004 3218.1678571428579 3815.8050000000007 9526.7850000000017 2444.1500000000001 2.5000000000000004 5.5000000000000009 970.15350000000012 1265.0907142857145 558.29571428571444 9289.2850000000017 4.5000000000000009 117.50000000000001 12.500000000000002 3248.5650000000005 2241.0833333333335 15809.935000000003 2303.4000000000005 9.5000000000000018 1734.5108333333335 1709.7935714285716 24530.555000000004 10040.765000000001 3.5000000000000004 1880.9296666666669 2133.8221428571437 25.500000000000004 25929.405000000002
decision_type=2 2 2 2 2 2 2 2 2 2 2 2 2 2 2 2 2 2 2 2 2 2 2 2 2 2 2 2 2 2
left_child=1 3 -3 7 -5 6 -6 18 9 -9 11 12 -11 25 15 17 -17 -15 19 -1 -21 22 -16 24 -23 -12 -27 28 -28 -30
right_child=-2 2 -4 4 5 -7 -8 8 -10 10 13 -13 -14 14 21 16 -18 -19 -20 20 -22 23 -24 -25 -26 26 27 -29 29 -31
leaf_value=-0.22852228176092068 -1.115372941293034 -11.465401762998255 6.8622204909931597 23.687051013168301 -49.158774032825377 -5.1937750596106707 -9.940062152609535 0.5369725096925585 -0.85654000623751192 4.7063400954008108 -8.6736464902345585 7.705224102122326 51.747740246551203 8.0704813877084689 22.826358246091587 -30.101514564860953 1.8569487268434135 34.575594493046701 -2.7867730589239059 33.570512984928335 3.717171581658417 50.231727546453477 -10.928171526550488 59.57421463275778 9.949512554378046 -0.9531426124221607 6.4339545960958846 -0.39067858372585579 13.780318924874971 70.030856757693826
leaf_weight=129749 39691 239 2133 53 82 459 98 120083 47032 64 690 4345 99 363 268 88 3114 149 10777 152 1637 64 157 58 164 5610 788 1348 165 72
leaf_count=129749 39691 239 2133 53 82 459 98 120083 47032 64 690 4345 99 363 268 88 3114 149 10777 152 1637 64 157 58 164 5610 788 1348 165 72
internal_value=0.0014681 0.135756 5.01555 0.100438 -8.86369 -11.5635 -27.8064 0.119406 0.473935 0.928401 3.59817 8.62986 33.2775 1.86638 5.40532 3.01964 0.97864 15.7839 -0.340764 -0.140361 6.25362 17.8672 10.357 29.0275 21.2568 0.0608036 0.815754 4.9976 12.0838 30.8691
internal_weight=369791 330100 2372 327728 692 639 180 327036 184721 137689 17606 4508 163 13098 4425 3714 3202 512 142315 131538 1789 711 425 286 228 8673 7983 2373 1025 237
internal_count=369791 330100 2372 327728 692 639 180 327036 184721 137689 17606 4508 163 13098 4425 3714 3202 512 142315 131538 1789 711 425 286 228 8673 7983 2373 1025 237
is_linear=0
shrinkage=0.05


Tree=108
num_leaves=31
num_cat=0
split_feature=11 7 10 11 8 8 10 3 11 0 10 9 8 10 9 11 11 8 8 3 9 8 10 3 10 9 0 10 11 8
split_gain=2.37987e+07 2.19306e+07 2.75102e+07 2.38364e+07 3.0712e+07 7.59319e+07 4.94238e+07 3.41258e+07 2.32166e+07 3.14449e+07 3.4282e+07 2.80242e+07 2.2459e+07 3.17625e+07 3.5403e+07 2.74172e+07 6.34115e+07 3.83462e+07 3.20189e+07 2.97323e+07 2.20995e+07 2.07376e+07 5.49466e+07 3.97851e+07 3.38736e+07 3.20213e+07 3.69995e+07 2.20685e+07 3.02811e+07 2.04766e+07
threshold=55972.670000000006 26.500000000000004 167.16666666666669 2979.9050000000002 1.0000000180025095e-35 84.250714285714295 1113.116666666667 35.500000000000007 19100.720000000005 23.500000000000004 1987.5500000000002 1880.9296666666669 2078.5514285714294 2494.5000000000005 1957.9808333333337 25929.405000000002 31067.535000000003 1387.0700000000002 1632.2000000000003 136.50000000000003 250.53416666666672 2266.1771428571433 2155.8333333333339 14.500000000000002 2872.6833333333338 2422.4765000000002 13.500000000000002 2641.9333333333338 9526.7850000000017 1791.3400000000004
decision_type=2 2 2 2 2 2 2 2 2 2 2 2 2 2 2 2 2 2 2 2 2 2 2 2 2 2 2 2 2 2
left_child=1 3 -3 -1 6 20 -5 21 9 -9 -11 29 13 -13 -15 17 18 -16 -17 -19 -6 22 -7 -24 -25 -23 -27 28 -28 -10
right_child=-2 2 -4 4 5 7 -8 8 11 10 -12 12 -14 14 15 16 -18 19 -20 -21 -22 25 23 24 -26 26 27 -29 -30 -31
leaf_value=-0.19839158440350652 -4.5089571671880542 -0.72116656197135898 -5.4507273836985224 -2.5319593106039648 4.9351113321455031 1.7121742777948517 -43.690514781668384 -0.044541350579301739 -2.368363005465274 1.5071429542547619 8.4043044477943631 -1.8623430133200765 -2.1082821927546256 28.760998292318206 -42.046263872566868 65.568005293506687 3.1096387725451899 -5.0332322599359065 22.752063685939426 36.423548830472505 12.665496482591758 -4.4469123824939496 22.08949405193329 5.1403835878744566 43.607329210184389 -11.784340520415988 -6.1973580602872174 5.2927441082217479 35.022128313804394 -9.0311084089332958
leaf_weight=212291 2915 20440 3619 5084 3012 28041 74 60277 8673 10335 2182 1068 2386 205 59 59 638 257 168 52 1334 2608 500 1908 59 196 59 352 182 1330
leaf_count=212291 2915 20440 3619 5084 3012 28041 74 60277 8673 10335 2182 1068 2386 205 59 59 638 257 168 52 1334 2608 500 1908 59 196 59 352 182 1330
internal_value=-0.00897239 0.0267264 -1.4326 0.128972 0.659081 0.813957 -3.12245 0.581849 0.0609966 0.429015 2.70948 -1.73756 1.3637 4.66943 9.52056 6.32162 11.1847 -5.10936 33.8804 1.94331 7.30794 1.92894 2.34157 9.49551 6.2942 -1.77682 7.04905 13.2739 24.9311 -3.25424
internal_weight=370363 367448 24059 343389 131098 125940 5158 121594 87689 72794 12517 14895 4892 2506 1438 1233 865 368 227 309 4346 33905 30508 2467 1967 3397 789 593 241 10003
internal_count=370363 367448 24059 343389 131098 125940 5158 121594 87689 72794 12517 14895 4892 2506 1438 1233 865 368 227 309 4346 33905 30508 2467 1967 3397 789 593 241 10003
is_linear=0
shrinkage=0.05


Tree=109
num_leaves=31
num_cat=0
split_feature=11 8 10 3 3 9 10 0 10 3 1 8 9 11 11 11 6 3 8 10 3 1 9 3 9 10 10 3 8 11
split_gain=2.38794e+07 2.13525e+07 4.01858e+07 3.77374e+07 3.33319e+07 2.5302e+07 3.22613e+07 2.35447e+07 2.43861e+07 2.2575e+07 5.72652e+07 3.19483e+07 3.42264e+07 3.206e+07 2.26004e+07 2.93376e+07 2.39099e+07 2.02937e+07 1.92479e+07 1.92178e+07 2.00063e+07 1.88037e+07 2.30738e+07 1.92641e+07 3.49626e+07 2.57952e+07 1.81237e+07 2.17634e+07 1.77337e+07 1.7623e+07
threshold=29214.375000000004 2693.3414285714293 2261.6500000000001 1.5000000000000002 14.500000000000002 1957.9808333333337 2469.5833333333335 22.500000000000004 3076.1000000000008 56.500000000000007 2.5000000000000004 2266.1771428571433 2194.8705000000004 16973.135000000006 9289.2850000000017 5848.5050000000001 1.5000000000000002 7.5000000000000009 2340.6650000000004 2494.5000000000005 33.500000000000007 4.5000000000000009 1734.5108333333335 102.50000000000001 1880.9296666666669 2720.4666666666672 2418.9166666666674 261.50000000000006 2266.1771428571433 4643.255000000001
decision_type=2 2 2 2 2 2 2 2 2 2 2 2 2 2 2 2 2 2 2 2 2 2 2 2 2 2 2 2 2 2
left_child=1 2 -1 -3 5 -4 28 18 9 10 -9 12 19 -13 15 29 -16 -8 21 20 -12 -6 -23 -24 -25 26 -26 -28 -7 -11
right_child=-2 3 4 -5 7 6 17 8 -10 14 11 13 -14 -15 16 -17 -18 -19 -20 -21 -22 22 23 24 25 -27 27 -29 -30 -31
leaf_value=0.024301240953420913 -1.999419774049624 23.769560845416525 36.908495164539509 -5.4805379256217037 0.58702448280857633 12.692398202830347 43.719277588308678 -2.7123609423637394 39.219658595118034 12.082474696901111 37.214844844215797 34.867438067641913 72.381954602400455 -18.273090885579588 2.1256675300422621 28.105994606687787 -20.621109294163361 10.588549971202063 -4.6187364158105764 47.638571218542154 -3.083689256924302 -12.547129542591009 4.292388690097912 49.980952493695249 18.820797410481415 32.782570257272809 12.112255455243705 -20.473869015620309 -23.342748406134458 -22.900635089278225
leaf_weight=344382 14439 115 115 2681 3562 58 73 286 58 90 57 51 54 64 978 178 131 126 1168 74 67 131 740 69 142 111 101 104 83 60
leaf_count=344382 14439 115 115 2681 3562 58 73 286 58 90 57 51 54 64 978 178 131 126 1168 74 67 131 740 69 142 111 101 104 83 60
internal_value=-0.0060982 0.0747696 0.109231 -4.27748 3.45918 16.6348 9.77758 2.7348 7.23933 6.35183 14.0606 27.1316 37.0973 5.29358 2.84884 14.3788 -0.561283 22.742 1.15587 27.4742 15.4406 2.51569 7.42979 9.49529 16.8011 11.8023 5.09109 -4.41924 -8.51978 -1.91077
internal_weight=370348 355909 353113 2796 8731 455 340 8276 2148 2090 653 367 252 115 1437 328 1109 199 6128 198 124 4960 1398 1267 527 458 347 205 141 150
internal_count=370348 355909 353113 2796 8731 455 340 8276 2148 2090 653 367 252 115 1437 328 1109 199 6128 198 124 4960 1398 1267 527 458 347 205 141 150
is_linear=0
shrinkage=0.05


Tree=110
num_leaves=31
num_cat=0
split_feature=1 1 11 1 8 9 7 3 3 0 3 0 9 8 9 11 8 9 3 9 8 11 0 0 8 11 9 9 8 0
split_gain=1.95247e+07 3.71841e+07 4.3587e+07 7.7573e+07 4.54471e+07 7.84872e+07 5.01347e+07 2.57915e+07 5.73416e+07 5.42163e+07 5.29053e+07 4.59147e+07 5.1909e+07 3.45597e+07 3.2051e+07 3.8588e+07 3.15414e+07 3.90547e+07 2.51451e+07 3.43811e+07 6.26911e+07 2.68089e+07 2.22013e+07 2.21908e+07 2.16393e+07 2.13052e+07 2.08632e+07 3.02186e+07 2.94004e+07 2.24782e+07
threshold=2.5000000000000004 5.5000000000000009 5216.2050000000008 4.5000000000000009 6.0714285714285721 360.49500000000006 20.500000000000004 45.500000000000007 68.500000000000014 16.500000000000004 59.500000000000007 20.500000000000004 2258.7413333333338 1295.9014285714288 2138.2523333333338 25929.405000000002 2899.4528571428577 2336.8835000000004 262.50000000000006 769.2596666666667 693.45928571428578 6151.7700000000013 4.5000000000000009 27.500000000000004 1972.967142857143 23225.890000000003 1665.0946666666666 2336.8835000000004 1518.4428571428573 17.500000000000004
decision_type=2 2 2 2 2 2 2 2 2 2 2 2 2 2 2 2 2 2 2 2 2 2 2 2 2 2 2 2 2 2
left_child=25 2 -2 22 5 -5 7 16 9 14 -11 -12 13 -13 -9 -16 26 -18 19 -10 -21 -22 -4 -14 -3 -1 28 29 -6 -28
right_child=1 24 3 4 6 -7 -8 8 18 10 11 12 23 -15 15 -17 17 -19 -20 20 21 -23 -24 -25 -26 -27 27 -29 -30 -31
leaf_value=-0.28750762452761086 0.16826884191531807 -0.61116474743696592 -4.3173598913304705 -3.4418769650923049 12.143095402614968 -69.877435317993161 1.0775105259457269 -22.707465951853365 3.3680623926387079 13.824939014346217 9.6427337984184724 -8.3203733716530817 35.791609685929096 -37.218247789702396 -19.053684411730085 35.839176851207931 -30.423010226169438 15.424671944074854 1.4946468831592996 55.519908013454703 -23.078946959297614 12.863979375773045 0.8905134983234837 -6.0415943185488388 -5.5797175001217951 -2.9470988605072259 27.261788932946651 -18.40762351503912 -1.2653188934933814 10.8157362843708
leaf_weight=151083 111766 51397 2209 401 1998 50 4826 389 1221 662 335 211 61 203 70 59 101 86 1034 86 53 2453 27807 66 2289 7925 505 53 514 353
leaf_count=151083 111766 51397 2209 401 1998 50 4826 389 1221 662 335 211 61 203 70 59 101 86 1034 86 53 2453 27807 66 2289 7925 505 53 514 353
internal_value=-0.00155523 0.313443 0.700641 1.99962 4.83656 -10.8072 5.29652 7.23326 5.44232 -1.55466 3.15739 -4.90416 -13.9119 -22.4901 -15.5453 6.05235 10.6579 -9.33798 8.4103 10.2857 13.5443 12.1038 0.507245 14.0515 -0.823008 -0.420062 11.7502 18.2322 9.39949 20.4955
internal_weight=370266 211258 157572 45806 15790 451 15339 10513 6903 2056 1538 876 541 414 518 129 3610 187 4847 3813 2592 2506 30016 127 53686 159008 3423 911 2512 858
internal_count=370266 211258 157572 45806 15790 451 15339 10513 6903 2056 1538 876 541 414 518 129 3610 187 4847 3813 2592 2506 30016 127 53686 159008 3423 911 2512 858
is_linear=0
shrinkage=0.05


Tree=111
num_leaves=31
num_cat=0
split_feature=11 9 8 0 3 3 3 1 3 8 9 9 3 1 9 8 8 8 9 8 9 11 4 3 9 8 9 11 6 6
split_gain=2.33804e+07 2.49634e+07 4.65244e+07 4.28639e+07 3.86674e+07 3.80648e+07 3.40757e+07 6.02907e+07 3.40145e+07 3.16658e+07 2.82085e+07 2.77342e+07 2.41069e+07 6.46281e+07 4.80377e+07 2.32247e+07 2.263e+07 4.34202e+07 3.39284e+07 1.97798e+07 5.34828e+07 4.55948e+07 7.47036e+07 5.60397e+07 3.75e+07 3.1372e+07 3.32384e+07 4.44857e+07 3.20647e+07 3.07434e+07
threshold=35421.660000000011 1307.0473333333337 1669.8157142857144 29.500000000000004 56.500000000000007 261.50000000000006 138.50000000000003 4.5000000000000009 15.500000000000002 1145.382142857143 1121.5418333333334 1519.3770000000002 78.500000000000014 5.5000000000000009 1554.7928333333336 1355.9100000000001 770.63928571428585 350.29500000000007 1665.0946666666666 509.36071428571432 412.61950000000007 1535.3700000000001 1.5000000000000002 269.50000000000006 477.95616666666672 281.71642857142859 197.24566666666669 1159.6450000000002 30.500000000000004 1.5000000000000002
decision_type=2 2 2 2 2 2 2 2 2 2 2 2 2 2 2 2 2 2 2 2 2 2 2 2 2 2 2 2 2 2
left_child=1 9 3 5 -5 6 8 -8 11 10 19 -3 -6 14 -14 -13 17 -10 -19 20 25 -22 23 24 -23 26 -1 28 -28 -26
right_child=-2 2 -4 4 12 -7 7 -9 16 -11 -12 15 13 -15 -16 -17 -18 18 -20 -21 21 22 -24 -25 29 -27 27 -29 -30 -31
leaf_value=-0.35441780966352565 -2.3495734663245775 5.8649491137884135 -0.16585847126969117 44.694766283934975 -5.5108817307916409 -3.8244457054648073 6.856161674562391 52.071837576072994 -26.357268752303778 -3.1738809088071576 5.4005940359188811 54.23359240752 16.904393837902997 -4.4630734263986787 76.569298528855853 19.122328228141832 2.5847164931583562 11.786134450153639 49.467740908536051 -0.84661896880975918 0.52599367788094287 4.75307579683738 -2.7842051636538607 -2.5591292729592436 15.12121476142128 -1.1527054324615393 -0.33497169927334686 2.3573269134872561 9.2714966010256212 6.4266828405405025
leaf_weight=101599 10196 299 18860 106 146 1695 273 101 51 7922 2423 65 74 138 62 171 9447 186 88 58355 18608 4360 2820 1477 2371 53563 37930 34248 889 1780
leaf_count=101599 10196 299 18860 106 146 1695 273 101 51 7922 2423 65 74 138 62 171 9447 186 88 58355 18608 4360 2820 1477 2371 53563 37930 34248 889 1780
internal_value=0.0115485 0.0784009 1.4169 3.73056 17.7098 3.13641 4.24105 19.0668 3.70309 -0.0510769 0.02613 15.9789 10.8994 19.6435 44.1046 28.7928 3.031 16.0036 23.8883 -0.0148207 0.172125 2.10631 4.40225 6.43126 7.99146 -0.094117 0.230509 1.04384 -0.114972 11.3929
internal_weight=370303 360107 31762 12902 526 12376 10681 374 10307 328345 320423 535 420 274 136 236 9772 325 274 318000 259645 31416 12808 9988 8511 228229 174666 73067 38819 4151
internal_count=370303 360107 31762 12902 526 12376 10681 374 10307 328345 320423 535 420 274 136 236 9772 325 274 318000 259645 31416 12808 9988 8511 228229 174666 73067 38819 4151
is_linear=0
shrinkage=0.05


Tree=112
num_leaves=31
num_cat=0
split_feature=8 10 11 0 8 11 10 3 3 1 9 3 8 10 3 8 11 11 0 1 8 11 11 0 11 11 0 9 8 0
split_gain=2.00809e+07 2.78111e+07 2.66651e+07 2.18639e+07 2.76798e+07 2.24295e+07 1.99618e+07 3.66266e+07 2.52701e+07 2.3325e+07 5.1846e+07 2.29464e+07 2.00995e+07 1.94457e+07 1.88537e+07 1.94769e+07 2.24512e+07 4.4825e+07 3.66083e+07 2.06994e+07 3.00162e+07 2.54963e+07 3.79478e+07 2.03278e+07 1.88434e+07 2.55973e+07 2.45933e+07 2.12787e+07 1.95758e+07 2.42522e+07
threshold=2899.4528571428577 2872.6833333333338 38560.455000000009 9.5000000000000018 1593.7250000000001 32951.680000000008 2220.0000000000005 18.500000000000004 282.50000000000006 4.5000000000000009 2258.7413333333338 265.50000000000006 1972.967142857143 2394.6000000000004 19.500000000000004 1554.1278571428572 12198.740000000002 18339.145 20.500000000000004 1.5000000000000002 1483.5285714285715 21033.945000000003 23225.890000000003 12.500000000000002 8853.8650000000016 23225.890000000003 20.500000000000004 2422.4765000000002 1834.1171428571431 11.500000000000002
decision_type=2 2 2 2 2 2 2 2 2 2 2 2 2 2 2 2 2 2 2 2 2 2 2 2 2 2 2 2 2 2
left_child=1 2 6 -3 5 -5 12 9 11 -8 13 14 -1 -11 -9 16 -16 -18 19 -19 21 -21 -23 -24 -6 26 27 -26 -27 -30
right_child=-2 3 -4 4 24 -7 7 8 -10 10 -12 -13 -14 -15 15 -17 17 18 -20 20 -22 22 23 -25 25 28 -28 -29 29 -31
leaf_value=0.031996982065134502 -4.4932862966261933 -0.66987791976222288 -2.9594298927093727 57.792466476728329 -20.427410950660708 14.116450812599878 6.516560986233717 -23.675112405541825 20.793992672143162 26.758894173656742 -1.7858128924329741 -6.6511207269946997 -3.4973809479382156 61.791567404373836 -3.4107983003660696 0.71254342016875949 22.897273114296276 -5.4249902248382575 -11.566718625007793 -15.63026180267334 42.482941863650368 53.275529221126014 -2.5855897728989765 27.427758729735089 30.677800628374207 -18.981682200246045 40.436332201750389 -12.800043599208195 36.879240616410975 4.2259582321784075
leaf_weight=342654 2474 675 7473 53 55 66 796 73 162 93 119 918 4082 69 430 7445 436 160 282 80 84 56 164 86 53 77 115 60 64 510
leaf_count=342654 2474 675 7473 53 55 66 796 73 162 93 119 918 4082 69 430 7445 436 160 282 80 84 56 164 86 53 77 115 60 64 510
internal_value=-0.00371527 0.0265174 -0.00338779 6.35476 10.8577 33.5688 0.058285 2.11206 1.2011 10.8885 23.2729 0.890342 -0.00955313 41.6802 1.63508 1.83541 6.53717 9.71048 3.40626 10.1085 15.3964 9.50197 16.0725 7.739 7.96415 9.74064 24.1583 7.59222 4.69112 7.86674
internal_weight=369864 367390 365662 1728 1053 119 358189 11453 10376 1077 281 10214 346736 162 9296 9223 1778 1348 912 630 470 386 306 250 934 879 228 113 651 574
internal_count=369864 367390 365662 1728 1053 119 358189 11453 10376 1077 281 10214 346736 162 9296 9223 1778 1348 912 630 470 386 306 250 934 879 228 113 651 574
is_linear=0
shrinkage=0.05


Tree=113
num_leaves=31
num_cat=0
split_feature=1 1 10 6 11 6 11 8 8 10 8 11 9 7 8 11 8 9 11 0 8 11 9 11 11 0 0 8 11 9
split_gain=1.77902e+07 5.62425e+07 1.24436e+08 9.32129e+07 4.29313e+07 3.40046e+07 2.59086e+07 2.57913e+07 2.28682e+07 2.34897e+07 5.82965e+07 6.97458e+07 2.74598e+07 2.1593e+07 2.12043e+07 2.79016e+07 1.93343e+07 1.79973e+07 2.45295e+07 2.81046e+07 2.38642e+07 1.79252e+07 1.7448e+07 3.57035e+07 1.98794e+07 1.86767e+07 2.30347e+07 3.94199e+07 2.46767e+07 2.00938e+07
threshold=5.5000000000000009 4.5000000000000009 721.21666666666681 3.5000000000000004 2317.2200000000007 1.5000000000000002 24530.555000000004 455.39000000000004 183.57357142857146 2444.1500000000001 2899.4528571428577 14253.120000000001 1804.4843333333336 1.5000000000000002 1483.5285714285715 5216.2050000000008 1791.3400000000004 2087.0383333333334 45915.240000000013 23.500000000000004 2078.5514285714294 18339.145 1446.3833333333334 6373.8900000000003 7629.7500000000009 27.500000000000004 21.500000000000004 1750.47 12557.920000000002 1917.6366666666668
decision_type=2 2 2 2 2 2 2 2 2 2 2 2 2 2 2 2 2 2 2 2 2 2 2 2 2 2 2 2 2 2
left_child=1 6 7 4 -4 8 -1 -3 -6 10 14 -12 -11 -9 -10 16 -16 18 19 20 -14 -2 -17 -24 -25 26 -26 -28 -29 -27
right_child=21 2 3 -5 5 -7 -8 13 9 12 11 -13 17 -15 15 22 -18 -19 -20 -21 -22 -23 23 24 25 29 27 28 -30 -31
leaf_value=-0.024644384173194457 -0.55145205948695875 1.0341463637681449 -7.8359593350416539 -56.114550056295883 34.89024673802512 14.888446945769312 -2.3234875818115248 -5.1609379194123512 7.5526743933649216 -6.2777700997441199 -73.903085678698972 8.7880596871469532 7.6412897203466024 0.13779211186859541 -42.663708455222 -5.2700567939286342 -4.9120903613955482 9.9157140623746649 5.4620783282261272 55.912021360641873 38.358153994330046 -3.9144715647657748 40.150114604788769 -19.610482234954834 3.957893371084356 0.37195450920876261 51.666535116221809 35.266366854580973 -0.97177688622035863 -33.85596821989332
leaf_weight=250503 49243 35332 471 59 70 1382 12887 3366 4454 183 51 51 139 4484 56 489 86 829 153 78 116 4309 71 85 1024 183 73 66 163 56
leaf_count=250503 49243 35332 471 59 70 1382 12887 3366 4454 183 51 51 139 4484 56 489 86 829 153 78 116 4309 71 85 1024 183 73 66 163 56
internal_value=0.0208411 0.163252 1.64011 6.55335 6.91131 7.61591 -0.137121 0.458168 6.43014 6.19314 4.96232 -32.5575 11.869 -2.13425 5.52462 1.68408 -19.8001 14.3944 22.034 29.6481 21.6145 -0.822054 3.06451 5.43267 3.93877 5.2178 7.53674 19.6716 9.4724 -7.64798
internal_weight=370512 316960 53570 10388 10329 9858 263390 43182 8476 8406 6908 102 1498 7850 6806 2352 142 1315 486 333 255 53552 2210 1721 1650 1565 1326 302 229 239
internal_count=370512 316960 53570 10388 10329 9858 263390 43182 8476 8406 6908 102 1498 7850 6806 2352 142 1315 486 333 255 53552 2210 1721 1650 1565 1326 302 229 239
is_linear=0
shrinkage=0.05


Tree=114
num_leaves=31
num_cat=0
split_feature=10 8 3 11 11 1 1 0 8 0 8 10 4 11 6 8 7 11 5 6 6 11 6 11 1 6 11 8 8 0
split_gain=2.11748e+07 2.81311e+07 2.03702e+07 2.12898e+07 2.02362e+07 4.01047e+07 5.36406e+07 2.66625e+07 2.57828e+07 1.93015e+07 1.91864e+07 5.27986e+07 4.07984e+07 6.70637e+07 3.63478e+07 2.39042e+07 3.20791e+07 4.55346e+07 4.13754e+07 5.11152e+07 6.33577e+07 4.17519e+07 3.5511e+07 2.95596e+07 2.5022e+07 2.39272e+07 2.31964e+07 3.17488e+07 2.28727e+07 2.22735e+07
threshold=2872.6833333333338 2340.6650000000004 266.50000000000006 11174.860000000002 6373.8900000000003 3.5000000000000004 5.5000000000000009 12.500000000000002 7.2142857142857153 28.500000000000004 521.06500000000017 459.16666666666669 1.5000000000000002 1748.2350000000004 1.5000000000000002 243.17428571428573 1.0000000180025095e-35 63.860000000000007 1.0000000180025095e-35 30.500000000000004 31.500000000000004 29.665000000000003 2.5000000000000004 1008.9750000000001 5.5000000000000009 49.500000000000007 115.20500000000001 1.0000000180025095e-35 181.44500000000002 4.5000000000000009
decision_type=2 2 2 2 2 2 2 2 2 2 2 2 2 2 2 2 2 2 2 2 2 2 2 2 2 2 2 2 2 2
left_child=1 2 4 -4 10 -6 7 -7 -9 -8 11 15 13 -13 -15 16 17 18 19 -1 -21 -20 23 -19 25 28 -18 -28 29 -23
right_child=-2 -3 3 -5 5 6 9 8 -10 -11 -12 12 -14 14 -16 -17 26 22 21 20 -22 24 -24 -25 -26 -27 27 -29 -30 -31
leaf_value=-5.3519679023415625 4.767543138588989 -3.2671652770749868 -0.75612420035487982 -4.9296314787442137 -0.21143519808680111 1.5976004851083259 -0.30882490091852488 -7.6487450358781182 5.4779399469686796 -10.999142244363373 -1.0389405006813663 0.89502125174695846 -4.3559266860452119 8.1250120745939665 -1.1944410791559175 -1.0298519683325933 -1.2605934146428082 0.068769155959842274 5.0529993833742246 32.088638515359584 -0.73846330496091994 2.074495378648392 -0.72856527399038018 6.5729441086769569 -0.57498395243090783 -10.804215791718713 -2.6487792757393671 0.69065006844182553 -7.0405672273328221 27.273030232791399
leaf_weight=1260 2292 6685 27672 3435 40082 9890 10455 386 12109 440 43946 14246 2098 6610 1243 56903 34037 3174 1736 243 372 99 13489 3885 167 58 8001 64450 62 768
leaf_count=1260 2292 6685 27672 3435 40082 9890 10455 386 12109 440 43946 14246 2098 6610 1243 56903 34037 3174 1736 243 372 99 13489 3885 167 58 8001 64450 62 768
internal_value=-0.0234315 -0.0532709 0.00619196 -1.21699 0.12142 0.853808 2.13677 3.5372 5.07243 -0.740559 -0.0877686 0.108568 2.30745 2.94005 6.6499 -0.173389 0.196375 1.7963 6.20005 0.415654 12.2322 9.9529 0.77509 3.64841 17.324 20.3525 -0.183939 0.321866 22.2977 24.3957
internal_weight=370293 368001 361316 31107 330209 73362 33280 22385 12495 10895 256847 212901 24197 22099 7853 188704 131801 25313 4765 1875 615 2890 20548 7059 1154 987 106488 72451 929 867
internal_count=370293 368001 361316 31107 330209 73362 33280 22385 12495 10895 256847 212901 24197 22099 7853 188704 131801 25313 4765 1875 615 2890 20548 7059 1154 987 106488 72451 929 867
is_linear=0
shrinkage=0.05


Tree=115
num_leaves=31
num_cat=0
split_feature=3 0 8 9 3 9 7 5 9 8 9 3 11 9 7 10 9 11 10 8 9 8 11 8 3 8 1 9 11 10
split_gain=1.96876e+07 2.24077e+07 2.21517e+07 3.27598e+07 2.21402e+07 2.29514e+07 1.88485e+07 2.14754e+07 4.00646e+07 2.06296e+07 2.5948e+07 1.86183e+07 1.77558e+07 2.00792e+07 1.89556e+07 2.75097e+07 2.19928e+07 1.67111e+07 1.72797e+07 2.67951e+07 1.65051e+07 3.86542e+07 3.77465e+07 2.67927e+07 1.96192e+07 2.58833e+07 2.41753e+07 1.88668e+07 1.82311e+07 2.02957e+07
threshold=27.500000000000004 17.500000000000004 207.59071428571431 1196.8403333333333 2.5000000000000004 175.42600000000004 1.0000000180025095e-35 1.0000000180025095e-35 491.88683333333341 62.719285714285725 1.0000000180025095e-35 100.50000000000001 4718.9150000000009 537.20716666666681 27.500000000000004 96.166666666666671 225.24500000000003 45915.240000000013 2577.1000000000004 3218.1678571428579 2336.8835000000004 1669.8157142857144 20009.920000000002 2537.0064285714293 63.500000000000007 3218.1678571428579 5.5000000000000009 2703.9491666666668 11174.860000000002 2494.5000000000005
decision_type=2 2 2 2 2 2 2 2 2 2 2 2 2 2 2 2 2 2 2 2 2 2 2 2 2 2 2 2 2 2
left_child=4 2 3 6 17 -6 7 -2 9 10 -9 -10 -8 14 16 -16 -14 18 -1 -20 23 22 -22 -3 -23 26 28 -28 29 -26
right_child=1 20 -4 -5 5 -7 12 8 11 -11 -12 -13 13 -15 15 -17 -18 -19 19 -21 21 24 -24 -25 25 -27 27 -29 -30 -31
leaf_value=-2.3254010821182098 0.54295468255209167 0.2685394268992915 -1.1170792933177023 -36.536381839533327 -0.57037204986372969 1.4148661625583216 -0.93805678160481032 -9.7497946651042025 11.357827431446799 -1.8000804212669399 7.5046583835100567 45.950131281992284 0.70568722417002794 25.731268693740112 0.85891912385752622 -7.5837231113440726 6.2943631470680828 -20.318881044006346 33.823727793974037 -4.5382303276840528 4.6705851414624382 -3.9474540744298774 57.751011796431115 -9.0321622144043516 24.185947785272703 -6.915487380693941 -10.949892803402834 19.998582054393879 23.663648480815549 -6.0612296359429898
leaf_weight=5781 12681 129153 89799 61 19564 56906 36330 238 74 1192 2579 82 5232 83 3686 1307 2653 125 85 98 68 648 66 779 91 255 172 69 364 142
leaf_count=5781 12681 129153 89799 61 19564 56906 36330 238 74 1192 2579 82 5232 83 3686 1307 2653 125 85 98 68 648 66 779 91 255 172 69 364 142
internal_value=-0.00472653 -0.199974 -0.605512 0.0884391 0.675915 0.906965 0.122219 1.56607 4.68109 3.71374 6.04688 29.541 -0.371239 1.21756 1.05957 -1.35108 2.58606 -2.22577 -1.84656 13.2802 0.27999 4.93764 30.8147 0.212778 2.94596 7.03281 11.2772 -2.08913 16.673 5.75205
internal_weight=370363 287804 155997 66198 82559 76470 66137 16846 4165 4009 2817 156 49291 12961 12878 4993 7885 6089 5964 183 131807 1875 134 129932 1741 1093 838 241 597 233
internal_count=370363 287804 155997 66198 82559 76470 66137 16846 4165 4009 2817 156 49291 12961 12878 4993 7885 6089 5964 183 131807 1875 134 129932 1741 1093 838 241 597 233
is_linear=0
shrinkage=0.05


Tree=116
num_leaves=31
num_cat=0
split_feature=11 9 10 0 11 3 3 8 1 9 7 10 9 1 8 9 3 8 1 8 3 6 8 11 10 11 10 0 0 1
split_gain=1.84038e+07 2.18694e+07 2.10454e+07 2.32582e+07 2.07007e+07 2.03521e+07 1.90653e+07 1.90073e+07 2.12948e+07 1.81689e+07 1.81316e+07 2.3703e+07 1.75967e+07 1.88322e+07 1.65706e+07 3.68822e+07 3.91143e+07 2.54673e+07 2.53148e+07 2.47407e+07 2.27887e+07 2.02332e+07 2.37072e+07 2.27909e+07 3.01049e+07 2.61317e+07 3.23272e+07 2.01598e+07 2.3515e+07 3.36857e+07
threshold=45915.240000000013 2703.9491666666668 2812.8500000000008 4.5000000000000009 8677.3750000000018 38.500000000000007 66.500000000000014 1972.967142857143 4.5000000000000009 2530.8520000000003 27.500000000000004 167.16666666666669 1804.4843333333336 5.5000000000000009 2024.3085714285717 1519.3770000000002 14.500000000000002 1632.2000000000003 2.5000000000000004 1791.3400000000004 11.500000000000002 1.5000000000000002 3218.1678571428579 13772.890000000001 2220.0000000000005 21033.945000000003 2641.9333333333338 23.500000000000004 16.500000000000004 3.5000000000000004
decision_type=2 2 2 2 2 2 2 2 2 2 2 2 2 2 2 2 2 2 2 2 2 2 2 2 2 2 2 2 2 2
left_child=2 5 10 -4 -5 7 9 8 -2 -7 14 -12 13 -10 15 17 19 -1 -18 -17 21 22 23 24 -16 -25 -27 28 29 -23
right_child=1 -3 3 4 -6 6 -8 -9 12 -11 11 -13 -14 -15 20 16 18 -19 -20 -21 -22 27 -24 25 -26 26 -28 -29 -30 -31
leaf_value=0.068522887686972844 -0.61630039840731177 14.534937555139715 -7.7558611789307044 -7.2691837054032549 9.0420704528055875 -12.495458453246131 -2.9691302933906818 -5.4043460318121816 16.991183404724833 16.441175915902122 -0.83686863942325651 -6.2238064360031364 27.705045245075958 -5.8675690583223421 1.3483500055913573 23.346520041618028 -0.35923981830610507 -5.169058028781282 3.8897439290001601 4.3845749897411066 -3.0305579517891386 -0.82391858427491904 -11.426825315531563 -17.015495135713731 20.535200870942926 -1.3664129953799042 38.552897235803442 42.328773564558766 -4.859139013978151 47.376324515210257
leaf_weight=317813 1039 176 308 221 1623 1123 1856 1005 193 57 14235 2384 131 169 540 357 6284 2338 7928 332 8558 73 340 237 329 460 57 52 156 72
leaf_count=317813 1039 176 308 221 1623 1123 1856 1005 193 57 14235 2384 131 169 540 357 6284 2338 7928 332 8558 73 340 237 329 460 57 52 156 72
internal_value=-0.0113808 -2.81831 0.032867 4.96282 7.0872 -3.36634 -6.12844 -0.0609632 3.44432 -11.0977 0.00360371 -1.60963 12.0021 6.31956 0.0811066 0.143449 2.57505 0.0302739 2.01101 14.2096 -1.83981 2.56018 0.578381 3.09334 8.61242 -3.26752 3.03475 13.5808 8.61436 23.11
internal_weight=370446 5749 364697 2152 1844 5573 3036 2537 1532 1180 362545 16619 493 362 345926 335052 14901 320151 14212 689 10874 2316 1963 1623 869 754 517 353 301 145
internal_count=370446 5749 364697 2152 1844 5573 3036 2537 1532 1180 362545 16619 493 362 345926 335052 14901 320151 14212 689 10874 2316 1963 1623 869 754 517 353 301 145
is_linear=0
shrinkage=0.05


Tree=117
num_leaves=31
num_cat=0
split_feature=3 11 1 10 1 1 10 11 6 9 9 11 9 0 0 10 10 3 0 0 11 11 3 9 11 3 3 0 11 10
split_gain=1.85e+07 2.42605e+07 2.25205e+07 2.86647e+07 1.84294e+07 2.44668e+07 3.77492e+07 2.64462e+07 2.10812e+07 3.68515e+07 2.41138e+07 4.80741e+07 2.34935e+07 1.95704e+07 1.79264e+07 1.7817e+07 1.63021e+07 1.82766e+07 1.7664e+07 2.06287e+07 2.18268e+07 2.86059e+07 2.28916e+07 1.94943e+07 1.6268e+07 2.04197e+07 3.96753e+07 4.34176e+07 2.34629e+07 2.06171e+07
threshold=35.500000000000007 1916.8050000000001 1.5000000000000002 2641.9333333333338 5.5000000000000009 4.5000000000000009 721.21666666666681 29214.375000000004 1.5000000000000002 1307.0473333333337 1804.4843333333336 8101.5250000000005 1734.5108333333335 8.5000000000000018 19.500000000000004 2577.1000000000004 2680.8833333333337 14.500000000000002 25.500000000000004 19.500000000000004 32951.680000000008 21033.945000000003 12.500000000000002 2258.7413333333338 2209.7900000000004 67.500000000000014 56.500000000000007 26.500000000000004 10903.300000000001 2955.1166666666672
decision_type=2 2 2 2 2 2 2 2 2 2 2 2 2 2 2 2 2 2 2 2 2 2 2 2 2 2 2 2 2 2
left_child=1 -1 -3 4 5 7 -7 15 10 -10 12 -12 -8 -13 -2 -4 17 -5 19 20 21 22 -18 -22 -16 26 -26 -28 -29 -27
right_child=14 2 3 16 -6 6 8 -9 9 -11 11 13 -14 -15 24 -17 18 -19 -20 -21 23 -23 -24 -25 25 29 27 28 -30 -31
leaf_value=-0.14024751145169892 -0.48450288764120819 -0.33567693819402111 1.897325875375155 43.816780673435758 -0.48064343393315501 2.2441591226694655 9.0611172917479958 -3.8326586346157265 4.422451318916262 34.758523161480063 -39.540465500225892 -17.920191725931669 37.126916157282317 10.593994520197278 -0.14384278877609702 21.218690846562385 19.36213229544785 9.3163292649213005 28.283072138869244 -5.8614440976941546 11.018772751944406 35.624967825972796 -22.142242725078876 -15.089687970202903 2.2800408715576155 1.9093944597730292 -0.6298108662891071 -4.2335437091247083 -15.427722998350994 19.805061904000649
leaf_weight=53269 163565 14314 20943 70 7474 5208 1693 2135 193 208 74 76 78 289 60675 120 92 85 92 283 189 149 52 115 6992 24672 4979 985 892 162
leaf_count=53269 163565 14314 20943 70 7474 5208 1693 2135 193 208 74 76 78 289 60675 120 92 85 92 283 189 149 52 115 6992 24672 4979 985 892 162
internal_value=0.0629953 0.616596 1.36414 1.97828 1.74815 2.28521 4.70405 1.46992 9.61065 20.1579 7.69688 -2.79331 10.2972 4.65679 -0.162724 2.0074 9.83815 24.8972 7.43676 5.25737 10.5281 20.2663 4.37444 1.14222 0.367 1.16829 -0.370115 -3.07284 -9.55331 2.02613
internal_weight=370123 107201 53932 39618 38491 31017 7819 23198 2611 401 2210 439 1771 365 262922 21063 1127 155 972 880 597 293 144 304 99357 38682 13848 6856 1877 24834
internal_count=370123 107201 53932 39618 38491 31017 7819 23198 2611 401 2210 439 1771 365 262922 21063 1127 155 972 880 597 293 144 304 99357 38682 13848 6856 1877 24834
is_linear=0
shrinkage=0.05


Tree=118
num_leaves=31
num_cat=0
split_feature=1 11 1 1 10 8 11 0 0 3 0 11 3 3 3 0 10 10 3 9 8 9 11 10 10 9 10 10 8 9
split_gain=1.54502e+07 2.59128e+07 3.13064e+07 5.86187e+07 5.16972e+07 2.61128e+07 2.24117e+07 2.08931e+07 1.95072e+07 2.65792e+07 4.21833e+07 3.00186e+07 1.95338e+07 3.04038e+07 5.67205e+07 2.93718e+07 2.77892e+07 2.83233e+07 2.71783e+07 3.33808e+07 2.52913e+07 5.91228e+07 4.70557e+07 2.79691e+07 2.74528e+07 2.46832e+07 2.40524e+07 3.27068e+07 2.16038e+07 4.43109e+07
threshold=2.5000000000000004 3815.8050000000007 5.5000000000000009 4.5000000000000009 703.16666666666686 118.2107142857143 16431.460000000003 12.500000000000002 27.500000000000004 59.500000000000007 28.500000000000004 8283.1350000000002 262.50000000000006 68.500000000000014 45.500000000000007 16.500000000000004 2680.8833333333337 2872.6833333333338 66.500000000000014 2041.4540000000004 1518.4428571428573 1519.3770000000002 22071.445000000003 1664.0666666666668 1564.416666666667 2258.7413333333338 2261.6500000000001 2010.5333333333335 1750.47 1307.0473333333337
decision_type=2 2 2 2 2 2 2 2 2 2 2 2 2 2 2 2 2 2 2 2 2 2 2 2 2 2 2 2 2 2
left_child=6 -2 3 7 -5 -6 -1 -3 12 -10 11 -11 13 14 20 26 -14 -18 -17 -20 21 -7 -23 24 -22 28 27 -16 29 -15
right_child=1 2 -4 4 5 8 -8 -9 9 10 -12 -13 16 25 15 18 17 -19 19 -21 23 22 -24 -25 -26 -27 -28 -29 -30 -31
leaf_value=-0.19355108676642199 -0.13167431007022071 -0.87519398971285267 -0.74070953495931968 1.3274373462707558 -28.205461742259839 10.504415416099198 -2.4081027231413552 1.4872685707853759 9.3672065673382967 12.453662291279546 3.4518359911938514 -29.245265005022983 -4.0063565569317028 9.0847887541102192 -11.954046327917107 9.2054201155153219 49.97321468477066 -0.25119116736240071 -24.814102664147654 13.605451613865544 1.4762700803485918 20.640796701724714 74.371197969522058 6.9948876687424493 -44.548429214512865 39.435129308111875 2.3869144416624501 -49.89638457298279 4.1881694450503906 24.240833274556952
leaf_weight=146630 134484 16610 18985 10085 54 1364 12390 21437 572 54 528 215 649 1499 269 558 52 61 155 89 81 104 67 1280 54 81 186 72 760 711
leaf_count=146630 134484 16610 18985 10085 54 1364 12390 21437 572 54 528 215 649 1499 269 558 52 61 155 89 81 104 67 1280 54 81 186 72 760 711
internal_value=0.00611574 0.28648 1.02031 1.60027 3.8217 6.46538 -0.366097 0.455899 6.66327 1.14345 -4.75868 -20.8745 7.59711 8.38917 5.67003 -2.90661 -0.0221009 22.8609 3.11886 -10.8004 9.53388 13.9789 41.6931 4.71196 -16.9336 12.2027 -12.0763 -19.9653 11.46 13.9608
internal_weight=370136 211116 76632 57647 19600 9515 159020 38047 9461 1369 797 269 8092 7330 4279 1329 762 113 802 244 2950 1535 171 1415 135 3051 527 341 2970 2210
internal_count=370136 211116 76632 57647 19600 9515 159020 38047 9461 1369 797 269 8092 7330 4279 1329 762 113 802 244 2950 1535 171 1415 135 3051 527 341 2970 2210
is_linear=0
shrinkage=0.05


Tree=119
num_leaves=31
num_cat=0
split_feature=7 10 11 11 6 7 9 8 8 8 10 9 11 9 8 11 9 8 10 1 4 6 10 11 4 7 9 11 11 10
split_gain=1.43566e+07 2.06351e+07 2.05928e+07 1.43492e+07 3.64317e+07 3.26502e+07 3.41375e+07 5.29822e+07 3.17374e+07 5.68797e+07 3.9347e+07 2.72745e+07 4.20589e+07 2.20994e+07 5.14484e+07 4.37496e+07 2.40592e+07 3.86542e+07 3.68689e+07 5.26227e+07 3.41085e+07 2.68612e+07 2.40023e+07 3.3077e+07 2.79204e+07 2.3544e+07 2.20651e+07 3.91951e+07 2.1438e+07 2.737e+07
threshold=27.500000000000004 167.16666666666669 13772.890000000001 137.55500000000004 29.500000000000004 1.0000000180025095e-35 108.91600000000001 148.0407142857143 1.0000000180025095e-35 132.40857142857143 1136.4000000000003 159.84700000000001 2142.3200000000002 267.78533333333337 379.8314285714286 8101.5250000000005 497.00883333333337 571.32357142857143 1546.1833333333336 3.5000000000000004 1.5000000000000002 1.5000000000000002 402.16666666666669 1240.4600000000003 1.5000000000000002 3.5000000000000004 369.66800000000006 8677.3750000000018 1485.9950000000001 586.83333333333337
decision_type=2 2 2 2 2 2 2 2 2 2 2 2 2 2 2 2 2 2 2 2 2 2 2 2 2 2 2 2 2 2
left_child=3 2 -2 4 -1 6 -6 -8 10 11 -5 -10 -13 -11 15 22 25 18 20 -20 28 -19 -15 -24 -25 -16 -14 -28 -18 -30
right_child=1 -3 -4 8 5 -7 7 -9 9 13 -12 12 26 14 16 -17 17 21 19 -21 -22 -23 23 24 -26 -27 27 -29 29 -31
leaf_value=-1.2243525955178467 -1.3715416053241194 -5.7059547570428677 4.6209808511827868 -1.4867571212862671 -1.1703534461872047 0.23076048850307274 13.924551991365712 -6.9422926430981011 0.81968826103658354 -0.64416053765323289 -38.257065673397015 1.4616199706771509 5.2075950215073208 0.55868543036705609 -2.4143317662103509 9.2694958149064632 2.3542654950228048 -0.46150932782511539 -9.03508073158984 55.36584703469579 -1.9421209004389759 1.878874239073413 0.79909352813718781 6.4752789033916969 -3.6317916781220667 0.026980281640296002 9.6744255319132879 41.127203837308024 2.4429278093891962 11.795199832260874
leaf_weight=46814 12581 2395 1618 21598 996 7156 1669 372 18115 71147 73 10602 7066 22165 18342 1961 4364 62247 53 79 2672 15267 7569 6851 759 21396 995 110 1379 1808
leaf_count=46814 12581 2395 1618 21598 996 7156 1669 372 18115 71147 73 10602 7066 22165 18342 1961 4364 62247 53 79 2672 15267 7569 6851 759 21396 995 110 1379 1808
internal_value=0.0245247 -1.41282 -0.688684 0.0919728 -0.634547 2.07429 6.41813 10.1213 0.231603 0.376805 -1.61062 2.20374 3.53929 0.0937147 0.408237 1.98994 -0.0789531 0.382745 3.25198 29.5079 2.91296 -0.000552134 1.60768 3.13947 5.46723 -1.09986 6.23509 12.8055 4.63098 7.74852
internal_weight=370219 16594 14199 353625 57007 10193 3037 2041 296618 274947 21671 36888 18773 238059 166912 39305 127607 87869 10355 132 10223 77514 37344 15179 7610 39738 8171 1105 7551 3187
internal_count=370219 16594 14199 353625 57007 10193 3037 2041 296618 274947 21671 36888 18773 238059 166912 39305 127607 87869 10355 132 10223 77514 37344 15179 7610 39738 8171 1105 7551 3187
is_linear=0
shrinkage=0.05


Tree=120
num_leaves=31
num_cat=0
split_feature=8 6 10 3 8 3 3 8 3 9 0 10 11 9 8 11 8 11 11 11 3 8 9 3 6 8 1 8 9 8
split_gain=1.67067e+07 2.00345e+07 1.93044e+07 2.14896e+07 4.20457e+07 2.27069e+07 2.84848e+07 2.05393e+07 4.35412e+07 2.59542e+07 2.33513e+07 2.81104e+07 1.75255e+07 2.06363e+07 4.74699e+07 4.3664e+07 3.5387e+07 3.93064e+07 2.16599e+07 3.46192e+07 1.84232e+07 1.71167e+07 3.72457e+07 4.31309e+07 3.71464e+07 2.67862e+07 2.33462e+07 2.04551e+07 3.48433e+07 2.07828e+07
threshold=2899.4528571428577 2.5000000000000004 2519.2500000000005 282.50000000000006 2340.6650000000004 270.50000000000006 269.50000000000006 1669.8157142857144 22.500000000000004 1554.7928333333336 5.5000000000000009 2812.8500000000008 12557.920000000002 1880.9296666666669 1554.1278571428572 45915.240000000013 1554.1278571428572 31067.535000000003 27454.115000000002 35421.660000000011 83.500000000000014 1518.4428571428573 1341.3198333333337 15.500000000000002 4.5000000000000009 558.29571428571444 3.5000000000000004 1066.9100000000003 928.8950000000001 631.65142857142871
decision_type=2 2 2 2 2 2 2 2 2 2 2 2 2 2 2 2 2 2 2 2 2 2 2 2 2 2 2 2 2 2
left_child=2 -2 21 5 -5 6 7 8 -4 -10 11 -11 -12 16 18 -16 17 -14 20 -20 -15 22 27 -24 25 26 -25 28 29 -1
right_child=1 -3 3 4 -6 -7 -8 -9 9 10 12 -13 13 14 15 -17 -18 -19 19 -21 -22 -23 23 24 -26 -27 -28 -29 -30 -31
leaf_value=0.066843287849894836 -4.8075122377145512 24.67915553480892 40.898247997886259 -7.871985804570186 41.501215156243774 -6.0795915136850613 36.43651110028464 1.3217598248919398 -23.369288910759821 3.971686659084531 -7.414056357359275 -39.095244308754253 51.447491271972666 11.087061193557012 61.255578047621491 6.6178407501756098 -25.741994048327935 -1.7248957249156218 52.940091071694589 8.8962853290995607 -20.225976750990924 -1.4657898883264382 20.151581032624406 -1.1878947802952358 -40.560302175283432 2.3167614379706576 40.109586585651748 -2.2228806247561539 3.7149314988048725 -1.3025708736647226
leaf_weight=282147 2438 59 95 77 98 771 63 5492 72 127 117 54 50 105 102 57 82 114 59 183 85 20436 356 56 50 9209 88 10637 6209 30723
leaf_count=282147 2438 59 95 77 98 771 63 5492 72 127 117 54 50 105 102 57 82 114 59 183 85 20436 356 56 50 9209 88 10637 6209 30723
internal_value=-0.0347641 -4.11079 -0.00708541 2.45334 19.777 2.0559 2.97065 2.66033 8.30657 5.74136 7.58803 -8.87701 10.7119 13.2456 18.3108 41.6685 1.0768 14.4862 9.71393 19.6342 -2.9214 -0.0604282 0.0241729 3.06836 2.42158 2.65136 24.0495 -0.0659295 0.00597582 -0.0676295
internal_weight=370211 2497 367714 7803 175 7628 6857 6794 1302 1207 1135 181 954 837 591 159 246 164 432 242 190 359911 339475 9759 9403 9353 144 329716 319079 312870
internal_count=370211 2497 367714 7803 175 7628 6857 6794 1302 1207 1135 181 954 837 591 159 246 164 432 242 190 359911 339475 9759 9403 9353 144 329716 319079 312870
is_linear=0
shrinkage=0.05


Tree=121
num_leaves=31
num_cat=0
split_feature=3 3 10 11 0 11 3 3 11 3 10 10 11 0 0 4 6 11 1 6 9 9 10 0 11 9 3 3 9 7
split_gain=2.14889e+07 2.72849e+07 2.58886e+07 2.1573e+07 1.93992e+07 2.07122e+07 1.72348e+07 3.75474e+07 3.0336e+07 3.85301e+07 2.41151e+07 1.78392e+07 1.69356e+07 1.67539e+07 6.43668e+07 7.78898e+07 3.18233e+07 3.51623e+07 1.56576e+07 2.26935e+07 1.94972e+07 2.04461e+07 2.40826e+07 2.35226e+07 1.48548e+07 2.07371e+07 1.98338e+07 1.67537e+07 1.48275e+07 1.40458e+07
threshold=14.500000000000002 5.5000000000000009 235.16666666666671 8472.3050000000021 25.500000000000004 797.49000000000012 82.500000000000014 56.500000000000007 10903.300000000001 60.500000000000007 2812.8500000000008 2132.4000000000005 65821.285000000018 18.500000000000004 19.500000000000004 1.0000000180025095e-35 39.500000000000007 1876.9850000000004 3.5000000000000004 1.5000000000000002 1768.4196666666669 1917.6366666666668 2241.0833333333335 7.5000000000000009 23225.890000000003 1917.6366666666668 44.500000000000007 67.500000000000014 1998.7498333333335 26.500000000000004
decision_type=2 2 2 2 2 2 2 2 2 2 2 2 2 2 2 2 2 2 2 2 2 2 2 2 2 2 2 2 2 2
left_child=1 2 -1 13 24 -6 7 10 -9 -10 -7 -8 -13 -3 15 16 17 -15 19 -5 -20 22 -22 -23 29 26 -26 -28 -14 -2
right_child=4 3 -4 18 5 6 11 8 9 -11 -12 12 28 14 -16 -17 -18 -19 20 -21 21 23 -24 -25 25 -27 27 -29 -30 -31
leaf_value=-2.9500152511643081 -0.13469523672495598 0.61935952841031261 1.1934686043438405 -0.9286243954305422 -0.40085487539626535 1.9668997438414324 2.148228095815865 -0.46956717742139403 -16.711180849267485 -2.0510976411350668 27.79417895432357 9.4754557485799165 6.1080601190118236 34.946614382533006 -0.44442931732340124 0.63483373478986327 -1.3253504892792365 2.6442300665612315 5.1964956082444305 8.8268143944433568 10.590663429786419 -13.531587498446545 55.413841792844963 15.756094399018941 -0.67139851275441931 0.9950929486500506 -9.0172668536501526 -3.1403639228057991 -24.96693990843637 -1.4936083164668084
leaf_weight=6794 230625 17911 8469 1969 27016 13260 12930 6011 732 1156 91 1428 85 484 2511 640 99 102 2383 855 58 83 62 394 4141 4143 1921 3289 70 20724
leaf_count=6794 230625 17911 8469 1969 27016 13260 12930 6011 732 1156 91 1428 85 484 2511 640 99 102 2383 855 58 83 62 394 4141 4143 1921 3289 70 20724
internal_value=-0.00851571 1.04493 -0.650915 1.98442 -0.146182 0.644064 1.43341 0.526312 -2.20613 -7.73499 2.14294 2.7616 7.7716 1.26162 4.26043 13.1766 24.8944 29.324 4.6927 2.02495 7.22079 15.301 33.7493 10.6599 -0.333503 -1.94964 -3.25431 -5.30726 -7.92581 -0.246739
internal_weight=370436 42814 15263 27551 327622 62779 35763 21250 7899 1888 13351 14513 1583 21747 3836 1325 685 586 5804 2824 2980 597 120 477 264843 13494 9351 5210 155 251349
internal_count=370436 42814 15263 27551 327622 62779 35763 21250 7899 1888 13351 14513 1583 21747 3836 1325 685 586 5804 2824 2980 597 120 477 264843 13494 9351 5210 155 251349
is_linear=0
shrinkage=0.05


Tree=122
num_leaves=31
num_cat=0
split_feature=3 8 0 10 6 11 4 11 9 8 9 8 0 8 10 10 9 11 6 5 11 9 9 8 4 11 8 6 6 8
split_gain=1.75447e+07 2.07431e+07 2.6016e+07 2.03526e+07 6.77338e+07 2.7023e+07 2.93272e+07 2.17608e+07 1.82626e+07 4.42641e+07 2.99711e+07 2.00918e+07 1.92483e+07 2.64023e+07 2.00064e+07 1.73469e+07 2.40804e+07 3.07319e+07 4.15411e+07 4.10034e+07 4.15327e+07 2.82458e+07 2.07799e+07 1.73902e+07 1.61429e+07 1.58305e+07 1.58084e+07 1.41532e+07 2.42073e+07 4.59178e+07
threshold=22.500000000000004 192.41642857142861 23.500000000000004 317.50000000000006 4.5000000000000009 10040.765000000001 1.5000000000000002 1008.9750000000001 1804.4843333333336 2266.1771428571433 2422.4765000000002 2195.8535714285722 13.500000000000002 2899.4528571428577 2641.9333333333338 42.833333333333336 154.58816666666669 1159.6450000000002 30.500000000000004 1.0000000180025095e-35 137.55500000000004 275.34250000000003 296.14383333333336 125.38857142857144 2.5000000000000004 16973.135000000006 2693.3414285714293 30.500000000000004 29.500000000000004 40.758571428571436
decision_type=2 2 2 2 2 2 2 2 2 2 2 2 2 2 2 2 2 2 2 2 2 2 2 2 2 2 2 2 2 2
left_child=8 3 -3 15 5 6 7 -5 11 -10 -11 24 26 -14 25 16 -2 18 -18 20 22 23 -20 -19 27 -15 -12 28 -1 -30
right_child=1 2 -4 4 -6 -7 -8 -9 9 10 12 -13 13 14 -16 -17 17 21 19 -21 -22 -23 -24 -25 -26 -27 -28 -29 29 -31
leaf_value=1.1247476728847154 -0.22362740145884868 -0.85214916690391629 0.52169056014919812 1.4694934781894804 -12.178810557574714 40.61552279545711 -10.045695526965437 7.8516774663073265 11.604099415166671 -2.9050381491371979 16.431262032190958 -8.5520408061122115 40.03615489006043 4.4886549536861597 1.656798418111439 -1.0028887182421014 -0.34567280775780118 4.0965131933708916 28.908462270041156 3.6896688137812754 3.0881342436137955 7.5934905955869754 65.448059779947457 0.6191489547718585 -1.1387942135996274 36.090769580959048 -16.410007915998758 -1.4210732313407735 23.036256614957537 -4.3220358914944716
leaf_weight=45612 50060 136724 46071 2240 658 52 331 3308 1294 1943 54 605 80 67 316 24263 20747 6309 133 911 133 2802 55 8359 10969 97 114 5516 350 273
leaf_count=45612 50060 136724 46071 2240 658 52 331 3308 1294 1943 54 605 80 67 316 24263 20747 6309 133 911 133 2802 55 8359 10969 97 114 5516 350 273
internal_value=-0.00816715 -0.170282 -0.505892 0.339416 3.04117 4.72971 4.4123 5.27488 0.722194 4.01406 0.336969 0.516079 8.98974 13.4428 9.01061 0.182947 0.504389 1.42823 0.18403 9.10428 24.471 2.99355 39.5982 2.11483 0.603551 23.1801 -5.85389 0.972853 1.25846 11.0478
internal_weight=370446 303156 182795 120361 6589 5931 5879 5548 67290 3965 2671 63325 728 560 480 113772 89509 39449 21979 1232 321 17470 188 14668 62720 164 168 51751 46235 623
internal_count=370446 303156 182795 120361 6589 5931 5879 5548 67290 3965 2671 63325 728 560 480 113772 89509 39449 21979 1232 321 17470 188 14668 62720 164 168 51751 46235 623
is_linear=0
shrinkage=0.05


Tree=123
num_leaves=31
num_cat=0
split_feature=8 6 11 11 10 11 1 9 8 3 8 9 3 8 9 11 3 3 3 8 8 6 1 3 3 1 11 8 9 11
split_gain=1.79318e+07 1.84653e+07 2.10464e+07 3.14049e+07 3.80123e+07 2.90164e+07 2.72439e+07 1.81246e+07 4.36029e+07 3.34983e+07 2.73039e+07 2.19407e+07 3.48328e+07 2.90177e+07 3.6815e+07 2.64162e+07 2.51134e+07 3.37318e+07 2.94638e+07 2.46327e+07 2.28663e+07 2.60627e+07 2.39202e+07 2.33236e+07 2.17412e+07 2.11943e+07 1.89102e+07 1.86864e+07 4.07484e+07 4.68886e+07
threshold=3218.1678571428579 1.5000000000000002 20009.920000000002 3762.1450000000004 2444.1500000000001 11174.860000000002 4.5000000000000009 1998.7498333333335 1879.7300000000002 9.5000000000000018 2430.840714285715 1341.3198333333337 41.500000000000007 1092.6764285714287 928.8950000000001 17684.070000000003 61.500000000000007 259.50000000000006 138.50000000000003 874.19928571428591 1092.6764285714287 2.5000000000000004 4.5000000000000009 81.500000000000014 283.50000000000006 4.5000000000000009 50375.340000000004 476.29857142857151 346.76666666666671 1346.3500000000001
decision_type=2 2 2 2 2 2 2 2 2 2 2 2 2 2 2 2 2 2 2 2 2 2 2 2 2 2 2 2 2 2
left_child=7 2 3 -2 6 -6 -5 8 11 -9 -11 13 -13 14 27 19 26 18 20 -16 21 22 -18 -24 -12 -20 -14 28 -1 -30
right_child=1 -3 -4 4 5 -7 -8 9 -10 10 24 12 16 -15 15 -17 17 -19 25 -21 -22 -23 23 -25 -26 -27 -28 -29 29 -31
leaf_value=-0.17454391917189999 22.802342757056742 9.4164521032500836 -0.66538090703408592 -23.785743417178885 3.1963198377093689 -23.518119877576829 -70.011060845618161 10.825712224841119 -3.7958344937938366 2.6289699602770549 -3.7621671070414773 5.2844628013940751 -2.3470468386385774 -2.5574549895828524 10.530246125654521 -0.24313892453285679 6.6934290142082196 -3.7334976298321578 7.689726386461988 2.7444628086042719 1.3921322825279612 -23.720281097412112 56.676399288925474 18.17548166153043 13.286863290784348 28.930177780985833 -16.491245203908779 -0.83847240592886418 0.056226615569541553 3.2188479770672744
leaf_weight=204433 51 168 484 85 197 210 51 963 7643 8471 3099 4989 2935 11308 1814 2630 417 2174 353 2309 5523 50 51 172 199 176 257 61746 26582 20961
leaf_count=204433 51 168 484 85 197 210 51 963 7643 8471 3099 4989 2935 11308 1814 2630 417 2174 353 2309 5523 50 51 172 199 176 257 61746 26582 20961
internal_value=-0.0139884 -6.00212 -8.40502 -14.7114 -18.2348 -10.5875 -41.1202 0.00621773 -0.0599803 1.8599 1.12628 0.0218619 1.76858 -0.0681478 0.0196877 3.67235 0.319896 1.68238 3.42877 6.16998 2.46428 11.0461 13.7622 26.9806 -2.73344 14.7565 -3.48585 -0.0589374 0.132085 1.45058
internal_weight=370501 1246 1078 594 543 407 136 369255 356523 12732 11769 348880 17097 331783 320475 6753 12108 8916 6742 4123 6213 690 640 223 3298 529 3192 313722 251976 47543
internal_count=370501 1246 1078 594 543 407 136 369255 356523 12732 11769 348880 17097 331783 320475 6753 12108 8916 6742 4123 6213 690 640 223 3298 529 3192 313722 251976 47543
is_linear=0
shrinkage=0.05


Tree=124
num_leaves=31
num_cat=0
split_feature=1 1 11 8 6 0 0 0 9 8 10 8 9 8 11 10 8 8 8 10 11 3 3 9 10 8 9 3 8 10
split_gain=1.35684e+07 3.59029e+07 8.01558e+07 2.6208e+07 2.42347e+07 2.288e+07 4.19042e+07 3.27765e+07 3.35644e+07 3.32146e+07 2.75697e+07 3.74593e+07 2.40405e+07 2.28649e+07 2.80141e+07 2.43881e+07 2.2295e+07 2.19558e+07 2.06696e+07 2.22759e+07 3.50581e+07 2.05636e+07 5.75187e+07 3.03615e+07 2.84808e+07 2.03076e+07 2.0704e+07 3.73059e+07 2.23412e+07 1.89022e+07
threshold=5.5000000000000009 4.5000000000000009 10302.135000000002 7.2142857142857153 36.500000000000007 27.500000000000004 28.500000000000004 13.500000000000002 1412.969166666667 1418.4021428571432 2051.6500000000001 1593.7250000000001 2258.7413333333338 2430.840714285715 16431.460000000003 2519.2500000000005 639.33000000000027 2899.4528571428577 1709.7935714285716 285.13333333333338 16973.135000000006 45.500000000000007 68.500000000000014 1519.3770000000002 2010.5333333333335 2133.8221428571437 1998.7498333333335 75.500000000000014 1791.3400000000004 2494.5000000000005
decision_type=2 2 2 2 2 2 2 2 2 2 2 2 2 2 2 2 2 2 2 2 2 2 2 2 2 2 2 2 2 2
left_child=1 -1 17 4 -4 7 10 13 16 -10 -7 -12 -11 15 -15 18 -9 -3 19 -5 -21 23 24 -22 -23 26 27 -17 -28 -14
right_child=-2 2 3 5 -6 6 -8 8 9 12 11 -13 29 14 -16 25 -18 -19 -20 20 21 22 -24 -25 -26 -27 28 -29 -30 -31
leaf_value=-0.10617781014483658 -0.7259614812567865 0.52107667775056221 -41.908573986053469 -0.21478790993996208 -2.2823265288708479 -1.3040122670608585 7.6706331222958219 20.38632066505296 34.527558088993679 10.36214446902752 -62.511999848203835 -13.157535273347584 54.290622255435359 -43.093866542469378 -0.056992997413824409 -33.807115832829879 3.409311629811782 -23.416072892149291 -6.0352645011435975 17.617339838740577 6.5377248165837258 -13.118903247818693 6.6098036771794515 45.746300776251438 -55.992082910971206 36.982489132128265 5.941327424482866 23.707105255126955 42.694981435319072 20.268944263960186
leaf_weight=263253 53625 44964 50 1162 169 239 614 224 207 1250 53 140 52 55 121 59 1415 96 479 679 332 131 519 58 55 95 99 54 71 190
leaf_count=263253 53625 44964 50 1162 169 239 614 224 207 1250 53 140 52 55 121 59 1415 96 479 679 332 131 519 58 55 95 99 54 71 190
internal_value=0.00957128 0.134042 1.31316 5.74496 -11.3294 6.19262 -0.723787 7.18271 10.8343 15.7587 -12.6547 -26.7108 13.1548 4.11167 -13.506 4.92916 5.72954 0.470079 3.59527 5.16647 8.69128 3.15631 -1.93993 12.3687 -25.7965 16.98 10.2654 -6.32244 21.2914 27.5794
internal_weight=370510 316885 53632 8572 219 8353 1046 7307 3338 1699 432 193 1492 3969 176 3793 1639 45060 3415 2936 1774 1095 705 390 186 378 283 113 170 242
internal_count=370510 316885 53632 8572 219 8353 1046 7307 3338 1699 432 193 1492 3969 176 3793 1639 45060 3415 2936 1774 1095 705 390 186 378 283 113 170 242
is_linear=0
shrinkage=0.05


Tree=125
num_leaves=31
num_cat=0
split_feature=11 10 6 3 11 11 1 3 3 3 0 9 0 3 10 9 0 1 7 10 3 3 3 4 11 6 10 7 1 11
split_gain=1.77437e+07 1.77022e+07 1.94257e+07 4.24605e+07 2.12054e+07 1.94126e+07 1.78839e+07 2.21448e+07 4.26678e+07 2.26965e+07 2.1721e+07 2.08777e+07 2.02701e+07 2.46677e+07 1.67619e+07 1.67449e+07 1.60061e+07 1.91943e+07 1.40747e+07 1.81522e+07 1.45169e+07 2.19762e+07 6.08587e+07 9.23222e+07 9.51277e+07 6.03e+07 3.20573e+07 1.73061e+07 1.62535e+07 2.16271e+07
threshold=35421.660000000011 2720.4666666666672 1.5000000000000002 39.500000000000007 10596.205000000002 16431.460000000003 1.5000000000000002 82.500000000000014 109.50000000000001 25.500000000000004 11.500000000000002 2530.8520000000003 6.5000000000000009 269.50000000000006 2872.6833333333338 2336.8835000000004 12.500000000000002 4.5000000000000009 27.500000000000004 167.16666666666669 21.500000000000004 7.5000000000000009 8.5000000000000018 1.0000000180025095e-35 1346.3500000000001 31.500000000000004 235.16666666666671 20.500000000000004 1.5000000000000002 1565.4350000000002
decision_type=2 2 2 2 2 2 2 2 2 2 2 2 2 2 2 2 2 2 2 2 2 2 2 2 2 2 2 2 2 2
left_child=1 18 5 -4 -5 16 14 9 -9 -8 11 -11 -10 -14 -7 -2 17 -3 20 -20 21 26 23 24 25 -23 -1 -28 -24 -30
right_child=15 2 3 4 -6 6 7 8 12 10 -12 -13 13 -15 -16 -17 -18 -19 19 -21 -22 22 28 -25 -26 -27 27 -29 29 -31
leaf_value=-2.5997377859338382 -2.8159801532490345 -6.2574742630829192 50.378797619584681 -13.160896195160163 17.282641874660147 -12.821209209756212 19.115758772590066 45.610685932079207 -16.792278777575884 22.264007726863582 -10.689436510963308 -10.362261735618889 5.5782297854782437 39.876029406508358 7.5301992145286611 3.4223575983812298 2.1456153832516582 -37.54189192632149 -0.72759632793728413 -5.4275229196469521 -0.061369952955904174 36.635648366978501 -0.85715370148250214 0.4502858240546071 2.2023024278474086 -1.3321025856903621 0.54991653508406446 6.2323528198498011 0.083921179822223482 3.085810622297358
leaf_weight=9567 8984 317 69 91 154 208 177 107 61 135 287 77 186 73 197 1222 583 58 14232 2401 284593 615 8934 1543 515 126 9176 1569 11570 12463
leaf_count=9567 8984 317 69 91 154 208 177 107 61 135 287 77 186 73 197 1222 583 58 14232 2401 284593 615 8934 1543 515 126 9176 1569 11570 12463
internal_value=-0.0131729 0.0450974 4.01956 15.7326 5.97504 2.52813 6.06401 9.36345 18.2776 3.73279 -1.72369 10.4139 9.13804 15.2452 -2.92188 -2.06904 -3.03774 -11.0961 0.0141742 -1.40604 0.0835149 0.818798 1.56472 8.64311 18.708 30.1796 -0.494638 1.37967 0.96374 1.64064
internal_weight=370290 360084 2780 314 245 2466 1508 1103 427 676 499 212 320 259 405 10206 958 375 357304 16633 340671 56078 35766 2799 1256 741 20312 10745 32967 24033
internal_count=370290 360084 2780 314 245 2466 1508 1103 427 676 499 212 320 259 405 10206 958 375 357304 16633 340671 56078 35766 2799 1256 741 20312 10745 32967 24033
is_linear=0
shrinkage=0.05


Tree=126
num_leaves=31
num_cat=0
split_feature=7 10 11 1 1 8 10 1 7 6 9 8 10 10 8 11 10 9 8 11 9 8 7 5 8 9 11 8 6 11
split_gain=1.24924e+07 1.55687e+07 1.40822e+07 3.38759e+07 4.87664e+07 3.12987e+07 5.6541e+07 3.06586e+07 2.29203e+07 2.27174e+07 2.2438e+07 8.11617e+07 2.81047e+07 1.9844e+07 1.99278e+07 2.90002e+07 3.41758e+07 2.19444e+07 1.86761e+07 1.6918e+07 2.84328e+07 1.68774e+07 3.93882e+07 3.64838e+07 5.43259e+07 5.67616e+07 4.10327e+07 4.20813e+07 4.1023e+07 3.22674e+07
threshold=27.500000000000004 167.16666666666669 5848.5050000000001 3.5000000000000004 5.5000000000000009 7.2142857142857153 561.4000000000002 4.5000000000000009 16.500000000000004 1.5000000000000002 1841.156666666667 2133.8221428571437 2394.6000000000004 2762.7666666666669 2537.0064285714293 23225.890000000003 2872.6833333333338 2422.4765000000002 1972.967142857143 35421.660000000011 2530.8520000000003 255.56071428571431 1.0000000180025095e-35 1.0000000180025095e-35 60.005000000000003 94.243000000000023 29.665000000000003 1.0000000180025095e-35 1.5000000000000002 1008.9750000000001
decision_type=2 2 2 2 2 2 2 2 2 2 2 2 2 2 2 2 2 2 2 2 2 2 2 2 2 2 2 2 2 2
left_child=2 -2 21 8 5 6 -5 9 -4 19 -11 12 -12 -9 15 -15 -17 -18 -6 -7 -21 22 23 28 25 -25 -27 -28 29 -1
right_child=1 -3 3 4 18 7 -8 13 -10 10 11 -13 -14 14 -16 16 17 -19 -20 20 -22 -23 -24 24 -26 26 27 -29 -30 -31
leaf_value=0.1379667322531806 -0.70048287585336411 -5.0504188194954596 -0.89432114874452973 -3.3199090538305391 0.051672589083602886 1.0245420550367301 -57.414182974742005 4.648088885383987 1.7288062174370893 3.6136458169498975 71.34853458404541 -7.0078138639462884 25.120873805454799 44.663273505775294 1.8042676901817325 -11.242668909214913 42.153110356026509 3.8323106344669093 -5.1620585732561146 -6.6762582902414396 31.407901988309973 -0.54330700052615954 -0.19016327416931689 -2.7848950532645027 -1.0655293114067896 6.1612007952736532 23.99148700000314 6.5274953819307173 -0.4482805919415605 5.8258822171177602
leaf_weight=4213 14214 2405 34854 680 10043 6796 52 11786 10942 3595 62 149 70 98 200 94 94 62 2072 1255 51 120291 115459 821 2152 1490 981 532 18033 6109
leaf_count=4213 14214 2405 34854 680 10043 6796 52 11786 10942 3595 62 149 70 98 200 94 94 62 2072 1255 51 120291 115459 821 2152 1490 981 532 18033 6109
internal_value=0.00970398 -1.32998 0.0727689 0.642569 1.76427 3.02409 -7.16267 3.33079 -0.26758 1.52904 4.67723 18.2844 46.8339 5.08054 14.3815 21.6097 12.5727 26.923 -0.84002 0.0229433 -5.18905 -0.102244 0.251957 1.73886 5.28933 8.8656 12.0508 17.8508 0.990574 3.50432
internal_weight=369655 16619 353036 82955 37159 25044 732 24312 45796 11978 3876 281 132 12334 548 348 250 156 12115 8102 1306 270081 149790 34331 5976 3824 3003 1513 28355 10322
internal_count=369655 16619 353036 82955 37159 25044 732 24312 45796 11978 3876 281 132 12334 548 348 250 156 12115 8102 1306 270081 149790 34331 5976 3824 3003 1513 28355 10322
is_linear=0
shrinkage=0.05


Tree=127
num_leaves=31
num_cat=0
split_feature=8 9 3 11 11 8 0 8 11 8 9 1 3 8 9 8 8 3 0 11 11 8 1 3 11 3 3 8 11 8
split_gain=2.80426e+07 1.78992e+07 5.83696e+07 2.38761e+07 3.2448e+07 1.81028e+07 1.73464e+07 2.99616e+07 5.6084e+07 4.90596e+07 1.72693e+07 4.05136e+07 4.08548e+07 3.20462e+07 3.04269e+07 2.97618e+07 2.8772e+07 2.21612e+07 1.9032e+07 2.65741e+07 2.22557e+07 1.84773e+07 2.06639e+07 2.22528e+07 1.8484e+07 1.8322e+07 2.74762e+07 2.48012e+07 3.27819e+07 1.82641e+07
threshold=2899.4528571428577 2194.8705000000004 4.5000000000000009 24530.555000000004 7491.9800000000005 2024.3085714285717 15.500000000000002 1669.8157142857144 25929.405000000002 1518.4428571428573 1519.3770000000002 1.0000000180025095e-35 14.500000000000002 1295.9014285714288 1121.5418333333334 994.51571428571447 857.42928571428581 14.500000000000002 20.500000000000004 13772.890000000001 9289.2850000000017 1518.4428571428573 3.5000000000000004 6.5000000000000009 18339.145 259.50000000000006 138.50000000000003 1925.7600000000002 31067.535000000003 714.43642857142856
decision_type=2 2 2 2 2 2 2 2 2 2 2 2 2 2 2 2 2 2 2 2 2 2 2 2 2 2 2 2 2 2
left_child=1 5 3 4 -3 10 -4 8 9 -8 13 -12 21 14 29 -16 18 -17 19 20 -14 24 23 -23 -13 26 -18 28 -28 -1
right_child=-2 2 6 -5 -6 -7 7 -9 -10 -11 11 12 16 -15 15 17 25 -19 -20 -21 -22 22 -24 -25 -26 -27 27 -29 -30 -31
leaf_value=0.081764181154630675 -5.3137624737690112 20.549011398574052 -0.44546828806678607 4.7499969626372716 75.29675749969482 -2.4328541746847869 -10.614696065968481 3.0120800117036932 54.142744804831118 39.418027033676971 -4.0360659476689582 13.872163946287973 13.006490690727544 -2.8644691421264552 7.7790483551452132 18.032496799217476 2.0486271447939348 0.22996097441840122 44.216819263805043 40.189418665568041 -26.555349300384524 -2.5864882815967909 2.7173421584760042 31.457626407796688 55.270643557035015 -2.9542617141282954 33.397403592308898 -11.387441992097431 1.4802193482716879 -1.2652197185734058
leaf_weight=294090 2478 59 3507 53 50 7630 145 2407 85 74 2608 56 123 9796 2422 182 9923 4426 55 60 50 66 313 176 52 1754 206 72 132 27521
leaf_count=294090 2478 59 3507 53 50 7630 145 2407 85 74 2608 56 123 9796 2422 182 9923 4426 55 60 50 66 313 176 52 1754 206 72 132 27521
internal_value=-0.0125985 0.0230889 2.64839 32.2777 45.6627 -0.023217 1.87645 4.88012 19.6708 6.29134 0.0287074 1.65273 2.79067 -0.0463715 0.0376292 3.29169 2.14282 0.933099 17.7615 11.5167 1.57243 14.8828 11.2007 22.1729 33.8048 1.77067 2.57272 15.257 20.9327 -0.0335004
internal_weight=370571 368093 6380 162 109 361713 6218 2711 304 219 354083 15646 13038 338437 328641 7030 12375 4608 288 233 173 663 555 242 108 12087 10333 410 338 321611
internal_count=370571 368093 6380 162 109 361713 6218 2711 304 219 354083 15646 13038 338437 328641 7030 12375 4608 288 233 173 663 555 242 108 12087 10333 410 338 321611
is_linear=0
shrinkage=0.05


Tree=128
num_leaves=31
num_cat=0
split_feature=3 8 9 8 10 1 4 10 9 11 9 3 9 7 9 4 5 11 11 8 11 10 11 8 8 9 10 11 9 10
split_gain=1.53592e+07 2.28187e+07 2.33649e+07 5.20966e+07 4.00865e+07 4.98119e+07 3.26027e+07 3.47899e+07 2.70101e+07 2.61347e+07 3.18181e+07 2.17721e+07 2.45053e+07 2.17419e+07 3.48417e+07 3.36683e+07 3.01722e+07 3.04755e+07 3.03972e+07 5.0384e+07 3.66557e+07 2.69863e+07 2.5169e+07 2.18206e+07 2.12151e+07 2.57424e+07 2.35916e+07 2.02406e+07 2.99397e+07 3.70565e+07
threshold=14.500000000000002 216.77071428571432 385.17333333333335 551.57428571428579 1546.1833333333336 3.5000000000000004 1.5000000000000002 643.16666666666686 573.2266666666668 1376.5100000000002 468.4738333333334 5.5000000000000009 2422.4765000000002 1.0000000180025095e-35 206.92483333333337 1.5000000000000002 1.0000000180025095e-35 1240.4600000000003 29.665000000000003 4.6428571428571432 59.625000000000007 42.833333333333336 856.31500000000017 1.0000000180025095e-35 735.66785714285732 928.8950000000001 1001.5500000000001 4063.2000000000003 354.94400000000002 25.500000000000004
decision_type=2 2 2 2 2 2 2 2 2 2 2 2 2 2 2 2 2 2 2 2 2 2 2 2 2 2 2 2 2 2
left_child=11 13 -3 4 6 -6 7 -4 -5 -9 -11 12 -1 14 -2 16 17 -16 -18 22 -21 -17 -20 -19 25 -10 -26 -15 -29 -30
right_child=1 2 3 8 5 -7 -8 9 24 10 -12 -13 -14 27 15 21 18 23 19 20 -22 -23 -24 -25 26 -27 -28 28 29 -31
leaf_value=-0.97193541859054644 0.037463075994039967 -1.1573356565594526 1.4529332320983306 -2.9825067362090518 -6.1105581760406498 47.879408298418362 -2.7645533187323621 1.4690053990966565 0.95874813645029144 1.0388554527315983 13.924001385307433 1.7232829305458033 11.233336692611658 -0.29562534147622332 0.71776052762557208 6.1826631269054007 1.282183327978057 -4.5619785589053308 19.686121225738006 19.569261474122527 -4.0237108548123466 -8.8568702069456986 46.201016499861232 7.6682945650679759 -4.1001915904665784 9.3702885297483469 -0.38362378990298207 0.86563506875635854 17.826563510628755 2.1702458224880501
leaf_weight=14804 16456 76910 23809 11317 73 103 3832 1480 7955 688 1578 27533 423 91662 5383 443 692 405 575 262 443 913 106 3665 4670 1027 49832 21313 596 1033
leaf_count=14804 16456 76910 23809 11317 73 103 3832 1480 7955 688 1578 27533 423 91662 5383 443 692 405 575 262 443 913 106 3665 4670 1027 49832 21313 596 1033
internal_value=-0.00693533 -0.123391 -0.493429 -0.0133689 1.69013 25.4858 1.5567 2.15764 -0.732177 6.63666 10.0118 0.884245 -0.632878 0.347742 1.56215 3.5091 4.3855 3.18633 9.84059 14.1136 4.74417 -3.94351 23.8133 6.45128 -0.331021 1.92052 -0.702078 0.0368064 1.365 7.8984
internal_weight=369981 327221 183274 106364 31563 176 31387 27555 74801 3746 2266 42760 15227 143947 29343 12887 11531 9453 2078 1386 705 1356 681 4070 63484 8982 54502 114604 22942 1629
internal_count=369981 327221 183274 106364 31563 176 31387 27555 74801 3746 2266 42760 15227 143947 29343 12887 11531 9453 2078 1386 705 1356 681 4070 63484 8982 54502 114604 22942 1629
is_linear=0
shrinkage=0.05


Tree=129
num_leaves=31
num_cat=0
split_feature=0 10 11 10 10 1 9 11 3 0 3 10 3 1 9 11 11 6 7 10 1 1 9 0 9 9 3 3 3 9
split_gain=1.3677e+07 1.80056e+07 1.67455e+07 2.23412e+07 2.03341e+07 1.50435e+07 1.41773e+07 2.49167e+07 3.98854e+07 3.22465e+07 1.6083e+07 3.14917e+07 1.65137e+07 1.69864e+07 1.33611e+07 1.38611e+07 1.46061e+07 2.11217e+07 2.35118e+07 1.36645e+07 1.25783e+07 4.28839e+07 2.93032e+07 2.08547e+07 1.89376e+07 1.82679e+07 1.59445e+07 2.22142e+07 1.73235e+07 1.71436e+07
threshold=6.5000000000000009 2872.6833333333338 55972.670000000006 1787.5333333333335 1664.0666666666668 1.0000000180025095e-35 2422.4765000000002 29214.375000000004 33.500000000000007 11.500000000000002 8.5000000000000018 3076.1000000000008 27.500000000000004 4.5000000000000009 352.22783333333342 19100.720000000005 398.30000000000007 26.500000000000004 1.0000000180025095e-35 25.500000000000004 5.5000000000000009 4.5000000000000009 2422.4765000000002 16.500000000000004 2194.8705000000004 1630.4328333333335 82.500000000000014 262.50000000000006 59.500000000000007 1307.0473333333337
decision_type=2 2 2 2 2 2 2 2 2 2 2 2 2 2 2 2 2 2 2 2 2 2 2 2 2 2 2 2 2 2
left_child=-1 2 14 4 -4 -5 7 8 -3 -10 -9 12 -12 -14 19 16 17 -16 -19 -2 21 -17 23 24 25 -23 28 29 -25 -28
right_child=1 6 3 5 -6 -7 -8 10 9 -11 11 -13 13 -15 15 20 -18 18 -20 -21 -22 22 -24 26 -26 -27 27 -29 -30 -31
leaf_value=-0.6426171407151352 0.12737570567067344 63.105496799244605 0.56657379193043489 -18.454354100646796 37.636081487791884 -4.4048789994883357 1.4432463322187727 -17.504370013981649 43.392536775944599 -1.6315436527377269 23.445772618055344 34.29342955685734 -12.557543290722434 16.542860356499169 -1.6377686602192485 -1.5559487483301373 0.95982140257763859 17.629347683863067 -3.3847024226695939 -0.84157657457833968 -3.8746417633694543 6.2888851962321572 33.822485790033447 0.96652854039802316 -17.360488510131837 19.829405827069909 -2.1648594188296104 -8.2352218242905888 -13.396447752416135 20.217830391452736
leaf_weight=73574 124813 51 109 216 56 1616 1045 73 59 122 64 89 191 68 9237 11515 89946 307 235 51357 2753 709 87 805 62 384 121 161 284 292
leaf_count=73574 124813 51 109 216 56 1616 1045 73 59 122 64 89 191 68 9237 11515 89946 307 235 51357 2753 709 87 805 62 384 121 161 284 292
internal_value=-0.0323508 0.118915 0.0888218 -4.47424 13.1477 -6.06137 5.15831 10.5729 24.0495 13.0448 4.12629 7.9589 0.702641 -4.91728 0.119915 0.534363 0.760299 -1.07488 8.51809 -0.155093 -0.777667 -0.186406 5.24226 4.35991 9.52118 11.046 0.775257 7.51879 -2.77919 13.6602
internal_weight=370401 296827 295065 1997 165 1832 1762 717 232 181 485 412 323 259 293068 116898 99725 9779 542 176170 17173 14420 2905 2818 1155 1093 1663 574 1089 413
internal_count=370401 296827 295065 1997 165 1832 1762 717 232 181 485 412 323 259 293068 116898 99725 9779 542 176170 17173 14420 2905 2818 1155 1093 1663 574 1089 413
is_linear=0
shrinkage=0.05


Tree=130
num_leaves=31
num_cat=0
split_feature=8 9 8 9 6 8 8 3 3 3 3 8 8 3 2 3 10 9 8 11 8 3 11 6 9 11 11 10 3 11
split_gain=1.83976e+07 2.23774e+07 2.87376e+07 4.43603e+07 3.94648e+07 3.12292e+07 3.05086e+07 2.67324e+07 2.32978e+07 2.05506e+07 2.53773e+07 3.57812e+07 1.98933e+07 1.84228e+07 2.91874e+07 3.56887e+07 2.41279e+07 2.52059e+07 2.51842e+07 2.1214e+07 2.83269e+07 2.35688e+07 3.12438e+07 1.81076e+07 1.75997e+07 2.31706e+07 1.73249e+07 2.61439e+07 3.33134e+07 2.02398e+07
threshold=2899.4528571428577 2041.4540000000004 1326.9885714285717 1158.1600000000001 5.5000000000000009 558.29571428571444 481.02714285714291 15.500000000000002 13.500000000000002 19.500000000000004 22.500000000000004 2195.8535714285722 1669.8157142857144 63.500000000000007 1.0000000180025095e-35 108.50000000000001 2720.4666666666672 2194.8705000000004 2340.6650000000004 65821.285000000018 1972.967142857143 255.50000000000003 7932.1100000000006 2.5000000000000004 2530.8520000000003 3937.6500000000001 12943.180000000002 1878.4333333333336 22.500000000000004 11502.295000000002
decision_type=2 2 2 2 2 2 2 2 2 2 2 2 2 2 2 2 2 2 2 2 2 2 2 2 2 2 2 2 2 2
left_child=1 2 3 -1 5 6 -5 -7 -3 12 11 -11 -10 23 15 16 18 -18 -15 20 -16 22 -22 -12 25 -2 27 -4 29 -29
right_child=24 8 26 4 -6 7 -8 -9 9 10 13 -13 -14 14 19 -17 17 -19 -20 -21 21 -23 -24 -25 -26 -27 -28 28 -30 -31
leaf_value=-0.062812732548672465 12.543569305793261 10.33978445182003 -2.266852572758999 10.142702926171793 -40.036337130115584 17.498435892334467 51.459647205471995 2.7005232600201583 -36.358521031525179 56.641117036108881 -1.2936650882160823 2.9168511034567146 -4.8860899631276684 10.203942689764391 33.632395365021445 -1.3583920024194913 -4.9880581583295553 27.624347288135425 -5.2474965890347223 -19.149846656799319 31.448949413568204 21.691569834459024 -5.4715950350970139 23.193434057452464 0.90319133509038529 -9.6153811931178197 -2.8055810673511759 8.5964215342574501 0.71572592293598025 30.472322507476804
leaf_weight=322977 129 824 6012 148 52 316 64 8925 59 51 3866 79 337 763 154 2705 77 257 403 50 71 244 297 77 973 1380 14894 686 3481 125
leaf_count=322977 129 824 6012 148 52 316 64 8925 59 51 3866 79 337 763 154 2705 77 257 403 50 71 244 297 77 973 1380 14894 686 3481 125
internal_value=-0.0498437 -0.0209068 -0.0871163 0.0362644 3.40287 3.64183 22.6157 3.20654 2.27518 1.57494 2.06047 23.9933 -9.57516 1.7424 3.75109 2.07177 8.2575 20.1059 4.86352 12.405 14.4647 9.64143 1.65166 -0.815474 -4.34017 -7.72108 -1.7151 -0.138848 2.84194 11.9682
internal_weight=370476 367994 357680 332482 9505 9453 212 9241 10314 9490 9094 130 396 8964 5021 4205 1500 334 1166 816 766 612 368 3943 2482 1509 25198 10304 4292 811
internal_count=370476 367994 357680 332482 9505 9453 212 9241 10314 9490 9094 130 396 8964 5021 4205 1500 334 1166 816 766 612 368 3943 2482 1509 25198 10304 4292 811
is_linear=0
shrinkage=0.05


Tree=131
num_leaves=31
num_cat=0
split_feature=11 10 10 3 3 0 4 10 6 11 6 1 7 0 9 10 10 10 11 10 7 11 9 11 11 4 9 9 1 3
split_gain=2.16575e+07 2.35982e+07 1.66038e+07 1.33222e+07 2.49326e+07 5.78607e+07 6.4979e+07 3.26103e+07 2.74541e+07 3.0609e+07 2.09835e+07 1.87486e+07 1.74585e+07 1.68888e+07 1.44182e+07 2.54487e+07 1.99252e+07 1.77891e+07 3.1697e+07 1.59712e+07 1.39689e+07 6.48237e+07 2.4082e+07 2.33274e+07 1.39014e+07 1.75721e+07 2.06125e+07 1.92096e+07 1.86214e+07 1.83298e+07
threshold=55972.670000000006 1787.5333333333335 2872.6833333333338 14.500000000000002 7.5000000000000009 18.500000000000004 1.0000000180025095e-35 253.50000000000003 39.500000000000007 1565.4350000000002 8.5000000000000018 1.5000000000000002 22.500000000000004 17.500000000000004 2422.4765000000002 2762.7666666666669 2641.9333333333338 2641.9333333333338 11846.610000000002 2762.7666666666669 1.0000000180025095e-35 417.34500000000008 158.19350000000003 1240.4600000000003 2358.4600000000005 1.5000000000000002 706.2118333333334 282.73583333333335 5.5000000000000009 78.500000000000014
decision_type=2 2 2 2 2 2 2 2 2 2 2 2 2 2 2 2 2 2 2 2 2 2 2 2 2 2 2 2 2 2
left_child=2 -2 3 4 7 10 8 -1 9 -7 11 -6 14 -5 15 16 -9 18 -16 -19 21 22 -12 -22 -15 27 -27 -26 29 -28
right_child=1 -3 -4 13 5 6 -8 12 -10 -11 20 -13 -14 24 17 -17 -18 19 -20 -21 23 -23 -24 -25 25 26 28 -29 -30 -31
leaf_value=-2.3074867940888062 12.474235028712727 -5.4876939528977253 4.8347930367195513 -0.41770840912362939 -0.90189446341426427 32.385069841783427 1.8173322471034767 0.68263375607710453 -1.186484443562702 3.9553188000695183 2.5446478908150283 3.4753495064749993 9.4606439598228622 -0.082761953372113617 -4.8196608543395998 -34.144141261304661 22.485913874068352 -17.69688448448704 39.985570433186098 14.645959265232086 -5.3238479541276416 -3.7816349658673616 28.269186328292751 1.8165328081495913 0.72503577723586354 -2.3227294092271475 -0.040246131993419879 3.4211110287814179 -2.6468179604945576 3.1269494008762955
leaf_weight=10670 196 2727 1795 179773 3207 479 804 9140 103 118 135 10313 667 87787 64 52 106 73 103 80 2781 962 279 1943 16069 6891 9787 11220 3290 8567
leaf_count=10670 196 2727 1795 179773 3207 479 804 9140 103 118 135 10313 667 87787 64 52 106 73 103 80 2781 962 279 1943 16069 6891 9787 11220 3290 8567
internal_value=0.0035838 -4.28327 0.0377028 0.0141415 0.851021 2.06323 11.5147 -0.370961 22.6528 26.7658 1.33871 2.43705 1.63805 -0.094754 1.09556 0.736425 0.932596 11.5308 22.8147 -0.785594 -1.09564 3.33772 19.8807 -2.38698 0.309522 0.926415 0.0589005 1.83354 0.817162 1.43809
internal_weight=370181 2923 367258 365463 42079 21124 1504 20955 700 597 19620 13520 10285 323384 9618 9298 9246 320 167 153 6100 1376 414 4724 143611 55824 28535 27289 21644 18354
internal_count=370181 2923 367258 365463 42079 21124 1504 20955 700 597 19620 13520 10285 323384 9618 9298 9246 320 167 153 6100 1376 414 4724 143611 55824 28535 27289 21644 18354
is_linear=0
shrinkage=0.05


Tree=132
num_leaves=31
num_cat=0
split_feature=8 9 9 3 10 9 1 10 11 0 3 3 8 9 0 10 0 3 0 8 3 1 1 11 0 11 11 9 10 8
split_gain=1.78627e+07 2.45144e+07 2.39031e+07 3.36405e+07 4.94077e+07 3.30101e+07 2.50647e+07 2.23751e+07 2.07869e+07 1.87055e+07 2.85395e+07 4.79018e+07 3.55371e+07 1.7646e+07 2.06737e+07 2.51007e+07 1.76272e+07 2.12003e+07 2.07422e+07 1.67416e+07 1.96566e+07 1.8254e+07 3.03562e+07 4.07435e+07 6.97469e+07 5.40269e+07 4.97321e+07 3.90203e+07 5.06421e+07 3.79391e+07
threshold=1750.47 1998.7498333333335 1592.5745000000004 37.500000000000007 2762.7666666666669 2138.2523333333338 1.0000000180025095e-35 2609.7166666666667 11502.295000000002 19.500000000000004 64.500000000000014 56.500000000000007 994.51571428571447 2041.4540000000004 25.500000000000004 2324.1500000000001 8.5000000000000018 14.500000000000002 6.5000000000000009 3218.1678571428579 9.5000000000000018 5.5000000000000009 4.5000000000000009 20009.920000000002 13.500000000000002 9063.4550000000017 15243.790000000003 2041.4540000000004 2469.5833333333335 2024.3085714285717
decision_type=2 2 2 2 2 2 2 2 2 2 2 2 2 2 2 2 2 2 2 2 2 2 2 2 2 2 2 2 2 2
left_child=2 -2 -1 4 5 6 -4 16 -7 -5 11 -11 -12 14 15 -14 17 -8 -19 20 -3 22 -22 24 25 -24 -27 -25 -29 -30
right_child=1 19 3 9 -6 8 7 -9 -10 10 12 -13 13 -15 -16 -17 -18 18 -20 -21 21 -23 23 27 -26 26 -28 28 29 -31
leaf_value=-0.0010865097065376732 -3.1079609579206524 7.7980921105730978 -3.1833026744053861 -0.59326412829198094 48.503012039371441 -41.420134750366216 30.003924305034133 40.158317787967519 -2.8036060764478603 15.951771497035374 47.195345954895025 -8.6543486172968471 5.4515187177295168 20.468114235126869 14.09711575191848 -16.949261015723732 14.095602580052097 2.0196054783825099 -32.036156886707651 -5.379804848446053 -0.050164082820979811 -4.2474837060921304 7.6935663673903925 56.705416369034076 14.567661781154696 -68.096192804437422 -6.6534808719367309 45.905970651453195 36.572786437302106 -1.3944043132993911
leaf_weight=338705 10753 934 341 5292 74 50 53 67 115 276 60 698 473 226 392 170 933 239 55 1191 6217 1854 91 59 305 78 57 99 82 333
leaf_count=338705 10753 934 341 5292 74 50 53 67 115 276 60 698 473 226 392 170 933 239 55 1191 6217 1854 91 59 305 78 57 99 82 333
internal_value=-0.0190533 -1.39904 0.0683426 2.54007 8.43955 6.8396 8.92607 11.9916 -14.5056 1.04167 4.81165 -1.68177 9.59938 7.81051 5.04663 -0.470927 10.5173 0.89598 -4.35137 0.227151 0.887739 0.184277 1.30659 8.94696 -1.03107 -22.0825 -42.1537 18.1936 13.773 6.10755
internal_weight=370272 22053 348219 9514 1927 1853 1688 1347 165 7587 2295 974 1321 1261 1035 643 1280 347 294 11300 10109 9175 7321 1104 531 226 135 573 514 415
internal_count=370272 22053 348219 9514 1927 1853 1688 1347 165 7587 2295 974 1321 1261 1035 643 1280 347 294 11300 10109 9175 7321 1104 531 226 135 573 514 415
is_linear=0
shrinkage=0.05


Tree=133
num_leaves=31
num_cat=0
split_feature=3 11 8 10 0 10 8 11 9 3 8 1 10 11 1 8 8 3 11 10 8 10 9 1 10 8 9 8 9 3
split_gain=1.42603e+07 1.96487e+07 1.61518e+07 2.14976e+07 2.02019e+07 2.52723e+07 3.65201e+07 4.12663e+07 2.25056e+07 3.75579e+07 2.54582e+07 1.8097e+07 1.77774e+07 1.60345e+07 1.81224e+07 1.87162e+07 1.86896e+07 1.52497e+07 1.50527e+07 1.48748e+07 2.13062e+07 1.59892e+07 2.99277e+07 1.446e+07 1.40535e+07 2.94885e+07 2.78299e+07 2.74354e+07 4.39625e+07 2.85175e+07
threshold=35.500000000000007 45915.240000000013 190.17785714285716 1564.416666666667 25.500000000000004 2394.6000000000004 1669.8157142857144 15809.935000000003 1880.9296666666669 256.50000000000006 2133.8221428571437 3.5000000000000004 2031.3000000000002 1916.8050000000001 1.0000000180025095e-35 1.0000000180025095e-35 57.010714285714293 64.500000000000014 9289.2850000000017 2812.8500000000008 2899.4528571428577 2090.7166666666667 2336.8835000000004 1.0000000180025095e-35 253.50000000000003 486.69928571428579 333.80383333333344 1972.967142857143 1697.2931666666666 14.500000000000002
decision_type=2 2 2 2 2 2 2 2 2 2 2 2 2 2 2 2 2 2 2 2 2 2 2 2 2 2 2 2 2 2
left_child=13 2 3 -2 -4 8 7 -7 -6 12 -11 -9 -10 -1 19 -16 -17 -3 -14 21 -21 -15 -23 -20 25 26 -18 28 29 -26
right_child=1 17 4 -5 5 6 -8 11 9 10 -12 -13 18 14 15 16 24 -19 23 20 -22 22 -24 -25 27 -27 -28 -29 -30 -31
leaf_value=-0.098636931435899744 0.38515944334140395 -8.0611620420210937 -0.70247015456866024 -30.882825154174459 0.69763172247145133 -6.2005044530649656 4.1310212197742722 20.289973617553713 -30.742936983443144 35.655827694469032 -1.5086260728538037 58.824121920267743 1.7505328712785997 -0.60727828608172085 -2.5770436546348794 9.5073170327512848 1.2483976119121398 -1.198800339109569 3.6265751505472572 38.635514398983553 -5.5932398454198307 -14.066848155916137 6.262986805255597 -19.855475585869492 5.3932922104907224 -2.257628223890578 9.328408932101695 -0.78184360628671212 10.919910110023018 0.90065608726983726
leaf_weight=53226 102731 1356 128864 55 25591 61 1309 50 114 72 128 78 206 6277 2670 760 14072 2009 83 56 53 596 260 312 5637 6085 1153 4953 1764 9460
leaf_count=53226 102731 1356 128864 55 25591 61 1309 50 114 72 128 78 206 6277 2670 760 14072 2009 83 56 53 596 260 312 5637 6085 1153 4953 1764 9460
internal_value=0.0300523 -0.167942 -0.118745 0.368428 -0.43796 0.77922 7.0975 27.6431 0.422139 -7.28292 11.8706 43.7717 -12.6405 0.516646 1.12541 1.48736 1.73465 -3.96414 -9.20681 -1.20135 17.1298 -1.48147 -7.8919 -14.9213 1.59767 0.684441 1.8603 2.4898 3.45086 2.57814
internal_weight=370041 263019 259654 102786 156868 28004 1498 189 26506 915 200 128 715 107022 53796 46554 43884 3365 601 7242 109 7133 856 395 43124 21310 15225 21814 16861 15097
internal_count=370041 263019 259654 102786 156868 28004 1498 189 26506 915 200 128 715 107022 53796 46554 43884 3365 601 7242 109 7133 856 395 43124 21310 15225 21814 16861 15097
is_linear=0
shrinkage=0.05


Tree=134
num_leaves=31
num_cat=0
split_feature=1 1 10 6 11 6 3 3 3 8 9 11 9 3 3 3 8 11 9 0 8 0 10 0 3 10 8 10 10 11
split_gain=1.17518e+07 3.16734e+07 6.14539e+07 4.46235e+07 2.69058e+07 3.31846e+07 2.51054e+07 2.46519e+07 2.79674e+07 2.35134e+07 2.10917e+07 2.07044e+07 2.02914e+07 1.91496e+07 3.62553e+07 4.01279e+07 3.85335e+07 6.72193e+07 3.45857e+07 4.28169e+07 3.38513e+07 3.33865e+07 3.06092e+07 4.03416e+07 3.00428e+07 2.98741e+07 2.76264e+07 2.61714e+07 2.3798e+07 2.98356e+07
threshold=5.5000000000000009 4.5000000000000009 721.21666666666681 3.5000000000000004 2317.2200000000007 1.5000000000000002 17.500000000000004 131.50000000000003 262.50000000000006 174.70785714285716 1697.2931666666666 8283.1350000000002 1270.8481666666669 262.50000000000006 68.500000000000014 45.500000000000007 1451.2592857142861 8101.5250000000005 1880.9296666666669 5.5000000000000009 1632.2000000000003 16.500000000000004 2010.5333333333335 21.500000000000004 59.500000000000007 2762.7666666666669 2024.3085714285717 2955.1166666666672 2548.1500000000001 27454.115000000002
decision_type=2 2 2 2 2 2 2 2 2 2 2 2 2 2 2 2 2 2 2 2 2 2 2 2 2 2 2 2 2 2
left_child=1 -1 -3 4 -4 9 10 -8 12 -6 -7 -10 -9 14 15 16 -11 -18 20 -20 22 28 -16 -24 -23 -15 -21 -27 -17 -30
right_child=-2 2 3 -5 5 6 7 8 11 13 -12 -13 -14 25 18 21 17 -19 19 26 -22 24 23 -25 -26 27 -28 -29 29 -31
leaf_value=-0.11658095431172483 -0.69093800074701983 0.38588557275350688 -6.6000736267546944 -37.623738064304476 34.045060793558761 15.612366912609492 6.7217342418125003 21.688725955756208 37.323174599647523 11.543837783068357 54.860693507898056 -1.4811482429504395 65.238179295151326 -6.0425507436024102 7.7074199472118812 -21.980069808507789 -28.097428865842922 4.0832954440968781 -14.969889530237172 45.068139058596472 -3.7183824842346129 9.8263705385409725 14.372284617790809 61.251106994871115 -6.2450954348624341 45.242218412432756 18.017673074741491 -3.8099262384267956 -24.597462081395093 26.950854517985135
leaf_weight=263276 53715 43141 483 62 66 78 970 53 50 1423 61 110 54 809 1652 348 186 1272 69 146 580 492 169 63 711 57 267 52 50 64
leaf_count=263276 53715 43141 483 62 66 78 970 53 50 1423 61 110 54 809 1652 348 186 1272 69 146 580 492 169 63 711 57 267 52 50 64
internal_value=-0.00708208 0.108864 1.2175 4.66818 4.92189 5.48676 12.6889 10.425 23.8786 4.31756 32.8365 10.6452 43.667 4.08427 4.91944 2.11943 5.69063 -0.0220644 9.24015 21.4891 6.84405 -4.05992 10.0958 27.1023 0.327773 -2.73174 27.5803 21.8412 -15.485 4.34194
internal_weight=370529 316814 53538 10397 10335 9852 1376 1237 267 8476 139 160 107 8410 7492 4546 2881 1458 2946 482 2464 1665 1884 232 1203 918 413 109 462 114
internal_count=370529 316814 53538 10397 10335 9852 1376 1237 267 8476 139 160 107 8410 7492 4546 2881 1458 2946 482 2464 1665 1884 232 1203 918 413 109 462 114
is_linear=0
shrinkage=0.05


Tree=135
num_leaves=31
num_cat=0
split_feature=8 11 9 9 3 11 10 8 9 9 0 8 8 0 11 3 11 11 8 10 0 0 9 3 8 3 11 8 0 3
split_gain=1.27294e+07 1.64738e+07 2.13957e+07 1.64108e+07 3.47284e+07 2.19442e+07 2.30649e+07 1.78418e+07 4.14229e+07 1.83364e+07 1.56114e+07 1.98808e+07 4.05394e+07 2.28986e+07 1.637e+07 2.2658e+07 1.85776e+07 2.10647e+07 3.03516e+07 1.54918e+07 1.70806e+07 1.47585e+07 2.26791e+07 1.45673e+07 1.42328e+07 2.8506e+07 2.80261e+07 3.0335e+07 2.29377e+07 2.07633e+07
threshold=2899.4528571428577 3937.6500000000001 1917.6366666666668 2194.8705000000004 4.5000000000000009 24530.555000000004 2519.2500000000005 1326.9885714285717 1341.3198333333337 1412.969166666667 2.5000000000000004 1234.1314285714288 1669.8157142857144 11.500000000000002 12198.740000000002 63.500000000000007 16431.460000000003 25929.405000000002 1518.4428571428573 1853.7000000000003 1.5000000000000002 7.5000000000000009 2422.4765000000002 260.50000000000006 2340.6650000000004 13.500000000000002 19100.720000000005 1593.7250000000001 23.500000000000004 261.50000000000006
decision_type=2 2 2 2 2 2 2 2 2 2 2 2 2 2 2 2 2 2 2 2 2 2 2 2 2 2 2 2 2 2
left_child=3 -2 -3 7 5 6 -5 8 -1 19 -6 13 14 -12 15 -13 -16 18 -18 20 -9 -19 -23 -10 25 26 -11 -28 29 -27
right_child=1 2 -4 4 10 -7 -8 9 23 24 11 12 -14 -15 16 -17 17 21 -20 -21 -22 22 -24 -25 -26 28 27 -29 -30 -31
leaf_value=0.0034996499434071962 10.819884669521581 -33.701907933142877 -3.9248528459318646 15.294001253063863 -6.463884759866275 0.41753429697270983 62.164591796443148 14.811204964433399 5.4771779763987478 12.416405308068279 -27.452112280804176 -14.418707551002502 1.6194459711091633 4.9244707841139572 40.315945280267954 17.238509769806495 -19.114425650308299 5.3801561143663195 25.963204193115235 -8.827781935321191 -2.8838329615861009 47.499912254333502 9.7370668989239331 -0.88617100111014546 -3.8106255094768522 -1.0213807131849657 35.122851685115272 -2.9802353548420597 2.427794901198518 -7.5212238138705736
leaf_weight=326985 184 62 2234 52 507 57 53 140 4704 869 115 100 4739 104 89 130 86 72 66 1145 5270 100 66 1112 2883 11687 56 777 4520 1373
leaf_count=326985 184 62 2234 52 507 57 53 140 4704 869 115 100 4739 104 89 130 86 72 66 1145 5270 100 66 1112 2883 11687 56 777 4520 1373
internal_value=-0.00514874 -3.57531 -4.72894 0.0189204 2.54156 25.3939 38.9525 -0.0252912 0.0778951 -1.22099 1.94194 2.69397 3.28773 -12.0769 14.4386 3.4745 19.7033 14.9993 0.458756 -3.54417 -2.42592 24.2858 32.4858 4.26053 -0.533942 -0.0440198 6.1346 -0.418683 -0.6422 -1.70471
internal_weight=370337 2480 2296 367857 6336 162 105 361521 332801 28720 6174 5667 5448 219 709 230 479 390 152 6555 5410 238 166 5816 22165 19282 1702 833 17580 13060
internal_count=370337 2480 2296 367857 6336 162 105 361521 332801 28720 6174 5667 5448 219 709 230 479 390 152 6555 5410 238 166 5816 22165 19282 1702 833 17580 13060
is_linear=0
shrinkage=0.05


Tree=136
num_leaves=31
num_cat=0
split_feature=10 8 11 11 9 0 8 9 1 3 10 9 8 9 8 6 8 8 0 9 8 1 3 11 3 10 0 1 11 3
split_gain=1.59136e+07 1.50335e+07 2.03798e+07 2.0507e+07 2.42523e+07 1.5516e+07 1.46507e+07 4.33911e+07 3.10444e+07 2.51858e+07 2.39045e+07 1.99796e+07 1.92097e+07 2.18858e+07 2.23498e+07 1.80894e+07 5.21096e+07 2.6841e+07 2.54133e+07 3.01853e+07 4.21502e+07 3.51948e+07 3.36672e+07 2.32819e+07 3.66598e+07 2.43347e+07 1.79671e+07 1.75239e+07 1.72921e+07 1.67369e+07
threshold=3076.1000000000008 2693.3414285714293 11846.610000000002 19100.720000000005 2422.4765000000002 9.5000000000000018 1669.8157142857144 1341.3198333333337 2.5000000000000004 18.500000000000004 2241.0833333333335 1697.2931666666666 1145.382142857143 1121.5418333333334 911.86785714285713 1.5000000000000002 1632.2000000000003 558.29571428571444 14.500000000000002 2194.8705000000004 1483.5285714285715 5.5000000000000009 47.500000000000007 13772.890000000001 54.500000000000007 1922.3833333333334 19.500000000000004 5.5000000000000009 3881.0350000000003 27.500000000000004
decision_type=2 2 2 2 2 2 2 2 2 2 2 2 2 2 2 2 2 2 2 2 2 2 2 2 2 2 2 2 2 2
left_child=6 2 -2 -4 5 -5 7 12 26 10 -10 -8 13 -1 -15 17 23 -11 -19 21 -21 22 -20 24 25 -17 -9 -25 -28 -13
right_child=1 -3 3 4 -6 -7 11 8 9 15 -12 29 -14 14 -16 16 -18 18 19 20 -22 -23 -24 27 -26 -27 28 -29 -30 -31
leaf_value=-0.032077150490264154 -17.428982435488233 -2.3212347906364026 45.442997184166543 9.2977599184278041 1.3084463495844683 40.560168550279407 -3.8353977893210125 -1.6904158880412785 10.195112203255333 30.259839396530325 37.488516146727285 2.0916254673780541 -2.3589067806963739 9.6771610067916054 0.9573485529404977 17.633131515432936 51.828323812070096 -0.46840527862763337 -2.0536723702827806 3.7311613594613426 57.189920280940498 -3.1728164225693067 12.283077930392928 4.5618754510466317 5.7581358250574022 54.936141500081106 -12.787046281107656 -16.606146825372708 5.2410989941356068 -1.3289724859044334
leaf_weight=318942 51 265 52 71 223 90 5580 4391 423 89 99 4875 8799 1158 2011 109 69 3290 562 82 67 964 1509 414 423 73 143 128 1904 13422
leaf_count=318942 51 265 52 71 223 90 5580 4391 423 89 99 4875 8799 1158 2011 109 69 3290 562 82 67 964 1509 414 423 73 143 128 1904 13422
internal_value=-0.00368687 7.26246 12.4774 15.9756 11.9853 26.7736 -0.0184738 0.0642726 2.71872 4.73958 15.3714 -1.21633 -0.0539585 0.00900506 4.1437 4.02615 9.62765 2.98829 2.61338 5.79777 27.7697 4.71908 8.39256 7.08899 13.8315 32.5953 0.113061 -0.437215 3.98168 -0.417598
internal_weight=370278 752 487 436 384 161 369526 345649 14739 8301 522 23877 330910 322111 3169 7779 1216 6563 6474 3184 149 3035 2071 1147 605 182 6438 542 2047 18297
internal_count=370278 752 487 436 384 161 369526 345649 14739 8301 522 23877 330910 322111 3169 7779 1216 6563 6474 3184 149 3035 2071 1147 605 182 6438 542 2047 18297
is_linear=0
shrinkage=0.05


Tree=137
num_leaves=31
num_cat=0
split_feature=1 1 10 6 11 11 10 3 3 3 0 3 0 11 11 10 0 10 11 10 10 11 11 10 11 10 9 6 11 10
split_gain=1.26368e+07 2.7967e+07 6.04203e+07 4.70614e+07 3.01037e+07 2.02618e+07 1.7903e+07 2.97356e+07 3.00273e+07 4.88844e+07 3.52022e+07 3.1924e+07 4.83083e+07 2.84731e+07 2.63831e+07 2.73329e+07 3.16861e+07 1.7243e+07 1.71441e+07 1.68383e+07 2.34956e+07 1.65595e+07 1.63199e+07 1.5686e+07 1.5635e+07 1.54145e+07 1.5369e+07 2.78778e+07 5.304e+07 1.45401e+07
threshold=5.5000000000000009 4.5000000000000009 721.21666666666681 3.5000000000000004 2431.5150000000008 18339.145 2762.7666666666669 262.50000000000006 68.500000000000014 45.500000000000007 16.500000000000004 59.500000000000007 20.500000000000004 7629.7500000000009 23225.890000000003 2955.1166666666672 19.500000000000004 2469.5833333333335 38560.455000000009 2680.8833333333337 2641.9333333333338 24530.555000000004 15243.790000000003 2071.4333333333338 4002.1250000000005 913.35000000000002 1804.4843333333336 1.5000000000000002 8101.5250000000005 1745.4833333333336
decision_type=2 2 2 2 2 2 2 2 2 2 2 2 2 2 2 2 2 2 2 2 2 2 2 2 2 2 2 2 2 2
left_child=1 21 -3 4 25 -2 7 8 9 19 -11 18 -13 -14 15 16 -8 24 23 20 26 -1 -19 -12 -9 -4 -6 28 -28 -26
right_child=5 2 3 -5 6 -7 14 17 -10 10 11 12 13 -15 -16 -17 -18 22 -20 -21 -22 -23 -24 -25 29 -27 27 -29 -30 -31
leaf_value=0.0013244382852167867 -0.4175540511018041 0.34286662588197658 -0.57806454647087058 -38.48715590371026 8.9392893018640258 -3.9756545621673363 64.630837993489379 24.91439558012145 9.5698793899473014 -14.839318031335026 7.8663461928849392 10.212916033891403 6.0328567725640765 -23.522284655973138 6.4707435149920958 2.7731186412629629 13.119164747350357 -41.377900393504021 -16.308137587138585 -16.108049608531754 41.711104822158816 -1.8404039437689457 -6.7472913691872058 28.307531838263237 -9.4519363832762959 -18.729305099911159 -40.801941617329916 25.303915124298427 2.5801162658075993 4.6333146823209956
leaf_weight=250131 49241 43194 334 63 2434 4355 72 56 3342 477 386 283 108 332 370 63 51 53 56 76 50 12831 95 124 371 180 84 93 437 362
leaf_count=250131 49241 43194 334 63 2434 4355 72 56 3342 477 386 283 108 332 370 63 51 53 56 76 50 12831 95 124 371 180 84 93 437 362
internal_value=0.00332086 0.123548 1.16511 4.59592 4.85972 -0.706671 5.4799 4.9544 5.90955 3.43326 -3.2348 1.0595 -5.90262 -16.2678 14.1931 29.5549 43.2723 -3.48797 9.95281 7.14335 7.71375 -0.0885411 -19.1488 12.8364 -0.55032 -6.93453 7.15605 0.0869899 -4.4143 -2.49578
internal_weight=370104 316508 53546 10352 10289 53596 9775 9219 8282 4940 1766 1289 723 440 556 186 123 937 566 3174 3098 262962 148 510 789 514 3048 614 521 733
internal_count=370104 316508 53546 10352 10289 53596 9775 9219 8282 4940 1766 1289 723 440 556 186 123 937 566 3174 3098 262962 148 510 789 514 3048 614 521 733
is_linear=0
shrinkage=0.05


Tree=138
num_leaves=31
num_cat=0
split_feature=11 10 3 8 4 0 1 6 6 0 11 11 8 10 7 3 10 6 11 4 11 3 0 10 8 3 10 8 8 11
split_gain=1.37441e+07 1.41242e+07 1.30635e+07 2.16733e+07 2.11388e+07 2.06889e+07 1.72395e+07 2.0385e+07 4.22562e+07 8.04274e+07 3.61078e+07 2.41085e+07 3.44754e+07 2.27699e+07 1.85163e+07 4.14331e+07 1.68033e+07 6.55834e+07 3.57643e+07 3.17113e+07 2.31849e+07 1.77101e+07 2.49779e+07 1.68731e+07 1.53467e+07 1.46389e+07 2.25359e+07 3.68747e+07 4.46734e+07 4.04287e+07
threshold=55972.670000000006 2071.4333333333338 14.500000000000002 194.57285714285717 2.5000000000000004 25.500000000000004 1.0000000180025095e-35 14.500000000000002 9.5000000000000018 18.500000000000004 1748.2350000000004 1030.575 343.33285714285722 260.16666666666669 23.500000000000004 8.5000000000000018 317.50000000000006 4.5000000000000009 10302.135000000002 1.5000000000000002 4643.255000000001 47.500000000000007 15.500000000000002 38.833333333333336 503.59714285714296 82.500000000000014 2031.3000000000002 1669.8157142857144 1326.9885714285717 23225.890000000003
decision_type=2 2 2 2 2 2 2 2 2 2 2 2 2 2 2 2 2 2 2 2 2 2 2 2 2 2 2 2 2 2
left_child=2 -2 4 16 6 -5 -1 8 11 -10 -11 14 -13 24 -8 -16 23 18 19 20 -18 -22 -23 -4 -14 -7 -27 28 -28 -30
right_child=1 -3 3 5 -6 25 7 -9 9 10 -12 12 13 -15 15 -17 17 -19 -20 -21 21 22 -24 -25 -26 26 27 -29 29 -31
leaf_value=-1.3508216891187372 3.7689528942108157 -5.0773995095370665 0.5679453827399058 -0.67112080820457454 -1.6781234743022542 -0.2224381859004308 -1.2190836403582497 -1.3620276260212862 0.039604727111542767 31.1108322333728 -0.38744464131583156 9.4858953126986361 4.2901439888309056 3.6910100872396416 27.994542585927888 -3.8647945808177173 3.9576620186462339 -11.566754354903903 45.216794866885778 -10.425580922652481 -1.834462132147693 10.497711016515796 38.152460173706508 -0.8552704862935141 -1.535615785724876 1.1858822670201123 -0.40446130661737351 4.1186452192095047 20.287130432128908 72.270450733602047
leaf_weight=5103 556 2394 98249 158339 6952 19650 6738 4385 731 467 113 1765 1470 9306 177 241 5698 722 53 361 109 209 134 26427 4894 13482 105 1327 90 64
leaf_count=5103 556 2394 98249 158339 6952 19650 6738 4385 731 467 113 1765 1470 9306 177 241 5698 722 53 361 109 209 134 26427 4894 13482 105 1327 90 64
internal_value=-0.0108629 -3.41009 0.0164337 -0.0911841 0.842513 -0.428751 1.33767 1.79064 2.32437 11.0709 24.9741 1.85807 2.86105 2.11485 -0.585602 9.62588 0.402667 2.73661 4.30989 3.9769 4.82232 15.7223 21.3016 0.266273 -0.189942 0.676631 1.8491 7.48684 24.7439 41.8906
internal_weight=370311 2950 367361 325019 42342 193057 35390 30287 25902 1311 580 24591 17435 15670 7156 418 131962 7286 6564 6511 6150 452 343 124676 6364 34718 15068 1586 259 154
internal_count=370311 2950 367361 325019 42342 193057 35390 30287 25902 1311 580 24591 17435 15670 7156 418 131962 7286 6564 6511 6150 452 343 124676 6364 34718 15068 1586 259 154
is_linear=0
shrinkage=0.05


Tree=139
num_leaves=31
num_cat=0
split_feature=8 9 8 9 8 9 8 10 8 11 11 1 10 0 6 8 10 11 10 10 11 10 8 8 11 1 11 0 8 10
split_gain=1.35371e+07 2.46918e+07 2.40952e+07 3.03923e+07 1.84829e+07 2.19198e+07 1.4908e+07 2.95969e+07 2.27756e+07 1.52985e+07 1.39698e+07 1.37822e+07 1.32895e+07 1.30705e+07 2.41486e+07 1.76432e+07 1.94934e+07 1.38998e+07 1.96542e+07 2.76292e+07 2.39957e+07 1.83893e+07 3.57787e+07 2.0478e+07 1.30702e+07 1.75332e+07 1.7759e+07 1.84792e+07 2.09612e+07 4.28464e+07
threshold=2693.3414285714293 2041.4540000000004 1554.1278571428572 1341.3198333333337 1066.9100000000003 1087.7610000000002 1117.6485714285716 2469.5833333333335 1174.069285714286 3568.3200000000002 10302.135000000002 1.0000000180025095e-35 2348.0500000000006 19.500000000000004 2.5000000000000004 1265.0907142857145 2494.5000000000005 9289.2850000000017 2220.0000000000005 2418.9166666666674 7102.0150000000003 3076.1000000000008 2133.8221428571437 1355.9100000000001 13348.465000000002 3.5000000000000004 38560.455000000009 21.500000000000004 2078.5514285714294 2494.5000000000005
decision_type=2 2 2 2 2 2 2 2 2 2 2 2 2 2 2 2 2 2 2 2 2 2 2 2 2 2 2 2 2 2
left_child=1 2 3 4 5 -1 7 -3 -8 -10 -9 12 -5 15 17 16 -11 18 -15 20 -20 23 -23 -19 -25 -26 27 -27 29 -29
right_child=-2 6 -4 11 -6 -7 8 10 9 13 -12 -13 -14 14 -16 -17 -18 21 19 -21 -22 22 -24 24 25 26 -28 28 -30 -31
leaf_value=0.015056910372922365 -2.9410387138632181 10.295362513673073 -1.8777863450390653 -0.045292855133238719 -2.0350734624135263 4.3611881860313035 29.986337904496629 -5.1747740203259038 -5.5226424984619999 1.3026820619227524 -38.661304235458374 3.5917476203457137 -17.244954325358076 -2.7249011144330426 38.396188766615737 2.1561428161069314 -41.131489141464236 29.210787709554037 17.705962655982194 7.0031268963347317 56.035109214782715 -5.3152183744642478 43.126488400682994 -6.9800184063052617 -1.858225983720255 -3.8883045103916758 -2.1077678007238054 7.6966838944585705 9.4664813185366583 56.410853346004046
leaf_weight=316415 3836 102 16666 1752 10941 2928 77 51 535 59 80 8491 120 155 56 5387 50 69 98 230 70 72 81 372 844 130 289 95 313 86
leaf_count=316415 3836 102 16666 1752 10941 2928 77 51 535 59 80 8491 120 155 56 5387 50 69 98 230 70 72 81 372 844 130 289 95 313 86
internal_value=0.0137972 0.0447146 -0.0214892 0.0693293 -0.0143269 0.0549058 2.58804 -9.89996 2.90891 2.67702 -25.6246 2.73558 -1.14784 3.1958 5.87442 1.75317 -18.1625 5.24728 12.3797 18.2622 33.6764 3.56958 20.3304 2.40288 1.53405 3.33669 8.139 12.8847 17.2986 30.8426
internal_weight=370450 366614 357313 340647 330284 319343 9301 233 9068 8991 131 10363 1872 8456 2960 5496 109 2904 553 398 168 2351 153 2198 2129 1757 913 624 494 181
internal_count=370450 366614 357313 340647 330284 319343 9301 233 9068 8991 131 10363 1872 8456 2960 5496 109 2904 553 398 168 2351 153 2198 2129 1757 913 624 494 181
is_linear=0
shrinkage=0.05


Tree=140
num_leaves=31
num_cat=0
split_feature=3 11 10 10 11 3 9 8 3 3 11 0 3 1 3 1 11 0 8 10 10 3 11 11 9 3 8 8 3 6
split_gain=1.13877e+07 1.70919e+07 1.42301e+07 1.6021e+07 1.55879e+07 1.56505e+07 1.37613e+07 2.37794e+07 1.34454e+07 1.87124e+07 2.27949e+07 1.95625e+07 1.79446e+07 1.68354e+07 1.31262e+07 1.25284e+07 1.23132e+07 1.13813e+07 1.65915e+07 1.36928e+07 1.33279e+07 1.39593e+07 2.71586e+07 2.48945e+07 2.24736e+07 4.42397e+07 4.70857e+07 2.12945e+07 1.60288e+07 1.49437e+07
threshold=42.500000000000007 42026.485000000008 2720.4666666666672 2762.7666666666669 7768.1650000000009 53.500000000000007 2194.8705000000004 1554.1278571428572 107.50000000000001 91.500000000000014 23225.890000000003 27.500000000000004 269.50000000000006 3.5000000000000004 71.500000000000014 4.5000000000000009 31067.535000000003 19.500000000000004 165.86571428571429 754.36666666666679 2609.7166666666667 59.500000000000007 11502.295000000002 6599.3550000000005 1880.9296666666669 136.50000000000003 1234.1314285714288 2340.6650000000004 50.500000000000007 3.5000000000000004
decision_type=2 2 2 2 2 2 2 2 2 2 2 2 2 2 2 2 2 2 2 2 2 2 2 2 2 2 2 2 2 2
left_child=-1 2 17 -4 -5 15 14 -8 9 10 11 -7 -10 -14 -3 -6 -12 18 19 -2 21 22 -20 -23 29 26 -26 -28 -24 -25
right_child=1 6 3 4 5 8 7 -9 12 -11 16 -13 13 -15 -16 -17 -18 -19 20 -21 -22 23 28 24 25 -27 27 -29 -30 -31
leaf_value=0.38047908956916487 0.30651658417685435 -9.8657538683123711 13.133436415691651 -9.9434626798214758 -0.081867649516121299 10.893683966997628 24.907813983060876 -1.0903400416766014 -6.6241530160541124 31.226389469559663 -10.992194167912356 43.716155650218326 -1.0897083930547724 21.24671221684806 -2.6980861856311473 -23.406160220078061 10.278246758891418 0.23888687966989616 -1.255478092669307 -11.354344428198139 -7.4312439986891405 -1.1491664633348797 -4.4831821775114218 -0.46017827224379221 54.708848614352092 -5.146820077083631 11.394790998466114 -1.4173939953660679 -13.393924219897741 2.7201488516344803
leaf_weight=128427 50972 1025 382 242 183 223 98 858 368 97 171 57 181 158 1695 84 113 94042 12738 253 769 51578 1850 15742 56 716 1266 436 694 4826
leaf_count=128427 50972 1025 382 242 183 223 98 858 368 97 171 57 181 158 1695 84 113 94042 12738 253 769 51578 1850 15742 56 716 1266 436 694 4826
internal_value=-3.94738e-05 -0.202083 -0.149868 3.79967 1.9001 3.65309 -3.58547 1.57474 5.81426 10.9408 7.45193 17.5754 1.02129 9.32078 -5.39914 -7.41985 -2.52896 -0.187683 -0.470394 0.248924 -0.876776 -0.820711 -2.19746 -0.538756 0.827606 5.32999 9.59699 8.1127 -6.91402 0.286042
internal_weight=370300 241873 238197 2259 1877 1635 3676 956 1368 661 564 280 707 339 2720 267 284 235938 141896 51225 90671 89902 15282 74620 23042 2474 1758 1702 2544 20568
internal_count=370300 241873 238197 2259 1877 1635 3676 956 1368 661 564 280 707 339 2720 267 284 235938 141896 51225 90671 89902 15282 74620 23042 2474 1758 1702 2544 20568
is_linear=0
shrinkage=0.05


Tree=141
num_leaves=31
num_cat=0
split_feature=3 9 8 11 4 9 8 10 6 9 11 6 8 9 11 3 10 3 6 7 8 9 8 11 3 8 8 10 3 6
split_gain=1.09483e+07 1.37324e+07 3.91207e+07 5.92535e+07 7.26197e+07 3.48212e+07 3.14014e+07 3.129e+07 3.11026e+07 4.00992e+07 2.90126e+07 5.44843e+07 2.70005e+07 2.65192e+07 2.65932e+07 2.5277e+07 2.23756e+07 2.3886e+07 2.10055e+07 2.04972e+07 2.05288e+07 2.03212e+07 2.84148e+07 2.01925e+07 2.23953e+07 2.00678e+07 1.97121e+07 1.93898e+07 1.86626e+07 1.80249e+07
threshold=261.50000000000006 323.79466666666673 460.52000000000004 1213.2750000000003 1.5000000000000002 573.2266666666668 683.51857142857148 509.16666666666669 1.5000000000000002 530.63900000000001 8101.5250000000005 2.5000000000000004 216.77071428571432 177.0471666666667 1159.6450000000002 13.500000000000002 971.95000000000016 67.500000000000014 30.500000000000004 2.5000000000000004 703.61000000000013 769.2596666666667 73.790000000000006 18339.145 44.500000000000007 233.47142857142859 310.66500000000002 1584.0166666666669 14.500000000000002 1.5000000000000002
decision_type=2 2 2 2 2 2 2 2 2 2 2 2 2 2 2 2 2 2 2 2 2 2 2 2 2 2 2 2 2 2
left_child=1 12 3 18 7 19 27 10 9 26 -5 -12 13 -1 -15 -8 -17 23 -3 20 -4 -6 -23 29 -25 -20 -9 -7 -13 -18
right_child=-2 2 5 4 21 6 15 8 -10 -11 11 28 -14 14 -16 16 17 -19 25 -21 -22 22 -24 24 -26 -27 -28 -29 -30 -31
leaf_value=-0.31027112710242988 -0.76335026365210723 -0.2336973233583132 -1.9886378551188633 2.0127402484768484 -5.5115001108292434 3.1134982606681318 2.6259525248837203 11.815752284336485 -0.56895536592392515 18.463249483395622 0.72490012661899839 43.406829819855872 -0.97805258998769729 0.14088254738823444 2.555200695715496 -3.3722026458352348 -0.3438307642690952 1.4135393968117116 25.051961889719735 -0.13414144651924828 -7.32718210302221 -22.213134257107566 11.998490874883203 -0.56094704224841485 -4.7771400230259307 -7.3315792588220123 4.609179016532039 20.325065682319824 13.447292434237632 4.6019092231276444
leaf_weight=73544 39779 22137 14310 9734 2472 8117 8957 1453 964 955 1400 54 66374 25547 20605 5170 10899 19679 156 15758 2060 73 360 7693 5333 69 2735 167 1390 2217
leaf_count=73544 39779 22137 14310 9734 2472 8117 8957 1453 964 955 1400 54 66374 25547 20605 5170 10899 19679 156 15758 2060 73 360 7693 5333 69 2735 167 1390 2217
internal_value=0.0203129 0.114668 0.480703 1.72468 3.59307 -0.06409 0.574996 4.73647 7.67289 9.21773 3.31075 7.75336 -0.16922 0.279295 1.21878 0.176262 -0.254046 0.0977763 -0.0792027 -1.42135 -2.66044 -3.76128 6.23071 -0.892695 -2.28711 15.121 7.10945 3.46047 14.5677 0.492149
internal_weight=370161 330382 144312 43952 21590 100360 68232 18685 6107 5143 12578 2844 186070 119696 46152 59948 50991 45821 22362 32128 16370 2905 433 26142 13026 225 4188 8284 1444 13116
internal_count=370161 330382 144312 43952 21590 100360 68232 18685 6107 5143 12578 2844 186070 119696 46152 59948 50991 45821 22362 32128 16370 2905 433 26142 13026 225 4188 8284 1444 13116
is_linear=0
shrinkage=0.05


Tree=142
num_leaves=31
num_cat=0
split_feature=8 9 3 1 11 10 0 1 8 8 3 1 3 10 11 3 3 3 8 11 3 0 0 10 1 11 3 8 9 9
split_gain=1.33968e+07 2.09043e+07 2.07746e+07 2.02255e+07 1.9069e+07 2.81711e+07 3.41053e+07 2.50638e+07 3.01313e+07 1.90193e+07 1.86208e+07 2.06061e+07 1.87765e+07 1.64093e+07 1.6388e+07 1.61511e+07 1.58203e+07 4.66361e+07 3.37818e+07 1.94286e+07 2.53198e+07 1.6558e+07 1.92605e+07 2.99827e+07 1.52434e+07 1.56341e+07 1.40491e+07 1.91795e+07 1.83317e+07 1.39604e+07
threshold=2078.5514285714294 1880.9296666666669 7.5000000000000009 1.0000000180025095e-35 24530.555000000004 1878.4333333333336 29.500000000000004 4.5000000000000009 1632.2000000000003 1042.8514285714289 10.500000000000002 2.5000000000000004 37.500000000000007 2548.1500000000001 4269.4150000000009 36.500000000000007 137.50000000000003 256.50000000000006 1709.7935714285716 8472.3050000000021 37.500000000000007 13.500000000000002 27.500000000000004 2071.4333333333338 5.5000000000000009 11502.295000000002 29.500000000000004 1972.967142857143 1519.3770000000002 1697.2931666666666
decision_type=2 2 2 2 2 2 2 2 2 2 2 2 2 2 2 2 2 2 2 2 2 2 2 2 2 2 2 2 2 2
left_child=1 4 -3 -4 5 -1 10 8 -8 -6 -7 12 15 16 -5 -12 19 18 -18 20 -13 -21 -23 -24 29 -26 27 28 -11 -2
right_child=24 2 3 14 9 6 7 -9 -10 26 11 13 -14 -15 -16 -17 17 -19 -20 21 -22 22 23 -25 25 -27 -28 -29 -30 -31
leaf_value=0.010737722611286436 -6.2165953022751879 30.118892254548918 -2.4783356288306049 -6.2439261525945984 0.95164365945022089 21.206307983398439 54.004742447535193 -5.3136685117598503 12.291920110230805 -2.2397894184202403 4.1637414659090162 35.070609695911408 -3.2413155416272725 28.577356080605952 4.3579624159656767 32.583600225882094 59.759793084546146 2.8563282249895341 8.0373283668800646 -3.0030154200950991 5.8017269581872251 7.2285712803330133 9.7443067631089555 -33.430677858988446 2.1179126995877535 -8.3935623788187872 -4.8373403251384985 -15.611069634822028 6.991681275206922 -0.27456403465415274
leaf_weight=331331 1098 68 1693 389 3758 132 81 62 93 1608 549 100 2120 71 5788 55 76 326 54 1172 283 1218 83 78 473 1403 5330 191 808 9910
leaf_count=331331 1098 68 1693 389 3758 132 81 62 93 1608 549 100 2120 71 5788 55 76 326 54 1172 283 1218 83 78 473 1403 5330 191 808 9910
internal_value=0.0067703 0.063854 2.60107 2.3633 0.00624069 0.074944 3.32132 21.9834 31.71 -1.97869 2.62412 2.22754 -1.02555 4.7879 3.6903 6.75164 4.28965 12.9538 38.2751 2.94308 13.4437 1.36654 5.08019 -11.1728 -1.57724 -5.74328 -3.36614 -0.358273 0.847557 -0.867256
internal_weight=370401 357517 7938 7870 349579 337884 6553 236 174 11695 6317 6185 2724 3461 6177 604 3390 456 130 2934 383 2551 1379 161 12884 1876 7937 2607 2416 11008
internal_count=370401 357517 7938 7870 349579 337884 6553 236 174 11695 6317 6185 2724 3461 6177 604 3390 456 130 2934 383 2551 1379 161 12884 1876 7937 2607 2416 11008
is_linear=0
shrinkage=0.05


Tree=143
num_leaves=31
num_cat=0
split_feature=8 10 9 3 8 6 1 0 9 8 6 4 10 10 3 8 10 3 4 9 9 7 8 9 10 9 8 9 0 7
split_gain=1.5398e+07 1.93422e+07 1.33232e+07 2.17409e+07 2.02359e+07 1.6783e+07 1.8761e+07 1.40742e+07 1.26557e+07 3.96915e+07 3.09124e+07 3.34259e+07 3.53532e+07 3.50164e+07 3.09916e+07 2.97967e+07 2.90898e+07 2.3436e+07 2.31757e+07 2.23241e+07 2.10655e+07 2.06629e+07 2.03781e+07 2.99904e+07 1.92907e+07 3.42182e+07 1.8053e+07 2.81072e+07 1.62585e+07 2.95216e+07
threshold=2266.1771428571433 3076.1000000000008 2422.4765000000002 11.500000000000002 2899.4528571428577 1.5000000000000002 1.5000000000000002 3.5000000000000004 544.41850000000011 607.57571428571441 1.5000000000000002 1.5000000000000002 1468.116666666667 631.36666666666679 104.50000000000001 379.8314285714286 383.83333333333343 22.500000000000004 1.5000000000000002 1341.3198333333337 1841.156666666667 2.5000000000000004 1518.4428571428573 1519.3770000000002 74.833333333333357 323.79466666666673 585.21357142857153 431.04400000000004 5.5000000000000009 1.0000000180025095e-35
decision_type=2 2 2 2 2 2 2 2 2 2 2 2 2 2 2 2 2 2 2 2 2 2 2 2 2 2 2 2 2 2
left_child=1 8 7 4 -4 6 -6 -2 15 10 11 13 -13 -10 19 16 24 20 -18 -14 22 26 23 -11 25 -1 27 -17 -27 -30
right_child=2 -3 3 -5 5 -7 -8 -9 9 17 -12 12 14 -15 -16 21 18 -19 -20 -21 -22 -23 -24 -25 -26 28 -28 -29 29 -31
leaf_value=0.0099438006438500558 4.8135298667295325 12.521243155960867 29.640756746329885 -1.5341900961335042 -12.161687844016335 24.903301003809727 9.3941069481923023 -3.9573073874955487 3.2061043296376539 2.1164534699095672 0.30367766226426696 -0.52653469962093691 55.567066813226965 11.904726241606397 1.456905986070633 -3.2282933985418207 2.2169891268212827 -0.36568070999699881 -7.1044258337235426 15.59819479119288 8.6332088817327115 -0.3234773990579034 -2.0459497098285371 17.163674709364042 -1.1437730997791626 -0.66860510746504598 -4.7448871377917223 0.53683313496004315 15.983134381741776 3.2885080613472426
leaf_weight=157025 496 311 101 2057 165 89 260 5875 2181 7244 5792 2853 67 2464 140 10673 20714 51905 689 73 1119 37425 3030 347 32186 2346 5375 9255 488 7443
leaf_count=157025 496 311 101 2057 165 89 260 5875 2181 7244 5792 2853 67 2464 140 10673 20714 51905 689 73 1119 37425 3030 347 32186 2346 5375 9255 488 7443
internal_value=0.00628019 0.0573079 -2.03158 0.931913 9.18032 5.15989 1.02539 -3.27447 0.0465653 0.614079 3.06913 5.12846 1.13738 7.8204 18.0915 -0.10794 0.165164 0.0906286 1.91692 34.7262 2.10807 -1.06965 1.4206 2.80429 -0.0227807 0.192879 -2.1733 -1.47969 2.98799 4.06962
internal_weight=370188 361145 9043 2672 615 514 425 6371 360834 77215 13570 7778 3133 4645 280 283619 220891 63645 21403 140 11740 62728 10621 7591 199488 167302 25303 19928 10277 7931
internal_count=370188 361145 9043 2672 615 514 425 6371 360834 77215 13570 7778 3133 4645 280 283619 220891 63645 21403 140 11740 62728 10621 7591 199488 167302 25303 19928 10277 7931
is_linear=0
shrinkage=0.05


Tree=144
num_leaves=31
num_cat=0
split_feature=8 7 10 11 10 11 3 3 1 1 11 8 10 8 9 3 11 9 3 10 8 10 0 3 3 0 0 10 9 11
split_gain=1.59795e+07 1.34828e+07 1.81541e+07 1.28227e+07 1.28266e+07 2.38012e+07 1.27269e+07 1.18468e+07 1.16978e+07 2.16991e+07 5.18658e+07 3.14597e+07 4.4054e+07 2.25543e+07 1.97672e+07 2.83085e+07 3.27702e+07 1.99149e+07 1.84524e+07 3.66582e+07 1.65939e+07 2.26416e+07 1.61899e+07 1.60593e+07 3.3956e+07 3.59815e+07 3.39579e+07 2.46045e+07 2.21976e+07 1.99096e+07
threshold=3218.1678571428579 26.500000000000004 167.16666666666669 3815.8050000000007 2444.1500000000001 10040.765000000001 9.5000000000000018 6.5000000000000009 5.5000000000000009 4.5000000000000009 4959.6550000000007 16.214285714285719 333.35000000000008 1451.2592857142861 2336.8835000000004 45.500000000000007 21033.945000000003 2530.8520000000003 31.500000000000004 2641.9333333333338 1972.967142857143 2872.6833333333338 15.500000000000002 68.500000000000014 59.500000000000007 20.500000000000004 6.5000000000000009 1832.116666666667 2087.0383333333334 15243.790000000003
decision_type=2 2 2 2 2 2 2 2 2 2 2 2 2 2 2 2 2 2 2 2 2 2 2 2 2 2 2 2 2 2
left_child=1 8 6 -2 5 -5 -3 -7 9 -1 13 12 -12 -11 18 -16 -17 -18 19 -13 21 -10 -21 24 26 -26 29 -27 -28 -20
right_child=3 2 -4 4 -6 7 -8 -9 20 10 11 14 -14 -15 15 16 17 -19 23 22 -22 -23 -24 -25 25 27 28 -29 -30 -31
leaf_value=0.019988766046378403 12.555352399590312 6.070652380960329 -4.4070092389486941 -38.863746343340196 -4.3704347836944439 10.886753244248649 -0.78989350594976571 -17.017024619380631 -0.46819848119968577 0.28559380802910644 -3.7156563124222353 6.2671135401339839 -53.588382282257079 -13.368804982177549 -13.719399305936452 5.7174514037401734 51.331801482210771 18.234771705486558 1.1204542691680206 16.459283681185742 -4.9707755773208548 25.513292694091799 55.359243336430303 4.4813502065074058 1.6408961015977839 -8.0186936212536892 5.2631053236871423 -31.641865338439153 -15.145746466602597 -30.580193713644277
leaf_weight=245082 89 700 3597 84 888 63 19717 96 47939 35884 387 2780 50 305 74 192 94 88 87 53 2093 84 54 5954 469 257 2756 193 140 115
leaf_count=245082 89 700 3597 84 888 63 19717 96 47939 35884 387 2780 50 305 74 192 94 88 87 53 2093 84 54 5954 469 257 2756 193 140 115
internal_value=-0.00502245 0.0138583 -1.13171 -5.7179 -7.15585 -17.3347 -0.554679 -5.96081 0.0935665 0.213543 1.16357 3.77855 -9.42192 0.170515 4.21209 14.5365 20.1273 35.3288 3.85236 7.37247 -0.612692 -0.422753 36.091 2.83315 0.390183 -8.05017 2.89395 -18.1504 4.27649 -16.9269
internal_weight=370364 369144 24014 1220 1131 243 20417 159 345130 295014 49932 13743 437 36189 13306 448 374 182 12858 2887 50116 48023 107 9971 4017 919 3098 450 2896 202
internal_count=370364 369144 24014 1220 1131 243 20417 159 345130 295014 49932 13743 437 36189 13306 448 374 182 12858 2887 50116 48023 107 9971 4017 919 3098 450 2896 202
is_linear=0
shrinkage=0.05


Tree=145
num_leaves=31
num_cat=0
split_feature=8 11 10 1 7 10 11 6 8 8 11 10 0 7 8 6 11 3 10 0 10 5 7 3 8 6 3 3 3 3
split_gain=1.10711e+07 1.93379e+07 1.76168e+07 2.43456e+07 1.13404e+07 1.2647e+07 1.20156e+07 2.77817e+07 2.46285e+07 4.12391e+07 2.59256e+07 2.14955e+07 2.18163e+07 2.13389e+07 2.58839e+07 3.18684e+07 2.50944e+07 1.90472e+07 2.10019e+07 2.03203e+07 1.63823e+07 1.62782e+07 4.86169e+07 2.86205e+07 1.60266e+07 1.59882e+07 3.16278e+07 2.78733e+07 1.56413e+07 9.77882e+07
threshold=3218.1678571428579 3937.6500000000001 2444.1500000000001 4.5000000000000009 26.500000000000004 167.16666666666669 137.55500000000004 29.500000000000004 1.0000000180025095e-35 125.38857142857144 3881.0350000000003 213.66666666666671 10.500000000000002 1.0000000180025095e-35 179.24214285714291 31.500000000000004 34.110000000000007 14.500000000000002 2609.7166666666667 25.500000000000004 767.73333333333346 1.0000000180025095e-35 1.0000000180025095e-35 14.500000000000002 152.53071428571431 30.500000000000004 131.50000000000003 108.50000000000001 7.5000000000000009 8.5000000000000018
decision_type=2 2 2 2 2 2 2 2 2 2 2 2 2 2 2 2 2 2 2 2 2 2 2 2 2 2 2 2 2 2
left_child=4 -2 3 -3 6 -6 7 21 20 10 -10 -12 -13 14 15 16 -9 18 -11 -19 -8 -1 23 24 -23 27 -27 -18 -24 -30
right_child=1 2 -4 -5 5 -7 8 13 9 17 11 12 -14 -15 -16 -17 25 19 -20 -21 -22 22 28 -25 -26 26 -28 -29 29 -31
leaf_value=-3.9194086910259145 16.768219349284969 -6.6995305469784983 -3.2777325690276102 -39.710750983227257 -0.51927182666571947 -3.7296506629249926 -1.2657863331235797 4.6619661128927836 1.3952856671376321 1.1514872760891155 3.8564662192272388 2.2374640622131312 19.103216457557679 0.34104043436079268 -9.6347471001504488 -3.2758871067636059 16.052281118182218 -0.25347732175730697 10.876358788489455 1.0397416055300497 -18.015108772767643 28.280901936248497 -4.9640974900981725 4.4361095955313488 0.75145422663007466 14.934671467869562 44.55756002766455 -11.842118536631267 24.534513162740073 -1.1255822999787444
leaf_weight=4478 96 156 863 87 20326 3613 21221 1128 26723 29031 4971 311 500 6922 261 604 353 167859 566 37087 147 216 2488 1685 70 392 117 120 375 37501
leaf_count=4478 96 156 863 87 20326 3613 21221 1128 26723 29031 4971 311 500 6922 261 604 353 167859 566 37087 147 216 2488 1685 70 392 117 120 375 37501
internal_value=0.0329669 -4.75782 -6.62626 -18.5184 0.0485699 -1.0038 0.121565 -0.543759 0.252385 0.383083 2.05212 5.08785 12.6356 1.8631 5.40451 6.85081 9.74963 0.151773 1.33746 -0.0194566 -1.38101 -1.05261 -0.74937 6.91838 21.5429 15.5937 21.7439 8.97548 -1.12379 -0.871529
internal_weight=370267 1202 1106 243 369065 23939 345126 56710 288416 267048 32505 5782 811 9897 2975 2714 2110 234543 29597 204946 21368 46813 42335 1971 286 982 509 473 40364 37876
internal_count=370267 1202 1106 243 369065 23939 345126 56710 288416 267048 32505 5782 811 9897 2975 2714 2110 234543 29597 204946 21368 46813 42335 1971 286 982 509 473 40364 37876
is_linear=0
shrinkage=0.05


Tree=146
num_leaves=31
num_cat=0
split_feature=0 11 8 8 9 8 3 8 9 10 9 8 10 4 4 11 6 11 9 8 8 3 3 4 9 9 8 9 8 10
split_gain=1.06667e+07 1.48704e+07 1.80762e+07 2.24911e+07 1.89915e+07 1.47431e+07 1.39664e+07 1.83319e+07 1.45297e+07 1.41046e+07 3.72692e+07 1.71491e+07 1.37035e+07 1.33559e+07 1.30005e+07 1.22666e+07 3.77858e+07 1.92036e+07 2.12911e+07 1.7462e+07 1.2848e+07 1.18683e+07 4.7949e+07 4.5497e+07 3.83118e+07 1.17501e+07 2.72763e+07 1.54539e+07 2.81731e+07 2.19709e+07
threshold=17.500000000000004 398.30000000000007 1.0000000180025095e-35 103.93857142857144 551.43033333333335 2899.4528571428577 14.500000000000002 156.95071428571433 1196.8403333333333 2641.9333333333338 2336.8835000000004 2266.1771428571433 10.833333333333334 1.5000000000000002 1.0000000180025095e-35 6599.3550000000005 3.5000000000000004 9289.2850000000017 292.4695000000001 558.29571428571444 361.39285714285717 6.5000000000000009 8.5000000000000018 1.0000000180025095e-35 243.66583333333335 202.0806666666667 284.49714285714293 487.01100000000002 599.8850000000001 1584.0166666666669
decision_type=2 2 2 2 2 2 2 2 2 2 2 2 2 2 2 2 2 2 2 2 2 2 2 2 2 2 2 2 2 2
left_child=5 21 12 4 13 6 9 8 -8 -1 11 -11 -3 -4 15 -9 -17 20 -19 -20 -18 -2 23 24 -23 -5 -27 -28 29 -29
right_child=1 2 3 25 -6 -7 7 14 -10 10 -12 -13 -14 -15 -16 16 17 18 19 -21 -22 22 -24 -25 -26 26 27 28 -30 -31
leaf_value=0.7610647716887472 -3.5454033663662585 -0.77576267998345139 3.8893021839059005 -0.61211425080342086 30.103231072053315 -6.2648462458402658 0.33521420189189244 -2.0283339773061448 -26.10572469876363 48.980436225015609 -13.546602894347391 13.688427641421933 -6.1377440419514722 -0.19294073530941694 -0.36272261718702992 -2.7901349571055132 3.2194610754066737 -1.4392344747949197 14.656460625701776 0.074826775303593385 -2.3700952039192651 11.963043764356371 -0.61336539886135244 -2.9679643133594671 43.818181282853431 2.5693272777244887 -0.54087310089782992 3.6560162075640892 0.37430730982371785 33.094828307628632
leaf_weight=25311 3149 7604 7375 19625 64 1015 62686 28757 52 61 81 79 1413 2751 77669 6448 2594 477 857 270 1703 267 31822 277 146 16555 30250 6535 34327 64
leaf_count=25311 3149 7604 7375 19625 64 1015 62686 28757 52 61 81 79 1413 2751 77669 6448 2594 477 857 270 1703 267 31822 277 146 16555 30250 6535 34327 64
internal_value=-0.0165712 0.287346 0.541453 0.706953 2.95186 -0.253535 -0.224065 -0.378082 0.313299 0.870877 13.4476 29.0657 -1.61601 2.78025 -0.743276 -1.46232 -0.144263 2.74687 7.41538 11.1631 1.00419 -0.614496 -0.330618 12.7094 23.2242 0.493871 0.741275 0.316084 0.949494 3.94153
internal_weight=370284 162224 126563 117546 10190 208060 207045 181513 62738 25532 221 140 9017 10126 118775 41106 12349 5901 1604 1127 4297 35661 32512 690 413 107356 87731 71176 40926 6599
internal_count=370284 162224 126563 117546 10190 208060 207045 181513 62738 25532 221 140 9017 10126 118775 41106 12349 5901 1604 1127 4297 35661 32512 690 413 107356 87731 71176 40926 6599
is_linear=0
shrinkage=0.05


Tree=147
num_leaves=31
num_cat=0
split_feature=11 9 3 3 0 9 11 11 1 3 10 1 0 11 10 11 10 9 3 1 10 1 10 11 3 3 3 1 9 3
split_gain=1.02233e+07 1.39908e+07 1.51966e+07 2.16845e+07 2.03232e+07 3.17563e+07 1.48163e+07 1.50276e+07 1.45504e+07 1.9796e+07 2.3987e+07 1.66623e+07 1.3426e+07 2.32797e+07 1.28485e+07 1.4721e+07 1.28292e+07 1.85881e+07 1.75008e+07 1.66917e+07 1.27492e+07 1.27326e+07 1.21358e+07 1.65726e+07 3.12482e+07 1.18639e+07 1.20387e+07 1.17776e+07 1.0695e+07 1.0633e+07
threshold=31067.535000000003 558.25000000000011 259.50000000000006 255.50000000000003 26.500000000000004 1998.7498333333335 15243.790000000003 594.3900000000001 3.5000000000000004 18.500000000000004 2955.1166666666672 5.5000000000000009 30.500000000000004 21033.945000000003 2371.4500000000003 18339.145 3076.1000000000008 2422.4765000000002 54.500000000000007 3.5000000000000004 785.16666666666686 5.5000000000000009 2577.1000000000004 20009.920000000002 6.5000000000000009 14.500000000000002 40.500000000000007 4.5000000000000009 2336.8835000000004 67.500000000000014
decision_type=2 2 2 2 2 2 2 2 2 2 2 2 2 2 2 2 2 2 2 2 2 2 2 2 2 2 2 2 2 2
left_child=1 20 3 6 5 -5 7 -3 22 -10 11 12 -11 -14 -13 -16 -2 18 -18 -19 -1 -21 -8 25 -25 -24 -27 -22 -28 -17
right_child=16 2 -4 4 -6 -7 8 -9 9 10 -12 14 13 -15 15 29 17 19 -20 21 27 -23 23 24 -26 26 28 -29 -30 -31
leaf_value=-0.091700036763203041 -1.6647212875324664 -2.4003946646105767 -1.3367047203560729 0.48894314688709584 24.118906923112924 38.183495037139409 -2.4757638223425751 1.5445756288300245 7.4662681469482202 1.9378450717838414 -19.664408236381991 -4.6500970049991741 -6.2772387298883174 38.700161585663309 20.751593793441202 -9.8886867199522079 5.599691345605506 -15.118720450944133 39.543196516036993 28.138349620366501 -6.235685786345079 -5.7977261176476116 -25.18599092923678 43.339304125750509 4.1308333413334015 13.505835586209452 -16.175342944780986 2.4736177451808103 4.192892413012749 6.5175904153808348
leaf_weight=284081 12596 2562 8377 494 179 63 8049 41798 1074 4490 149 1903 51 66 107 165 83 112 70 59 1540 52 65 54 862 93 150 519 113 246
leaf_count=284081 12596 2562 8377 494 179 63 8049 41798 1074 4490 149 1903 51 66 107 165 83 112 70 59 1540 52 65 54 862 93 150 519 113 246
internal_value=-0.0141969 0.0358703 0.663536 0.930637 9.46248 4.75242 0.82935 1.31673 -0.396503 1.13523 0.187819 0.608705 2.37356 19.0946 -2.7497 4.23188 -1.39305 7.70793 21.1294 -1.50052 -0.120114 12.2404 -1.74301 2.66832 6.44225 -5.54288 -1.95635 -4.04038 -7.42397 -0.0688712
internal_weight=370222 357250 71110 62733 736 557 61997 44360 17637 8251 7177 7028 4607 117 2421 518 12972 376 153 223 286140 111 9386 1337 916 421 356 2059 263 411
internal_count=370222 357250 71110 62733 736 557 61997 44360 17637 8251 7177 7028 4607 117 2421 518 12972 376 153 223 286140 111 9386 1337 916 421 356 2059 263 411
is_linear=0
shrinkage=0.05


Tree=148
num_leaves=31
num_cat=0
split_feature=8 10 11 11 11 11 9 10 11 11 3 10 10 0 4 1 10 6 6 0 11 10 3 11 10 8 11 11 8 9
split_gain=1.42064e+07 1.37279e+07 2.32164e+07 1.56583e+07 1.43277e+07 2.03186e+07 1.74132e+07 1.36171e+07 1.91326e+07 1.95709e+07 9.76434e+06 1.77516e+07 2.13142e+07 1.64632e+07 1.61167e+07 1.71338e+07 1.76137e+07 1.71107e+07 4.13781e+07 4.70054e+07 1.98376e+07 1.64516e+07 3.7516e+07 5.87546e+07 2.93439e+07 2.33643e+07 2.62523e+07 2.01358e+07 1.76283e+07 2.12227e+07
threshold=2899.4528571428577 2282.6333333333337 4002.1250000000005 7223.8350000000009 11174.860000000002 10302.135000000002 2194.8705000000004 3076.1000000000008 11846.610000000002 18339.145 14.500000000000002 2641.9333333333338 2762.7666666666669 15.500000000000002 2.5000000000000004 1.0000000180025095e-35 2051.6500000000001 14.500000000000002 11.500000000000002 18.500000000000004 1876.9850000000004 96.166666666666671 8.5000000000000018 1346.3500000000001 213.66666666666671 503.59714285714296 856.31500000000017 1591.9600000000003 1092.6764285714287 491.88683333333341
decision_type=2 2 2 2 2 2 2 2 2 2 2 2 2 2 2 2 2 2 2 2 2 2 2 2 2 2 2 2 2 2
left_child=7 2 -2 -4 5 6 -3 10 -9 -10 11 14 13 -13 15 16 -1 18 21 -20 -21 22 23 -17 -23 26 -24 -26 29 -29
right_child=1 4 3 -5 -6 -7 -8 8 9 -11 -12 12 -14 -15 -16 17 -18 -19 19 20 -22 24 25 -25 27 -27 -28 28 -30 -31
leaf_value=-0.9747101595674178 16.186480161493474 20.848850976138991 -40.408183337681329 -12.479848185181618 -5.0282272235975825 31.103788972670031 -2.7392735620420314 -21.350794111513625 38.379840128045338 7.2854821432456207 -0.058427490455367485 11.968961509068807 0.96495386274849493 47.595275312359057 -1.5262667630458702 29.307193207941697 -15.299570706685385 -1.3225816439027855 -6.2566144988033345 31.521330679087221 -0.93102912221636103 -4.1530387418991843 -7.8344102487855016 2.6624311012536408 -0.24671502800464529 -1.7878973231482165 7.0383575542075549 2.7670088425600352 1.2675998391206065 9.7428185915046654
leaf_weight=4638 55 93 67 200 1483 62 493 51 57 451 325533 72 164 59 6960 356 225 4368 161 296 56 2357 336 494 6929 1954 2537 2733 5097 1814
leaf_count=4638 55 93 67 200 1483 62 493 51 57 451 325533 72 164 59 6960 356 225 4368 161 296 56 2357 336 494 6929 1954 2537 2733 5097 1814
internal_value=0.0203294 -3.77212 -13.3946 -19.4881 -2.31813 3.88413 1.00423 0.0456297 7.84349 10.7744 0.0337568 0.755023 12.9767 28.0144 0.667749 1.11229 -1.63749 1.56577 2.06801 16.1225 26.3585 1.775 4.13581 13.8219 1.06701 2.43016 5.29897 1.8094 3.28667 5.54997
internal_weight=370151 2453 322 267 2131 648 586 367698 559 508 367139 41606 295 131 41311 34351 4863 29488 25120 513 352 24607 5677 850 18930 4827 2873 16573 9644 4547
internal_count=370151 2453 322 267 2131 648 586 367698 559 508 367139 41606 295 131 41311 34351 4863 29488 25120 513 352 24607 5677 850 18930 4827 2873 16573 9644 4547
is_linear=0
shrinkage=0.05


Tree=149
num_leaves=31
num_cat=0
split_feature=8 10 11 11 9 8 10 11 11 1 10 9 11 9 11 9 7 11 6 11 8 8 6 11 9 9 8 7 10 11
split_gain=1.46705e+07 1.53974e+07 1.38872e+07 1.6811e+07 1.39909e+07 1.27185e+07 1.10696e+07 2.01589e+07 2.38551e+07 3.28567e+07 1.65527e+07 1.15438e+07 1.06362e+07 1.20679e+07 1.57636e+07 1.04743e+07 1.04057e+07 1.53558e+07 1.26403e+07 2.16436e+07 1.28957e+07 1.07764e+07 3.48998e+07 4.53157e+07 2.96895e+07 2.85644e+07 2.68963e+07 2.41652e+07 2.39349e+07 2.45865e+07
threshold=2693.3414285714293 3076.1000000000008 12198.740000000002 19100.720000000005 2422.4765000000002 2024.3085714285717 2444.1500000000001 4718.9150000000009 9772.6550000000025 4.5000000000000009 2418.9166666666674 2258.7413333333338 11174.860000000002 2194.8705000000004 10302.135000000002 2530.8520000000003 26.500000000000004 15243.790000000003 2.5000000000000004 9289.2850000000017 40.758571428571436 364.97071428571434 1.5000000000000002 1091.1200000000001 438.82049999999998 438.82049999999998 558.29571428571444 2.5000000000000004 703.16666666666686 4568.1850000000013
decision_type=2 2 2 2 2 2 2 2 2 2 2 2 2 2 2 2 2 2 2 2 2 2 2 2 2 2 2 2 2 2
left_child=1 16 -3 -4 -5 -6 7 -2 9 -9 11 -10 13 -8 -15 -13 21 18 20 -20 -18 22 23 -1 -25 27 -27 -23 29 -24
right_child=6 2 3 4 5 -7 12 8 10 -11 -12 15 -14 14 -16 -17 17 -19 19 -21 -22 25 28 24 -26 26 -28 -29 -30 -31
leaf_value=-0.32465470439873351 6.9588110318151095 -15.903252750284532 38.362121615043058 19.087045660473052 -17.136766308301116 8.149382282984563 23.607305573258135 -11.136133903558138 -7.4493138615735264 -46.200223680164505 -29.058530916486468 13.495585341625905 -3.0809588548909841 -0.7090991320338712 27.170256535070287 -8.258397881955986 5.337204778320273 4.6603564438285821 -0.73049578248864733 6.9176963929090567 -2.7041240069023402 -2.9542619961907448 -0.10308332423469696 3.0242624552328583 9.5175279949116458 2.0774446068704995 -0.1267182593158227 -0.45531341642095341 -11.600911133032326 1.6328931742780144
leaf_weight=10831 218 51 52 168 73 156 72 244 403 92 63 166 1883 536 56 83 521 1154 9658 1023 11582 14514 152847 11902 2066 16720 80359 29012 436 23537
leaf_count=10831 218 51 52 168 73 156 72 244 403 92 63 166 1883 536 56 83 521 1154 9658 1023 11582 14514 152847 11902 2066 16720 80359 29012 436 23537
internal_value=0.0210766 0.053175 8.82142 11.6298 8.12832 0.0887323 -3.06311 -6.8783 -9.74841 -20.737 -4.58453 -2.21971 -1.16225 4.27889 1.92814 6.24426 0.0412018 -0.966612 -1.25162 0.00202932 -2.35797 0.111697 0.346005 2.10257 3.98468 -0.224286 0.252907 -1.2886 0.0996462 0.128569
internal_weight=370478 366662 500 449 397 229 3816 1269 1051 336 715 652 2547 664 592 249 366162 23938 22784 10681 12103 342224 201619 24799 13968 140605 97079 43526 176820 176384
internal_count=370478 366662 500 449 397 229 3816 1269 1051 336 715 652 2547 664 592 249 366162 23938 22784 10681 12103 342224 201619 24799 13968 140605 97079 43526 176820 176384
is_linear=0
shrinkage=0.05


Tree=150
num_leaves=31
num_cat=0
split_feature=3 10 6 3 1 3 11 0 10 0 11 11 1 9 9 11 11 0 11 9 3 0 0 9 11 11 10 10 6 3
split_gain=1.06996e+07 1.98071e+07 2.07101e+07 1.49273e+07 1.79167e+07 1.2619e+07 2.13182e+07 1.59396e+07 2.16544e+07 2.10785e+07 2.22318e+07 1.69115e+07 1.54196e+07 1.7002e+07 2.43045e+07 1.28126e+07 5.93988e+07 1.76912e+07 1.27439e+07 1.24925e+07 1.22614e+07 2.55478e+07 2.07674e+07 2.29633e+07 2.22182e+07 2.09734e+07 1.87913e+07 2.16912e+07 1.44978e+07 1.38047e+07
threshold=42.500000000000007 2812.8500000000008 1.5000000000000002 2.5000000000000004 1.0000000180025095e-35 61.500000000000007 7932.1100000000006 25.500000000000004 1987.5500000000002 27.500000000000004 9526.7850000000017 7102.0150000000003 3.5000000000000004 2041.4540000000004 1804.4843333333336 18339.145 16973.135000000006 30.500000000000004 15809.935000000003 1880.9296666666669 59.500000000000007 26.500000000000004 12.500000000000002 2336.8835000000004 25929.405000000002 14253.120000000001 1900.7500000000002 2348.0500000000006 2.5000000000000004 44.500000000000007
decision_type=2 2 2 2 2 2 2 2 2 2 2 2 2 2 2 2 2 2 2 2 2 2 2 2 2 2 2 2 2 2
left_child=1 -1 3 -3 -5 6 -2 -7 -9 10 11 -10 -12 14 -14 16 17 18 19 -11 22 -22 28 -24 25 -25 -23 -28 29 -8
right_child=5 2 -4 4 -6 7 20 8 9 15 12 -13 13 -15 -16 -17 -18 -19 -20 -21 21 26 23 24 -26 -27 27 -29 -30 -31
leaf_value=0.31348419571464964 -0.39937230675811458 -11.435103995520791 33.053672938028974 29.667207799955857 5.2119270237393938 -0.21801354824937702 2.6212051878677558 0.62427807673169555 16.386887755651369 16.302543253691301 1.1384700793090292 52.138199287990361 22.53229253113955 37.840035706672118 -6.1071889929069112 -1.9234824192174504 55.528832338596217 21.870275737243951 -23.755951131825096 -2.3861152298414887 -0.26391811338873544 -5.2499027684557866 -0.75305610760994102 5.0793713896241908 -1.3624866416268315 40.404951609023897 -45.227914997805726 -14.927921530405682 3.0554000132481947 -6.251083434451882
leaf_weight=127769 47909 111 75 86 580 149809 489 31186 88 115 382 53 174 69 129 904 58 103 54 402 473 197 3703 73 141 99 92 165 578 4239
leaf_count=127769 47909 111 75 86 580 149809 489 31186 88 115 382 53 174 69 129 904 58 103 54 402 473 197 3703 73 141 99 92 165 578 4239
internal_value=-0.00426628 0.364152 7.96247 5.54054 8.36982 -0.200334 -0.842137 0.00304916 0.985259 5.43313 11.6023 29.8253 8.1945 15.4402 10.3392 2.05821 6.9755 2.79732 -0.643165 1.77094 -2.91184 -8.39605 -2.36648 0.346167 13.3507 25.4121 -16.8685 -25.7746 -4.41963 -5.33345
internal_weight=370305 128621 852 777 666 241684 58158 183526 33717 2531 895 141 754 372 303 1636 732 674 571 517 10249 927 9322 4016 313 172 454 257 5306 4728
internal_count=370305 128621 852 777 666 241684 58158 183526 33717 2531 895 141 754 372 303 1636 732 674 571 517 10249 927 9322 4016 313 172 454 257 5306 4728
is_linear=0
shrinkage=0.05


Tree=151
num_leaves=31
num_cat=0
split_feature=11 10 8 9 3 3 0 3 11 11 11 9 3 8 3 11 11 8 8 0 10 8 10 1 9 11 11 11 9 0
split_gain=9.7456e+06 1.06333e+07 1.86664e+07 3.85035e+07 2.18762e+07 2.61091e+07 1.78335e+07 1.87394e+07 1.88411e+07 2.30446e+07 1.76695e+07 1.62898e+07 1.61972e+07 2.03256e+07 2.30448e+07 1.77529e+07 2.77193e+07 2.07238e+07 1.60982e+07 2.27893e+07 1.55378e+07 1.53116e+07 1.50586e+07 3.87598e+07 2.73122e+07 1.55921e+07 3.41291e+07 2.28224e+07 2.32232e+07 1.668e+07
threshold=55972.670000000006 2324.1500000000001 1518.4428571428573 1592.5745000000004 44.500000000000007 65.500000000000014 29.500000000000004 69.500000000000014 8283.1350000000002 9526.7850000000017 9289.2850000000017 2041.4540000000004 11.500000000000002 2340.6650000000004 280.50000000000006 11174.860000000002 6970.8350000000009 3218.1678571428579 2899.4528571428577 28.500000000000004 2494.5000000000005 1326.9885714285717 2155.8333333333339 1.5000000000000002 1768.4196666666669 7102.0150000000003 5390.3050000000012 15809.935000000003 1768.4196666666669 15.500000000000002
decision_type=2 2 2 2 2 2 2 2 2 2 2 2 2 2 2 2 2 2 2 2 2 2 2 2 2 2 2 2 2 2
left_child=1 2 3 -1 11 10 7 -7 -9 -10 -6 22 15 -14 -15 16 -3 20 19 -16 -18 -12 25 -24 -25 26 -5 29 -29 -27
right_child=-2 12 -4 4 5 6 -8 8 9 -11 21 -13 13 14 18 -17 17 -19 -20 -21 -22 -23 23 24 -26 27 -28 28 -30 -31
leaf_value=0.01119142137409148 -2.8580333285499524 3.0824507130871286 -1.6897564378541821 7.217411603647121 -15.192259821059213 30.798700574418191 32.784527055044023 -2.7432916552511681 32.513231488932739 6.2491850823196877 8.1770483964528804 -14.170287747653028 2.1818552918739229 -3.4961943994932128 4.9243879348732706 2.9182956093132266 23.789749768095199 9.9518935203552257 0.67923913017851145 43.658368256512816 61.398281191106427 -8.2008698769395334 -8.5016647883823939 64.025878940929076 19.346469406342845 6.148201914814031 57.312266630284924 6.2751618596531404 43.566608310567922 -23.23861054507169
leaf_weight=334386 2927 219 15878 102 252 71 63 567 92 906 312 53 8440 3422 86 1028 53 81 207 68 57 263 56 66 71 107 51 149 58 88
leaf_count=334386 2927 219 15878 102 252 71 63 567 92 906 312 53 8440 3422 86 1028 53 81 207 68 57 263 56 66 71 107 51 149 58 88
internal_value=0.0156518 0.038555 -0.0143275 0.0644449 5.41678 3.13366 6.6802 5.67496 4.53516 8.67032 -4.15241 12.6167 1.40733 0.8168 -2.22868 6.42679 15.2237 29.1448 9.78634 22.0277 43.2778 0.685931 14.5148 26.5452 40.8709 10.3312 23.9157 5.161 16.724 -7.11354
internal_weight=370179 367252 353591 337713 3327 2526 1699 1636 1565 998 827 801 13661 12223 3783 1438 410 191 361 154 110 575 748 193 137 555 153 402 207 195
internal_count=370179 367252 353591 337713 3327 2526 1699 1636 1565 998 827 801 13661 12223 3783 1438 410 191 361 154 110 575 748 193 137 555 153 402 207 195
is_linear=0
shrinkage=0.05


Tree=152
num_leaves=31
num_cat=0
split_feature=8 9 8 9 1 3 3 3 6 3 3 0 9 8 3 8 9 8 0 3 8 10 1 8 1 8 9 10 0 0
split_gain=1.44146e+07 1.6607e+07 2.28987e+07 3.32874e+07 2.47517e+07 2.2074e+07 1.9938e+07 1.81275e+07 3.35758e+07 2.55091e+07 2.23269e+07 2.56762e+07 1.96643e+07 2.48626e+07 2.06859e+07 1.9185e+07 1.77704e+07 1.74559e+07 1.80792e+07 1.72737e+07 1.69713e+07 2.403e+07 2.22544e+07 2.78611e+07 1.73437e+07 1.55201e+07 1.52154e+07 1.60983e+07 2.51966e+07 1.51934e+07
threshold=2340.6650000000004 1734.5108333333335 1326.9885714285717 1235.1773333333335 1.0000000180025095e-35 285.50000000000006 25.500000000000004 63.500000000000007 3.5000000000000004 259.50000000000006 51.500000000000007 29.500000000000004 2258.7413333333338 1092.6764285714287 66.500000000000014 1174.069285714286 2336.8835000000004 994.51571428571447 29.500000000000004 265.50000000000006 1791.3400000000004 2548.1500000000001 1.5000000000000002 1709.7935714285716 1.0000000180025095e-35 2024.3085714285717 2422.4765000000002 2812.8500000000008 9.5000000000000018 26.500000000000004
decision_type=2 2 2 2 2 2 2 2 2 2 2 2 2 2 2 2 2 2 2 2 2 2 2 2 2 2 2 2 2 2
left_child=1 2 3 -1 -5 6 26 10 9 12 11 20 13 -9 -14 -15 25 18 -6 -19 21 -8 24 -24 -23 -11 27 -3 -29 -12
right_child=-2 5 -4 4 17 -7 7 8 -10 16 29 -13 14 15 -16 -17 -18 19 -20 -21 -22 22 23 -25 -26 -27 -28 28 -30 -31
leaf_value=-0.013217063154799825 -2.1297324272721037 5.6959435897479525 -1.9204678385819147 -3.0503747243968213 8.6568747813885025 33.529399568063241 0.45469085875204063 25.479789954896958 -33.729752388596538 -2.0209232301713529 -2.577427763297977 22.717153822291984 39.208937410747303 -21.783108064725802 9.8903397574735337 3.3916690440606345 4.9685560460030285 4.5176179417940663 38.421009322832219 -5.6601984669113765 -2.9486853546783571 15.029596617163683 14.907034297923946 55.111858246543193 -18.855371012006486 -14.539110007373546 -14.786660669016284 0.76369512221392466 49.994213931965383 -11.658454584607185
leaf_weight=324916 7794 2085 15300 1158 1365 54 1180 126 64 1598 1514 132 68 77 522 4408 790 3514 53 473 1891 82 199 55 70 293 86 51 53 662
leaf_count=324916 7794 2085 15300 1158 1365 54 1180 126 64 1598 1514 132 68 77 522 4408 790 3514 53 473 1891 82 199 55 70 293 86 51 53 662
internal_value=-0.00220133 0.0434993 -0.0292963 0.0579941 3.58346 1.61535 1.50768 0.78938 2.3395 2.63237 -1.33979 1.07216 4.6746 3.57485 13.2694 2.95946 -1.32944 5.00473 9.76936 3.31017 0.250438 4.06478 14.5572 23.6128 -0.575323 -3.96055 5.84309 6.65358 25.8523 -5.34013
internal_weight=370633 362839 346779 331479 6563 16060 16006 13731 7946 7882 5785 3609 5201 4611 590 4485 2681 5405 1418 3987 3477 1586 406 254 152 1891 2275 2189 104 2176
internal_count=370633 362839 346779 331479 6563 16060 16006 13731 7946 7882 5785 3609 5201 4611 590 4485 2681 5405 1418 3987 3477 1586 406 254 152 1891 2275 2189 104 2176
is_linear=0
shrinkage=0.05


Tree=153
num_leaves=31
num_cat=0
split_feature=8 9 9 8 11 0 11 8 10 3 10 11 0 11 10 11 3 3 10 1 8 9 11 1 1 3 0 8 10 8
split_gain=1.3416e+07 2.25001e+07 2.12339e+07 2.23774e+07 2.19595e+07 2.22542e+07 1.83728e+07 1.79872e+07 1.75288e+07 1.69279e+07 1.60115e+07 2.56717e+07 4.35068e+07 3.4794e+07 1.59873e+07 3.66166e+07 4.42833e+07 2.46899e+07 1.80822e+07 1.43672e+07 1.3022e+07 2.5979e+07 2.13058e+07 1.88632e+07 1.52568e+07 1.46537e+07 1.44515e+07 1.4939e+07 2.71138e+07 1.41964e+07
threshold=1451.2592857142861 1341.3198333333337 2336.8835000000004 1669.8157142857144 13772.890000000001 17.500000000000004 8283.1350000000002 350.29500000000007 2176.9166666666674 63.500000000000007 2720.4666666666672 27454.115000000002 15.500000000000002 17684.070000000003 2132.4000000000005 6970.8350000000009 10.500000000000002 64.500000000000014 2394.6000000000004 4.5000000000000009 1066.9100000000003 970.15350000000012 18339.145 1.0000000180025095e-35 5.5000000000000009 270.50000000000006 25.500000000000004 521.06500000000017 1468.116666666667 703.61000000000013
decision_type=2 2 2 2 2 2 2 2 2 2 2 2 2 2 2 2 2 2 2 2 2 2 2 2 2 2 2 2 2 2
left_child=1 20 6 4 9 -6 14 -3 19 -4 -9 13 -13 -12 -2 -16 -17 -18 -19 -5 21 29 23 -23 25 26 27 28 -25 -1
right_child=2 7 3 8 5 -7 -8 10 -10 -11 11 12 -14 -15 15 16 17 18 -20 -21 -22 22 -24 24 -26 -27 -28 -29 -30 -31
leaf_value=0.10241878313221525 -0.75586229716734676 -18.545580419301988 -21.188973984894929 5.2692656951072898 15.006241233260543 55.081657813577095 -2.2627953555165625 3.1787768578636411 0.669400161858275 17.712856108566811 -2.8511509235088646 -12.517568014449433 41.595360858352102 -53.987562837271859 0.56149167071638539 55.248672379713788 -3.8938828669622279 11.844857641481438 42.137290234035916 38.639025389931419 -1.7737630820597348 -1.7812933533316018 -0.59234961883923443 2.628087727528698 0.51802203044295314 -4.0918195079112882 21.855921739585394 8.0991480113271344 53.697295211343203 -1.2236791822314337
leaf_weight=292672 4398 100 54 78 108 51 20804 8630 4843 58 78 119 54 58 1282 65 167 156 72 55 9882 628 1940 53 560 174 267 1558 51 21677
leaf_count=292672 4398 100 54 78 108 51 20804 8630 4843 58 78 119 54 58 1282 65 167 156 72 55 9882 628 1940 53 560 174 267 1558 51 21677
internal_value=-0.0113885 0.0813718 -0.986799 1.9232 15.9151 27.8606 -1.55348 2.54245 1.16118 -1.04338 2.77836 -8.40489 4.37317 -24.6593 0.849856 4.90379 17.0056 10.7124 21.4109 19.0688 0.0138506 0.0691269 3.56379 6.01377 7.85204 9.80498 11.0585 9.3239 27.6716 0.0109732
internal_weight=370692 338501 32191 5247 271 159 26944 9039 4976 112 8939 309 173 136 6140 1742 460 395 228 133 329462 319580 5231 3291 2663 2103 1929 1662 104 314349
internal_count=370692 338501 32191 5247 271 159 26944 9039 4976 112 8939 309 173 136 6140 1742 460 395 228 133 329462 319580 5231 3291 2663 2103 1929 1662 104 314349
is_linear=0
shrinkage=0.05


Tree=154
num_leaves=31
num_cat=0
split_feature=1 1 11 3 8 3 9 8 3 11 9 0 8 9 8 11 9 7 11 11 8 11 9 8 6 9 11 11 9 9
split_gain=9.75042e+06 1.87639e+07 4.38945e+07 2.39946e+07 1.6484e+07 1.81363e+07 3.72478e+07 5.71817e+07 2.74467e+07 3.39323e+07 2.92252e+07 2.55379e+07 2.44133e+07 2.4788e+07 2.36708e+07 2.26829e+07 2.41583e+07 1.89194e+07 1.72105e+07 1.39629e+07 1.34963e+07 1.74056e+07 1.6926e+07 1.32926e+07 1.61244e+07 3.45016e+07 3.10184e+07 6.02321e+07 2.01338e+07 1.57638e+07
threshold=5.5000000000000009 4.5000000000000009 10302.135000000002 276.50000000000006 7.2142857142857153 68.500000000000014 2258.7413333333338 2430.840714285715 45.500000000000007 14253.120000000001 2258.7413333333338 10.500000000000002 1042.8514285714289 890.74450000000013 1042.8514285714289 12943.180000000002 1804.4843333333336 23.500000000000004 22071.445000000003 45915.240000000013 1750.47 24530.555000000004 1697.2931666666666 1518.4428571428573 1.5000000000000002 1307.0473333333337 8101.5250000000005 3196.5550000000007 2336.8835000000004 2138.2523333333338
decision_type=2 2 2 2 2 2 2 2 2 2 2 2 2 2 2 2 2 2 2 2 2 2 2 2 2 2 2 2 2 2
left_child=1 -1 23 4 -4 8 -7 -8 17 12 11 -11 13 -10 -13 16 -14 -6 -12 -2 22 -22 -5 -3 25 -25 27 -26 29 -27
right_child=19 2 3 20 5 6 7 -9 9 10 18 14 15 -15 -16 -17 -18 -19 -20 -21 21 -23 -24 24 26 28 -28 -29 -30 -31
leaf_value=-0.081141821284153315 -0.52937725047178918 0.45039791928413486 -9.7256313672772166 -7.1617117268140209 7.7550616670357186 6.9468264115820366 60.895047284364708 -4.3096588560219464 10.177314330264927 -31.715084484601633 -11.729405917761461 7.046569794915321 32.045301423353308 -31.044543189628452 -11.7343749483859 52.022270179244714 -13.737790092468263 -2.2928612823900969 22.230798011734375 -6.7031814857997603 -40.068633081118264 -5.144296671043743 20.886125155462736 -44.5572551996935 -18.279677434665402 -6.3067327076561597 -28.149918973004379 37.607305852979678 14.364764096186713 -30.921485104878741
leaf_weight=263132 52747 43831 189 244 2529 3128 80 58 128 117 53 227 68 51 643 53 50 575 126 932 60 88 69 63 82 490 54 117 104 75
leaf_count=263132 52747 43831 189 244 2529 3128 80 58 128 117 53 227 68 51 643 53 50 575 126 932 60 88 69 63 82 490 54 117 104 75
internal_value=-0.0134683 0.0922162 0.947218 4.23338 4.86678 5.21651 8.06838 33.4902 3.20045 -2.31404 -6.41241 -9.78348 11.3394 -1.56746 -6.83406 24.8501 12.6457 5.89374 12.1755 -0.63657 -6.86146 -19.3028 -0.978642 0.32131 -5.4229 -9.18386 5.4586 14.5785 -5.85273 -9.57418
internal_weight=370163 316484 53352 8536 8075 7886 3266 138 4620 1516 1166 987 350 179 870 171 118 3104 179 53679 461 148 313 44816 985 732 253 199 669 565
internal_count=370163 316484 53352 8536 8075 7886 3266 138 4620 1516 1166 987 350 179 870 171 118 3104 179 53679 461 148 313 44816 985 732 253 199 669 565
is_linear=0
shrinkage=0.05


Tree=155
num_leaves=31
num_cat=0
split_feature=8 9 8 9 7 5 6 6 3 8 3 8 9 9 8 3 9 8 1 8 9 9 10 3 8 4 10 9 1 9
split_gain=9.26117e+06 2.25241e+07 2.99613e+07 2.09538e+07 2.73888e+07 3.29698e+07 4.87251e+07 5.94322e+07 3.75613e+07 3.87347e+07 2.82828e+07 2.6015e+07 2.45429e+07 2.21149e+07 2.43021e+07 2.08921e+07 2.33745e+07 2.0134e+07 1.91678e+07 1.90634e+07 2.22098e+07 2.21335e+07 1.85398e+07 1.83576e+07 1.83057e+07 1.77679e+07 2.72171e+07 2.54549e+07 1.56497e+07 1.57691e+07
threshold=248.14857142857144 385.17333333333335 532.87500000000011 200.63650000000001 1.0000000180025095e-35 1.0000000180025095e-35 3.5000000000000004 30.500000000000004 13.500000000000002 1.0000000180025095e-35 21.500000000000004 7.2142857142857153 416.29716666666673 296.14383333333336 120.67071428571431 11.500000000000002 573.2266666666668 44.010714285714293 2.5000000000000004 839.78785714285721 928.8950000000001 970.15350000000012 1.0000000180025095e-35 275.50000000000006 3218.1678571428579 1.5000000000000002 712.38333333333344 792.79800000000012 3.5000000000000004 1235.1773333333335
decision_type=2 2 2 2 2 2 2 2 2 2 2 2 2 2 2 2 2 2 2 2 2 2 2 2 2 2 2 2 2 2
left_child=3 -2 25 -1 5 6 -5 17 -7 10 -10 -6 -12 14 -9 18 -17 -8 -4 20 -18 -21 -13 -14 -23 26 -3 -27 29 -29
right_child=1 2 15 4 11 8 7 13 9 -11 12 22 23 -15 -16 16 19 -19 -20 21 -22 24 -24 -25 -26 27 -28 28 -30 -31
leaf_value=-0.21047428205389285 -0.91636562375814445 1.6773678276137951 -0.36609881672864403 3.1929679208192456 -1.8357500219346055 30.916195670270032 -10.24775890835172 22.144957462310302 35.038131407159383 0.94970222071965193 6.195701583896664 1.8401848023710121 15.510273990771351 37.413958942083021 -13.787486502412078 -2.4934319535534639 0.49847646577246812 -2.0071325791147934 3.3434803645049658 -3.4889282025140123 5.6190491732012315 -0.16547541804788288 -0.30036479726254817 46.089602879510409 -9.566379662025863 -3.5906895525151046 10.099169110044194 5.6601594972664415 16.447066680475963 -24.044415654454912
leaf_weight=99524 77243 25397 6865 11414 10848 161 1387 121 128 1591 847 23432 170 96 77 13330 12610 1592 7067 6095 2545 43981 17800 69 524 2999 997 221 278 56
leaf_count=99524 77243 25397 6865 11414 10848 161 1387 121 128 1591 847 23432 170 96 77 13330 12610 1592 7067 6095 2545 43981 17800 69 524 2999 997 221 278 56
internal_value=-0.0170592 -0.247229 0.173103 0.255201 0.919819 2.62183 1.65079 -3.72727 7.43023 6.08219 12.8085 0.342905 10.1885 17.7199 8.17123 -0.269753 -0.584267 -5.84391 1.51558 -0.197237 1.35838 -0.663154 0.916102 24.3386 -0.276161 1.54859 1.99549 -1.77034 8.06611 -0.345098
internal_weight=369465 200208 122965 169257 69733 17653 14687 3273 2966 2805 1214 52080 1086 294 198 93017 79085 2979 13932 65755 15155 50600 41232 239 44505 29948 26394 3554 555 277
internal_count=369465 200208 122965 169257 69733 17653 14687 3273 2966 2805 1214 52080 1086 294 198 93017 79085 2979 13932 65755 15155 50600 41232 239 44505 29948 26394 3554 555 277
is_linear=0
shrinkage=0.05


Tree=156
num_leaves=31
num_cat=0
split_feature=8 11 9 11 11 10 9 1 0 10 11 1 9 8 9 10 8 11 10 8 1 0 1 9 11 10 0 0 11 11
split_gain=1.63452e+07 1.44914e+07 1.48289e+07 1.46221e+07 1.16996e+07 1.77581e+07 1.56641e+07 1.3358e+07 1.30186e+07 9.85236e+06 2.34599e+07 1.09222e+07 9.78948e+06 1.4965e+07 2.35934e+07 2.00156e+07 2.18288e+07 3.40599e+07 2.3237e+07 1.7088e+07 1.64278e+07 1.34652e+07 1.26845e+07 1.16675e+07 1.16393e+07 1.96381e+07 3.93061e+07 1.05912e+07 1.30263e+07 1.16841e+07
threshold=2899.4528571428577 3937.6500000000001 2258.7413333333338 2777.2600000000007 7355.0100000000011 2371.4500000000003 2703.9491666666668 2.5000000000000004 21.500000000000004 2324.1500000000001 8101.5250000000005 4.5000000000000009 2194.8705000000004 1518.4428571428573 1554.7928333333336 2609.7166666666667 1483.5285714285715 12198.740000000002 2324.1500000000001 1355.9100000000001 1.5000000000000002 23.500000000000004 3.5000000000000004 1412.969166666667 35421.660000000011 2519.2500000000005 12.500000000000002 2.5000000000000004 11174.860000000002 50375.340000000004
decision_type=2 2 2 2 2 2 2 2 2 2 2 2 2 2 2 2 2 2 2 2 2 2 2 2 2 2 2 2 2 2
left_child=12 3 9 -2 6 8 7 -4 -6 11 -11 -3 13 14 -1 16 24 -18 21 -17 -21 22 -19 -15 25 -16 -27 28 -14 -30
right_child=1 2 4 -5 5 -7 -8 -9 -10 10 -12 -13 27 23 15 19 17 18 -20 20 -22 -23 -24 -25 -26 26 -28 -29 29 -31
leaf_value=0.022099432200425911 -4.2043140411376951 -13.550883800482858 -8.2286530956855195 24.155614575879142 2.9602499478902575 -2.9293303780221374 6.9073945772849914 -40.408872701041403 34.558511890683853 25.014327587127685 -11.666664287474227 -38.577105909686978 7.40037854640065 -4.2173018013119217 3.7076898634467366 4.4228231298098777 -2.5309653496061055 10.971478063409979 48.579431557957129 5.7566764014107843 -25.950808544032625 -4.5246516279740767 41.093224769085651 -0.82303317638198836 -2.1566842390787362 -1.8344522094726565 55.884665090949447 2.5734790783152088 -14.343387047721917 10.405298152722811
leaf_weight=334388 94 167 65 88 78 1333 59 64 56 50 340 59 148 2933 3546 159 175 77 79 56 151 55 64 18508 837 65 54 5836 292 57
leaf_count=334388 94 167 65 88 78 1333 59 64 56 50 340 59 148 2933 3546 159 175 77 79 56 151 55 64 18508 837 65 54 5836 292 57
internal_value=0.000807411 -4.06711 -5.15505 9.50818 -2.6901 -1.18515 -14.4335 -24.194 16.1655 -11.7776 -6.96397 -20.0843 0.0279616 -0.00621243 0.0746482 3.37884 4.21277 14.7128 25.6861 -7.90429 -17.3729 16.4587 24.6438 -1.28735 3.16323 4.37817 24.3574 1.97677 -5.03 -10.3013
internal_weight=369933 2453 2271 182 1655 1467 188 129 134 616 390 226 367480 361147 339706 5318 4952 450 275 366 207 196 141 21441 4502 3665 119 6333 497 349
internal_count=369933 2453 2271 182 1655 1467 188 129 134 616 390 226 367480 361147 339706 5318 4952 450 275 366 207 196 141 21441 4502 3665 119 6333 497 349
is_linear=0
shrinkage=0.05


Tree=157
num_leaves=31
num_cat=0
split_feature=8 9 3 0 9 8 9 8 3 9 3 3 0 10 11 8 10 0 3 9 8 9 9 3 10 11 11 9 3 1
split_gain=9.85444e+06 1.97884e+07 2.08415e+07 5.7171e+07 2.19045e+07 2.00788e+07 1.78274e+07 2.21362e+07 1.92503e+07 1.85201e+07 1.71242e+07 2.95095e+07 1.77176e+07 1.50999e+07 1.50026e+07 1.48456e+07 1.46556e+07 2.34556e+07 1.41923e+07 1.39938e+07 1.38831e+07 2.81845e+07 3.08804e+07 1.34823e+07 1.29196e+07 1.85543e+07 2.83914e+07 1.27776e+07 1.32122e+07 1.27475e+07
threshold=2266.1771428571433 1917.6366666666668 27.500000000000004 26.500000000000004 2422.4765000000002 1709.7935714285716 1341.3198333333337 1145.382142857143 15.500000000000002 1121.5418333333334 61.500000000000007 93.500000000000014 26.500000000000004 1726.0833333333335 18339.145 1451.2592857142861 2812.8500000000008 17.500000000000004 12.500000000000002 2530.8520000000003 1669.8157142857144 2258.7413333333338 2422.4765000000002 60.500000000000007 2418.9166666666674 27454.115000000002 15809.935000000003 1998.7498333333335 4.5000000000000009 1.0000000180025095e-35
decision_type=2 2 2 2 2 2 2 2 2 2 2 2 2 2 2 2 2 2 2 2 2 2 2 2 2 2 2 2 2 2
left_child=1 5 3 4 18 6 7 9 -8 -1 12 19 16 -9 -11 -14 -4 20 29 -12 -18 -22 -23 24 -17 26 -26 28 -2 -3
right_child=27 2 10 -5 -6 -7 8 13 -10 14 11 -13 15 -15 -16 23 17 -19 -20 -21 21 22 -24 -25 25 -27 -28 -29 -30 -31
leaf_value=-0.00042930736765763375 -15.590890921237424 -0.33699949666073453 -1.2910745673524548 54.752169790722078 -19.56450066868263 -2.4719676222363738 10.219481180862683 -1.4700745365971382 1.4238488340431819 6.5713083882451002 8.6008021026438843 0.89071008343697966 7.8476111688346508 -6.642944133383712 -0.60820557749558146 -20.101297609372573 -11.832584253946941 38.12834938825187 4.3216414541152179 33.527302470449676 -14.034393885049477 50.491915868123378 6.6800711365996825 -34.293390825059682 -13.761085917599619 -15.722921409606935 32.50579126630511 -0.53814305208188384 -3.5153406175202466 23.53034739640524
leaf_weight=319007 255 76 2167 63 79 8149 656 7226 12029 1941 1233 3481 107 1753 1164 176 99 59 816 59 83 60 122 63 63 135 70 6765 2028 212
leaf_count=319007 255 76 2167 63 79 8149 656 7226 12029 1941 1233 3481 107 1753 1164 176 99 59 816 59 83 60 122 63 63 135 70 6765 2028 212
internal_value=0.000129742 0.040962 2.3272 8.34115 5.86956 -0.0189542 0.039193 -0.0312839 1.87871 0.0369747 1.38783 3.28587 -1.43968 -2.47999 3.87986 -9.07615 0.370663 8.88363 7.68957 9.73909 4.14342 10.1118 21.1235 -12.6478 -9.5765 -2.66469 10.5899 -1.62968 -4.86412 17.232
internal_weight=370196 361148 9223 1246 1183 351925 343776 331091 12685 322112 7977 4773 3204 8979 3105 614 2590 423 1104 1292 364 265 182 507 444 268 133 9048 2283 288
internal_count=370196 361148 9223 1246 1183 351925 343776 331091 12685 322112 7977 4773 3204 8979 3105 614 2590 423 1104 1292 364 265 182 507 444 268 133 9048 2283 288
is_linear=0
shrinkage=0.05


Tree=158
num_leaves=31
num_cat=0
split_feature=1 11 1 11 3 3 9 3 10 8 6 8 10 10 3 8 9 8 7 3 9 8 9 11 3 6 9 8 9 9
split_gain=8.40515e+06 1.48154e+07 1.45352e+07 2.76746e+07 2.5535e+07 2.13721e+07 2.87808e+07 2.4028e+07 3.31046e+07 2.20588e+07 6.40752e+07 2.6051e+07 2.05873e+07 1.8835e+07 1.76953e+07 1.64751e+07 2.04491e+07 1.95794e+07 1.56707e+07 1.70923e+07 1.44597e+07 1.28669e+07 3.59983e+07 2.66195e+07 2.81284e+07 1.82812e+07 1.5063e+07 2.32944e+07 1.82794e+07 1.48546e+07
threshold=5.5000000000000009 45915.240000000013 3.5000000000000004 3030.5600000000004 263.50000000000006 138.50000000000003 2041.4540000000004 256.50000000000006 2282.6333333333337 1042.8514285714289 1.5000000000000002 1709.7935714285716 1427.8500000000001 2010.5333333333335 18.500000000000004 4.6428571428571432 491.88683333333341 53.986428571428583 24.500000000000004 17.500000000000004 1196.8403333333333 1518.4428571428573 1158.1600000000001 6839.2300000000005 11.500000000000002 1.5000000000000002 1697.2931666666666 1750.47 2194.8705000000004 402.07400000000001
decision_type=2 2 2 2 2 2 2 2 2 2 2 2 2 2 2 2 2 2 2 2 2 2 2 2 2 2 2 2 2 2
left_child=2 -2 -1 12 5 15 7 9 13 -7 11 20 -4 -9 -14 16 -5 -17 19 21 -11 22 29 25 -25 -23 27 -26 -28 -19
right_child=1 -3 3 4 -6 6 -8 8 -10 10 -12 -13 14 -15 -16 17 -18 18 -20 -21 -22 23 -24 24 26 -27 28 -29 -30 -31
leaf_value=-0.12371437916238151 -0.45161245613147422 -6.8586629793924452 -0.03280612904341873 -2.709902178995415 -2.3621805604039268 4.9946884899060855 33.175698411582722 0.22549091610498997 -32.532285904557739 8.6186473931131911 73.061226889666386 -3.9209729509567151 13.051641579394071 27.629282782734307 -18.788349903872621 9.6763305572597584 -34.76464181742989 1.8707004898823003 -0.38302428263474009 1.709207875064048 38.897815748919612 -27.400485810156791 28.873176922958891 8.9775909655336026 0.44208793929128937 7.6836238969047121 7.6596604402564212 -40.962072309766498 -26.555838172912601 9.4163230573462116
leaf_weight=211081 52657 918 60635 1152 3828 516 101 687 73 69 51 134 53 69 247 782 52 1308 7361 25432 92 124 178 828 66 53 178 70 50 1301
leaf_count=211081 52657 918 60635 1152 3828 516 101 687 73 69 51 134 53 69 247 782 52 1308 7361 25432 92 124 178 828 66 53 178 70 50 1301
internal_value=0.0177799 -0.561396 0.115797 0.595049 1.54214 1.90911 7.24803 5.69943 -0.378196 11.5444 21.3121 12.3657 -0.0974511 2.72663 -13.1633 1.66338 -4.09433 1.84711 1.68141 2.19501 25.921 5.16781 7.11767 1.1983 3.88499 -16.8951 -7.69928 -20.8689 0.156262 5.63339
internal_weight=370146 53575 316571 105490 44555 40727 1792 1691 829 862 346 295 60935 756 300 38935 1204 37731 36949 29588 161 4156 2787 1369 1192 177 364 136 228 2609
internal_count=370146 53575 316571 105490 44555 40727 1792 1691 829 862 346 295 60935 756 300 38935 1204 37731 36949 29588 161 4156 2787 1369 1192 177 364 136 228 2609
is_linear=0
shrinkage=0.05


Tree=159
num_leaves=31
num_cat=0
split_feature=9 8 9 11 10 8 0 8 9 4 10 9 11 6 8 10 6 11 4 10 9 11 6 8 7 8 9 11 6 0
split_gain=1.0249e+07 2.92096e+07 2.46378e+07 1.74528e+07 2.68345e+07 1.60485e+07 1.54013e+07 1.42315e+07 2.86522e+07 1.74555e+07 3.10812e+07 3.0122e+07 2.33963e+07 1.72478e+07 1.69842e+07 2.6184e+07 2.37544e+07 2.75333e+07 2.34653e+07 1.58178e+07 2.76541e+07 2.53514e+07 2.95192e+07 2.279e+07 2.05926e+07 2.50282e+07 1.83548e+07 1.69469e+07 2.71434e+07 1.58543e+07
threshold=1734.5108333333335 1326.9885714285717 1235.1773333333335 12943.180000000002 1766.3333333333335 2430.840714285715 1.5000000000000002 725.26857142857159 558.25000000000011 1.5000000000000002 631.36666666666679 746.05950000000018 1955.2450000000001 3.5000000000000004 319.80714285714294 363.50000000000006 4.5000000000000009 1240.4600000000003 1.5000000000000002 38.833333333333336 243.66583333333335 3517.8500000000004 30.500000000000004 53.986428571428583 17.500000000000004 4.6428571428571432 286.54283333333336 7629.7500000000009 2.5000000000000004 24.500000000000004
decision_type=2 2 2 2 2 2 2 2 2 2 2 2 2 2 2 2 2 2 2 2 2 2 2 2 2 2 2 2 2 2
left_child=1 2 7 4 6 -2 -3 8 14 10 -10 -11 -12 -13 15 19 17 -17 -19 20 -1 22 -22 -23 25 -24 -25 29 -29 -28
right_child=5 3 -4 -5 -6 -7 -8 -9 9 11 12 13 -14 -15 -16 16 -18 18 -20 -21 21 23 24 26 -26 -27 27 28 -30 -31
leaf_value=-0.07429250195722141 1.8095083987710798 14.71539619375789 3.076228988699059 -3.6644718758870591 3.9859728880897012 -1.1533495706100605 -3.0069947481517314 -1.0705426664394568 1.0084755304463842 -2.7764118222835492 4.0922218299620399 4.6956966331106038 11.891771742765251 -17.675129695420857 -0.67414701985274084 0.41728327287853029 -8.3251939638328736 5.1157329839302461 -7.2769272687052613 -0.86143995910018012 0.27143900979541868 13.886146050309236 31.691008598125535 1.0235536628824913 -15.682218128442765 7.970868438906014 1.6290001802829321 2.5597327168791493 15.228704776928698 15.454908792420767
leaf_weight=115598 17233 126 6565 8670 2395 6220 4529 29206 6819 4030 3450 2701 1333 89 76542 8469 532 7669 402 39349 18643 530 151 4569 64 422 2193 778 926 229
leaf_count=115598 17233 126 6565 8670 2395 6220 4529 29206 6819 4030 3450 2701 1333 89 76542 8469 532 7669 402 39349 18643 530 151 4569 64 422 2193 778 926 229
internal_value=0.0121235 -0.0562527 0.0436837 -2.16216 -0.314629 1.02373 -2.52729 -0.0176315 0.0864382 1.99586 3.17589 -0.0115762 6.26592 3.98208 -0.0405185 0.201344 2.07429 2.40878 4.49848 0.0270483 0.26966 1.66451 0.633082 3.82017 11.2172 14.2217 3.20661 5.62405 9.4444 2.93624
internal_weight=370432 346979 331259 15720 7050 23453 4655 324694 295488 18422 11602 6820 4783 2790 277066 200524 17072 16540 8071 183452 144103 28505 19280 9225 637 573 8695 4126 1704 2422
internal_count=370432 346979 331259 15720 7050 23453 4655 324694 295488 18422 11602 6820 4783 2790 277066 200524 17072 16540 8071 183452 144103 28505 19280 9225 637 573 8695 4126 1704 2422
is_linear=0
shrinkage=0.05


Tree=160
num_leaves=31
num_cat=0
split_feature=0 11 8 8 11 11 3 8 4 7 11 9 6 9 10 4 6 3 3 11 6 9 8 11 9 8 11 9 10 6
split_gain=8.64112e+06 1.33235e+07 1.54243e+07 1.70138e+07 2.62011e+07 1.89493e+07 1.30056e+07 1.72952e+07 1.27485e+07 1.23652e+07 2.07021e+07 2.99612e+07 2.16227e+07 2.83551e+07 2.04396e+07 1.81855e+07 1.40903e+07 3.56144e+07 3.42495e+07 1.35525e+07 1.7505e+07 1.69434e+07 1.31671e+07 1.13555e+07 1.11417e+07 1.95733e+07 1.3877e+07 2.23902e+07 1.59614e+07 1.39431e+07
threshold=17.500000000000004 95.410000000000011 1.0000000180025095e-35 103.93857142857144 8853.8650000000016 1008.9750000000001 15.500000000000002 156.95071428571433 1.5000000000000002 1.0000000180025095e-35 192.04500000000004 524.56700000000012 29.500000000000004 140.99616666666671 1.0000000180025095e-35 2.5000000000000004 30.500000000000004 131.50000000000003 131.50000000000003 4643.255000000001 2.5000000000000004 225.24500000000003 20.399285714285718 12557.920000000002 200.63650000000001 290.09642857142859 1510.2900000000002 344.24250000000001 712.38333333333344 1.5000000000000002
decision_type=2 2 2 2 2 2 2 2 2 2 2 2 2 2 2 2 2 2 2 2 2 2 2 2 2 2 2 2 2 2
left_child=6 -2 -3 4 5 -4 -1 9 -7 10 11 12 14 -14 -8 16 18 -18 -15 -11 23 -22 -19 -21 -5 26 -26 -28 29 -29
right_child=1 2 3 24 -6 8 7 -9 -10 19 -12 -13 13 15 -16 -17 17 22 -20 20 21 -23 -24 -25 25 -27 27 28 -30 -31
leaf_value=0.77818575920540634 -0.74037096241640188 -1.3996316329782479 0.21363601931519974 -0.59550329607016295 35.358720728556314 5.1796574443021859 -7.661169610704694 -0.71725882180157163 -0.69734211319477613 -0.54928876965181406 0.33310177277387254 34.584245243072509 0.35570440517450425 14.470684082584704 3.0492184426924744 -4.0865213340556128 12.393496404683077 56.812631590226118 -12.117449926874441 -1.9851034939443364 1.6825788614653818 8.0124952081888718 26.027684858483326 3.9005982118137816 0.80678019667143808 0.30602428727908704 2.3946173204576056 18.146762631117088 -4.8633825679945817 7.3363681323361165
leaf_weight=29149 26479 10044 5962 20987 60 5218 602 117325 1121 36050 11305 80 970 530 1713 169 487 68 157 3589 3441 1526 71 1062 10032 72923 7746 443 183 913
leaf_count=29149 26479 10044 5962 20987 60 5218 602 117325 1121 36050 11305 80 970 530 1713 169 487 68 157 3589 3441 1526 71 1062 10032 72923 7746 443 183 913
internal_value=0.0117775 0.285524 0.485806 0.636596 2.39794 2.23717 -0.201274 -0.360644 4.14036 0.316158 1.5052 4.23898 3.72972 7.00175 0.264055 11.3517 13.3388 18.7649 8.3945 -0.104387 1.56319 3.6273 41.0879 -0.641174 0.444309 0.680894 2.09605 3.48905 8.99748 10.8681
internal_weight=370405 162111 135632 125588 12361 12301 208294 179145 6339 61820 16152 4847 4767 2452 2315 1482 1313 626 687 45668 9618 4967 139 4651 113227 92240 19317 9285 1539 1356
internal_count=370405 162111 135632 125588 12361 12301 208294 179145 6339 61820 16152 4847 4767 2452 2315 1482 1313 626 687 45668 9618 4967 139 4651 113227 92240 19317 9285 1539 1356
is_linear=0
shrinkage=0.05


Tree=161
num_leaves=31
num_cat=0
split_feature=3 8 10 6 11 4 11 9 0 11 9 8 10 4 9 10 11 7 3 3 3 9 3 3 8 9 8 3 3 0
split_gain=9.20128e+06 1.29388e+07 1.79474e+07 3.06986e+07 2.05547e+07 1.62965e+07 1.86811e+07 1.68528e+07 1.96341e+07 1.84259e+07 1.49702e+07 2.31383e+07 2.45482e+07 1.96835e+07 2.11535e+07 2.76329e+07 2.04611e+07 1.76567e+07 1.68691e+07 1.67914e+07 1.55324e+07 1.63882e+07 1.59477e+07 2.29566e+07 1.66236e+07 1.74463e+07 3.2123e+07 1.88448e+07 2.3541e+07 1.76649e+07
threshold=22.500000000000004 292.85642857142869 363.50000000000006 5.5000000000000009 1240.4600000000003 1.5000000000000002 10302.135000000002 369.66800000000006 16.500000000000004 4412.9450000000006 385.17333333333335 558.29571428571444 1584.0166666666669 1.5000000000000002 558.25000000000011 610.83333333333337 1376.5100000000002 1.0000000180025095e-35 104.50000000000001 117.50000000000001 285.50000000000006 675.34966666666674 259.50000000000006 138.50000000000003 951.38785714285734 1446.3833333333334 1234.1314285714288 61.500000000000007 59.500000000000007 29.500000000000004
decision_type=2 2 2 2 2 2 2 2 2 2 2 2 2 2 2 2 2 2 2 2 2 2 2 2 2 2 2 2 2 2
left_child=-1 2 -2 4 -4 7 -7 -6 -9 -10 17 12 13 14 -12 -16 -17 -3 -14 -18 21 -13 23 24 -23 -26 29 28 -28 -27
right_child=1 10 3 -5 5 6 -8 8 9 -11 11 20 18 -15 15 16 19 -19 -20 -21 -22 22 -24 -25 25 26 27 -29 -30 -31
leaf_value=0.52562540789675272 0.023804967345469757 -2.9284428254380646 0.38184081736971215 -10.290009854555613 3.5104279187300378 -5.7997563736779352 23.71289405176195 5.1241839936439035 12.018591932930164 32.937020373162419 0.82110284829530267 -2.1102393905873011 40.210281873105181 -2.4615312054922347 0.91060724682247152 4.2064723422670456 17.771372961248943 -0.63259756092391628 4.7294501005713618 1.6804998715718586 5.1765950543808419 1.6887655480192933 -2.5134816895487426 5.3852735521999016 -2.2266275069678518 5.693518800804469 -1.368833992532837 1.1036366450321167 -12.008176116458735 29.504542355421115
leaf_weight=67259 152727 11588 6226 493 4061 588 59 1034 536 131 18501 16038 67 3526 2247 1066 748 30200 67 207 1138 9343 6930 1939 11974 1555 9217 10202 551 82
leaf_count=67259 152727 11588 6226 493 4061 588 59 1034 536 131 18501 16038 67 3526 2247 1066 748 30200 67 207 1138 9343 6930 1939 11974 1555 9217 10202 551 82
internal_value=-0.00341988 -0.12084 0.176297 1.95035 2.42795 4.41563 -3.10849 5.26049 9.43864 16.127 -0.480072 -0.134384 1.12354 1.01475 1.55309 4.72612 8.96831 -1.26925 22.4699 14.2836 -0.61642 -0.71361 -0.281135 0.063696 -0.176695 -0.695709 0.152684 -0.399286 -1.96899 6.88625
internal_weight=370300 303041 165855 13128 12635 6409 647 5762 1701 667 137186 95398 26429 26295 22769 4268 2021 41788 134 955 68969 67831 51793 44863 42924 33581 21607 19970 9768 1637
internal_count=370300 303041 165855 13128 12635 6409 647 5762 1701 667 137186 95398 26429 26295 22769 4268 2021 41788 134 955 68969 67831 51793 44863 42924 33581 21607 19970 9768 1637
is_linear=0
shrinkage=0.05


Tree=162
num_leaves=31
num_cat=0
split_feature=11 10 9 9 8 1 1 3 1 8 3 3 3 9 3 7 11 8 3 9 10 9 0 7 7 4 11 9 11 8
split_gain=1.14455e+07 1.10298e+07 1.38002e+07 1.32182e+07 1.26072e+07 1.15045e+07 1.95392e+07 1.71716e+07 9.50771e+06 8.60208e+06 1.11699e+07 9.66623e+06 1.55954e+07 1.51891e+07 8.13954e+06 7.68088e+06 1.84548e+07 8.05876e+06 7.859e+06 1.59967e+07 2.08062e+07 1.87655e+07 3.00913e+07 3.35926e+07 3.083e+07 2.67387e+07 2.83892e+07 2.21662e+07 2.11159e+07 2.22802e+07
threshold=55972.670000000006 2071.4333333333338 2041.4540000000004 1485.087666666667 2430.840714285715 5.5000000000000009 4.5000000000000009 262.50000000000006 2.5000000000000004 2693.3414285714293 27.500000000000004 59.500000000000007 266.50000000000006 2258.7413333333338 269.50000000000006 28.500000000000004 14742.730000000001 183.57357142857146 14.500000000000002 581.01750000000004 1.0000000180025095e-35 269.66516666666672 18.500000000000004 1.0000000180025095e-35 20.500000000000004 2.5000000000000004 1845.5700000000002 354.94400000000002 7355.0100000000011 551.57428571428579
decision_type=2 2 2 2 2 2 2 2 2 2 2 2 2 2 2 2 2 2 2 2 2 2 2 2 2 2 2 2 2 2
left_child=15 3 4 -2 14 6 9 -8 -5 10 -4 -12 -13 -14 -3 18 -17 -18 19 20 21 -1 23 27 -25 26 -24 -23 -26 -30
right_child=1 2 5 8 -6 -7 7 -9 -10 -11 11 12 13 -15 -16 16 17 -19 -20 -21 -22 22 25 24 28 -27 -28 -29 29 -31
leaf_value=0.46521107619586283 -2.0705029295090047 -8.0474054115857179 20.27551689921199 0.074511723587478415 -26.660999881790346 -9.7417602829311214 35.496631109485257 -1.3863381736683396 23.878403106359681 -11.958111660910729 -12.183196088857949 20.512525695132226 -25.647188170332658 6.1063213760788386 3.8182270176482924 -2.0813376572184827 10.959335458773985 1.7575802687886453 -0.038432897791245389 2.4970126639914216 -0.88332446330536107 11.695756258604662 33.411421986640768 -6.792148666959207 2.6753317253770548 -4.3511647550884742 0.38714587317572702 50.360855925710581 28.427381957514907 4.3293448383991535
leaf_weight=8643 374 1165 74 69 83 230 78 53 107 133 128 97 57 111 165 9058 361 698 316474 9490 19040 106 235 766 2013 109 90 57 178 208
leaf_count=8643 374 1165 74 69 83 230 78 53 107 133 128 97 57 111 165 9058 361 698 316474 9490 19040 106 235 766 2013 109 90 57 178 208
internal_value=-0.0173557 -3.13322 -4.61133 3.24684 -7.75519 0.0112317 3.07989 20.5745 14.5462 -0.739771 2.45517 -0.900311 4.54954 -4.66719 -6.57535 0.00743381 -1.35116 4.89434 0.0458907 0.697808 0.154814 1.74822 4.69585 3.081 1.94099 17.0789 24.2662 25.2167 4.72948 15.4419
internal_weight=370450 2924 2374 550 1413 961 731 131 176 600 467 393 265 168 1330 367526 10117 1059 357409 40935 31445 12405 3762 3328 3165 434 325 163 2399 386
internal_count=370450 2924 2374 550 1413 961 731 131 176 600 467 393 265 168 1330 367526 10117 1059 357409 40935 31445 12405 3762 3328 3165 434 325 163 2399 386
is_linear=0
shrinkage=0.05


Tree=163
num_leaves=31
num_cat=0
split_feature=11 10 9 1 1 10 3 3 9 7 10 11 6 5 7 3 9 3 7 9 0 9 3 3 4 3 9 11 11 6
split_gain=1.11638e+07 1.12342e+07 1.33589e+07 1.27612e+07 1.90417e+07 1.24298e+07 1.15484e+07 9.69464e+06 9.08136e+06 8.68532e+06 1.05879e+07 9.72256e+06 2.11628e+07 1.44761e+07 3.54496e+07 2.386e+07 1.54501e+07 1.70228e+07 1.35194e+07 1.80652e+07 1.70584e+07 1.26126e+07 1.19052e+07 6.46689e+07 4.36677e+07 3.0041e+07 1.65401e+07 1.09491e+07 1.38441e+07 1.07875e+07
threshold=55972.670000000006 1787.5333333333335 2041.4540000000004 5.5000000000000009 4.5000000000000009 2720.4666666666672 262.50000000000006 14.500000000000002 1270.8481666666669 26.500000000000004 167.16666666666669 137.55500000000004 29.500000000000004 1.0000000180025095e-35 1.0000000180025095e-35 16.500000000000004 416.29716666666673 275.50000000000006 1.0000000180025095e-35 32.06333333333334 5.5000000000000009 221.83983333333336 7.5000000000000009 8.5000000000000018 2.5000000000000004 14.500000000000002 245.38166666666669 23.550000000000001 53.775000000000013 26.500000000000004
decision_type=2 2 2 2 2 2 2 2 2 2 2 2 2 2 2 2 2 2 2 2 2 2 2 2 2 2 2 2 2 2
left_child=9 8 5 4 -4 7 -6 -3 -2 11 -11 12 13 -1 15 -15 21 27 19 -14 -21 -17 -16 24 26 -25 -24 -18 -29 -13
right_child=1 2 3 -5 6 -7 -8 -9 -10 10 -12 29 18 14 22 16 17 -19 -20 20 -22 -23 23 25 -26 -27 -28 28 -30 -31
leaf_value=-3.643505382085829 -0.22699871619542439 -13.464446630285067 0.35310083137606574 -9.2364361963558608 33.524345591702044 -17.563144264994442 2.8181068592071536 -3.0557712528901915 21.687928089728725 -0.44229186567684708 -3.3769191056710173 0.31361285403401901 -2.9602154924050774 16.568641900857482 -4.3405725443980705 6.1312065130594791 -12.469214255854769 35.825606758007105 0.38376094308108977 0.29014289784306307 9.3898188195156749 -3.599177823884582 20.085760810134346 -9.2218835470386757 -6.1150421517235891 -0.72188547279544857 45.501120307152732 34.487323930740352 -1.7100190481969291 -0.76048074438129465
leaf_weight=4490 120 272 571 233 79 222 50 1260 78 20362 3620 260895 653 413 2471 632 53 69 6962 762 1589 704 146 1070 112 36447 114 50 56 25677
leaf_count=4490 120 272 571 233 79 222 50 1260 78 20362 3620 260895 653 413 2471 632 53 69 6962 762 1589 704 146 1070 112 36447 114 50 56 25677
internal_value=0.0103454 -3.08781 -3.93478 0.899099 4.27278 -6.50605 21.6227 -4.90379 8.40615 0.0346772 -0.885264 0.0989295 -0.498727 -0.943995 -0.657702 5.87944 3.05678 15.0864 1.59344 4.39697 6.44046 1.00382 -0.977918 -0.758616 19.9859 -0.964309 31.2294 6.08639 15.3642 0.217374
internal_weight=370232 2885 2687 933 700 1754 129 1532 198 367347 23982 343365 56793 46827 42337 1977 1564 228 9966 3004 2351 1336 40360 37889 372 37517 260 159 106 286572
internal_count=370232 2885 2687 933 700 1754 129 1532 198 367347 23982 343365 56793 46827 42337 1977 1564 228 9966 3004 2351 1336 40360 37889 372 37517 260 159 106 286572
is_linear=0
shrinkage=0.05


Tree=164
num_leaves=31
num_cat=0
split_feature=8 9 3 9 11 3 8 3 11 10 3 8 9 0 0 3 8 9 8 11 10 11 8 10 10 11 6 0 11 3
split_gain=1.66714e+07 2.48834e+07 2.08708e+07 1.61524e+07 1.93884e+07 1.72409e+07 1.60406e+07 1.5002e+07 1.39866e+07 3.06768e+07 4.31482e+07 1.39427e+07 2.13023e+07 1.36185e+07 1.33533e+07 1.44426e+07 3.47522e+07 2.8898e+07 1.28357e+07 1.22465e+07 1.54709e+07 2.7224e+07 2.10104e+07 2.54774e+07 1.46058e+07 1.08581e+07 1.13264e+07 2.79781e+07 6.43842e+07 2.0878e+07
threshold=2133.8221428571437 1917.6366666666668 8.5000000000000018 2422.4765000000002 7629.7500000000009 40.500000000000007 2195.8535714285722 9.5000000000000018 6970.8350000000009 2220.0000000000005 42.500000000000007 2266.1771428571433 2258.7413333333338 28.500000000000004 14.500000000000002 8.5000000000000018 2899.4528571428577 1768.4196666666669 2340.6650000000004 9526.7850000000017 2641.9333333333338 24530.555000000004 3218.1678571428579 2812.8500000000008 2762.7666666666669 4269.4150000000009 1.5000000000000002 23.500000000000004 22071.445000000003 80.500000000000014
decision_type=2 2 2 2 2 2 2 2 2 2 2 2 2 2 2 2 2 2 2 2 2 2 2 2 2 2 2 2 2 2
left_child=1 -1 -3 4 8 14 13 19 -2 18 -11 12 -8 -7 15 16 17 -6 -10 24 21 -21 -22 -24 -5 -4 -27 -28 29 -29
right_child=3 2 25 7 5 6 11 -9 9 10 -12 -13 -14 -15 -16 -17 -18 -19 -20 20 22 -23 23 -25 -26 26 27 28 -30 -31
leaf_value=-0.0062250310694840364 -0.0082942925378650372 27.651994651839846 -3.9776725580277827 -17.780277671343015 0.079536979175308387 -12.141176507074082 2.3720250045679547 -0.38939267954864304 14.151828549597779 66.458539947509777 4.6770231041541468 -1.8831989976072845 28.785214853286746 12.489157900734554 -9.3995626852516008 -5.7829126463257303 -17.665181673789512 37.910165712086844 -19.136976980139959 53.578502546037946 26.685067012734802 8.1240668320655836 -30.971446502417848 8.8501920812270214 15.606789430271498 2.3233623271082164 3.9690634246009937 -14.234180375220072 63.452517309188842 27.701155875710882
leaf_weight=350889 1497 84 581 81 103 514 426 2415 51 50 65 2558 93 63 1963 972 98 99 67 56 87 80 57 136 55 6056 798 71 70 51
leaf_count=350889 1497 84 581 81 103 514 426 2415 51 50 65 2558 93 63 1963 972 98 99 67 56 87 80 57 136 55 6056 798 71 70 51
internal_value=-0.00479432 0.0555183 2.86515 -1.87154 -2.96689 -4.15527 -1.80171 1.3104 1.76537 13.1609 31.5386 -0.367148 7.10502 -9.4519 -6.81367 -2.82302 6.76704 18.6203 -4.74944 8.74701 13.0052 26.8406 6.28519 -2.9106 -4.27815 2.59216 3.13389 8.09204 25.2282 3.29617
internal_weight=370186 358600 7711 11586 8619 6889 3654 2967 1730 233 115 3077 519 577 3235 1272 300 202 118 552 416 136 280 193 136 7627 7046 990 192 122
internal_count=370186 358600 7711 11586 8619 6889 3654 2967 1730 233 115 3077 519 577 3235 1272 300 202 118 552 416 136 280 193 136 7627 7046 990 192 122
is_linear=0
shrinkage=0.05


Tree=165
num_leaves=31
num_cat=0
split_feature=8 9 8 10 3 9 3 3 8 8 3 10 11 9 4 10 11 8 9 11 10 11 11 7 3 7 6 8 8 1
split_gain=1.05835e+07 1.29533e+07 2.28514e+07 2.24084e+07 2.58767e+07 1.79514e+07 1.77518e+07 1.76805e+07 1.76589e+07 1.64076e+07 2.93871e+07 3.23389e+07 4.49223e+07 2.22048e+07 2.72831e+07 4.53596e+07 4.18294e+07 2.13677e+07 1.93369e+07 3.1611e+07 1.83128e+07 1.88849e+07 1.77693e+07 3.38493e+07 1.75218e+07 1.7502e+07 1.71478e+07 1.63049e+07 1.58159e+07 1.53894e+07
threshold=2430.840714285715 1697.2931666666666 1326.9885714285717 2371.4500000000003 40.500000000000007 928.8950000000001 260.50000000000006 85.500000000000014 839.78785714285721 683.51857142857148 8.5000000000000018 10.833333333333334 1620.9900000000002 468.4738333333334 1.5000000000000002 631.36666666666679 1748.2350000000004 372.0864285714286 265.89766666666674 1030.575 213.66666666666671 1845.5700000000002 8283.1350000000002 24.500000000000004 263.50000000000006 2.5000000000000004 30.500000000000004 455.39000000000004 156.95071428571433 1.0000000180025095e-35
decision_type=2 2 2 2 2 2 2 2 2 2 2 2 2 2 2 2 2 2 2 2 2 2 2 2 2 2 2 2 2 2
left_child=1 2 3 5 -5 9 8 -6 29 13 11 12 -11 17 15 22 -17 18 28 26 -13 -22 -15 27 -21 -19 -20 -24 -1 -7
right_child=-2 -3 -4 4 7 6 -8 -9 -10 10 -12 20 -14 14 -16 16 -18 25 19 24 21 -23 23 -25 -26 -27 -28 -29 -30 -31
leaf_value=0.22727277701829651 -2.0061632642537082 1.316396563812362 -2.0027498531963097 45.029186778957566 -16.263267368740507 -2.0431784821726455 -2.6863285869807987 24.998849151611328 1.5642239235399413 28.62462812596419 -2.2329907620799987 -6.0913815031532623 0.050135478178660077 0.39848932259419839 -1.6028628831201797 2.5239849889357622 10.834345968263966 -2.3714553592970957 -0.42409732164672831 2.524968037237556 -2.1022722953141422 3.955993796522888 29.976425503112456 1.8100272057340541 -1.1665793277921519 -0.31628401924500826 9.6125908714753621 8.6322720136493452 -0.81108731178893834 8.5158684603857377
leaf_weight=94158 6495 18573 14206 59 54 428 1979 50 10816 254 19451 891 300 18337 6529 4026 2427 16674 28580 25407 2082 3366 182 1114 3680 27354 432 176 60067 1781
leaf_count=94158 6495 18573 14206 59 54 428 1979 50 10816 254 19451 891 300 18337 6529 4026 2427 16674 28580 25407 2082 3366 182 1114 3680 27354 432 176 60067 1781
internal_value=-0.0056169 0.0301354 -0.0391384 0.045225 18.5794 0.0360838 1.72585 3.57429 2.39623 -0.0442786 -1.23887 1.5664 13.1511 0.064561 1.28968 2.0088 5.64955 -0.0921488 0.115723 0.893144 0.553955 1.64078 0.82278 6.10826 2.05792 -1.09461 -0.274647 19.4832 -0.177144 6.47002
internal_weight=369928 363433 344860 330654 163 330491 15004 104 13025 315487 26344 6893 554 289143 32791 26262 6453 256352 212324 58099 6339 5448 19809 1472 29087 44028 29012 358 154225 2209
internal_count=369928 363433 344860 330654 163 330491 15004 104 13025 315487 26344 6893 554 289143 32791 26262 6453 256352 212324 58099 6339 5448 19809 1472 29087 44028 29012 358 154225 2209
is_linear=0
shrinkage=0.05


Tree=166
num_leaves=31
num_cat=0
split_feature=8 9 11 11 1 9 0 8 8 1 11 3 9 8 9 1 10 11 11 11 11 10 10 11 8 10 3 3 10 10
split_gain=1.07468e+07 1.19319e+07 1.01042e+07 1.99753e+07 9.56793e+06 1.57106e+07 1.51089e+07 1.63679e+07 1.50168e+07 1.3548e+07 3.08988e+07 5.4053e+07 2.96798e+07 4.0599e+07 2.76828e+07 2.42322e+07 2.18524e+07 5.60594e+07 4.10141e+07 3.27533e+07 3.24422e+07 2.12734e+07 1.73258e+07 3.19778e+07 1.49578e+07 1.45178e+07 1.99839e+07 1.80366e+07 1.47108e+07 1.34564e+07
threshold=3218.1678571428579 2422.4765000000002 5301.8050000000012 9772.6550000000025 5.5000000000000009 2041.4540000000004 11.500000000000002 994.51571428571447 2340.6650000000004 2.5000000000000004 21033.945000000003 27.500000000000004 2336.8835000000004 2693.3414285714293 2336.8835000000004 3.5000000000000004 2444.1500000000001 13348.465000000002 10903.300000000001 15809.935000000003 19100.720000000005 2444.1500000000001 2955.1166666666672 42026.485000000008 1669.8157142857144 2872.6833333333338 34.500000000000007 63.500000000000007 2762.7666666666669 2220.0000000000005
decision_type=2 2 2 2 2 2 2 2 2 2 2 2 2 2 2 2 2 2 2 2 2 2 2 2 2 2 2 2 2 2
left_child=4 2 -2 -4 5 8 7 -7 -1 25 16 12 13 -12 21 -16 17 18 29 -19 -18 -13 23 -17 -23 27 -27 -8 -29 -11
right_child=1 -3 3 -5 -6 6 9 -9 -10 10 11 14 -14 -15 15 22 20 19 -20 -21 -22 24 -24 -25 -26 26 -28 28 -30 -31
leaf_value=0.076373534827574099 6.3697305635305561 -1.2096174175181909 -37.737938605797915 -8.6599984110301396 -0.6159718258602922 -26.703820984939053 -3.7901560783766506 0.079210271524524131 -4.3075363025535376 -5.5210512652397163 71.801601962198191 23.989735293101116 2.541067783505309 21.269431529045107 -5.6817046087082126 56.810162638534202 -0.36785973452139592 64.836697841967847 -34.935650959279805 17.640661103034688 -33.454408894964011 21.774663838307159 7.9246567267876173 11.158072787873886 -6.683870097978529 31.647813617223985 4.4406833783732695 6.5867355638198779 -12.107117156900912 13.647319549550401
leaf_weight=304978 65 817 76 265 53300 58 1347 3463 1966 150 79 83 51 80 73 88 690 56 72 107 83 52 77 68 412 87 301 1047 117 235
leaf_count=304978 65 817 76 265 53300 58 1347 3463 1966 150 79 83 51 80 73 88 690 56 72 107 83 52 77 68 412 87 301 1047 117 235
internal_value=-0.0118184 -4.69109 -11.6969 -15.1407 0.00368539 0.108263 2.18207 -0.361976 0.0482943 3.85482 6.58717 13.0072 35.7308 46.3766 7.41284 19.4558 1.68806 8.68065 -0.298478 33.8553 -3.92049 0.675825 27.3315 36.9105 -3.49455 1.53999 10.5413 0.14912 4.70771 6.17912
internal_weight=370343 1223 406 341 369120 315820 8876 3521 306944 5355 2456 1063 210 159 853 306 1393 620 457 163 773 547 233 156 464 2899 388 2511 1164 385
internal_count=370343 1223 406 341 369120 315820 8876 3521 306944 5355 2456 1063 210 159 853 306 1393 620 457 163 773 547 233 156 464 2899 388 2511 1164 385
is_linear=0
shrinkage=0.05


Tree=167
num_leaves=31
num_cat=0
split_feature=3 3 11 9 8 3 6 1 9 9 8 0 3 11 11 3 0 9 3 0 11 11 0 3 9 0 8 9 11 11
split_gain=9.49786e+06 1.16064e+07 2.0809e+07 1.17636e+07 3.64351e+07 2.11375e+07 2.10717e+07 2.31402e+07 3.99493e+07 2.65839e+07 1.70654e+07 2.63027e+07 1.23622e+07 2.25021e+07 1.65309e+07 2.83481e+07 1.42653e+07 1.83589e+07 1.85143e+07 1.65604e+07 1.30284e+07 1.29867e+07 1.2923e+07 1.21583e+07 2.18647e+07 2.42048e+07 1.47681e+07 2.58446e+07 2.30246e+07 1.32897e+07
threshold=37.500000000000007 2.5000000000000004 45915.240000000013 1592.5745000000004 1791.3400000000004 8.5000000000000018 1.5000000000000002 3.5000000000000004 1841.156666666667 1768.4196666666669 2133.8221428571437 16.500000000000004 32.500000000000007 24530.555000000004 14253.120000000001 13.500000000000002 8.5000000000000018 2194.8705000000004 29.500000000000004 6.5000000000000009 10903.300000000001 6264.1650000000009 21.500000000000004 5.5000000000000009 2041.4540000000004 21.500000000000004 2899.4528571428577 2530.8520000000003 35421.660000000011 8101.5250000000005
decision_type=2 2 2 2 2 2 2 2 2 2 2 2 2 2 2 2 2 2 2 2 2 2 2 2 2 2 2 2 2 2
left_child=1 2 -1 -3 6 10 12 9 -9 -8 11 -6 14 20 15 -5 19 18 -18 -16 -14 -17 -23 24 -12 -26 28 29 -25 -28
right_child=-2 3 -4 4 5 -7 7 8 -10 -11 23 -13 13 -15 16 21 17 -19 -20 -21 -22 22 -24 26 25 -27 27 -29 -30 -31
leaf_value=-1.2935066745712105 -0.14766254307400883 0.37407304614846892 -21.985858441937356 20.933934142093847 -5.5404138277161801 -1.532741803216906 27.355349068789138 14.595101931889852 69.643622242487396 -8.8679979792181065 -12.708734860887716 39.443027768816272 12.101542072296143 0.19095221486584896 5.4649788885515456 5.7884884313375018 14.729591787723534 37.678028329702521 -7.3769330532320083 -21.747719337570835 39.621826854828868 -20.82412964637291 -0.19722393165200444 7.6383980284566464 -5.1826522837402997 16.000732559262566 12.582273087850432 31.82261571555302 36.080341729250819 -10.987025161889884
leaf_weight=6023 257060 99075 124 101 53 4240 97 90 52 106 255 84 80 145 263 119 401 65 124 71 93 213 118 253 279 261 82 58 99 221
leaf_count=6023 257060 99075 124 101 53 4240 97 90 52 106 255 84 80 145 263 119 401 65 124 71 93 213 118 253 279 261 82 58 99 221
internal_value=0.0204095 0.401924 -1.71092 0.523193 2.36465 0.333737 7.9549 19.271 34.7537 8.44069 5.1446 22.0407 5.77752 14.719 3.84979 -3.00482 7.93734 12.6117 9.50824 -0.319756 26.8957 -8.37774 -13.4707 3.60961 -0.642134 5.05598 8.35034 1.24467 15.6377 -4.60854
internal_weight=370305 113245 6147 107098 8023 5885 2138 345 142 203 1645 137 1793 318 1475 551 924 590 525 334 173 450 331 1508 795 540 713 361 352 303
internal_count=370305 113245 6147 107098 8023 5885 2138 345 142 203 1645 137 1793 318 1475 551 924 590 525 334 173 450 331 1508 795 540 713 361 352 303
is_linear=0
shrinkage=0.05


Tree=168
num_leaves=31
num_cat=0
split_feature=8 9 3 3 11 3 1 10 8 11 9 2 8 3 8 11 9 3 6 8 1 8 9 8 11 11 11 1 3 9
split_gain=1.25614e+07 1.50207e+07 1.02665e+07 2.02931e+07 1.89497e+07 1.16989e+07 1.3753e+07 1.53753e+07 2.42266e+07 1.54564e+07 1.02231e+07 1.09607e+07 1.97307e+07 1.04522e+07 1.20205e+07 1.10743e+07 8.96458e+06 2.97102e+07 2.29575e+07 1.97086e+07 1.88367e+07 1.78079e+07 1.5874e+07 1.63343e+07 1.46701e+07 1.8582e+07 2.56752e+07 1.44485e+07 1.40632e+07 1.62371e+07
threshold=1972.967142857143 1697.2931666666666 257.50000000000006 278.50000000000006 6264.1650000000009 64.500000000000014 5.5000000000000009 2812.8500000000008 2195.8535714285722 35421.660000000011 2530.8520000000003 1.0000000180025095e-35 3218.1678571428579 284.50000000000006 2899.4528571428577 32951.680000000008 1554.7928333333336 13.500000000000002 4.5000000000000009 796.77499999999998 1.0000000180025095e-35 1145.382142857143 928.8950000000001 874.19928571428591 5301.8050000000012 14253.120000000001 27454.115000000002 1.0000000180025095e-35 271.50000000000006 1665.0946666666666
decision_type=2 2 2 2 2 2 2 2 2 2 2 2 2 2 2 2 2 2 2 2 2 2 2 2 2 2 2 2 2 2
left_child=16 -2 5 -4 -5 -3 7 -7 -9 -10 13 -12 -13 -6 15 -15 21 20 19 28 -18 22 -1 -24 -22 -26 -27 -21 29 -19
right_child=1 2 3 4 10 6 -8 8 9 -11 11 12 -14 14 -16 -17 17 18 -20 27 24 -23 23 -25 25 26 -28 -29 -30 -31
leaf_value=0.002158144830372626 -5.6523880070297619 -1.45715361072674 -9.6766496927403551 -13.484404934201923 -8.9330112272134716 2.0221506886814704 -4.4387697607444396 41.992884979248053 0.38362889880434092 26.698404963175456 0.25461277260499843 38.049958745444698 1.7673711431199228 4.2662457191316703 -9.4498305823351885 31.431955288302518 -5.3415271074343948 -1.5062218856811525 -33.03644493293762 -2.6752343635100342 -2.0303522298365464 -1.6681990949749759 4.9703730913606101 0.5794383166199204 36.739033117220387 -6.2370642883609042 27.28650516933865 1.3947197044993573 -8.6725152529202969 29.359433556900541
leaf_weight=314285 1844 7827 895 175 179 3037 720 60 218 75 102 82 69 95 74 62 117 60 50 2661 81 15575 3227 6163 129 99 135 12080 52 147
leaf_count=314285 1844 7827 895 175 179 3037 720 60 218 75 102 82 69 95 74 62 117 60 50 2661 81 15575 3227 6163 129 99 135 12080 52 147
internal_value=-0.0237571 -1.41638 -0.844973 -4.44119 1.15039 -0.322878 1.83721 3.17016 13.047 7.11949 5.01326 12.9171 21.4705 0.136044 7.16358 14.9941 0.0371265 1.20865 0.787514 0.900261 12.5065 -0.0167825 0.0626825 2.08844 17.2097 21.5029 13.1035 0.660024 14.5733 20.4129
internal_weight=370375 15514 13670 1733 838 11937 4110 3390 353 293 663 253 151 410 231 157 354861 15611 15050 15000 561 339250 323675 9390 444 363 234 14741 259 207
internal_count=370375 15514 13670 1733 838 11937 4110 3390 353 293 663 253 151 410 231 157 354861 15611 15050 15000 561 339250 323675 9390 444 363 234 14741 259 207
is_linear=0
shrinkage=0.05


Tree=169
num_leaves=31
num_cat=0
split_feature=8 3 7 10 0 4 11 10 0 0 7 5 6 11 8 6 11 11 11 3 4 11 10 11 6 11 11 3 10 11
split_gain=1.06473e+07 1.57331e+07 1.52854e+07 2.21551e+07 4.59883e+07 2.75732e+07 2.35632e+07 2.13891e+07 1.85809e+07 1.46436e+07 1.34156e+07 2.97569e+07 3.18405e+07 5.95983e+07 3.05397e+07 4.73336e+07 5.40653e+07 2.45083e+07 2.53551e+07 2.53042e+07 2.35778e+07 2.09818e+07 2.0902e+07 1.99395e+07 2.4317e+07 1.70006e+07 1.56335e+07 1.53279e+07 1.45131e+07 1.3566e+07
threshold=216.77071428571432 12.500000000000002 29.500000000000004 1.0000000180025095e-35 18.500000000000004 2.5000000000000004 1876.9850000000004 253.50000000000003 16.500000000000004 25.500000000000004 1.0000000180025095e-35 1.0000000180025095e-35 1.5000000000000002 10302.135000000002 8.7857142857142865 32.500000000000007 29.665000000000003 77.27500000000002 48.445000000000007 14.500000000000002 1.5000000000000002 1030.575 540.38333333333344 4063.2000000000003 2.5000000000000004 758.16500000000008 10903.300000000001 22.500000000000004 680.68333333333351 57.745000000000012
decision_type=2 2 2 2 2 2 2 2 2 2 2 2 2 2 2 2 2 2 2 2 2 2 2 2 2 2 2 2 2 2
left_child=10 2 3 4 8 6 -6 -5 -2 -3 11 12 13 20 15 16 27 18 -16 -20 21 -1 -14 -12 -25 -18 -26 -13 -23 -21
right_child=1 9 -4 7 5 -7 -8 -9 -10 -11 23 14 22 -15 17 -17 25 -19 19 29 -22 28 -24 24 26 -27 -28 -29 -30 -31
leaf_value=0.24175088645603537 3.685373744715092 -0.63482431841341336 -10.032858152863403 -1.8695758860757068 25.925469897854487 -2.5439307049008235 -0.10384521660981355 1.3032623951298103 -3.3705934397522341 0.52325858733556585 -0.27218359653640783 15.415363601637985 -0.28971142769691166 57.678955869674681 0.30808462947818405 -8.2134818255448661 16.202711277350073 -3.3488676633959544 47.971632165728877 17.698425934069963 -9.1219793703580763 5.1849403696322485 -9.308601904769537 -1.0037426100362257 2.1849010142348515 33.27409399466525 12.205805842798755 2.1256335936197042 18.995993227005005 -2.0459257884552846
leaf_weight=2799 3956 154026 322 7983 446 163 108 15874 1221 33176 97312 261 18147 50 705 395 901 1606 53 263 386 3888 666 7545 15861 174 399 1286 200 130
leaf_count=2799 3956 154026 322 7983 446 163 108 15874 1221 33176 97312 261 18147 50 705 395 901 1606 53 263 386 3888 666 7545 15861 174 399 1286 200 130
internal_value=-0.0340524 -0.259057 0.802491 0.919764 3.66487 15.5326 20.8512 0.241571 2.02122 -0.429588 0.285419 1.19749 0.47983 3.27704 4.44598 7.9221 10.3529 0.642049 6.21061 15.5408 2.90304 3.57702 -0.60899 0.0451205 1.34222 18.9659 2.4308 4.36779 5.86063 11.1672
internal_weight=370302 217275 30073 29751 5894 717 554 23857 5177 187202 153027 31910 26136 7323 5774 3017 2622 2757 1151 446 7273 6887 18813 121117 23805 1075 16260 1547 4088 393
internal_count=370302 217275 30073 29751 5894 717 554 23857 5177 187202 153027 31910 26136 7323 5774 3017 2622 2757 1151 446 7273 6887 18813 121117 23805 1075 16260 1547 4088 393
is_linear=0
shrinkage=0.05


Tree=170
num_leaves=31
num_cat=0
split_feature=0 8 11 8 11 10 8 7 5 6 8 11 11 3 3 11 11 3 11 3 10 10 0 4 11 11 8 8 11 11
split_gain=8.59204e+06 1.27948e+07 1.54576e+07 2.34097e+07 2.13405e+07 1.33619e+07 1.26232e+07 2.84803e+07 1.93107e+07 2.60485e+07 3.03485e+07 4.95477e+07 1.77519e+07 1.4776e+07 1.40273e+07 1.38356e+07 2.64242e+07 1.37584e+07 1.29353e+07 1.24658e+07 1.3285e+07 1.69572e+07 1.56437e+07 1.60517e+07 1.55249e+07 1.29407e+07 1.29444e+07 1.2868e+07 1.67344e+07 1.23341e+07
threshold=9.5000000000000018 7.2142857142857153 95.410000000000011 103.93857142857144 3517.8500000000004 228.50000000000003 143.61785714285716 1.0000000180025095e-35 1.0000000180025095e-35 32.500000000000007 7.2142857142857153 29.665000000000003 856.31500000000017 21.500000000000004 22.500000000000004 57.745000000000012 50.695000000000007 13.500000000000002 1748.2350000000004 14.500000000000002 1.0000000180025095e-35 213.66666666666671 18.500000000000004 2.5000000000000004 645.63000000000011 1876.9850000000004 1092.6764285714287 631.65142857142871 1427.5150000000001 21.445000000000004
decision_type=2 2 2 2 2 2 2 2 2 2 2 2 2 2 2 2 2 2 2 2 2 2 2 2 2 2 2 2 2 2
left_child=6 -2 -3 4 -4 -6 7 8 -1 10 11 14 13 -13 -10 16 -12 -17 -14 20 22 -22 27 24 -24 -23 -27 28 -5 -16
right_child=1 2 3 19 5 -7 -8 -9 9 -11 15 12 18 -15 29 17 -18 -19 -20 -21 21 25 23 -25 -26 26 -28 -29 -30 -31
leaf_value=0.65322832616136162 -0.86721468040366512 -1.0965393302741153 1.0873244284908776 -1.7613662372144963 4.0306233812783434 12.460846172275977 -0.8069563041475919 -0.55214003473673157 14.323551517509552 -7.8597169270971792 1.3309468403229194 28.773658690040492 45.754054358835972 12.125906565887458 3.2423922432189762 21.351143293865658 21.046659153049646 -3.4029064518651921 15.081254533358985 0.05250265132236176 -1.8587616986823652 -0.27804016998750469 30.581856339066118 -1.9956418836795831 9.4651333316491577 4.7156337966972464 1.1139929326169331 -1.1644522974430529 5.949080015191317 -11.637269553542138
leaf_weight=7278 28202 19239 13908 930 4217 529 68346 29334 249 384 747 162 89 752 1075 59 220 1155 56 164957 5285 7141 135 158 245 4010 6602 1692 2892 160
leaf_count=7278 28202 19239 13908 930 4217 529 68346 29334 249 384 747 162 89 752 1075 59 220 1155 56 164957 5285 7141 135 158 245 4010 6602 1692 2892 160
internal_value=-0.0182857 0.138395 0.260669 0.38343 2.07524 4.97028 -0.388603 0.296747 2.30718 4.66377 5.68177 9.39318 17.655 15.0766 3.49742 1.35435 5.81642 -2.19987 33.908 0.220795 1.17511 0.627452 3.25985 11.3981 16.9671 1.36759 2.47496 2.4658 4.07291 1.31466
internal_weight=370208 260142 231940 212701 18654 4746 110066 41720 12386 5108 4724 2543 1059 914 1484 2181 967 1214 145 194047 29090 23038 6052 538 380 17753 10612 5514 3822 1235
internal_count=370208 260142 231940 212701 18654 4746 110066 41720 12386 5108 4724 2543 1059 914 1484 2181 967 1214 145 194047 29090 23038 6052 538 380 17753 10612 5514 3822 1235
is_linear=0
shrinkage=0.05


Tree=171
num_leaves=31
num_cat=0
split_feature=8 9 3 0 8 8 3 11 8 3 1 3 9 11 10 8 10 11 0 10 8 11 10 11 3 1 1 11 3 10
split_gain=1.25294e+07 1.27265e+07 2.52172e+07 1.18594e+07 2.26343e+07 1.61558e+07 1.8993e+07 1.52572e+07 1.41125e+07 1.90956e+07 1.09466e+07 1.97472e+07 2.137e+07 1.77423e+07 1.65098e+07 2.11086e+07 1.44752e+07 1.32902e+07 1.12259e+07 1.04713e+07 1.03992e+07 1.03265e+07 2.52331e+07 1.95696e+07 1.47132e+07 1.57319e+07 1.38628e+07 2.35778e+07 1.32646e+07 9.22571e+06
threshold=2899.4528571428577 2336.8835000000004 4.5000000000000009 16.500000000000004 1265.0907142857145 1669.8157142857144 59.500000000000007 12943.180000000002 1554.1278571428572 271.50000000000006 5.5000000000000009 63.500000000000007 2422.4765000000002 22071.445000000003 2955.1166666666672 2133.8221428571437 2872.6833333333338 20009.920000000002 28.500000000000004 2680.8833333333337 2024.3085714285717 8283.1350000000002 2132.4000000000005 3815.8050000000007 113.50000000000001 4.5000000000000009 4.5000000000000009 6839.2300000000005 11.500000000000002 2494.5000000000005
decision_type=2 2 2 2 2 2 2 2 2 2 2 2 2 2 2 2 2 2 2 2 2 2 2 2 2 2 2 2 2 2
left_child=1 20 -3 4 7 6 -5 -4 9 -6 11 12 13 -7 15 -13 -12 19 -14 -17 29 22 24 -24 -22 -26 28 -28 -25 -1
right_child=-2 2 3 5 8 10 -8 -9 -10 -11 16 14 18 -15 -16 17 -18 -19 -20 -21 21 -23 23 26 25 -27 27 -29 -30 -31
leaf_value=0.040436751820355062 -3.5184187307345507 29.500909570167806 -3.6036953535236296 43.411772349729375 3.5659491402762278 3.6151652934551239 6.487398149826948 -39.265797204486397 -0.017555964088897525 39.191101962002847 -7.5935696090214719 33.839203155517581 -12.184652080535891 40.093570545196535 34.404373318974564 5.3708314615137445 17.21257268091043 19.08544579488095 7.3878973021226777 -17.139520591344588 -0.67796532827646017 -2.5480978789339686 -4.9947795948793186 26.781105695452013 -7.3117126630573743 -38.005926282065261 45.735790059301593 2.6917425481896653 5.1883491743998285 2.8258921561438375
leaf_weight=351913 2474 87 61 59 119 100 85 59 2006 55 321 75 260 50 82 153 72 107 102 78 886 7073 227 84 164 56 72 57 464 2998
leaf_count=351913 2474 87 61 59 119 100 85 59 2006 55 321 75 260 50 82 153 72 107 102 78 886 7073 227 84 164 56 72 57 464 2998
internal_value=0.0279253 0.0517716 2.88147 2.279 0.00353645 5.66861 21.6161 -21.1376 1.16727 14.8268 4.0283 6.79031 -0.0942362 15.7746 13.9113 9.84246 -3.04893 4.51774 -6.66973 -2.23007 0.0212119 -1.64937 1.51317 7.70973 -3.55165 -15.1248 11.9696 26.7163 8.49819 0.063966
internal_weight=370399 367925 3931 3844 2300 1544 144 120 2180 174 1400 1007 512 150 495 413 393 338 362 231 363994 9083 2010 904 1106 220 677 129 548 354911
internal_count=370399 367925 3931 3844 2300 1544 144 120 2180 174 1400 1007 512 150 495 413 393 338 362 231 363994 9083 2010 904 1106 220 677 129 548 354911
is_linear=0
shrinkage=0.05


Tree=172
num_leaves=31
num_cat=0
split_feature=9 0 8 8 10 8 8 8 6 8 8 9 1 10 3 0 8 9 0 3 3 8 8 8 3 3 8 8 3 8
split_gain=9.20156e+06 1.3194e+07 1.99578e+07 2.2168e+07 1.73432e+07 1.58957e+07 1.90057e+07 1.52687e+07 1.3127e+07 1.72539e+07 1.47518e+07 1.28634e+07 1.47544e+07 1.25085e+07 3.02579e+07 1.36982e+07 1.21876e+07 1.21875e+07 1.06004e+07 1.65422e+07 1.62436e+07 1.41177e+07 2.24559e+07 1.27367e+07 1.12228e+07 2.24018e+07 1.78652e+07 1.67012e+07 1.33109e+07 1.29317e+07
threshold=2258.7413333333338 15.500000000000002 1234.1314285714288 2537.0064285714293 2641.9333333333338 1669.8157142857144 1518.4428571428573 1355.9100000000001 1.5000000000000002 2078.5514285714294 1750.47 2336.8835000000004 3.5000000000000004 2720.4666666666672 20.500000000000004 21.500000000000004 1972.967142857143 1697.2931666666666 24.500000000000004 92.500000000000014 282.50000000000006 2899.4528571428577 2340.6650000000004 2078.5514285714294 61.500000000000007 5.5000000000000009 2133.8221428571437 3218.1678571428579 3.5000000000000004 2078.5514285714294
decision_type=2 2 2 2 2 2 2 2 2 2 2 2 2 2 2 2 2 2 2 2 2 2 2 2 2 2 2 2 2 2
left_child=16 2 4 -4 -2 6 7 -3 10 -10 -7 12 -5 15 -15 -11 -1 -18 19 24 -20 22 -22 -21 25 27 -26 28 -12 -27
right_child=1 5 3 11 -6 8 -8 -9 9 13 18 -13 -14 14 -16 -17 17 -19 20 23 21 -23 -24 -25 26 29 -28 -29 -30 -31
leaf_value=0.050565152388604186 1.9239786881666916 22.243830666613224 3.1950812342046184 -3.6273799908161166 -35.970618470509848 -24.33554508281204 35.70123602095105 -11.512003650949964 33.995128317440262 -13.512228232677854 11.927176444831936 -3.4674999124653603 -36.208445781210195 49.804698959051393 2.9339923397550045 9.3765012865974793 -5.384141892457496 -0.88952191563231175 -4.8715363955261823 13.77913412011188 -7.1328648765132119 -1.9836345678567888 33.055164116207912 -10.486895000767708 42.27549284362793 -26.081282799198945 10.406634981321963 4.00293601117483 40.372337820591071 0.065062447913958432
leaf_weight=353111 52 67 2212 70 72 53 84 67 68 107 87 908 69 51 106 168 1846 8243 859 69 53 160 101 250 50 53 365 205 78 439
leaf_count=353111 52 67 2212 70 72 53 84 67 68 107 87 908 69 51 106 168 1846 8243 859 69 53 160 101 250 50 53 365 205 78 439
internal_value=0.0360263 1.84176 -0.391105 0.358003 -20.0793 3.97559 17.0548 5.36591 3.1173 10.5843 1.7943 -5.6359 -19.8007 6.89927 18.1595 0.470705 0.00160698 -1.71191 2.29444 4.94661 -1.31415 8.41767 19.2242 -5.23813 7.49081 4.23847 14.2463 13.5333 25.374 -2.75152
internal_weight=370123 6923 3383 3259 124 3540 218 134 3322 500 2822 1047 139 432 157 275 363200 10089 2769 1596 1173 314 154 319 1277 862 415 370 165 492
internal_count=370123 6923 3383 3259 124 3540 218 134 3322 500 2822 1047 139 432 157 275 363200 10089 2769 1596 1173 314 154 319 1277 862 415 370 165 492
is_linear=0
shrinkage=0.05


Tree=173
num_leaves=31
num_cat=0
split_feature=3 11 9 8 8 9 11 3 3 8 0 0 8 11 0 1 8 1 9 8 9 7 9 9 11 1 9 1 8 3
split_gain=8.20104e+06 1.34253e+07 1.22723e+07 2.37868e+07 1.99112e+07 2.04314e+07 1.8133e+07 2.35018e+07 2.13959e+07 1.94974e+07 2.29578e+07 2.01678e+07 2.00201e+07 4.36268e+07 3.10773e+07 2.7198e+07 2.48676e+07 1.93394e+07 2.01945e+07 1.72312e+07 2.75324e+07 2.38997e+07 2.12107e+07 1.90692e+07 1.76962e+07 1.68836e+07 2.18757e+07 1.57242e+07 2.00343e+07 1.86338e+07
threshold=261.50000000000006 11174.860000000002 1697.2931666666666 1669.8157142857144 1326.9885714285717 970.15350000000012 11502.295000000002 123.50000000000001 91.500000000000014 1117.6485714285716 8.5000000000000018 16.500000000000004 1326.9885714285717 31067.535000000003 21.500000000000004 3.5000000000000004 1234.1314285714288 4.5000000000000009 1804.4843333333336 674.31214285714293 573.2266666666668 14.500000000000002 513.0351666666669 649.56250000000011 1620.9900000000002 4.5000000000000009 1917.6366666666668 1.0000000180025095e-35 874.19928571428591 22.500000000000004
decision_type=2 2 2 2 2 2 2 2 2 2 2 2 2 2 2 2 2 2 2 2 2 2 2 2 2 2 2 2 2 2
left_child=2 -2 4 6 5 19 -4 8 9 11 -11 -8 13 14 -12 -14 -16 18 -17 20 -1 23 24 -21 -23 26 -9 -7 29 -29
right_child=1 -3 3 -5 -6 27 7 25 -10 10 12 -13 15 -15 16 17 -18 -19 -20 21 -22 22 -24 -25 -26 -27 -28 28 -30 -31
leaf_value=0.034146001622748327 -0.31690127417904601 -3.0881988509145053 -0.11386136777653717 0.37855032934636212 -1.845256162632736 -1.918448769364191 8.38368359190045 24.804800886674361 -5.4122028280534673 1.3280866216017506 59.829540935782497 -23.072206878662112 1.737738980945454 -3.8179425239562992 -4.4746692798755792 53.045935058593756 43.291696486039598 11.26249758458558 16.546545187275061 -4.3257938200916612 2.6289868381042742 3.2212946072732671 4.8017015530789138 -0.91939192701477723 -2.124960275377735 35.070181441725346 -10.214705586751302 24.817917116645244 1.8979527253437176 6.2207688396839416
leaf_weight=245929 34886 4996 1481 16664 13744 2010 99 110 407 762 86 105 601 96 54 66 55 397 89 7017 10666 2187 2445 9912 5296 114 75 147 8282 1609
leaf_count=245929 34886 4996 1481 16664 13744 2010 99 110 407 762 86 105 601 96 54 66 55 397 89 7017 10666 2187 2445 9912 5296 114 75 147 8282 1609
internal_value=0.0132336 -0.66406 0.0949626 1.25695 0.0150739 0.1016 4.44114 6.60608 5.19139 6.98212 8.34973 -7.80685 12.0551 23.774 37.3577 9.09737 19.6276 17.1103 32.0882 0.0158845 0.142007 -1.1891 0.758596 -2.33133 -0.562451 19.9345 10.6077 2.11821 2.92651 7.77759
internal_weight=370387 39882 330505 21261 309244 295500 4597 3116 2817 2410 2206 204 1444 291 195 1153 109 552 155 283452 256595 26857 9928 16929 7483 299 185 12048 10038 1756
internal_count=370387 39882 330505 21261 309244 295500 4597 3116 2817 2410 2206 204 1444 291 195 1153 109 552 155 283452 256595 26857 9928 16929 7483 299 185 12048 10038 1756
is_linear=0
shrinkage=0.05


Tree=174
num_leaves=31
num_cat=0
split_feature=1 1 10 6 0 10 11 3 3 3 8 9 8 10 11 10 11 9 11 8 0 11 3 11 8 7 9 10 10 0
split_gain=8.10718e+06 2.08583e+07 3.87788e+07 3.43424e+07 2.65532e+07 2.41296e+07 2.37793e+07 2.21434e+07 3.15687e+07 3.16407e+07 2.79519e+07 3.06354e+07 2.22539e+07 3.49135e+07 2.08918e+07 2.03332e+07 2.01092e+07 2.0029e+07 2.51456e+07 2.34439e+07 2.95549e+07 1.79354e+07 1.77442e+07 1.61732e+07 1.55899e+07 1.81234e+07 1.53141e+07 1.50819e+07 1.78851e+07 1.48318e+07
threshold=5.5000000000000009 4.5000000000000009 721.21666666666681 3.5000000000000004 27.500000000000004 1900.7500000000002 2637.7050000000004 262.50000000000006 68.500000000000014 45.500000000000007 2024.3085714285717 2258.7413333333338 2899.4528571428577 2418.9166666666674 15243.790000000003 2680.8833333333337 8101.5250000000005 1841.156666666667 42026.485000000008 1834.1171428571431 16.500000000000004 50375.340000000004 59.500000000000007 42026.485000000008 455.39000000000004 1.5000000000000002 2258.7413333333338 2444.1500000000001 2641.9333333333338 28.500000000000004
decision_type=2 2 2 2 2 2 2 2 2 2 2 2 2 2 2 2 2 2 2 2 2 2 2 2 2 2 2 2 2 2
left_child=1 -1 24 4 6 22 -4 8 9 12 11 -9 21 -14 -12 -15 -7 23 19 -19 -21 26 -6 -11 -3 -26 -8 -23 -29 -18
right_child=-2 2 3 -5 5 16 7 10 -10 17 14 -13 13 15 -16 -17 29 18 -20 20 -22 27 -24 -25 25 -27 -28 28 -30 -31
leaf_value=-0.055382315441950186 -0.53805738637433742 0.81500426789286751 -5.917103476198311 -32.451844459680409 11.764545498837482 17.076769077594463 7.0528673066761032 -2.0613855186209258 10.308724853808556 -4.9310720500630492 -48.044648602323718 32.458003997802734 -40.777482349641865 27.54247136797224 -5.7481104689378011 -12.50845195038678 -21.909913111336625 23.00198467352304 29.656322620727202 -31.825062553087875 4.6086255087996975 27.968573512686767 -3.0106160379492719 -30.61984049695911 -4.4432019720497218 0.43250860728198853 -14.292929258976862 -15.980402633878919 23.683490152756377 -5.7665293117587488
leaf_weight=263194 53505 35254 468 65 364 65 2457 599 3160 855 53 72 62 56 65 73 237 83 91 84 165 187 460 66 3336 4446 87 54 60 356
leaf_count=263194 53505 35254 468 65 364 65 2457 599 3160 855 53 72 62 56 65 73 237 83 91 84 165 187 460 66 3336 4446 87 54 60 356
internal_value=0.031186 0.127395 1.02859 3.77743 4.00653 -2.18497 5.04959 5.6658 6.49977 3.75176 -2.30391 1.64263 6.57927 -9.94211 -24.7457 4.878 -9.32453 -2.63539 6.37118 -0.0111967 -7.68226 7.68844 3.51628 -6.77196 0.367891 -1.65762 6.32288 19.2299 4.89533 -12.2184
internal_weight=370079 316574 53380 10344 10279 1482 8797 8329 7540 4380 789 671 3036 191 118 129 658 1344 423 332 249 2845 824 921 43036 7782 2544 301 114 593
internal_count=370079 316574 53380 10344 10279 1482 8797 8329 7540 4380 789 671 3036 191 118 129 658 1344 423 332 249 2845 824 921 43036 7782 2544 301 114 593
is_linear=0
shrinkage=0.05


Tree=175
num_leaves=31
num_cat=0
split_feature=0 8 11 8 11 9 9 8 11 1 1 9 8 9 3 8 9 1 10 11 9 0 11 8 11 9 10 3 8 3
split_gain=8.1526e+06 1.2523e+07 1.40276e+07 2.2731e+07 1.98146e+07 2.94281e+07 1.50392e+07 2.61114e+07 4.36963e+07 1.58025e+07 1.50061e+07 2.2029e+07 3.49208e+07 2.53609e+07 1.6023e+07 1.74915e+07 1.91838e+07 1.50797e+07 2.57497e+07 2.71838e+07 1.82933e+07 2.93155e+07 1.75366e+07 1.63536e+07 2.75107e+07 1.54861e+07 4.62347e+07 1.86282e+07 2.36844e+07 1.81998e+07
threshold=11.500000000000002 7.2142857142857153 95.410000000000011 154.79500000000004 3517.8500000000004 279.19633333333337 290.46616666666677 379.8314285714286 7102.0150000000003 5.5000000000000009 1.0000000180025095e-35 746.05950000000018 874.19928571428591 1087.7610000000002 39.500000000000007 857.42928571428581 1554.7928333333336 4.5000000000000009 2762.7666666666669 45915.240000000013 2194.8705000000004 27.500000000000004 8283.1350000000002 2899.4528571428577 15809.935000000003 2336.8835000000004 2469.5833333333335 262.50000000000006 1451.2592857142861 117.50000000000001
decision_type=2 2 2 2 2 2 2 2 2 2 2 2 2 2 2 2 2 2 2 2 2 2 2 2 2 2 2 2 2 2
left_child=-1 -2 -3 4 -4 -6 -5 8 -8 10 -9 -12 13 -13 -15 16 -16 22 23 20 -20 -22 -14 25 -25 27 -27 29 -29 -19
right_child=1 2 3 6 5 -7 7 9 -10 -11 11 12 17 14 15 -17 -18 18 19 -21 21 -23 -24 24 -26 26 -28 28 -30 -31
leaf_value=-0.28219493073591323 -0.82620622501403695 -0.97011956791790377 0.98928917012246564 -0.46244650160178652 2.3693744968480313 10.219726278691425 1.5771990177461832 -1.1821638167122566 11.037047145963172 -1.4755315199724781 -0.081865393411479179 4.4705261921834696 3.1613471155574451 32.844793258394517 4.7503364792747593 39.696453446608331 30.707888177383779 2.5231188888662404 51.238162030492518 -3.2631688381063526 31.632102728259657 -11.964377219460228 -0.28406191028654959 -29.570654715276234 6.8889205905369355 58.126567255020149 -2.4669848363539755 4.6844316030053665 -17.483363353421169 12.23474505697212
leaf_weight=134809 26148 18760 24434 53731 6021 1489 18492 11614 1307 12255 33550 2238 4940 112 413 52 86 3335 56 116 129 55 14633 102 105 50 85 239 243 564
leaf_count=134809 26148 18760 24434 53731 6021 1489 18492 11614 1307 12255 33550 2238 4940 112 413 52 86 3335 56 116 129 55 14633 102 105 50 85 239 243 564
internal_value=0.0278487 0.205439 0.334382 0.462882 1.67967 3.92586 0.217654 0.566438 2.20168 0.185418 0.465338 0.778483 1.82609 7.01504 15.6042 12.0998 9.22398 1.21546 3.64308 16.6104 26.216 18.6005 0.58552 2.66565 -11.0767 3.29556 19.9751 2.78158 -6.49145 3.92793
internal_weight=370163 235354 209206 190446 31944 7510 158502 104771 19799 84972 72717 61103 27553 2901 663 551 499 24652 5079 356 240 184 19573 4723 207 4516 135 4381 482 3899
internal_count=370163 235354 209206 190446 31944 7510 158502 104771 19799 84972 72717 61103 27553 2901 663 551 499 24652 5079 356 240 184 19573 4723 207 4516 135 4381 482 3899
is_linear=0
shrinkage=0.05


Tree=176
num_leaves=31
num_cat=0
split_feature=8 10 6 11 3 4 11 1 3 10 10 3 11 4 0 3 3 8 3 10 8 10 8 11 10 11 1 3 6 8
split_gain=9.68836e+06 1.89805e+07 3.85832e+07 1.66312e+07 1.57971e+07 1.56522e+07 2.04703e+07 1.402e+07 1.36902e+07 1.71906e+07 1.50497e+07 4.14387e+07 4.75993e+07 2.007e+07 1.17812e+07 1.30369e+07 1.86177e+07 2.71477e+07 2.47086e+07 1.74573e+07 1.35729e+07 1.75958e+07 1.67824e+07 1.39515e+07 1.22193e+07 1.42806e+07 1.39101e+07 1.13401e+07 1.07062e+07 9.98098e+06
threshold=295.65571428571434 363.50000000000006 5.5000000000000009 1240.4600000000003 12.500000000000002 1.5000000000000002 11846.610000000002 1.0000000180025095e-35 5.5000000000000009 1766.3333333333335 1.0000000180025095e-35 8.5000000000000018 1620.9900000000002 2.5000000000000004 25.500000000000004 111.50000000000001 51.500000000000007 1387.0700000000002 78.500000000000014 2812.8500000000008 2537.0064285714293 2394.6000000000004 1972.967142857143 23225.890000000003 3076.1000000000008 10903.300000000001 2.5000000000000004 261.50000000000006 1.5000000000000002 1632.2000000000003
decision_type=2 2 2 2 2 2 2 2 2 2 2 2 2 2 2 2 2 2 2 2 2 2 2 2 2 2 2 2 2 2
left_child=1 -1 3 -3 7 28 -7 -2 -9 10 11 12 13 -10 27 16 19 -18 24 -16 21 -20 -23 -24 25 29 -27 -6 -5 -19
right_child=4 2 -4 5 14 6 -8 8 9 -11 -12 -13 -14 -15 15 -17 17 18 20 -21 -22 22 23 -25 -26 26 -28 -29 -30 -31
leaf_value=0.085416323053835896 -1.7166062518865677 0.74724134519654495 -10.277235534535421 5.7950427192640381 -0.53340248209311636 -5.29633502995868 27.589200599520815 -0.16363193059747999 23.564453097292159 6.752868745506321 0.27784563303156595 0.80773697565628488 1.0992064881840482 -1.4909001470907874 1.2876758810687334 2.001823973702554 -0.3668558929831458 -20.496405725714602 -3.5089561155858235 24.62345491309225 -16.477368720733761 28.946386022882152 16.675489794270376 -11.166561019813622 4.3911911936639587 -10.993157589400619 -25.578413799462044 -2.1235635283225114 0.31995210605088142 -0.30074069764614109
leaf_weight=177492 4625 7140 620 5498 109941 656 51 9590 609 1868 7779 3126 601 92 7586 9082 7947 81 717 81 132 91 89 91 103 341 314 12485 1066 250
leaf_count=177492 4625 7140 620 5498 109941 656 51 9590 609 1868 7779 3126 601 92 7586 9082 7947 81 717 81 132 91 89 91 103 341 314 12485 1066 250
internal_value=-0.0158165 0.229889 1.93588 2.46133 -0.282137 4.14453 -2.92411 0.801215 1.29329 2.28596 1.60241 3.92936 11.4241 20.2762 -0.487372 0.459979 -0.325694 -1.72978 -6.63297 1.53421 -1.41862 0.59328 11.4468 2.59979 -11.9958 -13.7076 -17.9852 -0.695567 4.90588 -5.24288
internal_weight=370144 192523 15031 14411 177621 7271 707 28290 23665 14075 12207 4428 1302 701 149331 26905 17823 10156 2209 7667 1120 988 271 180 1089 986 655 122426 6564 331
internal_count=370144 192523 15031 14411 177621 7271 707 28290 23665 14075 12207 4428 1302 701 149331 26905 17823 10156 2209 7667 1120 988 271 180 1089 986 655 122426 6564 331
is_linear=0
shrinkage=0.05


Tree=177
num_leaves=31
num_cat=0
split_feature=8 9 4 11 10 10 6 11 8 9 11 0 6 7 8 8 9 3 8 11 4 11 3 0 9 11 0 7 3 8
split_gain=8.14139e+06 2.55316e+07 2.87261e+07 5.19848e+07 4.64241e+07 3.11302e+07 2.25553e+07 1.94975e+07 2.23978e+07 1.836e+07 1.74526e+07 1.71503e+07 1.6758e+07 1.61633e+07 2.4511e+07 1.55235e+07 1.53603e+07 1.57479e+07 1.51029e+07 1.50592e+07 2.17533e+07 1.48473e+07 1.43738e+07 1.43236e+07 1.41038e+07 1.75474e+07 1.67123e+07 1.40741e+07 2.55044e+07 2.85169e+07
threshold=492.04642857142863 354.94400000000002 1.5000000000000002 1748.2350000000004 509.16666666666669 167.16666666666669 1.5000000000000002 9289.2850000000017 307.38500000000005 473.10483333333343 7102.0150000000003 24.500000000000004 5.5000000000000009 1.0000000180025095e-35 1.0000000180025095e-35 316.75357142857143 638.09800000000007 272.50000000000006 192.41642857142861 29.665000000000003 1.0000000180025095e-35 742.92500000000007 13.500000000000002 5.5000000000000009 140.99616666666671 947.47500000000002 25.500000000000004 1.0000000180025095e-35 22.500000000000004 57.010714285714293
decision_type=2 2 2 2 2 2 2 2 2 2 2 2 2 2 2 2 2 2 2 2 2 2 2 2 2 2 2 2 2 2
left_child=1 18 3 13 5 7 9 11 -9 15 -11 22 -10 14 19 -6 -7 -18 24 -3 21 23 -5 -21 -1 27 -27 28 29 -26
right_child=-2 2 -4 4 6 16 -8 8 12 10 -12 -13 -14 -15 -16 -17 17 -19 -20 20 -22 -23 -24 -25 25 26 -28 -29 -30 -31
leaf_value=-0.30731748983042773 -0.35788925448190018 -4.2741345446333927 -2.8652536190243953 21.156331068746162 12.357878405077662 -1.0184999635366505 0.023523704627417978 19.690289070754901 1.591666127994019 12.50058559983038 36.85962598726347 11.103913871457781 17.699421358630406 -1.0594878873082754 0.9904414050001048 3.3782183645149626 20.489919753199402 -2.7770618802025204 -0.61323653197521899 -0.15010106907950507 -9.8603160139443222 46.058444309234623 0.70801407480001455 23.37796763357909 18.958406731029395 1.1891431827772225 4.7266456176442846 -0.4997700756276105 0.7613060070440415 2.0700752935002318
leaf_weight=58891 114286 117 3984 89 752 5229 706 433 631 1633 77 554 217 11970 16378 1337 172 126 82684 90 69 50 2500 230 437 27350 3803 28536 6111 584
leaf_count=58891 114286 117 3984 89 752 5229 706 433 631 1633 77 554 217 11970 16378 1337 172 126 82684 90 69 50 2500 230 437 27350 3803 28536 6111 584
internal_value=-0.00705178 0.149732 1.19788 1.57121 4.01924 2.11277 8.23042 5.23859 10.4379 9.75558 13.5975 3.11948 5.71358 0.346848 1.34093 6.61072 -0.389249 10.6522 -0.0883891 11.6653 15.9134 20.7199 1.41095 16.7607 0.256816 0.754002 1.62098 -0.003234 1.98347 9.29848
internal_weight=370026 255740 47344 43360 14456 9951 4505 4424 1281 3799 1710 3143 848 28904 16934 2089 5527 298 208396 556 439 370 2589 320 125712 66821 31153 35668 7132 1021
internal_count=370026 255740 47344 43360 14456 9951 4505 4424 1281 3799 1710 3143 848 28904 16934 2089 5527 298 208396 556 439 370 2589 320 125712 66821 31153 35668 7132 1021
is_linear=0
shrinkage=0.05


Tree=178
num_leaves=31
num_cat=0
split_feature=8 11 10 11 1 9 3 3 8 1 0 1 1 10 8 8 11 8 8 0 9 11 3 11 11 11 8 8 9 1
split_gain=9.11974e+06 1.4709e+07 1.226e+07 1.94276e+07 1.71595e+07 9.08891e+06 1.49327e+07 1.64624e+07 2.18402e+07 5.82245e+07 2.02958e+07 1.71406e+07 2.26462e+07 2.72352e+07 5.08546e+07 3.61163e+07 1.61614e+07 1.70956e+07 2.23412e+07 1.62768e+07 1.47249e+07 2.81795e+07 1.44309e+07 2.62192e+07 1.81626e+07 1.42787e+07 1.3895e+07 1.37912e+07 1.94738e+07 1.82105e+07
threshold=3218.1678571428579 3937.6500000000001 2444.1500000000001 19100.720000000005 4.5000000000000009 2041.4540000000004 9.5000000000000018 63.500000000000007 1174.069285714286 4.5000000000000009 19.500000000000004 5.5000000000000009 3.5000000000000004 2418.9166666666674 2537.0064285714293 2340.6650000000004 12943.180000000002 1632.2000000000003 1418.4021428571432 13.500000000000002 2530.8520000000003 25929.405000000002 6.5000000000000009 25929.405000000002 11174.860000000002 11846.610000000002 1791.3400000000004 2266.1771428571433 2530.8520000000003 1.0000000180025095e-35
decision_type=2 2 2 2 2 2 2 2 2 2 2 2 2 2 2 2 2 2 2 2 2 2 2 2 2 2 2 2 2 2
left_child=5 -2 3 4 -3 -1 22 8 9 -8 -9 12 -12 14 -14 -15 17 18 -10 -20 21 -17 27 24 -24 26 -19 -7 29 -29
right_child=1 2 -4 -5 -6 6 7 10 16 -11 11 -13 13 15 -16 20 -18 25 19 -21 -22 -23 23 -25 -26 -27 -28 28 -30 -31
leaf_value=-0.009475261211343915 14.499984518190226 -14.998182137012481 -3.1631485678945115 2.2279180728870891 -50.872462957382204 25.524977830740124 53.799782687327905 0.48702340416427026 0.39047441597444466 -17.843024617321088 5.0236530955390393 -0.57729088764458414 61.397996058744553 -10.5824955701828 1.5655183319185602 33.881392616800746 0.28907978369455489 13.948541548232402 -14.255363986366675 -51.416882211653913 45.833675318497882 -4.7071228976999775 20.511613062594801 41.802241450925422 -14.021343135833741 -19.26968899872568 -3.9149304042207209 -22.250878611299182 22.422758040957984 2.158236426644855
leaf_weight=357750 96 100 886 92 50 65 61 3416 83 53 919 561 85 128 61 101 3383 121 57 61 52 89 94 79 64 135 1085 97 90 360
leaf_count=357750 96 100 886 92 50 65 61 3416 83 53 919 561 85 128 61 101 3383 121 57 61 52 89 94 79 64 135 1085 97 90 360
internal_value=0.0203336 -4.28842 -5.88743 -15.8615 -26.9563 0.0346241 1.43078 0.912727 -1.14385 20.4922 2.82756 6.83321 9.73027 18.1128 36.3995 10.897 -1.64466 -5.8871 -19.4855 -33.466 22.258 15.8057 7.8079 18.2831 6.52358 -3.84887 -2.12266 3.75131 1.16395 -3.02269
internal_weight=370274 1224 1128 242 150 369050 11300 10451 5039 114 5412 1996 1435 516 146 370 4925 1542 201 118 242 190 849 237 158 1341 1206 612 547 457
internal_count=370274 1224 1128 242 150 369050 11300 10451 5039 114 5412 1996 1435 516 146 370 4925 1542 201 118 242 190 849 237 158 1341 1206 612 547 457
is_linear=0
shrinkage=0.05


Tree=179
num_leaves=31
num_cat=0
split_feature=8 11 10 11 3 11 11 10 11 1 10 9 7 11 3 10 9 11 6 8 8 4 11 8 9 6 3 9 8 11
split_gain=8.58002e+06 1.25097e+07 1.38135e+07 2.2052e+07 1.17302e+07 7.4955e+06 1.83002e+07 2.03264e+07 1.41755e+07 1.16236e+07 1.01325e+07 9.22119e+06 6.02631e+06 1.13145e+07 1.07592e+07 8.07695e+06 7.8164e+06 6.95903e+06 1.90593e+07 1.45416e+07 2.51484e+07 1.41507e+07 1.99963e+07 1.32355e+07 2.00752e+07 3.24795e+07 2.99966e+07 1.25686e+07 2.88466e+07 2.84977e+07
threshold=3218.1678571428579 3937.6500000000001 2444.1500000000001 10040.765000000001 11.500000000000002 12557.920000000002 16431.460000000003 2577.1000000000004 8677.3750000000018 3.5000000000000004 2872.6833333333338 2530.8520000000003 26.500000000000004 16431.460000000003 9.5000000000000018 167.16666666666669 477.95616666666672 137.55500000000004 29.500000000000004 1.0000000180025095e-35 125.38857142857144 1.5000000000000002 988.25500000000011 205.45785714285719 296.14383333333336 30.500000000000004 72.500000000000014 265.89766666666674 431.25857142857149 8101.5250000000005
decision_type=2 2 2 2 2 2 2 2 2 2 2 2 2 2 2 2 2 2 2 2 2 2 2 2 2 2 2 2 2 2
left_child=12 -2 3 -3 -5 8 9 -8 11 -7 -9 -4 17 14 16 -16 -14 18 -1 -19 21 22 -21 24 -20 -26 -27 -22 29 -29
right_child=1 2 5 4 -6 6 7 10 -10 -11 -12 -13 13 -15 15 -17 -18 19 23 20 27 -23 -24 -25 25 26 -28 28 -30 -31
leaf_value=-0.85198152228305823 13.127755781014763 -37.027062924135301 9.5299163614000602 6.8888101186863215 -22.516366468157088 -8.9920783827381765 25.574703191121419 -13.367787790410924 17.17166374259525 -40.722591001016127 1.6187450135891863 -16.482335806441036 2.9378972349446344 5.972246021485212 -0.71919236211613569 -3.3482114183899281 18.183444410625256 -1.0762962100117432 1.3127995247291844 0.34350218016276624 -0.46470232742104295 0.02533711687174435 3.4313763236960266 -9.4840039316000357 3.5631426834623228 9.2492471961231981 53.98400858787641 1.0913163195815521 -0.099810158559266809 7.0701446413829068
leaf_weight=46694 96 84 56 86 56 62 60 212 117 54 241 87 731 612 19255 3444 95 21421 9123 8358 69900 10084 14067 264 382 77 73 47676 114970 2080
leaf_count=46694 96 84 56 86 56 62 60 212 117 54 241 87 731 612 19255 3444 95 21421 9123 8358 69900 10084 14067 264 382 77 73 47676 114970 2080
internal_value=0.0105197 -4.19124 -5.68238 -16.7201 -4.7076 -2.87638 -5.82814 -1.77265 4.2646 -23.7632 -5.39482 -6.29572 0.0242978 -0.739497 -0.914102 -1.11808 4.69132 0.0777085 -0.429149 0.177151 0.277662 1.58097 2.2805 1.56135 1.86337 11.3048 31.0202 0.0970806 0.335468 1.34126
internal_weight=370517 1211 1115 226 142 889 629 513 260 116 453 143 369306 24137 23525 22699 826 345169 56613 288556 267135 32509 22425 9919 9655 532 150 234626 164726 49756
internal_count=370517 1211 1115 226 142 889 629 513 260 116 453 143 369306 24137 23525 22699 826 345169 56613 288556 267135 32509 22425 9919 9655 532 150 234626 164726 49756
is_linear=0
shrinkage=0.05


Tree=180
num_leaves=31
num_cat=0
split_feature=10 0 8 3 3 11 8 11 11 8 3 3 11 11 8 9 3 9 0 11 1 1 8 1 1 1 8 11 11 3
split_gain=7.92384e+06 1.15912e+07 1.90971e+07 4.47552e+07 1.2756e+07 1.62825e+07 1.307e+07 1.25606e+07 2.14392e+07 1.43665e+07 3.8975e+07 2.1745e+07 2.46708e+07 1.89039e+07 1.27779e+07 1.18555e+07 1.14953e+07 1.0793e+07 1.07204e+07 9.15237e+06 1.14671e+07 2.20352e+07 4.54703e+07 9.79964e+06 1.28353e+07 9.18741e+06 8.12123e+06 1.27792e+07 2.67666e+07 1.2712e+07
threshold=2872.6833333333338 6.5000000000000009 1593.7250000000001 101.50000000000001 277.50000000000006 27454.115000000002 2195.8535714285722 27454.115000000002 8853.8650000000016 2266.1771428571433 48.500000000000007 7.5000000000000009 12943.180000000002 16973.135000000006 2195.8535714285722 2336.8835000000004 64.500000000000014 2530.8520000000003 3.5000000000000004 35421.660000000011 3.5000000000000004 5.5000000000000009 2693.3414285714293 2.5000000000000004 1.5000000000000002 1.0000000180025095e-35 3218.1678571428579 5216.2050000000008 6839.2300000000005 7.5000000000000009
decision_type=2 2 2 2 2 2 2 2 2 2 2 2 2 2 2 2 2 2 2 2 2 2 2 2 2 2 2 2 2 2
left_child=26 4 3 -3 5 6 -2 8 -4 10 -10 -11 -13 -12 16 -7 -9 -6 -17 -16 23 22 -22 24 25 -21 -1 29 -29 -28
right_child=1 2 7 -5 17 15 -8 14 9 11 13 12 -14 -15 19 18 -18 -19 -20 20 21 -23 -24 -25 -26 -27 27 28 -30 -31
leaf_value=0.0080267004029444186 -37.172095184326174 41.538323336308551 -10.260705982652823 -13.272324875653801 -8.619522735118867 -12.425679512553746 -9.0772940685874541 -15.903488417834772 -11.467572913851058 28.009300316258482 16.042457081187855 30.326994418949127 -5.2489590318500996 54.527583217620851 -8.245384835812354 -5.1230418670852238 3.8470608412701157 20.786913642000002 25.072217256733865 11.048240844332256 58.51135095566039 -7.7042261976184268 0.15518440461494554 -17.406668957587211 24.429185415903731 -17.778813436475854 24.21206753772238 -40.446191666523617 -4.7209838045481876 -6.2499542236328125
leaf_weight=367235 65 101 133 59 50 90 114 205 56 95 55 59 280 76 124 53 115 83 66 52 63 66 71 62 60 59 69 57 654 68
leaf_count=367235 65 101 133 59 50 90 114 205 56 95 55 59 280 76 124 53 115 83 66 52 63 66 71 62 60 59 69 57 654 68
internal_value=0.0150693 2.93306 4.84253 21.3269 -3.63095 -8.2115 -19.2793 3.22542 7.95761 11.8594 23.4452 6.86744 0.942726 38.3697 -0.843079 1.26763 -8.80563 9.73186 11.6239 3.73146 7.16132 15.9438 27.5913 -0.37727 5.79713 -4.27425 -0.00325914 -4.89071 -7.58503 9.09223
internal_weight=370395 2312 1791 160 521 388 179 1631 754 621 187 434 339 131 877 209 320 133 119 557 433 200 134 233 171 111 368083 848 711 137
internal_count=370395 2312 1791 160 521 388 179 1631 754 621 187 434 339 131 877 209 320 133 119 557 433 200 134 233 171 111 368083 848 711 137
is_linear=0
shrinkage=0.05


Tree=181
num_leaves=31
num_cat=0
split_feature=3 10 6 3 11 9 9 10 3 9 10 1 11 6 7 9 3 0 0 11 10 3 11 6 10 10 11 9 9 9
split_gain=5.94645e+06 9.7204e+06 2.83096e+07 1.4278e+07 1.34662e+07 1.01443e+07 2.25655e+07 9.44865e+06 1.7127e+07 2.07137e+07 1.60026e+07 1.34825e+07 9.21163e+06 1.46468e+07 1.35508e+07 2.17281e+07 1.54208e+07 1.09022e+07 9.05986e+06 8.60161e+06 8.36595e+06 7.82524e+06 1.5928e+07 1.08879e+07 1.37886e+07 1.52904e+07 2.10035e+07 1.81192e+07 2.33806e+07 1.03098e+07
threshold=39.500000000000007 2812.8500000000008 1.5000000000000002 5.5000000000000009 25929.405000000002 2138.2523333333338 2258.7413333333338 2680.8833333333337 21.500000000000004 2336.8835000000004 2720.4666666666672 2.5000000000000004 161.18500000000003 27.500000000000004 1.0000000180025095e-35 163.27516666666671 13.500000000000002 7.5000000000000009 13.500000000000002 17684.070000000003 96.166666666666671 61.500000000000007 7223.8350000000009 2.5000000000000004 2548.1500000000001 2577.1000000000004 38560.455000000009 1880.9296666666669 1957.9808333333337 1957.9808333333337
decision_type=2 2 2 2 2 2 2 2 2 2 2 2 2 2 2 2 2 2 2 2 2 2 2 2 2 2 2 2 2 2
left_child=1 7 3 4 -3 -5 -7 12 9 10 -9 -11 13 20 15 -15 17 -17 -12 -10 -1 22 -2 24 29 26 -26 -27 -29 -24
right_child=21 2 -4 5 -6 6 -8 8 19 11 18 -13 -14 14 -16 16 -18 -19 -20 -21 -22 -23 23 -25 25 27 -28 28 -30 -31
leaf_value=-1.0936026287776577 -0.20698355559008008 4.1910654564534342 35.698854822582668 -2.2601191436543187 -19.867444694893702 33.622633121859643 4.4719510610247486 -5.1919912680601463 -32.331311579103826 4.5711050941830598 11.542175963305045 -22.247722539361916 0.48096864901676872 -1.1615284036733777 0.063779479899049432 42.455894808111523 7.4787053060155166 16.292264994298378 38.610859574590414 -10.415581051174922 -4.5508207568818895 0.038346429344030097 -2.8152955345783814 1.4678669491110108 32.999503356005469 -15.272666451007645 -6.9691210521592044 30.468576203023687 0.44138678772307993 -7.760411978342117
leaf_weight=10545 53929 121 72 170 112 93 232 78 54 84 69 106 100263 557 3880 58 475 127 56 262 2098 183458 8715 1822 84 173 54 68 1390 1199
leaf_count=10545 53929 121 72 170 112 93 232 78 54 84 69 106 100263 557 3880 58 475 127 56 262 2098 183458 8715 1822 84 173 54 68 1390 1199
internal_value=0.007319 0.297587 5.79057 2.83261 -7.37354 7.63672 12.8135 0.260569 -5.49424 1.47419 12.5795 -10.391 0.295146 -0.755086 1.50764 6.11091 12.2484 24.4949 23.6689 -14.1607 -1.6673 -0.13095 -0.591529 -2.12712 -2.68777 1.37866 17.3596 0.0264988 1.84183 -3.41336
internal_weight=370404 119512 800 728 233 495 325 118712 709 393 203 190 118003 17740 5097 1217 660 185 125 316 12643 250892 67434 13505 11683 1769 138 1631 1458 9914
internal_count=370404 119512 800 728 233 495 325 118712 709 393 203 190 118003 17740 5097 1217 660 185 125 316 12643 250892 67434 13505 11683 1769 138 1631 1458 9914
is_linear=0
shrinkage=0.05


Tree=182
num_leaves=31
num_cat=0
split_feature=8 9 10 7 5 8 3 3 6 6 9 8 8 9 9 8 6 4 10 9 3 6 9 8 1 8 9 8 9 8
split_gain=6.69012e+06 1.49502e+07 1.61644e+07 1.85113e+07 2.28802e+07 3.6829e+07 3.49596e+07 2.80222e+07 2.60191e+07 4.61633e+07 1.9511e+07 1.93678e+07 1.70756e+07 1.54434e+07 1.47844e+07 2.50469e+07 1.42048e+07 1.39848e+07 1.67909e+07 1.94194e+07 1.32132e+07 1.28659e+07 1.58367e+07 2.07836e+07 2.27038e+07 2.98683e+07 2.91714e+07 2.84114e+07 2.84431e+07 1.69213e+07
threshold=255.56071428571431 178.7416666666667 754.36666666666679 1.0000000180025095e-35 1.0000000180025095e-35 1.0000000180025095e-35 21.500000000000004 13.500000000000002 30.500000000000004 5.5000000000000009 513.0351666666669 7.2142857142857153 179.24214285714291 416.29716666666673 402.07400000000001 476.29857142857151 5.5000000000000009 1.5000000000000002 445.16666666666669 558.25000000000011 134.50000000000003 1.5000000000000002 1519.3770000000002 1750.47 3.5000000000000004 1632.2000000000003 1734.5108333333335 1092.6764285714287 2194.8705000000004 1925.7600000000002
decision_type=2 2 2 2 2 2 2 2 2 2 2 2 2 2 2 2 2 2 2 2 2 2 2 2 2 2 2 2 2 2
left_child=1 -1 3 4 8 6 -6 -7 9 13 -8 16 -10 -3 -2 17 -5 18 -16 -20 -11 -17 -23 24 -24 27 -27 -26 -29 -25
right_child=14 2 -4 11 5 7 10 -9 12 20 -12 -13 -14 -15 15 21 -18 -19 19 -21 -22 22 23 29 25 26 -28 28 -30 -31
leaf_value=-0.24317189591817401 -0.73756937262480149 1.6576360883020389 -6.7288923679269717 18.203080033207989 31.402931343606028 23.78673863808314 7.1308125006831418 -0.016899262203789147 19.798656111816101 -8.6762209287808396 32.660568742454053 0.74836634413566416 -5.3697573894741897 7.1405239551743129 0.25943100348091591 -0.51312337258944385 -1.6269490897810539 -2.2160996245172444 2.4958078746437558 8.1098246876639219 -1.873691780772007 0.19913257049476488 2.9481655200236587 -6.4698204003524786 34.925664849333707 5.2204614049738112 50.889334052925307 8.6669628456269194 -30.460015766437238 2.7960571676664312
leaf_weight=87351 78941 11677 729 91 198 132 1160 1952 299 1209 80 53538 87 1443 6533 73050 11881 1946 8805 1867 1743 21049 1041 625 91 55 96 435 52 2328
leaf_count=87351 78941 11677 729 91 198 132 1160 1952 299 1209 80 53538 87 1443 6533 73050 11881 1946 8805 1867 1743 21049 1041 625 91 55 96 435 52 2328
internal_value=-0.00845794 0.217852 0.684928 0.748148 2.0804 5.738 11.8932 1.49082 1.29768 0.989584 8.77789 0.341822 14.126 2.26067 -0.207939 0.146461 -1.47622 1.80142 2.25583 3.47795 -4.65969 -0.174258 0.786245 3.40283 7.687 14.454 34.255 9.28104 4.48913 0.834942
internal_weight=370484 173570 86219 85490 19980 3522 1438 2084 16458 16072 1240 65510 386 13120 196914 117973 11972 19151 17205 10672 2952 98822 25772 4723 1770 729 151 578 487 2953
internal_count=370484 173570 86219 85490 19980 3522 1438 2084 16458 16072 1240 65510 386 13120 196914 117973 11972 19151 17205 10672 2952 98822 25772 4723 1770 729 151 578 487 2953
is_linear=0
shrinkage=0.05


Tree=183
num_leaves=31
num_cat=0
split_feature=3 10 8 9 8 0 3 3 0 10 0 8 3 3 0 1 9 10 9 10 3 6 1 3 8 10 3 8 9 8
split_gain=6.28304e+06 8.54522e+06 7.77192e+06 1.41065e+07 1.49037e+07 1.87611e+07 1.2385e+07 1.58396e+07 1.482e+07 1.22623e+07 1.14271e+07 1.34355e+07 1.05742e+07 1.46805e+07 9.87527e+06 1.66639e+07 1.99614e+07 1.30896e+07 9.02982e+06 2.13392e+07 3.23773e+07 1.52287e+07 1.39603e+07 9.19667e+06 8.73069e+06 7.75573e+06 7.71962e+06 7.39162e+06 2.3905e+07 1.94965e+07
threshold=286.50000000000006 2198.5166666666669 2693.3414285714293 2258.7413333333338 1265.0907142857145 14.500000000000002 10.500000000000002 14.500000000000002 14.500000000000002 2641.9333333333338 2.5000000000000004 1355.9100000000001 4.5000000000000009 10.500000000000002 23.500000000000004 4.5000000000000009 2703.9491666666668 2444.1500000000001 2422.4765000000002 2641.9333333333338 3.5000000000000004 1.5000000000000002 2.5000000000000004 6.5000000000000009 2078.5514285714294 3076.1000000000008 3.5000000000000004 1066.9100000000003 928.8950000000001 73.790000000000006
decision_type=2 2 2 2 2 2 2 2 2 2 2 2 2 2 2 2 2 2 2 2 2 2 2 2 2 2 2 2 2 2
left_child=2 -2 3 25 5 9 18 8 -8 -5 24 -12 -13 -14 -9 -16 17 -17 -4 20 -20 22 -21 -22 -6 27 -24 28 -1 -30
right_child=1 -3 6 4 10 -7 7 14 -10 -11 11 12 13 -15 15 16 -18 -19 19 21 23 -23 26 -25 -26 -27 -28 -29 29 -31
leaf_value=-0.035669289711047762 2.1049132015889551 16.215310354068361 -1.8005445597379215 -4.4312914006850299 -15.151635049371158 15.354181716021371 -33.694519376206671 -1.1077178107519758 -1.2318348007687068 -33.567962923916909 23.569081896200949 23.546529608061821 -18.692758513785698 3.7949955239571764 -2.8678505762993129 -42.59595418572426 4.9455278023367839 -15.102880334597764 -3.1659830494360492 -16.150911896980851 50.965318786491785 24.410392028210211 20.67571999891749 21.9738265060911 0.88173618200605963 14.799566286260433 -2.4526387856069922 -0.68202201196663359 -22.519083563905014 2.9227300942763423
leaf_weight=311529 1430 116 931 68 136 51 87 1393 59 77 87 66 74 3769 463 81 63 93 88 149 59 51 53 51 226 88 113 40527 76 8189
leaf_count=311529 1430 116 931 68 136 51 87 1393 59 77 87 66 74 3769 463 81 63 93 88 149 59 51 53 51 226 88 113 40527 76 8189
internal_value=-0.0171895 3.16365 -0.0305272 -0.00730723 2.75808 -10.7296 -2.30006 -4.65308 -20.576 -19.9039 3.36469 4.1353 3.70277 3.36198 -3.54235 -8.38727 -19.1699 -27.9014 1.22396 6.21653 19.4395 -0.93686 -5.0407 37.5238 -5.14185 -0.0422497 4.93172 -0.0458745 0.0347435 2.68878
internal_weight=370243 1546 368697 364963 4554 196 3734 2239 146 145 4358 3996 3909 3843 2093 700 237 174 1495 564 198 366 315 110 362 360409 166 360321 319794 8265
internal_count=370243 1546 368697 364963 4554 196 3734 2239 146 145 4358 3996 3909 3843 2093 700 237 174 1495 564 198 366 315 110 362 360409 166 360321 319794 8265
is_linear=0
shrinkage=0.05


Tree=184
num_leaves=31
num_cat=0
split_feature=11 10 10 3 10 1 8 0 9 11 0 6 10 6 5 11 11 8 9 4 9 11 11 8 10 9 4 8 8 9
split_gain=9.12993e+06 1.17871e+07 1.35277e+07 9.1806e+06 1.45986e+07 1.22364e+07 1.09579e+07 1.22014e+07 1.12175e+07 2.11751e+07 1.70048e+07 2.19434e+07 1.75699e+07 1.56205e+07 2.17685e+07 1.97e+07 1.24044e+07 1.17317e+07 1.14548e+07 1.09757e+07 1.62814e+07 1.21684e+07 1.03475e+07 1.22327e+07 2.06685e+07 1.48889e+07 1.88109e+07 1.25541e+07 1.24682e+07 1.51031e+07
threshold=55972.670000000006 1787.5333333333335 1708.4333333333336 14.500000000000002 857.58333333333337 1.0000000180025095e-35 156.95071428571433 25.500000000000004 143.08166666666668 3937.6500000000001 13.500000000000002 1.5000000000000002 741.70000000000016 30.500000000000004 1.0000000180025095e-35 192.04500000000004 417.34500000000008 44.010714285714293 427.18033333333341 1.0000000180025095e-35 281.04600000000011 9063.4550000000017 7629.7500000000009 1174.069285714286 266.83333333333343 513.0351666666669 1.5000000000000002 932.21785714285727 551.57428571428579 228.37733333333338
decision_type=2 2 2 2 2 2 2 2 2 2 2 2 2 2 2 2 2 2 2 2 2 2 2 2 2 2 2 2 2 2
left_child=3 2 -2 4 22 -6 8 -8 -5 13 12 18 17 -10 15 -15 -16 -11 -12 20 -13 -22 -1 24 28 -26 27 -27 29 -24
right_child=1 -3 -4 6 5 -7 7 -9 9 10 11 19 -14 14 16 -17 -18 -19 -20 -21 21 -23 23 -25 25 26 -28 -29 -30 -31
leaf_value=-0.0086299751995237064 0.69530199997716668 -3.6745616388841529 29.802291824136461 -0.23877767528146043 -2.2709463031254997 3.6185612012724793 -0.47627498492543918 0.50823854381935174 0.18160425713044256 6.9477905080843287 10.02230629131293 3.3160040120892056 -14.627187480295404 27.752029768801528 5.1450423795598743 4.4560455007867494 -7.1668181498204504 0.8244392593015567 30.541676695346833 -2.4138668028981645 9.5026848727642026 30.596917989095051 -1.5185325204671374 -6.3872022669992328 6.2066863439895297 51.249646105085105 0.13114284835755827 21.344166581174164 -2.1606568281416716 8.853464682419748
leaf_weight=31647 139 2702 56 50413 1032 6065 175254 38359 48410 904 157 2417 170 181 767 182 279 5806 120 520 773 75 569 324 364 56 64 94 1091 916
leaf_count=31647 139 2702 56 50413 1032 6065 175254 38359 48410 904 157 2417 170 181 767 182 279 5806 120 520 773 75 569 324 364 56 64 94 1091 916
internal_value=-0.0218698 -2.81777 9.05423 0.000199743 0.693781 2.76215 -0.0899651 -0.299484 0.31261 0.770092 2.76177 5.32704 1.24722 0.33265 5.52223 16.0719 1.86109 1.6494 18.9116 4.33287 5.40739 11.3683 0.275867 2.86457 3.81497 12.3598 22.8258 32.5089 1.89769 4.87928
internal_weight=369906 2897 195 367009 42222 7097 324787 213613 111174 60761 10942 4062 6880 49819 1409 363 1046 6710 277 3785 3265 848 35125 3478 3154 578 214 150 2576 1485
internal_count=369906 2897 195 367009 42222 7097 324787 213613 111174 60761 10942 4062 6880 49819 1409 363 1046 6710 277 3785 3265 848 35125 3478 3154 578 214 150 2576 1485
is_linear=0
shrinkage=0.05


Tree=185
num_leaves=31
num_cat=0
split_feature=0 11 0 3 3 3 11 8 6 8 10 10 10 10 3 9 8 9 11 10 8 10 11 10 8 8 11 10 0 11
split_gain=6.4757e+06 1.02287e+07 9.55278e+06 1.45725e+07 1.3564e+07 1.32743e+07 1.62508e+07 1.28549e+07 2.1458e+07 1.92793e+07 1.31112e+07 2.0113e+07 1.25688e+07 1.81248e+07 1.25255e+07 1.23027e+07 1.40084e+07 1.11916e+07 1.02523e+07 2.7032e+07 1.10761e+07 1.02421e+07 1.07623e+07 9.47824e+06 3.63422e+07 3.23019e+07 1.28476e+07 1.72804e+07 1.42114e+07 1.06247e+07
threshold=25.500000000000004 1591.9600000000003 28.500000000000004 49.500000000000007 82.500000000000014 59.500000000000007 10596.205000000002 1593.7250000000001 1.5000000000000002 1925.7600000000002 2176.9166666666674 1922.3833333333334 3076.1000000000008 2641.9333333333338 78.500000000000014 203.6431666666667 179.24214285714291 241.98866666666672 24530.555000000004 2641.9333333333338 825.08928571428578 2609.7166666666667 16431.460000000003 2132.4000000000005 1669.8157142857144 1326.9885714285717 9526.7850000000017 2198.5166666666669 27.500000000000004 25929.405000000002
decision_type=2 2 2 2 2 2 2 2 2 2 2 2 2 2 2 2 2 2 2 2 2 2 2 2 2 2 2 2 2 2
left_child=-1 -2 4 7 5 -3 -7 10 9 -9 11 -4 13 -8 18 -6 17 -17 19 20 -5 22 -11 -18 25 -25 28 -28 -26 -29
right_child=1 2 3 14 15 6 12 8 -10 21 -12 -13 -14 -15 -16 16 23 -19 -20 -21 -22 -23 -24 24 26 -27 27 29 -30 -31
leaf_value=-0.10834188864252925 -0.070256205103888983 1.7830673211242045 1.5749655301174479 -1.193304782355582 -0.27861799159366518 0.64456975351827861 -7.0607196832441064 21.380025464074155 39.237974215362037 3.8953808116912843 -20.939399411601407 33.094854765671947 12.990656444004603 -29.611560603288503 0.13706538925042885 2.5794916090418081 3.1166935177156763 21.523300252841025 -11.974498672126444 25.203074686701708 -10.188461646483496 16.63489900415594 -20.989590334892274 5.1784231603145603 32.588157308729073 52.704888435646346 27.97935415094549 -7.7169188466293139 -0.27582901592912346 6.2339453523656934
leaf_weight=306085 38610 6829 1895 1001 1514 1315 622 140 59 90 62 52 63 104 5578 122 3975 216 372 82 520 55 84 64 76 81 55 302 58 249
leaf_count=306085 38610 6829 1895 1001 1514 1315 622 140 59 90 62 52 63 104 5578 122 3975 216 372 82 520 55 84 64 76 81 55 302 58 249
internal_value=-0.0125525 0.443821 1.21809 0.0102165 1.98938 0.713223 -2.7592 3.37213 11.2398 6.76309 1.69599 2.41679 -8.43214 -10.2911 -1.07451 3.68781 4.8431 14.6856 -4.49638 -2.76098 -4.26857 -2.17302 -8.11805 4.15858 8.83822 31.7277 4.35312 1.25513 18.3634 -1.41244
internal_weight=370330 64245 25635 9990 15645 8933 2104 2437 428 369 2009 1947 789 726 7553 6712 5198 338 1975 1603 1521 229 174 4860 885 145 740 606 134 551
internal_count=370330 64245 25635 9990 15645 8933 2104 2437 428 369 2009 1947 789 726 7553 6712 5198 338 1975 1603 1521 229 174 4860 885 145 740 606 134 551
is_linear=0
shrinkage=0.05


Tree=186
num_leaves=31
num_cat=0
split_feature=0 10 0 8 6 8 1 11 11 11 8 9 3 1 11 3 8 1 8 11 10 11 8 3 3 11 3 10 0 1
split_gain=7.02674e+06 1.48431e+07 3.32171e+07 2.198e+07 1.18735e+07 1.87994e+07 1.19218e+07 1.76565e+07 1.84827e+07 2.14221e+07 9.35754e+06 1.273e+07 2.00897e+07 4.4668e+07 3.2138e+07 2.35866e+07 1.59423e+07 1.56228e+07 1.40481e+07 1.79596e+07 1.19963e+07 3.15106e+07 3.20157e+07 2.95558e+07 4.54543e+07 2.09628e+07 1.9847e+07 2.21804e+07 1.76883e+07 1.63102e+07
threshold=17.500000000000004 2812.8500000000008 18.500000000000004 1632.2000000000003 1.5000000000000002 1791.3400000000004 4.5000000000000009 20009.920000000002 31067.535000000003 45915.240000000013 3218.1678571428579 2041.4540000000004 21.500000000000004 3.5000000000000004 16431.460000000003 63.500000000000007 1925.7600000000002 3.5000000000000004 1326.9885714285717 65821.285000000018 1945.2500000000002 20009.920000000002 825.08928571428578 51.500000000000007 47.500000000000007 29214.375000000004 65.500000000000014 2132.4000000000005 26.500000000000004 1.5000000000000002
decision_type=2 2 2 2 2 2 2 2 2 2 2 2 2 2 2 2 2 2 2 2 2 2 2 2 2 2 2 2 2 2
left_child=-1 10 -3 -4 5 -5 -7 -8 -9 -10 11 16 13 -13 -15 -14 20 -18 -17 -20 -2 22 -22 24 29 -23 28 -28 -25 -24
right_child=1 2 3 4 -6 6 7 8 9 -11 -12 12 15 14 -16 18 17 -19 19 -21 21 25 23 26 -26 -27 27 -29 -30 -31
leaf_value=-0.17498044384636283 0.17264445348497684 34.3846982875178 27.724726213410847 -29.814710938696766 16.856526901025688 -2.5248658432121975 28.363981218771499 -20.515508372967062 37.793000155336721 -1.7678131205531267 -6.735063599235537 1.3802596552141253 -2.7506202836806719 13.385814150779144 57.166561260471099 -17.820924771216607 -0.39282502741881797 -7.0800119398807997 7.2901275551194447 -21.734610762162646 43.491932373046879 -7.7343667920654937 -3.8115877973556525 -0.70704002421655698 60.501087901277373 2.1657255834847953 12.544796441750206 -1.9018334930637462 -26.33738646055523 17.343993819895246
leaf_weight=208182 148220 93 86 51 113 644 88 65 51 104 482 310 1584 92 77 62 2152 1470 1721 55 60 779 125 231 53 1705 579 491 95 336
leaf_count=208182 148220 93 86 51 113 644 88 65 51 104 482 310 1584 92 77 62 2152 1470 1721 55 60 779 125 231 53 1705 579 491 95 336
internal_value=0.0171763 0.264152 5.59571 3.36827 1.49134 -0.239732 1.34464 9.43543 1.86401 11.249 0.221182 0.242112 3.06338 12.6539 33.3333 1.72093 0.171696 -3.10684 5.57454 6.39128 0.249475 2.80623 7.52866 6.39893 16.6492 -0.939014 2.62483 5.91555 -8.17601 11.6077
internal_weight=370156 161974 1295 1202 1116 1003 952 308 220 155 160679 160197 3901 479 169 3422 156296 3622 1838 1776 152674 4454 1970 1910 514 2484 1396 1070 326 461
internal_count=370156 161974 1295 1202 1116 1003 952 308 220 155 160679 160197 3901 479 169 3422 156296 3622 1838 1776 152674 4454 1970 1910 514 2484 1396 1070 326 461
is_linear=0
shrinkage=0.05


Tree=187
num_leaves=31
num_cat=0
split_feature=8 11 10 11 9 8 8 0 8 0 10 11 11 10 8 9 9 0 11 11 10 11 8 6 8 8 8 1 0 9
split_gain=8.32344e+06 1.082e+07 1.24002e+07 1.06842e+07 1.0437e+07 1.02411e+07 2.01841e+07 2.52358e+07 1.30676e+07 1.59217e+07 9.76045e+06 1.40741e+07 7.7636e+06 2.32801e+07 1.1287e+07 3.3348e+07 9.19968e+06 1.07527e+07 7.58646e+06 5.72028e+07 1.79807e+07 1.57423e+07 1.40675e+07 1.08135e+07 1.90389e+07 1.73771e+07 2.10263e+07 1.28811e+07 1.02345e+07 1.2009e+07
threshold=2899.4528571428577 3937.6500000000001 2241.0833333333335 2777.2600000000007 2258.7413333333338 1265.0907142857145 1174.069285714286 10.500000000000002 1669.8157142857144 26.500000000000004 2282.6333333333337 9772.6550000000025 25929.405000000002 2680.8833333333337 1554.1278571428572 2422.4765000000002 2530.8520000000003 13.500000000000002 23225.890000000003 20009.920000000002 2641.9333333333338 27454.115000000002 2340.6650000000004 1.5000000000000002 1791.3400000000004 2024.3085714285717 2266.1771428571433 2.5000000000000004 16.500000000000004 2422.4765000000002
decision_type=2 2 2 2 2 2 2 2 2 2 2 2 2 2 2 2 2 2 2 2 2 2 2 2 2 2 2 2 2 2
left_child=4 2 -2 -4 -1 6 7 -6 9 12 11 -3 14 -14 16 -16 17 -7 19 23 -21 -20 -22 24 27 -25 -27 -10 29 -26
right_child=1 10 3 -5 5 8 -8 -9 18 -11 -12 -13 13 -15 15 -17 -18 -19 21 20 22 -23 -24 25 28 26 -28 -29 -30 -31
leaf_value=0.002057665009093284 29.474949521284842 -26.835352674154478 -13.77213203723614 14.787181823181385 -19.727463948726655 -1.9708682598453937 -30.252839155600107 24.016776668324191 41.089425012177117 31.917649508194184 -2.6213702363180551 -3.4966877136493753 37.269222302503991 -0.017701436959060967 38.023733087795883 -15.339119676443246 10.464375611426126 -30.322017930030825 -10.989900573629599 10.348262884900286 47.215449174579824 1.4282776340417107 18.45893606148757 -27.006333318963108 -8.4332550072181203 19.057138222914475 -9.1202494238629761 5.8896778970394497 5.2614639366407534 2.4606631360860725
leaf_weight=362743 52 107 65 66 64 101 71 68 51 71 2012 163 71 102 67 52 71 50 312 143 95 1402 77 83 439 91 243 53 844 597
leaf_count=362743 52 107 65 66 64 101 71 68 51 71 2012 163 71 102 67 52 71 50 312 143 95 1402 77 83 439 91 243 53 844 597
internal_value=0.0145968 -2.88117 8.81674 0.61653 0.0339958 2.25426 -8.75551 2.80745 2.69992 9.72347 -3.81925 -12.7457 6.65774 15.285 2.28084 14.7055 -4.37922 -11.3587 1.77243 3.41615 23.4495 -0.832208 34.3419 0.787863 2.32621 -6.53129 -1.44318 23.1511 1.1742 -2.15558
internal_weight=370426 2465 183 131 367961 5218 203 132 5015 585 2282 270 514 173 341 119 222 151 4430 2716 315 1714 172 2401 1984 417 334 104 1880 1036
internal_count=370426 2465 183 131 367961 5218 203 132 5015 585 2282 270 514 173 341 119 222 151 4430 2716 315 1714 172 2401 1984 417 334 104 1880 1036
is_linear=0
shrinkage=0.05


Tree=188
num_leaves=31
num_cat=0
split_feature=11 10 8 9 8 3 11 3 8 10 9 8 0 8 3 3 11 10 0 0 11 11 3 0 9 8 3 9 11 9
split_gain=7.73501e+06 7.57218e+06 1.50677e+07 1.48479e+07 1.6356e+07 2.79913e+07 2.42101e+07 3.81387e+07 2.32143e+07 2.19934e+07 2.99134e+07 2.69238e+07 2.54203e+07 1.56386e+07 3.2133e+07 2.8412e+07 1.71255e+07 1.58321e+07 2.09605e+07 3.08327e+07 7.47287e+07 2.13215e+07 5.71186e+07 1.82017e+07 1.78877e+07 1.38266e+07 1.1581e+07 1.11937e+07 1.09422e+07 2.14575e+07
threshold=32951.680000000008 2348.0500000000006 839.78785714285721 1804.4843333333336 2693.3414285714293 7.5000000000000009 25929.405000000002 33.500000000000007 2133.8221428571437 2494.5000000000005 1880.9296666666669 2024.3085714285717 23.500000000000004 1355.9100000000001 98.500000000000014 56.500000000000007 18339.145 2444.1500000000001 23.500000000000004 27.500000000000004 16973.135000000006 20009.920000000002 61.500000000000007 21.500000000000004 1880.9296666666669 1234.1314285714288 75.500000000000014 2194.8705000000004 23225.890000000003 2422.4765000000002
decision_type=2 2 2 2 2 2 2 2 2 2 2 2 2 2 2 2 2 2 2 2 2 2 2 2 2 2 2 2 2 2
left_child=1 -1 -3 -4 5 27 13 8 -8 26 -11 12 -12 14 15 25 -16 18 21 20 -20 23 -23 24 -15 -7 -9 -5 -19 -30
right_child=-2 2 3 4 -6 6 7 9 -10 10 11 -13 -14 17 16 -17 -18 28 19 -21 -22 22 -24 -25 -26 -27 -28 -29 29 -31
leaf_value=-0.016837931937222262 -1.2892921305514253 23.882333899833061 -5.2117441735331838 11.408700337409975 -1.9535327853350735 4.6858371885199297 53.092789343241101 0.743591690802759 12.776993799209595 -26.607382845411117 16.288032718515989 2.8988247805680984 51.521509801424465 27.998807242560009 -13.156544210396561 26.502473207699353 -45.26494630512439 1.4858355693552707 68.703479069157652 3.0854370675817897 -9.5356152955223532 -13.951088924968943 47.062316244298763 -24.697582564603039 0.098644842188005441 -27.573925832974709 -23.661840442510751 41.703257211177579 -1.3285620058323706 -28.670410399966773
leaf_weight=348889 11624 74 817 60 2143 76 74 129 69 51 241 312 65 63 153 93 57 3327 76 137 51 68 88 67 652 59 78 62 354 90
leaf_count=348889 11624 74 817 60 2143 76 74 129 69 51 241 312 65 63 153 93 57 3327 76 137 51 68 88 67 652 59 78 62 354 90
internal_value=-0.019908 0.0212534 1.40761 1.23277 1.83831 3.07853 2.62836 9.69828 33.6397 5.79003 10.197 13.2342 23.7723 1.29696 -7.76041 5.23681 -21.8717 2.09469 7.09165 19.5373 37.2846 3.58882 20.4667 0.221871 2.55698 -9.41287 -8.45266 26.8043 0.501916 -6.87083
internal_weight=370099 358475 9586 9512 8695 6552 6430 1019 143 876 669 618 306 5411 438 228 210 4973 1202 264 127 938 156 782 715 135 207 122 3771 444
internal_count=370099 358475 9586 9512 8695 6552 6430 1019 143 876 669 618 306 5411 438 228 210 4973 1202 264 127 938 156 782 715 135 207 122 3771 444
is_linear=0
shrinkage=0.05


Tree=189
num_leaves=31
num_cat=0
split_feature=1 1 10 8 11 8 11 7 3 8 10 4 11 10 11 8 0 8 11 0 9 8 9 3 0 11 9 10 3 10
split_gain=7.85752e+06 1.65433e+07 4.55347e+07 1.92011e+07 1.73319e+07 1.56995e+07 1.46798e+07 1.4447e+07 1.20765e+07 1.26824e+07 1.1981e+07 1.63035e+07 3.52839e+07 1.12113e+07 1.13101e+07 1.71964e+07 1.10262e+07 1.08311e+07 1.39085e+07 1.07775e+07 1.06285e+07 1.6864e+07 2.56873e+07 2.64285e+07 2.34236e+07 2.28176e+07 1.66194e+07 2.32125e+07 1.71048e+07 1.55968e+07
threshold=5.5000000000000009 4.5000000000000009 721.21666666666681 118.2107142857143 2431.5150000000008 455.39000000000004 18339.145 1.5000000000000002 26.500000000000004 1092.6764285714287 1090.7166666666669 1.5000000000000002 4492.4150000000009 3076.1000000000008 50375.340000000004 2133.8221428571437 28.500000000000004 703.61000000000013 1955.2450000000001 13.500000000000002 1050.3710000000003 1518.4428571428573 2194.8705000000004 19.500000000000004 1.5000000000000002 21033.945000000003 2336.8835000000004 2371.4500000000003 283.50000000000006 1645.116666666667
decision_type=2 2 2 2 2 2 2 2 2 2 2 2 2 2 2 2 2 2 2 2 2 2 2 2 2 2 2 2 2 2
left_child=1 13 5 -4 8 -3 -2 17 -5 -10 11 19 -13 -1 15 -15 -8 -7 -19 -6 29 22 23 25 -25 -22 28 -28 -23 -12
right_child=6 2 3 4 10 7 16 -9 9 -11 20 12 -14 14 -16 -17 -18 18 -20 -21 21 26 -24 24 -26 -27 27 -29 -30 -31
leaf_value=-0.089391804271636274 -0.32091221919069268 0.62251801052369382 -24.113145046546812 8.6718334843793254 7.6756068571114247 -2.9346724127318868 -2.6051238206052805 0.0077192814808987875 -3.8561555905057894 -24.248024790894753 1.2178350378113318 31.409012467168562 7.3050270695924757 29.187637681781123 -3.1804818604480136 5.1412053710653876 -11.825506507371033 -4.1162525427570706 -18.99467070873246 -17.464280378553603 9.4691031899092337 1.9785226121659953 -22.82483530756253 36.665113675227531 6.2373750660390783 42.679687256388149 40.493309739283447 7.1761812913642746 -18.994227094650267 -22.286478703730818
leaf_weight=262793 49345 35329 61 127 81 2708 3980 4483 302 102 1527 179 1000 106 176 249 353 390 263 90 106 3495 67 65 2348 101 58 530 100 74
leaf_count=262793 49345 35329 61 127 81 2708 3980 4483 302 102 1527 179 1000 106 176 249 353 390 263 90 106 3495 67 65 2348 101 58 530 100 74
internal_value=-0.00651552 0.0882384 0.889055 3.85685 4.02167 0.173245 -0.565934 -1.85026 -4.7769 -9.0046 4.49738 8.87198 10.9646 -0.0747264 7.18321 12.3213 -3.35629 -4.32848 -10.1086 -5.55591 3.80022 4.6552 7.74607 8.52785 7.05702 25.6733 2.66974 10.4626 1.39514 0.13144
internal_weight=370588 316910 53586 10413 10352 43173 53678 7844 531 404 9821 1350 1179 263324 531 355 4333 3361 653 171 8471 6870 2687 2620 2413 207 4183 588 3595 1601
internal_count=370588 316910 53586 10413 10352 43173 53678 7844 531 404 9821 1350 1179 263324 531 355 4333 3361 653 171 8471 6870 2687 2620 2413 207 4183 588 3595 1601
is_linear=0
shrinkage=0.05


Tree=190
num_leaves=31
num_cat=0
split_feature=0 11 6 8 9 9 10 3 8 0 3 0 11 9 11 9 11 3 0 4 0 9 9 11 1 6 8 8 3 8
split_gain=7.05815e+06 1.04255e+07 1.27799e+07 2.52993e+07 2.54479e+07 2.18249e+07 1.34034e+07 4.59831e+07 1.54379e+07 2.4252e+07 2.44158e+07 3.49442e+07 1.87731e+07 1.91955e+07 1.85305e+07 1.82599e+07 1.44432e+07 1.80367e+07 1.5838e+07 1.43609e+07 1.29017e+07 1.29796e+07 1.27523e+07 1.47943e+07 1.2156e+07 2.319e+07 1.37855e+07 1.18509e+07 2.26791e+07 1.42721e+07
threshold=15.500000000000002 2927.6800000000007 1.5000000000000002 179.24214285714291 551.43033333333335 312.47566666666671 2720.4666666666672 34.500000000000007 951.38785714285734 25.500000000000004 48.500000000000007 29.500000000000004 7932.1100000000006 1998.7498333333335 6599.3550000000005 1158.1600000000001 24530.555000000004 83.500000000000014 28.500000000000004 1.5000000000000002 22.500000000000004 746.05950000000018 746.05950000000018 55972.670000000006 3.5000000000000004 8.5000000000000018 497.7114285714286 839.78785714285721 22.500000000000004 346.80928571428575
decision_type=2 2 2 2 2 2 2 2 2 2 2 2 2 2 2 2 2 2 2 2 2 2 2 2 2 2 2 2 2 2
left_child=-1 -2 3 4 -3 -4 8 -8 14 -10 11 -11 13 -12 20 19 -14 -18 -19 24 -7 -22 -5 27 -16 26 -26 28 -24 -30
right_child=1 2 5 22 -6 6 7 -9 9 10 12 -13 16 -15 15 -17 17 18 -20 -21 21 -23 23 -25 25 -27 -28 -29 29 -31
leaf_value=-0.21268693534997629 -0.054746357511339189 6.751145913648692 0.37002161004737188 -2.1805010187280458 41.308077699047026 0.80745232251666688 48.24663733898754 -0.92085459695922012 -1.9883370107303397 10.315668876160125 6.6950570234995403 54.306823304870676 -7.0208692595867221 40.75209628712048 5.7673617829820252 30.695902746695062 -6.2314833579460789 35.982234212836708 1.7229475005980461 0.86572698665018111 4.6155773837757961 21.796512247159566 32.784399643584862 -4.6991932224307718 47.512018943199749 8.6427224246413878 19.346541521089677 0.25849803178483977 -22.635237231621375 3.8920815909111042
leaf_weight=183623 119948 549 20942 6419 59 4241 71 144 3187 217 167 57 443 55 1181 81 120 74 62 777 2100 116 67 1387 65 547 131 21364 52 2034
leaf_count=183623 119948 549 20942 6419 59 4241 71 144 3187 217 167 57 443 55 1181 81 120 74 62 777 2100 116 67 1387 65 547 131 21364 52 2034
internal_value=0.00740741 0.223924 0.724996 0.00274677 10.1045 1.38812 2.9291 15.3159 2.73358 0.289385 6.36394 19.4671 2.46572 15.1326 3.89285 7.30429 -1.55725 7.89738 20.364 6.6028 2.42303 5.51494 -0.193336 0.318856 8.9197 13.9303 28.6871 0.614813 4.1505 3.23081
internal_weight=370280 186657 66709 31931 608 34778 13836 215 13621 4382 1195 274 921 222 9239 2782 699 256 136 2701 6457 2216 31323 24904 1924 743 196 23517 2153 2086
internal_count=370280 186657 66709 31931 608 34778 13836 215 13621 4382 1195 274 921 222 9239 2782 699 256 136 2701 6457 2216 31323 24904 1924 743 196 23517 2153 2086
is_linear=0
shrinkage=0.05


Tree=191
num_leaves=31
num_cat=0
split_feature=3 10 3 10 3 9 11 8 8 8 9 11 10 10 9 8 8 8 3 6 9 8 11 4 9 8 8 9 11 8
split_gain=6.03163e+06 9.30061e+06 7.30548e+06 1.28276e+07 9.59941e+06 9.88147e+06 1.18269e+07 8.61607e+06 1.42465e+07 7.81081e+06 1.11435e+07 1.69922e+07 9.73295e+06 2.97843e+07 2.64513e+07 1.1633e+07 7.81665e+06 7.24458e+06 7.69321e+06 1.18107e+07 6.8397e+06 2.83274e+07 3.04353e+07 3.85934e+07 2.37574e+07 2.06478e+07 1.96726e+07 1.7946e+07 2.34595e+07 1.75577e+07
threshold=286.50000000000006 2198.5166666666669 266.50000000000006 785.16666666666686 280.50000000000006 2530.8520000000003 7355.0100000000011 2899.4528571428577 2340.6650000000004 2266.1771428571433 2703.9491666666668 16973.135000000006 2641.9333333333338 2519.2500000000005 2194.8705000000004 1234.1314285714288 1669.8157142857144 1483.5285714285715 270.50000000000006 1.5000000000000002 388.54400000000004 538.98785714285725 882.94500000000005 1.5000000000000002 769.2596666666667 73.790000000000006 255.56071428571431 198.87100000000001 1240.4600000000003 29.296428571428574
decision_type=2 2 2 2 2 2 2 2 2 2 2 2 2 2 2 2 2 2 2 2 2 2 2 2 2 2 2 2 2 2
left_child=2 -2 20 -4 9 -6 -7 8 -8 10 12 -12 13 17 -15 -14 -17 -5 -19 -20 26 22 -22 29 -25 -26 27 -1 -29 -24
right_child=1 -3 3 4 5 6 7 -9 -10 -11 11 -13 15 14 -16 16 -18 18 19 -21 21 -23 23 24 25 -27 -28 28 -30 -31
leaf_value=-0.20564424985650398 2.04081703762101 17.071351521079606 -0.27101235169572402 -3.0050066297812177 -1.423533922905917 -10.936792998478332 6.9684064638816707 3.6383980977166561 42.510324515236753 -11.845820582160554 26.508233106458512 -9.8143650255705186 -30.903895169771637 -6.1569415588098684 35.050439014229724 3.1830501731382599 -13.24106175347611 -17.564374987348433 -9.3229551264733992 10.742889118194581 -0.3396466374984044 -0.14013281379187023 -4.9207054873238079 -3.5234035788492792 -16.401852313911217 9.9129789035902576 -0.79357663267559231 0.0022399444429582883 2.0957781974889507 3.9837183050564784
leaf_weight=92899 1414 111 25004 2265 1411 58 59 97 54 313 74 57 65 67 93 109 216 186 396 90 13231 84578 572 3286 85 606 71833 29880 24234 17209
leaf_count=92899 1414 111 25004 2265 1411 58 59 97 54 313 74 57 65 67 93 109 216 186 396 90 13231 84578 572 3286 85 606 71833 29880 24234 17209
internal_value=-0.00318561 3.13484 -0.0161535 -0.755808 -2.91656 0.24817 9.04957 14.5696 23.953 -4.26828 -3.61273 10.7037 -4.15057 -3.21316 17.7948 -11.5945 -7.73267 -4.35762 -8.91667 -5.60706 0.0507582 0.354867 1.55142 2.70137 -1.75127 6.67599 -0.115392 0.21598 0.939794 3.69727
internal_weight=370552 1525 369027 30614 5610 1679 268 210 113 3931 3618 131 3487 3097 160 390 325 2937 672 486 338413 119567 34989 21758 3977 691 218846 147013 54114 17781
internal_count=370552 1525 369027 30614 5610 1679 268 210 113 3931 3618 131 3487 3097 160 390 325 2937 672 486 338413 119567 34989 21758 3977 691 218846 147013 54114 17781
is_linear=0
shrinkage=0.05


Tree=192
num_leaves=31
num_cat=0
split_feature=8 9 8 3 11 8 3 0 8 1 10 3 8 10 10 0 10 11 9 11 3 10 3 1 10 8 0 11 0 0
split_gain=7.30292e+06 1.12079e+07 1.99621e+07 1.82418e+07 2.47044e+07 1.39959e+07 1.90079e+07 1.41731e+07 1.38176e+07 1.32858e+07 1.1027e+07 1.33313e+07 1.08924e+07 9.70032e+06 1.756e+07 1.04444e+07 9.60587e+06 9.87575e+06 1.27791e+07 1.81679e+07 1.4639e+07 1.36594e+07 1.44734e+07 3.55453e+07 1.23246e+07 1.11724e+07 2.96151e+07 1.89096e+07 1.31014e+07 1.1847e+07
threshold=2266.1771428571433 1270.8481666666669 1593.7250000000001 8.5000000000000018 13348.465000000002 770.63928571428585 40.500000000000007 4.5000000000000009 268.1835714285715 3.5000000000000004 2444.1500000000001 5.5000000000000009 1066.9100000000003 1922.3833333333334 2051.6500000000001 18.500000000000004 2010.5333333333335 11846.610000000002 2041.4540000000004 13348.465000000002 5.5000000000000009 2494.5000000000005 6.5000000000000009 3.5000000000000004 2282.6333333333337 2340.6650000000004 17.500000000000004 6264.1650000000009 24.500000000000004 30.500000000000004
decision_type=2 2 2 2 2 2 2 2 2 2 2 2 2 2 2 2 2 2 2 2 2 2 2 2 2 2 2 2 2 2
left_child=1 2 12 4 13 6 -5 -8 -9 -4 11 -6 -1 15 -15 -3 -2 25 20 -20 24 22 23 -21 -19 26 27 -18 -28 -27
right_child=16 3 9 5 10 -7 7 8 -10 -11 -12 -13 -14 14 -16 -17 17 18 19 21 -22 -23 -24 -25 -26 29 28 -29 -30 -31
leaf_value=0.018575512813530072 -6.7198745423255817 2.2880374612479377 -2.2769565651647183 30.599118483938824 -2.7338135694464047 0.55004958719303287 30.047259094238282 -18.283594765125866 5.6249480860573904 -14.996447067462178 -20.973903493528013 13.374495117281384 -1.6911652420977035 47.994421480413074 13.092611709906132 19.87431939985694 -24.25654276464925 -7.1630831041197851 -12.719231439906421 -2.621076354980469 -4.6017157093074399 -1.5935881872146052 2.6159775104607355 45.30640464030521 -37.385283655108829 -0.11831012189745559 44.89299377318352 9.2667332403618712 13.828564078450203 24.23283714219636
leaf_weight=318593 776 174 476 82 384 30427 50 71 406 361 54 193 9596 57 98 164 66 69 294 85 1242 2839 845 71 66 2419 62 116 75 51
leaf_count=318593 776 174 476 82 384 30427 50 71 406 361 54 193 9596 57 98 164 66 69 294 85 1242 2839 845 71 66 2419 62 116 75 51
internal_value=0.000794157 0.0359944 -0.0510839 0.926885 7.18431 0.700266 8.20539 4.72098 2.06623 -7.7629 0.632175 2.65423 -0.031416 15.5705 25.9275 10.821 -1.40002 -0.902651 -2.1296 -0.740006 -6.30139 0.177153 5.19926 19.1921 -21.9384 1.52176 10.3276 -2.89006 27.8869 0.384487
internal_weight=370262 361186 329026 32160 1124 31036 609 527 477 837 631 577 328189 493 155 338 9076 8300 5511 4134 1377 3840 1001 156 135 2789 319 182 137 2470
internal_count=370262 361186 329026 32160 1124 31036 609 527 477 837 631 577 328189 493 155 338 9076 8300 5511 4134 1377 3840 1001 156 135 2789 319 182 137 2470
is_linear=0
shrinkage=0.05


Tree=193
num_leaves=31
num_cat=0
split_feature=1 8 1 11 3 8 11 9 8 6 9 0 0 3 8 9 11 11 11 9 11 8 7 8 9 8 4 0 9 6
split_gain=6.65026e+06 1.5251e+07 1.14911e+07 2.36511e+07 1.83653e+07 1.9708e+07 2.09072e+07 1.82057e+07 1.73427e+07 1.39587e+07 1.81985e+07 1.23976e+07 2.9866e+07 2.35057e+07 1.92327e+07 2.02187e+07 1.5859e+07 1.1079e+07 1.02843e+07 9.92938e+06 1.41634e+07 1.00752e+07 9.24725e+06 2.67008e+07 1.11105e+07 9.17058e+06 1.1326e+07 1.20694e+07 1.00786e+07 1.95063e+07
threshold=5.5000000000000009 825.08928571428578 4.5000000000000009 10302.135000000002 276.50000000000006 1750.47 24530.555000000004 1697.2931666666666 2899.4528571428577 7.5000000000000009 375.58800000000002 28.500000000000004 27.500000000000004 59.500000000000007 1632.2000000000003 1235.1773333333335 21033.945000000003 32951.680000000008 35421.660000000011 1841.156666666667 20009.920000000002 2430.840714285715 24.500000000000004 578.14857142857159 675.34966666666674 248.14857142857144 1.5000000000000002 1.5000000000000002 165.09583333333339 29.500000000000004
decision_type=2 2 2 2 2 2 2 2 2 2 2 2 2 2 2 2 2 2 2 2 2 2 2 2 2 2 2 2 2 2
left_child=2 -2 -1 8 9 7 -7 -6 25 11 -11 12 22 14 15 -14 -15 -18 -13 20 -3 -21 23 24 -5 28 -27 -28 -4 -30
right_child=1 19 3 4 5 6 -8 -9 -10 10 -12 18 13 16 -16 -17 17 -19 -20 21 -22 -23 -24 -25 -26 26 27 -29 29 -31
leaf_value=-0.070802215439179111 -0.1512780624862789 -2.0843283098693943 -0.13653446948022516 13.734306414230588 -5.5953828837223885 -45.225639751039708 -6.0008047813322491 24.823800384021197 -20.631262347914955 -0.78840758017465185 -32.966873985954692 15.081642137912556 4.2165315976706887 -41.282082026937736 19.782307382647915 -34.713729542952322 4.8623367844966419 -24.829360604967391 -9.0331101760864261 1.2175856933030991 -7.5813846183140887 -4.8673209370360286 0.35796635503209229 4.4893970576867028 36.543919952322796 -1.0831947914476989 15.889472334831954 1.2052218907318943 1.515283599340824 10.852592879345597
leaf_weight=263022 44372 4037 10694 153 254 58 82 61 99 204 56 382 93 69 89 52 57 70 50 2686 1651 911 1197 5597 82 16145 144 4955 12292 586
leaf_count=263022 44372 4037 10694 153 254 58 82 61 99 204 56 382 93 69 89 52 57 70 50 2686 1651 911 1197 5597 82 16145 144 4955 12292 586
internal_value=-0.0221585 -0.536882 0.065092 0.732927 3.13413 -6.64204 -22.2511 0.295316 0.272841 3.67985 -7.71915 4.05543 3.57848 -9.21329 1.48568 -9.74467 -21.9866 -11.5032 12.2906 -2.37964 -3.6799 -0.323518 4.36102 5.18263 21.6934 0.319019 -0.434392 1.61992 0.998022 1.94017
internal_weight=370200 53657 316543 53521 8606 455 140 315 44915 8151 260 7891 7459 430 234 145 196 127 432 9285 5688 3597 7029 5832 235 44816 21244 5099 23572 12878
internal_count=370200 53657 316543 53521 8606 455 140 315 44915 8151 260 7891 7459 430 234 145 196 127 432 9285 5688 3597 7029 5832 235 44816 21244 5099 23572 12878
is_linear=0
shrinkage=0.05


Tree=194
num_leaves=31
num_cat=0
split_feature=9 8 9 8 0 8 3 8 10 10 10 10 11 8 11 11 10 11 11 3 11 8 11 9 0 8 11 0 3 10
split_gain=6.25164e+06 1.14924e+07 1.40098e+07 1.96466e+07 2.73142e+07 2.11249e+07 1.94764e+07 1.70342e+07 2.49851e+07 2.84016e+07 2.08081e+07 2.07102e+07 2.72368e+07 1.53413e+07 1.8199e+07 2.4566e+07 2.22486e+07 1.57323e+07 1.38234e+07 1.07434e+07 1.31997e+07 2.23489e+07 1.41811e+07 1.05786e+07 1.98728e+07 1.83059e+07 1.58851e+07 2.54559e+07 1.24041e+07 1.36926e+07
threshold=2258.7413333333338 2266.1771428571433 2422.4765000000002 2195.8535714285722 14.500000000000002 1791.3400000000004 46.500000000000007 1554.1278571428572 2348.0500000000006 2680.8833333333337 2519.2500000000005 2371.4500000000003 25929.405000000002 1879.7300000000002 20009.920000000002 31067.535000000003 2720.4666666666672 12198.740000000002 14742.730000000001 283.50000000000006 8677.3750000000018 2899.4528571428577 24530.555000000004 2422.4765000000002 21.500000000000004 3218.1678571428579 20009.920000000002 24.500000000000004 135.50000000000003 2609.7166666666667
decision_type=2 2 2 2 2 2 2 2 2 2 2 2 2 2 2 2 2 2 2 2 2 2 2 2 2 2 2 2 2 2
left_child=-1 2 3 5 -5 7 -4 11 -9 10 -10 -2 18 -7 17 -16 -17 -15 -13 23 -21 -22 -23 24 -3 26 -26 -28 29 -25
right_child=1 19 6 4 -6 13 -8 8 9 -11 -12 12 -14 14 15 16 -18 -19 -20 20 21 22 -24 28 25 -27 27 -29 -30 -31
leaf_value=-0.023059312043800219 30.962417663846697 -8.12545160522461 -14.072260716708019 46.859905931684708 4.8917071739832565 -16.255359472767001 2.8379654046736267 -4.5395954747698202 26.397554732646263 9.7616027531998881 69.897813111764421 -2.1381259472339185 21.888011083468584 4.0748298582349509 30.563070310343495 -17.033470157059757 19.768989372872689 -19.430576164325078 -34.00263378581063 -6.0512072194706317 43.684159762518753 24.493281173706055 -10.784612688303941 8.8636132549195565 0.64300057868762261 -21.216778643656586 48.924202120745626 5.5004918323622816 -6.0725528914621689 0.0043240101619817688
leaf_weight=363332 56 1000 198 72 84 124 1216 67 56 89 54 77 71 175 111 88 77 120 61 88 56 52 63 648 232 59 54 90 478 1334
leaf_count=363332 56 1000 198 72 84 124 1216 67 56 89 54 77 71 175 111 88 77 120 61 88 56 52 63 648 232 59 54 90 478 1334
internal_value=0.00535528 1.49081 3.96907 7.54911 24.2616 5.42255 0.470055 12.9313 21.8698 30.7614 47.7522 3.95905 -3.2763 -0.314347 3.14745 12.376 0.141011 -5.48669 -16.2232 -0.17727 9.6835 17.7809 5.16713 -0.832967 -4.24468 4.67664 8.7397 21.7844 1.1572 2.9008
internal_weight=370282 6950 2796 1382 156 1226 1414 531 266 199 110 265 209 695 571 276 165 295 138 4154 259 171 115 3895 1435 435 376 144 2460 1982
internal_count=370282 6950 2796 1382 156 1226 1414 531 266 199 110 265 209 695 571 276 165 295 138 4154 259 171 115 3895 1435 435 376 144 2460 1982
is_linear=0
shrinkage=0.05


Tree=195
num_leaves=31
num_cat=0
split_feature=3 9 3 11 6 11 11 9 10 11 1 3 9 10 11 10 10 0 9 11 10 9 1 11 11 11 3 11 3 11
split_gain=6.76496e+06 1.0011e+07 1.15344e+07 1.02661e+07 1.21978e+07 7.88302e+06 9.57305e+06 7.59937e+06 1.23009e+07 2.48729e+07 3.12168e+07 2.47376e+07 1.90969e+07 1.58194e+07 2.96885e+07 1.13972e+07 1.27792e+07 1.46553e+07 1.3161e+07 1.53182e+07 1.24143e+07 1.477e+07 1.23868e+07 1.70051e+07 1.03923e+07 1.02426e+07 1.10985e+07 1.0084e+07 9.20986e+06 8.74112e+06
threshold=25.500000000000004 1734.5108333333335 24.500000000000004 1459.5000000000002 2.5000000000000004 17684.070000000003 35421.660000000011 2336.8835000000004 2641.9333333333338 45915.240000000013 2.5000000000000004 8.5000000000000018 2194.8705000000004 2548.1500000000001 16431.460000000003 2641.9333333333338 2348.0500000000006 10.500000000000002 2422.4765000000002 11502.295000000002 2812.8500000000008 2703.9491666666668 2.5000000000000004 24530.555000000004 11174.860000000002 24530.555000000004 9.5000000000000018 23225.890000000003 7.5000000000000009 2553.6450000000004
decision_type=2 2 2 2 2 2 2 2 2 2 2 2 2 2 2 2 2 2 2 2 2 2 2 2 2 2 2 2 2 2
left_child=1 -1 3 -3 7 -4 -7 8 13 10 11 -10 -12 29 -15 16 28 -18 -19 -20 24 22 -22 -24 -17 -16 -27 -21 -9 -5
right_child=-2 2 5 4 -6 6 -8 15 9 -11 12 -13 -14 14 25 20 17 18 19 27 21 -23 23 -25 -26 26 -28 -29 -30 -31
leaf_value=0.26185520328783757 -0.11550594652083664 -18.79792521410975 3.4584619993255252 20.272662157482571 21.024807626147606 39.763496398925781 9.1220935454735379 -24.439792206327795 31.468221900939945 -0.14556697300502233 22.858484324773155 -13.584584882244085 62.287964366032533 17.310377113442673 -34.798099724905832 2.4620839866239637 -6.7886327655691847 0.23498090528974347 -0.55855108642578122 47.950933648858751 -4.9073677007434444 -13.688165941692535 40.577606553657382 2.2618152504536644 -20.409052761519948 -28.256970667839052 0.84092296588269966 19.393231895695564 3.380931033690771 2.6133320441509365
leaf_weight=71522 293861 58 84 72 86 50 52 59 50 280 75 78 52 76 70 67 114 102 50 56 103 126 51 67 192 56 79 69 60 2620
leaf_count=71522 293861 58 84 72 86 50 52 59 50 280 75 78 52 76 70 67 114 102 50 56 103 126 51 67 192 56 79 69 60 2620
internal_value=-0.00648861 0.412413 2.58605 2.10954 2.367 14.8013 24.1424 2.01999 3.16327 10.1428 21.4399 4.01417 39.0028 1.90727 -9.38162 -1.57376 3.93418 8.30057 14.5106 22.8312 -6.20915 -0.0264214 7.76263 18.822 -14.4926 -19.2772 -11.2293 32.1871 -10.4125 3.08565
internal_weight=370337 76476 4954 4768 4710 186 102 4624 3508 535 255 128 127 2973 281 1116 510 391 277 175 606 347 221 118 259 205 135 125 119 2692
internal_count=370337 76476 4954 4768 4710 186 102 4624 3508 535 255 128 127 2973 281 1116 510 391 277 175 606 347 221 118 259 205 135 125 119 2692
is_linear=0
shrinkage=0.05


Tree=196
num_leaves=31
num_cat=0
split_feature=8 9 3 10 9 1 3 0 10 11 3 11 11 9 8 1 11 11 11 10 8 11 9 8 11 11 3 9 8 11
split_gain=8.76268e+06 1.42753e+07 2.80411e+07 7.21587e+07 1.68459e+07 1.65135e+07 1.58723e+07 1.54268e+07 2.2593e+07 2.75594e+07 1.69867e+07 1.61282e+07 2.39568e+07 1.48731e+07 2.30095e+07 1.81046e+07 1.93955e+07 2.28822e+07 1.7267e+07 1.60845e+07 1.41641e+07 1.66928e+07 1.64648e+07 1.34954e+07 1.3086e+07 1.39102e+07 1.43608e+07 2.15093e+07 3.25554e+07 2.15608e+07
threshold=1791.3400000000004 1235.1773333333335 42.500000000000007 2812.8500000000008 2336.8835000000004 1.0000000180025095e-35 63.500000000000007 25.500000000000004 2198.5166666666669 55972.670000000006 79.500000000000014 27454.115000000002 18339.145 1734.5108333333335 1042.8514285714289 5.5000000000000009 7102.0150000000003 5043.0250000000005 5390.3050000000012 2641.9333333333338 1203.4478571428574 42026.485000000008 1630.4328333333335 1066.9100000000003 12557.920000000002 10596.205000000002 39.500000000000007 1592.5745000000004 2195.8535714285722 11174.860000000002
decision_type=2 2 2 2 2 2 2 2 2 2 2 2 2 2 2 2 2 2 2 2 2 2 2 2 2 2 2 2 2 2
left_child=1 23 3 4 5 -3 -4 -8 10 11 -9 12 -10 15 -15 16 17 -7 -16 -20 21 22 -18 -1 25 -2 27 -27 -29 -30
right_child=24 2 6 -5 -6 13 7 8 9 -11 -12 -13 -14 14 18 -17 20 -19 19 -21 -22 -23 -24 -25 -26 26 -28 28 29 -31
leaf_value=0.0252867467965526 -0.35221802604377633 -1.9608479633770193 -2.3235156232339125 52.187838299243481 -19.601674299973709 3.9591032155990606 0.42384803736240279 28.793111930459233 35.853116962584586 -15.34672484221282 1.2807283092045723 43.148055227700766 1.126190145392167 -21.439207703726634 -7.5241029660636132 -3.5794825079952659 10.350470072840467 25.886913339051905 15.759573326408532 -3.3183287908160497 1.7259073001270604 31.080335114422969 -19.536191272735596 -1.9207173208906043 -1.9666261702241532 -10.83718433380127 1.5326874113956976 37.93348964005709 29.436394134521489 -2.5514820646599863
leaf_weight=317961 6306 1043 4595 77 78 250 9555 59 88 54 1143 77 114 56 109 741 405 227 897 126 2239 85 52 9166 13063 82 895 128 75 177
leaf_count=317961 6306 1043 4595 77 78 250 9555 59 88 54 1143 77 114 56 109 741 405 227 897 126 2239 85 52 9166 13063 82 895 128 75 177
internal_value=-0.0054893 0.0537971 1.28459 4.07796 3.4907 3.77981 0.147473 1.1713 5.82398 17.3488 2.63117 23.6769 16.2548 4.93414 9.84638 3.47484 5.07928 14.3944 11.3941 13.4098 3.48155 10.7341 6.9498 -0.0292397 -1.00436 0.635994 5.22823 12.3873 17.399 6.96872
internal_weight=369923 349197 22070 6385 6308 6230 15685 11090 1535 333 1202 279 202 5187 1188 3999 3258 477 1132 1023 2781 542 457 327127 20726 7663 1357 462 380 252
internal_count=369923 349197 22070 6385 6308 6230 15685 11090 1535 333 1202 279 202 5187 1188 3999 3258 477 1132 1023 2781 542 457 327127 20726 7663 1357 462 380 252
is_linear=0
shrinkage=0.05


Tree=197
num_leaves=31
num_cat=0
split_feature=1 1 11 10 1 10 11 10 10 8 10 8 8 10 8 0 0 3 8 3 10 10 3 8 8 8 8 8 10 10
split_gain=6.1079e+06 1.16673e+07 1.25401e+07 2.40552e+07 1.34021e+07 2.07574e+07 3.44216e+07 7.4378e+07 2.22315e+07 1.55985e+07 3.974e+07 1.50388e+07 1.84839e+07 1.22822e+07 1.74579e+07 1.65709e+07 2.17346e+07 1.50723e+07 2.49058e+07 2.46815e+07 2.29804e+07 2.25791e+07 2.1593e+07 1.17869e+07 1.17868e+07 1.56287e+07 3.03147e+07 1.66488e+07 1.95218e+07 1.30311e+07
threshold=2.5000000000000004 5.5000000000000009 3469.9150000000004 2132.4000000000005 4.5000000000000009 2762.7666666666669 23225.890000000003 2872.6833333333338 2872.6833333333338 4.6428571428571432 392.78333333333336 2537.0064285714293 2195.8535714285722 680.68333333333351 248.14857142857144 27.500000000000004 30.500000000000004 262.50000000000006 2024.3085714285717 103.50000000000001 2680.8833333333337 2609.7166666666667 33.500000000000007 1017.3635714285716 2537.0064285714293 1750.47 1326.9885714285717 693.45928571428578 1302.2166666666669 2519.2500000000005
decision_type=2 2 2 2 2 2 2 2 2 2 2 2 2 2 2 2 2 2 2 2 2 2 2 2 2 2 2 2 2 2
left_child=-1 2 3 -2 -4 9 7 -7 -8 10 -6 12 -10 14 -11 17 23 19 -19 20 21 -15 -23 -17 25 26 27 28 -21 -27
right_child=1 -3 4 -5 5 6 8 -9 11 13 -12 -13 -14 15 -16 16 -18 18 -20 24 -22 22 -24 -25 -26 29 -28 -29 -30 -31
leaf_value=-0.20360007681745126 0.10091802420347498 -0.43189755997571899 0.45283635462357374 -18.614469328314762 -2.2840920964349376 65.078948814191946 -13.53169646298975 0.76208138229823352 8.4757939133644111 2.9988224227106159 -48.592285609006886 -5.5175604975223544 44.777789537111921 3.2399373425846836 -1.1030794148695156 2.2738050079485133 10.156557144239901 0.33636089405761316 -31.3206648481065 11.157116702426391 -18.084193867396532 49.510669309017707 8.7886491669548885 -9.111418852834225 33.900339979283949 -3.7948446850572091 24.611487194572177 2.5351607609834326 45.112257269317034 22.659694042205814
leaf_weight=159006 96136 53406 40491 172 631 81 133 101 100 4927 50 80 54 5199 5478 342 293 624 69 249 123 51 90 678 51 303 350 608 51 55
leaf_count=159006 96136 53406 40491 172 631 81 133 101 100 4927 50 80 54 5199 5478 342 293 624 69 249 123 51 90 678 51 303 350 608 51 55
internal_value=0.0304105 0.206777 0.423246 0.0674935 0.982513 2.01507 11.6081 29.3866 2.79144 1.75463 -5.68411 12.0691 21.2051 2.01387 0.839263 3.35162 -1.84618 4.22402 -2.81564 4.90823 3.2832 3.77537 23.5179 -5.29402 10.2337 9.48681 12.1099 7.291 16.9295 0.2694
internal_weight=369982 210976 157570 96308 61262 20771 549 182 367 20222 681 234 154 19541 10405 9136 1313 7823 693 7130 5463 5340 141 1020 1667 1616 1258 908 300 358
internal_count=369982 210976 157570 96308 61262 20771 549 182 367 20222 681 234 154 19541 10405 9136 1313 7823 693 7130 5463 5340 141 1020 1667 1616 1258 908 300 358
is_linear=0
shrinkage=0.05


Tree=198
num_leaves=31
num_cat=0
split_feature=1 11 9 11 0 10 1 11 3 9 10 11 11 9 0 10 3 10 3 11 0 0 9 9 9 0 10 9 9 11
split_gain=5.93532e+06 1.41673e+07 9.05136e+06 1.14937e+07 1.29572e+07 1.12241e+07 8.95276e+06 2.3095e+07 1.78529e+07 1.37889e+07 1.43783e+07 2.86688e+07 2.30691e+07 2.56428e+07 2.29423e+07 2.60981e+07 2.11871e+07 2.11713e+07 1.93791e+07 1.69647e+07 1.90619e+07 1.71442e+07 1.67835e+07 2.84008e+07 1.58653e+07 1.78195e+07 1.47654e+07 1.40575e+07 1.35286e+07 1.34944e+07
threshold=5.5000000000000009 15243.790000000003 1768.4196666666669 38560.455000000009 1.5000000000000002 1344.8833333333334 4.5000000000000009 10302.135000000002 276.50000000000006 1592.5745000000004 2176.9166666666674 20009.920000000002 23225.890000000003 1998.7498333333335 24.500000000000004 2444.1500000000001 45.500000000000007 2720.4666666666672 68.500000000000014 12557.920000000002 13.500000000000002 17.500000000000004 1957.9808333333337 1768.4196666666669 1734.5108333333335 27.500000000000004 2418.9166666666674 1630.4328333333335 2138.2523333333338 27454.115000000002
decision_type=2 2 2 2 2 2 2 2 2 2 2 2 2 2 2 2 2 2 2 2 2 2 2 2 2 2 2 2 2 2
left_child=6 -2 5 -4 -5 -3 -1 -8 9 -9 24 14 -13 16 19 -16 -14 18 -18 26 22 -22 23 -21 27 -26 -12 -11 -23 -20
right_child=1 2 3 4 -6 -7 7 8 -10 10 11 12 13 -15 15 -17 17 -19 29 20 21 28 -24 -25 25 -27 -28 -29 -30 -31
leaf_value=-0.030504555416139313 -0.20550875689151363 -0.66188002277110058 1.759189336953088 18.264803345998128 -7.0548333142455153 -7.0588247332958822 0.22534221194160536 2.073569443454935 -6.3780609599145661 4.090942371368409 0.8980370138820849 22.788025961004102 9.4233881183194406 12.897580510888231 -41.246804801623028 2.6154329458872478 -20.347295350427029 -35.267707055807115 -15.206792451685127 -27.524281251728539 25.332536581416193 -17.17457085621508 -25.620278739929201 22.769333469867707 9.6776889171934979 -22.684137678146364 37.930445368149705 26.185829652979216 14.469759908773131 13.993260893584988
leaf_weight=263352 48055 1072 1648 54 786 1903 45100 5229 474 100 57 233 264 619 78 60 111 64 55 50 81 79 129 64 285 50 51 257 59 141
leaf_count=263352 48055 1072 1648 54 786 1903 45100 5229 474 100 57 233 264 619 78 60 111 64 55 50 81 79 129 64 285 50 51 257 59 141
internal_value=0.00724872 -0.479799 -2.89257 -0.667064 -5.42714 -4.75377 0.0894643 0.677917 3.05407 3.60493 6.37858 4.39734 8.34027 5.6558 -3.88392 -22.1763 -1.40352 -9.10784 -3.65431 0.544751 -3.62583 7.07242 -13.2675 0.710731 12.663 4.84757 18.3856 19.9968 -3.64547 5.79937
internal_weight=370560 53518 5463 2488 840 2975 317042 53690 8590 8116 2887 2195 1487 1254 708 138 635 371 307 570 462 219 243 114 692 335 108 357 138 196
internal_count=370560 53518 5463 2488 840 2975 317042 53690 8590 8116 2887 2195 1487 1254 708 138 635 371 307 570 462 219 243 114 692 335 108 357 138 196
is_linear=0
shrinkage=0.05


Tree=199
num_leaves=31
num_cat=0
split_feature=11 9 8 3 8 0 0 11 0 3 8 11 3 1 9 6 3 3 0 11 3 1 0 3 8 9 0 8 0 9
split_gain=6.65915e+06 8.78087e+06 2.49867e+07 1.61565e+07 1.46554e+07 1.14707e+07 1.01113e+07 9.24587e+06 8.42677e+06 1.23484e+07 1.03495e+07 1.07029e+07 9.92024e+06 8.25067e+06 1.03781e+07 2.0548e+07 1.33611e+07 1.27676e+07 1.74411e+07 1.2765e+07 1.0442e+07 1.46363e+07 1.19841e+07 1.09558e+07 9.74546e+06 9.64739e+06 1.24545e+07 9.20714e+06 1.15383e+07 1.62386e+07
threshold=29214.375000000004 2194.8705000000004 1554.1278571428572 53.500000000000007 1972.967142857143 27.500000000000004 28.500000000000004 35421.660000000011 27.500000000000004 266.50000000000006 2078.5514285714294 45915.240000000013 280.50000000000006 1.0000000180025095e-35 1485.087666666667 2.5000000000000004 44.500000000000007 60.500000000000007 25.500000000000004 42026.485000000008 40.500000000000007 2.5000000000000004 8.5000000000000018 30.500000000000004 1092.6764285714287 1880.9296666666669 14.500000000000002 1295.9014285714288 9.5000000000000018 1341.3198333333337
decision_type=2 2 2 2 2 2 2 2 2 2 2 2 2 2 2 2 2 2 2 2 2 2 2 2 2 2 2 2 2 2
left_child=-1 4 3 -3 13 -6 -7 -8 9 -4 -10 -12 -11 -2 27 16 20 -18 24 -20 22 -22 -16 -24 -19 26 -25 28 -15 -30
right_child=1 2 8 -5 5 6 7 -9 10 12 11 -13 -14 14 15 -17 17 18 19 -21 21 -23 23 25 -26 -27 -28 -29 29 -31
leaf_value=0.028364925373697364 -4.6292170360771827 0.63651324285977129 3.4590352112546614 31.446668690174551 -6.3370695525159446 16.811930146263641 14.746026611328126 -9.4978267210117284 -22.850465847533428 -10.979820254269768 9.1583462013138668 -13.426570370033676 9.6490264931770238 -4.7215603126036951 -4.1620253492616142 30.312080264860583 -6.7966463073894579 18.150615234062322 23.719826519128048 3.3201296217454592 -0.078085399615137205 29.094859936261418 10.953150229083263 11.039021661606704 -2.353663799943237 13.238037679242153 -11.515961551191795 -5.0683808667236896 0.24937728523190428 14.073128084190788
leaf_weight=355832 1193 69 1515 111 2148 103 55 138 81 289 108 102 73 1016 373 62 693 61 132 183 76 99 553 88 1159 102 201 1449 2050 237
leaf_count=355832 1193 69 1515 111 2148 103 55 138 81 289 108 102 73 1016 373 62 693 61 132 183 76 99 553 88 1159 102 201 1449 2050 237
internal_value=-0.0144621 -1.06407 1.73546 19.6361 -1.60415 -5.06549 4.16203 -2.58896 0.24924 1.47664 -7.66769 -1.81147 -6.81986 -0.734451 -0.189987 1.76449 1.28869 -1.16346 1.37973 11.8686 4.95048 16.4255 3.42571 6.42383 -1.32845 0.0179168 -4.64801 -1.7455 -0.287784 1.68192
internal_weight=370351 14519 2348 180 12171 2444 296 193 2168 1877 291 210 362 9727 8534 3782 3720 2228 1535 315 1492 175 1317 944 1220 391 289 4752 3303 2287
internal_count=370351 14519 2348 180 12171 2444 296 193 2168 1877 291 210 362 9727 8534 3782 3720 2228 1535 315 1492 175 1317 944 1220 391 289 4752 3303 2287
is_linear=0
shrinkage=0.05


Tree=200
num_leaves=31
num_cat=0
split_feature=11 6 0 1 9 9 3 3 0 1 8 3 3 11 8 8 9 4 8 11 7 9 11 9 11 8 7 5 9 3
split_gain=6.00766e+06 1.01414e+07 1.21366e+07 1.67189e+07 9.93129e+06 8.7188e+06 1.24916e+07 2.03705e+07 2.3423e+07 1.08598e+07 9.11215e+06 8.40791e+06 6.26766e+06 1.10787e+07 1.41539e+07 2.18418e+07 1.84574e+07 1.60518e+07 1.31458e+07 1.61054e+07 1.30276e+07 1.76336e+07 2.96451e+07 1.73421e+07 1.53027e+07 1.21111e+07 1.1231e+07 2.31758e+07 2.01336e+07 1.54696e+07
threshold=55972.670000000006 1.5000000000000002 17.500000000000004 2.5000000000000004 2138.2523333333338 2041.4540000000004 6.5000000000000009 47.500000000000007 11.500000000000002 2.5000000000000004 2430.840714285715 39.500000000000007 14.500000000000002 988.25500000000011 7.2142857142857153 465.61428571428581 446.82350000000002 1.5000000000000002 1117.6485714285716 3086.9150000000004 29.500000000000004 290.46616666666677 2881.1050000000005 455.00233333333341 15243.790000000003 226.3421428571429 1.0000000180025095e-35 1.0000000180025095e-35 354.94400000000002 8.5000000000000018
decision_type=2 2 2 2 2 2 2 2 2 2 2 2 2 2 2 2 2 2 2 2 2 2 2 2 2 2 2 2 2 2
left_child=12 5 4 -4 11 10 -7 8 -8 -10 -2 -3 13 26 -15 17 -17 20 19 -18 21 25 -23 -24 -22 -16 27 -1 -29 -28
right_child=1 2 3 -5 -6 6 7 -9 9 -11 -12 -13 -14 14 15 16 18 -19 -20 -21 24 22 23 -25 -26 -27 29 28 -30 -31
leaf_value=0.3532697665302425 -4.6070645251677771 20.167432113647465 -3.825945813315256 27.780986963327116 -20.952409931165832 -18.206464762565417 33.252071734149048 -3.2025032667724456 -12.645537243718687 13.475285482850481 -22.097911925193593 -6.9272768874666584 -0.066709199492336654 -2.7709708086212252 11.179053962554621 -1.424091399067243 0.11149671664743713 0.99672186979092303 0.56825803367809802 6.567622030735575 -5.2306863643720858 3.7301066296088488 17.233054518604657 45.2624076720207 22.0081591137385 2.728874159543615 -0.13944960514541718 8.4223171526071976 42.113336584091194 -4.3973244997278993
leaf_weight=5762 1642 50 70 104 56 78 99 490 69 94 78 67 325084 2063 552 6764 1551 2649 6976 2561 409 516 502 62 59 1829 6565 392 50 3160
leaf_count=5762 1642 50 70 104 56 78 99 490 69 94 78 67 325084 2063 552 6764 1551 2649 6976 2561 409 516 502 62 59 1829 6565 392 50 3160
internal_value=-0.00999621 -2.278 5.74154 15.0656 -3.63636 -3.36929 0.839469 2.81498 14.069 2.418 -5.40025 4.65166 0.00788215 0.579483 1.20602 1.54186 0.634339 4.00477 1.89004 4.13244 6.03285 7.09158 12.3907 20.3143 -1.79673 4.68792 -0.46257 1.19967 12.2335 -1.52299
internal_weight=370403 2897 347 174 173 2550 830 752 262 163 1720 117 367506 42422 26493 24430 17852 6578 11088 4112 3929 3461 1080 564 468 2381 15929 6204 442 9725
internal_count=370403 2897 347 174 173 2550 830 752 262 163 1720 117 367506 42422 26493 24430 17852 6578 11088 4112 3929 3461 1080 564 468 2381 15929 6204 442 9725
is_linear=0
shrinkage=0.05


Tree=201
num_leaves=31
num_cat=0
split_feature=3 1 6 10 0 11 10 11 11 0 9 11 9 9 8 10 1 9 11 11 10 8 1 0 8 9 8 11 3 4
split_gain=6.8381e+06 9.99564e+06 1.2241e+07 1.90774e+07 4.72024e+07 2.39855e+07 2.22122e+07 1.51559e+07 1.19919e+07 1.13544e+07 1.55714e+07 2.14619e+07 1.44922e+07 1.74059e+07 1.01602e+07 1.37698e+07 1.92888e+07 1.84457e+07 1.32369e+07 3.6266e+07 1.68706e+07 1.00257e+07 9.86235e+06 9.25862e+06 8.57608e+06 1.4521e+07 1.75913e+07 1.46495e+07 1.88497e+07 1.88568e+07
threshold=14.500000000000002 1.0000000180025095e-35 14.500000000000002 1.0000000180025095e-35 18.500000000000004 1346.3500000000001 235.16666666666671 1591.9600000000003 45915.240000000013 20.500000000000004 2530.8520000000003 15809.935000000003 2336.8835000000004 2087.0383333333334 3218.1678571428579 2609.7166666666667 2.5000000000000004 2336.8835000000004 20009.920000000002 11174.860000000002 2444.1500000000001 2693.3414285714293 5.5000000000000009 22.500000000000004 194.57285714285717 300.01350000000008 445.2328571428572 1188.7450000000001 263.50000000000006 1.5000000000000002
decision_type=2 2 2 2 2 2 2 2 2 2 2 2 2 2 2 2 2 2 2 2 2 2 2 2 2 2 2 2 2 2
left_child=1 -1 3 4 22 -6 -5 -8 9 14 12 -12 13 21 15 -9 -17 -18 19 20 -16 -11 -3 -15 -2 -26 27 -27 29 -29
right_child=24 2 -4 6 5 -7 7 8 -10 10 11 -13 -14 23 18 16 17 -19 -20 -21 -22 -23 -24 -25 25 26 -28 28 -30 -31
leaf_value=-1.2591834772634087 0.26047479512094424 3.2388245838540595 -1.1917759026930592 -1.6289626351403503 22.039311201034373 -1.4652007382256644 -0.21271410868703622 2.4656308948808316 -2.7011322094620156 6.0725233216343284 2.7450787904262546 49.072031242370606 -15.026030599335094 9.3724404266902379 -20.101163137876071 -3.3286659311164506 49.438133373966927 12.068502423903523 5.5547560736849597 -43.287469722884047 17.166020802275778 -12.851151620525204 -1.9573711020671405 36.648738068171916 -0.9066239072127722 -0.1832755028336166 -0.34208719506855023 2.8883365598905226 -1.9533228152917361 -1.8967231564265177
leaf_weight=6071 131944 5260 5735 7382 483 140 6539 6632 881 1698 50 50 81 56 52 88 54 85 143 70 73 73 1105 70 60281 17350 95425 17192 2981 2339
leaf_count=6071 131944 5260 5735 7382 483 140 6539 6632 881 1698 50 50 81 56 52 88 54 85 143 70 73 73 1105 70 60281 17350 95425 17192 2981 2339
internal_value=0.0267056 0.620511 0.930609 1.32243 3.62238 16.7574 0.654902 1.66475 2.87357 3.4031 6.65882 25.9086 5.68563 6.56999 2.46307 2.8801 14.9892 26.5862 -5.9998 -14.4731 1.66287 5.2925 2.33674 24.5259 -0.0510229 -0.261181 0.0264141 0.908564 1.75004 2.31529
internal_weight=370383 42871 36800 31065 6988 623 24077 16695 10156 9275 2078 100 1978 1897 7197 6859 227 139 338 195 125 1771 6365 126 327512 195568 135287 39862 22512 19531
internal_count=370383 42871 36800 31065 6988 623 24077 16695 10156 9275 2078 100 1978 1897 7197 6859 227 139 338 195 125 1771 6365 126 327512 195568 135287 39862 22512 19531
is_linear=0
shrinkage=0.05


Tree=202
num_leaves=31
num_cat=0
split_feature=7 11 6 11 8 8 11 11 11 0 0 10 10 11 11 10 9 11 3 10 4 8 9 6 11 9 8 8 10 8
split_gain=7.05651e+06 9.86144e+06 9.23589e+06 1.35454e+07 7.44499e+06 6.82267e+06 8.64667e+06 1.55359e+07 1.13995e+07 7.51198e+06 1.05545e+07 1.57442e+07 1.34974e+07 1.16441e+07 1.54496e+07 1.24634e+07 1.16028e+07 9.93824e+06 8.09943e+06 7.21995e+06 5.94408e+06 5.88692e+06 8.83622e+06 1.06612e+07 6.09159e+06 5.53866e+06 1.56113e+07 2.0975e+07 1.78521e+07 1.37339e+07
threshold=26.500000000000004 13772.890000000001 2.5000000000000004 9289.2850000000017 37.282857142857154 3218.1678571428579 5301.8050000000012 6839.2300000000005 2777.2600000000007 12.500000000000002 24.500000000000004 2577.1000000000004 2444.1500000000001 11174.860000000002 19100.720000000005 2872.6833333333338 2422.4765000000002 31067.535000000003 16.500000000000004 2548.1500000000001 2.5000000000000004 388.01071428571436 308.11916666666679 3.5000000000000004 10302.135000000002 1998.7498333333335 1117.6485714285716 1174.069285714286 2418.9166666666674 1879.7300000000002
decision_type=2 2 2 2 2 2 2 2 2 2 2 2 2 2 2 2 2 2 2 2 2 2 2 2 2 2 2 2 2 2
left_child=5 2 4 -4 -2 25 8 -8 -7 18 11 12 16 -13 -15 -16 -11 -17 -9 -12 -6 22 -5 24 -24 29 28 -28 -27 -1
right_child=1 -3 3 21 20 6 7 9 -10 10 19 13 -14 14 15 17 -18 -19 -20 -21 -22 -23 23 -25 -26 26 27 -29 -30 -31
leaf_value=0.089213057047482933 4.4862954504220438 2.3734542135960859 -0.65557508492392991 3.5617092982335317 -3.2548424153859266 -11.305859799385072 -28.827287612900591 -30.385914786338805 16.793583016622634 -9.2788619189195227 -26.480195172343937 17.202129515579767 32.271947750449179 -23.030650230690284 -12.920678115345183 26.118564799853733 21.314413528442387 -1.9661196109321382 -6.0454435695100717 -5.8956636128800639 -0.77423364538410644 -0.27889646929502487 -0.88945363730192184 33.832500244776405 16.893164544854283 4.1470182300668901 25.546234928088243 1.185696550985005 -22.093751947503343 -2.0529195161291436
leaf_weight=324549 407 2194 9671 409 7036 55 66 50 105 71 56 56 64 108 105 56 55 72 108 178 3677 300 80 60 121 113 89 12338 152 7659
leaf_count=324549 407 2194 9671 409 7036 55 66 50 105 71 56 56 64 108 105 56 55 72 108 178 3677 300 80 60 121 113 89 12338 152 7659
internal_value=0.0084276 -0.821489 -1.14361 -0.0906052 -2.15126 0.0658687 -3.68988 -5.34719 7.1344 -3.76426 -1.84288 1.73648 13.5731 -3.92842 -7.39854 -0.152756 4.07535 10.3209 -13.7481 -10.8219 -2.40343 5.5422 8.14867 15.3367 9.81551 0.0789904 1.10409 1.36016 -10.9043 0.0398265
internal_weight=370060 23955 21761 10641 11120 346105 1205 1045 160 979 821 587 190 397 341 233 126 128 158 234 10713 970 670 261 201 344900 12692 12427 265 332208
internal_count=370060 23955 21761 10641 11120 346105 1205 1045 160 979 821 587 190 397 341 233 126 128 158 234 10713 970 670 261 201 344900 12692 12427 265 332208
is_linear=0
shrinkage=0.05


Tree=203
num_leaves=31
num_cat=0
split_feature=8 9 6 3 9 3 10 8 9 3 9 6 11 8 10 8 9 3 10 10 9 8 9 9 0 3 6 3 10 6
split_gain=6.04952e+06 1.45904e+07 2.0365e+07 1.31066e+07 1.2233e+07 1.15182e+07 1.70504e+07 1.092e+07 2.11224e+07 1.22891e+07 1.587e+07 1.56863e+07 1.34309e+07 1.28126e+07 1.12873e+07 1.07971e+07 1.36835e+07 1.63171e+07 1.17148e+07 1.17566e+07 2.44791e+07 2.85693e+07 2.17612e+07 1.25574e+07 1.48337e+07 1.85668e+07 1.95725e+07 2.03129e+07 1.20064e+07 1.07156e+07
threshold=1593.7250000000001 1235.1773333333335 5.5000000000000009 283.50000000000006 1697.2931666666666 18.500000000000004 2348.0500000000006 714.43642857142856 588.83300000000008 8.5000000000000018 724.95550000000014 2.5000000000000004 1376.5100000000002 994.51571428571447 767.73333333333346 1295.9014285714288 2138.2523333333338 34.500000000000007 2762.7666666666669 2494.5000000000005 2041.4540000000004 1117.6485714285716 1768.4196666666669 1768.4196666666669 21.500000000000004 32.500000000000007 1.5000000000000002 127.50000000000001 2348.0500000000006 9.5000000000000018
decision_type=2 2 2 2 2 2 2 2 2 2 2 2 2 2 2 2 2 2 2 2 2 2 2 2 2 2 2 2 2 2
left_child=1 7 3 5 -2 6 -3 8 14 29 11 12 -11 -12 -1 18 -17 -18 19 23 22 -22 -21 -7 25 -25 -27 -28 -26 -9
right_child=4 2 -4 -5 -6 15 -8 9 -10 10 13 -13 -14 -15 -16 16 17 -19 -20 20 21 -23 -24 24 28 26 27 -29 -30 -31
leaf_value=0.015731811908519838 -2.512465820488528 4.3874192220958204 -30.027856341588734 21.199784262040083 -0.09308710348119055 3.2765232306348149 25.28333148956299 0.61031005367790891 1.9927654761752607 -0.90510975055989962 1.1160557024871456 -0.81817196425612659 -6.2064568510787979 -1.8117003741314535 -3.1393213635002262 -0.73423856568329515 -16.887467350810766 9.7774780411152218 -13.622973806207831 4.1415398106430521 -22.753267498016356 19.372249923517675 41.681699043191891 -28.223678012922701 -6.7629660498235644 -0.95510383088946771 39.357383838471243 -1.9336878162509992 -31.313397985429908 11.970161774921641
leaf_weight=277717 7060 1016 51 85 20099 5652 108 6933 13720 1695 7520 5033 4048 7428 2864 7258 64 554 110 66 80 81 93 51 194 546 68 53 67 214
leaf_count=277717 7060 1016 51 85 20099 5652 108 6933 13720 1695 7520 5033 4048 7428 2864 7258 64 554 110 66 80 81 93 51 194 546 68 53 67 214
internal_value=-0.00364389 0.0531755 1.51803 1.61767 -0.722006 1.51404 6.39521 -0.0193437 0.0771955 -0.88368 -1.39326 -2.85595 -4.64181 -0.338813 -0.016473 1.14673 -0.126102 7.01606 2.56648 2.82268 12.1832 -1.55968 26.099 2.37096 -2.85709 0.853652 3.07696 21.2712 -13.0652 0.950454
internal_weight=370528 343369 16197 16146 27159 16061 1124 327172 294301 32871 25724 10776 5743 14948 280581 14937 7876 618 7061 6951 320 161 159 6631 979 718 667 121 261 7147
internal_count=370528 343369 16197 16146 27159 16061 1124 327172 294301 32871 25724 10776 5743 14948 280581 14937 7876 618 7061 6951 320 161 159 6631 979 718 667 121 261 7147
is_linear=0
shrinkage=0.05


Tree=204
num_leaves=31
num_cat=0
split_feature=1 9 8 8 8 3 3 3 9 8 3 3 11 0 9 10 8 11 8 3 3 3 8 9 10 9 3 3 10 9
split_gain=6.23371e+06 8.44519e+06 1.81004e+07 1.90381e+07 1.76519e+07 1.33988e+07 1.49814e+07 1.27474e+07 1.95946e+07 2.25151e+07 1.39218e+07 1.18404e+07 1.09413e+07 1.06921e+07 1.68021e+07 1.63841e+07 1.87373e+07 2.77897e+07 1.47681e+07 3.49827e+07 2.12484e+07 1.42319e+07 3.059e+07 1.85408e+07 1.79628e+07 1.41407e+07 1.28641e+07 3.21924e+07 1.70106e+07 1.44474e+07
threshold=2.5000000000000004 1375.5241666666668 1925.7600000000002 357.74000000000007 1593.7250000000001 11.500000000000002 10.500000000000002 14.500000000000002 1768.4196666666669 2693.3414285714293 12.500000000000002 9.5000000000000018 50375.340000000004 5.5000000000000009 2138.2523333333338 2348.0500000000006 1355.9100000000001 29214.375000000004 857.42928571428581 61.500000000000007 125.50000000000001 17.500000000000004 1518.4428571428573 1957.9808333333337 1945.2500000000002 1804.4843333333336 51.500000000000007 54.500000000000007 2031.3000000000002 1957.9808333333337
decision_type=2 2 2 2 2 2 2 2 2 2 2 2 2 2 2 2 2 2 2 2 2 2 2 2 2 2 2 2 2 2
left_child=-1 4 3 -3 -2 6 12 8 -7 10 -10 -6 -4 14 26 -16 -17 -18 19 -15 -21 22 24 25 -20 -24 -5 28 -28 -29
right_child=1 2 5 13 11 7 -8 -9 9 -11 -12 -13 -14 18 15 16 17 -19 21 20 -22 -23 23 -25 -26 -27 27 29 -30 -31
leaf_value=-0.21122438340554811 0.13262742110354517 -28.311964131355285 4.0508465484329843 3.6092972871677071 0.94453030536251692 -30.145691444027808 20.86409002053432 -0.86901369731206091 15.501390633062156 -28.819368198939731 -8.8401842018653607 -10.584311174733617 -7.883051484425863 -7.0449400525574291 33.546501009581526 -21.63701393559294 30.414472068624292 -10.86514911254247 12.261765197438933 54.853910577947445 16.55278323911271 2.4028749800702736 3.5344501165633506 -19.936783326638714 42.005575681987565 29.672849877675375 -9.0515017456803601 1.7242422905365626 -33.198337010903792 -18.161723898465819
leaf_weight=159124 189102 50 1312 563 341 93 117 7408 119 70 116 642 225 109 61 53 94 72 109 55 106 8595 376 74 95 60 163 750 132 104
leaf_count=159124 189102 50 1312 563 341 93 117 7408 119 70 116 642 225 109 61 53 94 72 109 55 106 8595 376 74 95 60 163 750 132 104
internal_value=0.0251043 0.20319 1.15268 2.47456 0.0978881 -0.471166 3.61676 -1.33735 -10.0545 -3.92837 3.48597 -6.58499 2.30385 2.6076 -0.725368 10.6294 4.24615 12.5101 3.3007 14.8284 29.637 2.96635 9.74939 3.20393 26.113 7.13148 -2.58246 -5.61637 -19.8562 -0.697468
internal_weight=370290 211166 21081 11621 190085 9460 1654 7806 398 305 235 983 1537 11571 1992 280 219 166 9579 270 161 9309 714 510 204 436 1712 1149 295 854
internal_count=370290 211166 21081 11621 190085 9460 1654 7806 398 305 235 983 1537 11571 1992 280 219 166 9579 270 161 9309 714 510 204 436 1712 1149 295 854
is_linear=0
shrinkage=0.05


Tree=205
num_leaves=31
num_cat=0
split_feature=9 8 8 10 10 11 8 10 10 3 0 9 3 3 0 10 0 1 1 10 0 3 8 3 1 10 8 0 3 11
split_gain=5.1971e+06 1.11316e+07 2.02829e+07 1.12852e+07 1.21455e+07 8.32083e+06 8.16729e+06 9.58929e+06 1.14234e+07 1.96457e+07 1.05158e+07 1.0203e+07 8.84618e+06 8.88048e+06 1.56368e+07 8.83988e+06 8.10407e+06 8.35399e+06 7.93502e+06 7.43922e+06 6.93027e+06 1.77376e+07 1.57581e+07 1.42565e+07 1.92364e+07 3.09202e+07 1.7045e+07 1.16195e+07 9.64842e+06 1.50429e+07
threshold=2336.8835000000004 1265.0907142857145 1145.382142857143 2176.9166666666674 2111.3500000000008 4643.255000000001 2693.3414285714293 2812.8500000000008 2641.9333333333338 6.5000000000000009 13.500000000000002 2138.2523333333338 1.5000000000000002 39.500000000000007 24.500000000000004 2680.8833333333337 25.500000000000004 3.5000000000000004 2.5000000000000004 2198.5166666666669 12.500000000000002 11.500000000000002 1879.7300000000002 45.500000000000007 3.5000000000000004 2872.6833333333338 1554.1278571428572 11.500000000000002 137.50000000000003 8283.1350000000002
decision_type=2 2 2 2 2 2 2 2 2 2 2 2 2 2 2 2 2 2 2 2 2 2 2 2 2 2 2 2 2 2
left_child=6 2 -2 4 -3 16 -1 8 10 -10 11 18 -12 14 -14 -11 17 -5 -8 -20 21 -7 23 -23 26 -26 -25 28 -24 -30
right_child=1 3 -4 5 -6 20 7 -9 9 15 12 -13 13 -15 -16 -17 -18 -19 19 -21 -22 22 27 24 25 -27 -28 -29 29 -31
leaf_value=0.012632063764496774 5.2016852077049549 1.8650806821309605 -32.048281994987939 -3.4066100289538448 30.447217707231012 -22.139180651578037 -0.89100208571641759 -14.795284278690815 29.87818201629209 15.929728646371879 13.4342712059021 -6.8095058895923479 -9.2803956766923275 -1.8545544066599438 -37.237558110484052 -8.9823743603997315 8.1503278260481995 -19.995940913441029 32.665613698959355 8.0444750936774465 3.6859393024283542 -14.970340272492052 2.6412523260372325 23.048449983458589 10.561876430708109 58.965644344687462 -7.867076270542448 -17.484858368490347 13.301830040624267 -11.400229254639221
leaf_weight=363355 79 78 68 261 71 88 101 168 71 51 50 162 468 336 56 118 95 107 51 77 2887 51 867 69 97 50 126 107 76 326
leaf_count=363355 79 78 68 261 71 88 101 168 71 51 50 162 468 336 56 118 95 107 51 77 2887 51 867 69 97 50 126 107 76 326
internal_value=0.0194025 1.54452 -12.0296 1.91707 15.4848 1.52882 -0.00358716 -3.452 -2.21535 7.8077 -4.06434 2.79345 -7.01093 -8.1996 -12.2682 -1.46452 -4.86914 -8.23014 9.58681 17.8545 2.15325 -0.229569 0.860338 9.69056 13.3681 27.0257 3.07226 -1.66166 -0.327478 -6.73019
internal_weight=370567 5503 147 5356 149 5207 365064 1709 1541 240 1301 391 910 860 524 169 463 368 229 128 4744 1857 1769 393 342 147 195 1376 1269 402
internal_count=370567 5503 147 5356 149 5207 365064 1709 1541 240 1301 391 910 860 524 169 463 368 229 128 4744 1857 1769 393 342 147 195 1376 1269 402
is_linear=0
shrinkage=0.05


Tree=206
num_leaves=31
num_cat=0
split_feature=11 8 10 7 11 8 8 9 0 10 11 6 8 8 11 10 4 6 5 7 10 9 6 8 9 6 5 8 11 10
split_gain=8.08182e+06 1.2273e+07 6.78127e+06 6.16026e+06 1.05825e+07 6.63279e+06 5.46237e+06 9.38353e+06 7.35802e+06 1.06506e+07 5.27293e+06 1.4187e+07 1.21421e+07 2.13019e+07 1.28494e+07 1.2171e+07 1.19426e+07 1.16275e+07 1.11099e+07 2.18622e+07 1.30671e+07 1.4938e+07 2.10337e+07 1.14458e+07 1.09498e+07 2.75561e+07 2.03392e+07 1.62898e+07 1.0384e+07 1.01951e+07
threshold=65821.285000000018 1326.9885714285717 1900.7500000000002 28.500000000000004 15243.790000000003 301.26857142857153 2133.8221428571437 2336.8835000000004 27.500000000000004 2394.6000000000004 95.410000000000011 29.500000000000004 1.0000000180025095e-35 79.0107142857143 2358.4600000000005 26.166666666666668 1.5000000000000002 3.5000000000000004 1.0000000180025095e-35 1.0000000180025095e-35 32.500000000000007 416.29716666666673 19.500000000000004 219.15000000000001 296.14383333333336 30.500000000000004 1.0000000180025095e-35 115.78214285714287 1376.5100000000002 266.83333333333343
decision_type=2 2 2 2 2 2 2 2 2 2 2 2 2 2 2 2 2 2 2 2 2 2 2 2 2 2 2 2 2 2
left_child=3 2 -2 10 -5 -6 7 8 -3 -10 11 18 15 14 -14 -12 -16 -17 -1 20 23 -22 -23 -20 27 -26 -27 -13 -19 -24
right_child=1 6 -4 4 5 -7 -8 -9 9 -11 12 24 13 -15 16 17 -18 28 19 -21 21 22 29 -25 25 26 -28 -29 -30 -31
leaf_value=-3.1870888811678997 -5.0150006957676103 -7.1890804579362984 11.719816675024518 -1.6732251041984343 7.1781107954680925 -2.1370352288923766 -10.402213098009899 13.721347880036866 -8.3400278303358295 23.521745150697001 -0.46729794880722031 1.2841894460007466 0.93179646779483594 0.12689039374379071 4.7024465388771484 11.696094696461655 -1.4913431480412926 -1.6799222895587544 11.408097325939707 -0.76766570146319957 -1.5247002470860922 37.677205259569227 -9.7143366406490284 -12.886773004898657 0.86554056024178871 42.279707606245836 9.5676264264942272 -10.09437237061743 -7.2219405231142861 15.695712179019129
leaf_weight=4283 92 613 177 9288 580 285 422 73 54 51 18864 8950 11279 264645 5208 119 915 1856 716 38327 908 62 77 52 456 82 113 326 1552 81
leaf_count=4283 92 613 177 9288 580 285 422 73 54 51 18864 8950 11279 264645 5208 119 915 1856 716 38327 908 62 77 52 456 82 113 326 1552 81
internal_value=0.0191447 -3.66579 5.99638 0.0339434 -1.1806 4.10896 -5.80852 -3.35778 -5.09423 7.13569 0.0683048 -0.384953 0.149346 0.238316 1.93285 -0.971357 3.77687 -3.6673 -0.766181 -0.508399 4.73259 1.30754 12.997 9.76313 1.32422 7.59257 23.3235 0.884296 -4.20375 3.31233
internal_weight=370506 1482 269 369024 10153 865 1213 791 718 105 358871 54433 304438 282047 17402 22391 6123 3527 44506 40223 1896 1128 220 768 9927 651 195 9276 3408 158
internal_count=370506 1482 269 369024 10153 865 1213 791 718 105 358871 54433 304438 282047 17402 22391 6123 3527 44506 40223 1896 1128 220 768 9927 651 195 9276 3408 158
is_linear=0
shrinkage=0.05


Tree=207
num_leaves=31
num_cat=0
split_feature=8 10 10 6 3 9 8 9 1 4 7 10 6 9 10 9 9 10 9 6 5 8 9 9 1 10 0 10 10 4
split_gain=6.80451e+06 1.52169e+07 1.46293e+07 2.05246e+07 1.37914e+07 1.25738e+07 2.82204e+07 2.13425e+07 2.2793e+07 2.2002e+07 2.07865e+07 1.86677e+07 1.62333e+07 1.61562e+07 1.38464e+07 1.37622e+07 1.2037e+07 1.17933e+07 1.51255e+07 1.90474e+07 1.81582e+07 1.74518e+07 1.25853e+07 1.1014e+07 1.04218e+07 1.45043e+07 2.08283e+07 1.88814e+07 1.08448e+07 1.05773e+07
threshold=307.38500000000005 1564.416666666667 363.50000000000006 5.5000000000000009 11.500000000000002 431.04400000000004 558.29571428571444 1008.4355 3.5000000000000004 1.5000000000000002 1.5000000000000002 1853.7000000000003 1.5000000000000002 558.25000000000011 610.83333333333337 1235.1773333333335 551.43033333333335 74.833333333333357 243.66583333333335 30.500000000000004 1.0000000180025095e-35 8.7857142857142865 286.54283333333336 2530.8520000000003 1.0000000180025095e-35 1.0000000180025095e-35 18.500000000000004 241.83333333333334 2111.3500000000008 2.5000000000000004
decision_type=2 2 2 2 2 2 2 2 2 2 2 2 2 2 2 2 2 2 2 2 2 2 2 2 2 2 2 2 2 2
left_child=1 2 17 -4 23 10 7 9 15 12 -6 -10 13 -7 -15 -9 -8 18 -1 -20 21 -21 -23 24 28 26 -26 -27 -2 -28
right_child=4 -3 3 -5 5 6 16 8 11 -11 -12 -13 -14 14 -16 -17 -18 -19 19 20 -22 22 -24 -25 25 27 29 -29 -30 -31
leaf_value=-0.012777524609656086 -0.87368594808981648 -19.423426234165227 1.9624015921447944 -7.4597643185853961 -2.4575376472540604 2.2214135509901545 -2.4601927322962145 15.941462399164838 15.679657989078098 -2.411068171002098 -0.35049902427795399 53.542977643480498 0.30031561030908288 1.6818906503161053 9.5318618347868327 -18.684850703152744 -0.33860371809832046 -0.87466271469314938 1.0638946028260632 46.95947077882056 3.4348344043465975 -3.0987528927185957 24.41027557003164 8.7033972795657846 2.2807256381513659 -1.987118885258198 15.271348817675269 1.6046461875765143 -10.826622301726619 -1.8647839884145545
leaf_weight=123266 4153 99 15749 600 17735 7063 7433 60 90 3223 34427 51 7166 847 1668 55 66482 28713 28672 51 393 68 107 434 3030 5211 518 12285 293 109
leaf_count=123266 4153 99 15749 600 17735 7063 7433 60 90 3223 34427 51 7166 847 1668 55 66482 28713 28672 51 393 68 107 434 3030 5211 518 12285 293 109
internal_value=-0.0258416 0.174328 0.184146 1.61661 -0.255497 -0.444178 -0.0991336 1.55592 15.9011 1.372 -1.06689 29.3749 2.10019 3.44681 6.88815 -0.618948 -0.551954 0.0549499 0.229914 1.25124 9.92893 21.2218 13.7211 0.804854 0.670943 1.13346 3.99724 0.534877 -1.5296 12.2923
internal_weight=370051 197718 197619 16349 172333 146300 94138 20223 256 19967 52162 141 16744 9578 2515 115 73915 181270 152557 29291 619 226 175 26033 25599 21153 3657 17496 4446 627
internal_count=370051 197718 197619 16349 172333 146300 94138 20223 256 19967 52162 141 16744 9578 2515 115 73915 181270 152557 29291 619 226 175 26033 25599 21153 3657 17496 4446 627
is_linear=0
shrinkage=0.05


Tree=208
num_leaves=31
num_cat=0
split_feature=3 10 8 6 11 11 10 1 0 11 10 3 11 3 1 10 11 11 0 10 11 10 8 8 11 10 8 1 11 11
split_gain=5.63043e+06 8.9356e+06 5.80261e+06 7.66261e+06 1.55351e+07 2.52602e+07 1.70328e+07 2.12309e+07 1.36687e+07 1.13067e+07 1.17721e+07 9.86336e+06 9.27016e+06 5.94335e+06 5.58534e+06 1.00376e+07 1.87284e+07 1.89219e+07 1.96877e+07 6.18077e+07 7.12545e+07 1.80519e+07 1.7809e+07 2.29397e+07 2.13593e+07 2.19525e+07 1.6478e+07 1.40758e+07 1.76465e+07 1.3088e+07
threshold=286.50000000000006 2198.5166666666669 3218.1678571428579 1.5000000000000002 20009.920000000002 12943.180000000002 2418.9166666666674 4.5000000000000009 22.500000000000004 23225.890000000003 2577.1000000000004 36.500000000000007 14742.730000000001 14.500000000000002 2.5000000000000004 2519.2500000000005 4412.9450000000006 45915.240000000013 26.500000000000004 2641.9333333333338 25929.405000000002 2812.8500000000008 1483.5285714285715 2024.3085714285717 17684.070000000003 2955.1166666666672 1265.0907142857145 4.5000000000000009 20009.920000000002 11502.295000000002
decision_type=2 2 2 2 2 2 2 2 2 2 2 2 2 2 2 2 2 2 2 2 2 2 2 2 2 2 2 2 2 2
left_child=2 -2 14 4 5 6 -4 -8 9 -6 -11 -12 -5 -7 -1 -16 -17 18 21 20 -20 26 -23 24 -24 -26 -18 28 -21 -28
right_child=1 -3 3 12 8 13 7 -9 -10 10 11 -13 -14 -15 15 16 17 -19 19 27 -22 22 23 -25 25 -27 29 -29 -30 -31
leaf_value=-0.20618195838811315 1.9492946295131539 16.378785965977045 -20.969061158627881 16.319415493157447 26.948056141535446 -34.449127664873679 -4.1683053560346091 29.059825696099189 -11.535363795827417 21.149865370085749 -9.8285453908247504 15.902003353357316 -7.8132462999713956 -16.84651277306104 0.13473257494337978 -19.085782886273932 20.657146350860597 -2.3296778686578921 13.978049726567717 -31.167806917826336 79.270369862042941 -18.513595111553485 -0.81041944971624413 6.3081300927165822 51.662274007047166 11.481659549366345 9.526348146135609 9.9302564093699832 3.8386571719911369 -1.7727015722773847
leaf_weight=157244 1429 116 98 98 60 93 214 62 136 66 146 50 67 99 205511 99 100 1272 117 60 65 52 53 523 89 55 300 208 90 1759
leaf_count=157244 1429 116 98 98 60 93 214 62 136 66 146 50 67 99 205511 99 100 1272 117 60 65 52 53 523 89 55 300 208 90 1759
internal_value=0.0205792 3.03267 0.00796029 -3.47934 -5.09058 -10.6305 -3.06224 3.29598 1.75567 7.36928 2.88559 -3.26463 6.52009 -25.3728 0.01924 0.187748 2.43792 2.88719 4.79898 13.5721 37.2967 3.18266 9.74472 11.7856 26.3273 36.3155 0.836238 1.51091 -10.1639 -0.12641
internal_weight=370331 1545 368786 1189 1024 566 374 276 458 322 262 196 165 192 367597 210353 4842 4743 3471 540 182 2931 772 720 197 144 2159 358 150 2059
internal_count=370331 1545 368786 1189 1024 566 374 276 458 322 262 196 165 192 367597 210353 4842 4743 3471 540 182 2931 772 720 197 144 2159 358 150 2059
is_linear=0
shrinkage=0.05


Tree=209
num_leaves=31
num_cat=0
split_feature=1 11 1 11 10 9 9 10 6 3 10 8 10 0 6 10 0 8 10 3 6 9 11 8 3 3 9 8 3 8
split_gain=4.98758e+06 1.49558e+07 9.84335e+06 2.41244e+07 1.22468e+07 4.68932e+07 1.89141e+07 2.69676e+07 2.62627e+07 2.97202e+07 2.36282e+07 1.73674e+07 1.55074e+07 1.95011e+07 1.65667e+07 1.68277e+07 1.53737e+07 1.68786e+07 1.45203e+07 1.18791e+07 1.16953e+07 2.08836e+07 1.14515e+07 3.41693e+07 1.13513e+07 4.56939e+07 3.45836e+07 4.07813e+07 2.61256e+07 2.05496e+07
threshold=5.5000000000000009 50375.340000000004 4.5000000000000009 10302.135000000002 2220.0000000000005 2087.0383333333334 1554.7928333333336 1686.7166666666669 1.5000000000000002 24.500000000000004 1922.3833333333334 1669.8157142857144 2680.8833333333337 7.5000000000000009 1.5000000000000002 2418.9166666666674 13.500000000000002 1791.3400000000004 2051.6500000000001 276.50000000000006 7.5000000000000009 375.58800000000002 16431.460000000003 1451.2592857142861 61.500000000000007 59.500000000000007 2258.7413333333338 2430.840714285715 75.500000000000014 1925.7600000000002
decision_type=2 2 2 2 2 2 2 2 2 2 2 2 2 2 2 2 2 2 2 2 2 2 2 2 2 2 2 2 2 2
left_child=2 -2 -1 4 5 6 7 11 9 -8 -10 -4 13 -6 15 -15 17 -11 -18 20 24 -22 23 -21 25 -5 29 -28 -29 -26
right_child=1 -3 3 19 12 -7 8 -9 10 16 -12 -13 -14 14 -16 -17 18 -19 -20 22 21 -23 -24 -25 26 -27 27 28 -30 -31
leaf_value=-0.039865177264904093 -0.34060729049197863 -7.7656604483658569 0.30860787693687208 3.3078143312161723 -8.7350106888923094 -44.760286870496031 -48.147852247269434 20.508587278019299 -12.540941763391682 -39.636173013327777 34.705825646140362 -18.818643640720545 -13.518836994171142 17.505589018322173 -2.5559312334600488 50.699205026626593 -10.014072237343624 -2.3138146329809119 21.373428736792672 -0.4417759078025818 0.34464254762659124 -35.241572450789128 1.4256023511886597 -48.671824385168463 6.609289473455874 -21.845846325505978 51.963883794587233 31.758608432844575 -17.708444052083152 -3.7160445189557949
leaf_weight=263051 52869 687 43827 4038 69 58 61 165 51 69 55 119 60 105 53 60 116 54 54 125 199 52 300 52 2801 189 87 51 56 582
leaf_count=263051 52869 687 43827 4038 69 58 61 165 51 69 55 119 60 105 53 60 116 54 54 125 199 52 300 52 2801 189 87 51 56 582
internal_value=0.0103877 -0.435854 0.0858835 0.704078 0.241671 0.168918 0.227385 0.332567 -9.8589 -16.3964 11.9739 0.256814 9.59864 14.4316 21.7641 29.576 -9.78604 -23.2507 -0.0439249 3.14163 3.59564 -7.0278 -4.52511 -14.6111 3.93732 2.18313 6.01028 26.5406 5.86931 4.83295
internal_weight=370115 53556 316559 53508 44976 44629 44571 44111 460 354 106 43946 347 287 218 165 293 123 170 8532 8055 251 477 177 7804 4227 3577 194 107 3383
internal_count=370115 53556 316559 53508 44976 44629 44571 44111 460 354 106 43946 347 287 218 165 293 123 170 8532 8055 251 477 177 7804 4227 3577 194 107 3383
is_linear=0
shrinkage=0.05


Tree=210
num_leaves=31
num_cat=0
split_feature=0 3 3 11 11 9 6 9 11 8 1 1 11 9 8 9 8 9 9 1 8 9 11 11 9 8 9 0 8 8
split_gain=5.96632e+06 9.352e+06 1.57164e+07 2.36585e+07 1.18304e+07 1.15922e+07 6.63564e+07 2.47308e+07 2.29743e+07 1.53833e+07 1.75507e+07 2.63314e+07 4.00944e+07 1.23399e+07 1.08657e+07 1.06375e+07 1.11784e+07 9.21822e+06 1.55096e+07 1.0224e+07 1.34779e+07 9.94768e+06 9.00895e+06 8.0665e+06 7.86268e+06 1.19545e+07 1.33182e+07 1.9811e+07 1.36678e+07 9.85735e+06
threshold=25.500000000000004 81.500000000000014 56.500000000000007 18339.145 1811.1300000000003 1412.969166666667 1.5000000000000002 2041.4540000000004 13772.890000000001 1925.7600000000002 4.5000000000000009 3.5000000000000004 21033.945000000003 2041.4540000000004 1791.3400000000004 1592.5745000000004 1554.1278571428572 1880.9296666666669 1768.4196666666669 2.5000000000000004 1632.2000000000003 1592.5745000000004 16431.460000000003 16973.135000000006 183.90683333333337 492.04642857142863 459.22000000000008 27.500000000000004 431.25857142857149 396.00642857142867
decision_type=2 2 2 2 2 2 2 2 2 2 2 2 2 2 2 2 2 2 2 2 2 2 2 2 2 2 2 2 2 2
left_child=-1 2 5 23 -3 -2 9 8 -8 10 11 13 -13 17 -10 -12 -17 18 19 21 -21 22 -7 -4 -6 26 -26 29 -29 -28
right_child=1 4 3 -5 24 6 7 -9 14 -11 15 12 -14 -15 -16 16 -18 -19 -20 20 -22 -23 -24 -25 25 -27 27 28 -30 -31
leaf_value=-0.10627020133572801 0.35655926698907753 0.32332305433674502 -0.94109212742063875 -8.5843489229288075 -0.58384691468695449 19.259521557763222 36.956363884760783 50.752636619931778 18.002879782284008 -4.1049033836693631 8.1688056715603548 64.48328448486329 3.8588430023193361 -15.843470259446363 -10.938522129289566 -35.703483810424807 -3.4428860763023645 25.361465367963238 -16.596599858243703 -18.204846596351036 15.947105576441841 26.695671271814884 -7.0684176647301884 13.838587589930464 4.6520012062750213 1.7830964881846958 43.831954425840237 -12.024427366928316 19.224077611038652 16.050641965084392
leaf_weight=305811 20941 17310 12624 1067 1750 64 91 76 68 871 58 50 60 65 62 50 58 62 71 65 52 103 66 93 2523 5694 67 71 69 61
leaf_count=305811 20941 17310 12624 1067 1750 64 91 76 68 871 58 50 60 65 62 50 58 62 71 65 52 103 66 93 2523 5694 67 71 69 61
internal_value=-0.01424 0.423715 -0.0987214 -1.43303 1.12011 0.703271 4.34809 26.1489 17.6879 0.528119 5.4254 9.09058 31.4154 4.60932 4.20006 -9.10284 -18.3783 7.36177 4.71098 9.03338 -3.0262 15.089 5.89303 -0.833008 2.46769 3.09705 5.7777 16.3752 3.37662 30.5924
internal_weight=370073 64262 36717 13784 27545 22933 1992 297 221 1695 824 658 110 548 130 166 108 483 421 350 117 233 130 12717 10235 8485 2791 268 140 128
internal_count=370073 64262 36717 13784 27545 22933 1992 297 221 1695 824 658 110 548 130 166 108 483 421 350 117 233 130 12717 10235 8485 2791 268 140 128
is_linear=0
shrinkage=0.05


Tree=211
num_leaves=31
num_cat=0
split_feature=7 3 10 11 8 8 9 8 8 9 11 6 8 7 9 8 8 11 3 8 9 4 9 11 8 10 11 9 11 8
split_gain=5.78556e+06 9.92032e+06 8.82461e+06 7.98736e+06 1.25899e+07 7.76925e+06 1.44113e+07 8.72601e+06 6.25753e+06 3.42843e+07 5.36119e+06 1.0565e+07 1.25306e+07 1.02959e+07 1.995e+07 1.00145e+07 1.81824e+07 1.24952e+07 1.05111e+07 1.07793e+07 3.99442e+07 2.59087e+07 2.66769e+07 2.24352e+07 2.6609e+07 2.27077e+07 1.9691e+07 1.717e+07 1.70934e+07 1.53214e+07
threshold=26.500000000000004 9.5000000000000018 96.166666666666671 12198.740000000002 108.71642857142858 383.79714285714289 354.94400000000002 228.65357142857144 891.91357142857157 455.00233333333341 137.55500000000004 29.500000000000004 181.44500000000002 1.0000000180025095e-35 106.03166666666669 1.0000000180025095e-35 89.43357142857144 2142.3200000000002 14.500000000000002 674.31214285714293 455.00233333333341 1.5000000000000002 746.05950000000018 1748.2350000000004 623.70642857142866 605.50000000000011 8101.5250000000005 706.2118333333334 1510.2900000000002 174.70785714285716
decision_type=2 2 2 2 2 2 2 2 2 2 2 2 2 2 2 2 2 2 2 2 2 2 2 2 2 2 2 2 2 2
left_child=10 8 3 -3 -5 6 -6 -8 9 -2 11 -1 13 14 -13 -12 17 -17 -18 20 -20 23 -23 -22 25 26 -25 28 -21 -24
right_child=1 2 -4 4 5 -7 7 -9 -10 -11 15 12 -14 -15 -16 16 18 -19 19 27 21 22 29 24 -26 -27 -28 -29 -30 -31
leaf_value=-0.69688696470457401 3.4130724731476003 -0.94997267466744351 -3.2160249947852715 8.7205999045687559 0.32282907347607304 -4.7331151182811286 32.227857243537905 8.4974487506719534 -5.4290719627409949 46.017739180022602 -0.89097746990266991 -1.7872825207938849 -8.5248296015853189 0.3965499598744851 7.179999032302729 0.75146351960041036 0.98551070710756528 3.415113866827475 -0.14582175807358089 0.43314891641671516 1.6181616857046639 -2.65348258377329 31.075607892578724 2.3185675469343265 -2.9669054877913039 9.9322694260144218 12.256629879863896 -0.19551459058630843 -3.9287198160318542 3.3436006475550144
leaf_weight=46762 637 16612 3571 544 1759 582 50 172 129 51 21426 956 327 6864 1766 12067 30661 6932 128833 3395 12466 4924 51 3272 894 2523 588 52631 6637 2126
leaf_count=46762 637 16612 3571 544 1759 582 50 172 129 51 21426 956 327 6864 1766 12067 30661 6932 128833 3395 12466 4924 51 3272 894 2523 588 52631 6637 2126
internal_value=0.00996658 -0.738978 -0.928949 -0.514773 1.81208 0.345742 1.83786 13.8421 4.67648 6.57127 0.0621329 -0.382572 1.10012 1.42845 4.03058 0.149214 0.232375 1.72333 0.118615 -0.00312172 0.219769 1.97435 -0.615744 2.90594 5.11199 6.24352 3.83245 -0.55686 -2.45259 3.99327
internal_weight=370208 24107 23290 19719 3107 2563 1981 222 817 688 346101 56675 9913 9586 2722 289426 268000 18999 249001 218340 155677 26844 7101 19743 7277 6383 3860 62663 10032 2177
internal_count=370208 24107 23290 19719 3107 2563 1981 222 817 688 346101 56675 9913 9586 2722 289426 268000 18999 249001 218340 155677 26844 7101 19743 7277 6383 3860 62663 10032 2177
is_linear=0
shrinkage=0.05


Tree=212
num_leaves=31
num_cat=0
split_feature=8 9 8 9 11 11 6 8 3 1 8 9 11 11 8 9 3 11 8 9 11 3 8 3 11 1 8 3 11 8
split_gain=6.0405e+06 1.85588e+07 1.63996e+07 1.6258e+07 1.22866e+07 1.53047e+07 2.3332e+07 2.66126e+07 2.33521e+07 1.86994e+07 1.22133e+07 1.20122e+07 1.30469e+07 1.19484e+07 1.26198e+07 1.06066e+07 2.2336e+07 1.72047e+07 1.53496e+07 1.8487e+07 1.52366e+07 3.74224e+07 1.16742e+07 1.88546e+07 1.15836e+07 1.65196e+07 1.022e+07 9.84143e+06 9.81862e+06 9.76057e+06
threshold=1451.2592857142861 1341.3198333333337 333.06500000000005 1121.5418333333334 8283.1350000000002 5577.9500000000007 1.5000000000000002 1669.8157142857144 92.500000000000014 3.5000000000000004 465.61428571428581 1519.3770000000002 8472.3050000000021 7355.0100000000011 2340.6650000000004 1841.156666666667 64.500000000000014 7355.0100000000011 1925.7600000000002 2138.2523333333338 6719.2000000000016 8.5000000000000018 2537.0064285714293 122.50000000000001 6487.8100000000004 1.5000000000000002 1925.7600000000002 284.50000000000006 7355.0100000000011 2195.8535714285722
decision_type=2 2 2 2 2 2 2 2 2 2 2 2 2 2 2 2 2 2 2 2 2 2 2 2 2 2 2 2 2 2
left_child=1 -1 -3 -2 5 9 15 8 -8 -5 -4 -6 -13 14 26 29 18 -18 28 24 -21 -22 23 -19 -20 -26 -9 -14 -17 -7
right_child=3 2 10 4 11 6 7 13 -10 -11 -12 12 27 -15 -16 16 17 22 19 20 21 -23 -24 -25 25 -27 -28 -29 -30 -31
leaf_value=-0.020175599808432344 -7.7195430668763283 -18.839584456269559 25.564776931520097 1.5064901793753973 -3.5661051572842073 0.51668946416369221 14.949422386044361 8.120950089772542 61.043432916641237 -6.2344701800454745 2.3459687463468804 -14.456666322454007 -0.56704704271781081 -5.1748832333087922 -4.174303244821953 -5.2370035119056704 5.6094944951140917 47.349199192245287 28.570791176034188 -17.894141519876353 38.131453411919729 -11.928126382880977 1.5314561997468656 15.266492457938407 29.175943663541013 -5.1061260084135345 33.175777139824433 8.0113657937472791 -31.239058387279513 -12.860559191153602
leaf_weight=328999 799 91 57 2683 3895 1083 61 75 50 1100 8870 167 20073 120 66 100 397 77 82 133 56 112 52 113 51 113 89 340 57 156
leaf_count=328999 799 91 57 2683 3895 1083 61 75 50 1100 8870 167 20073 120 66 100 397 77 82 133 56 112 52 113 51 113 89 340 57 156
internal_value=-0.0210843 0.041163 2.27895 -0.676556 -0.496774 1.37902 4.0188 14.3803 35.7125 -0.744384 2.49422 -1.01993 -0.538034 7.61493 14.2879 2.16882 5.24688 12.015 -0.896379 3.05901 -5.25086 4.7584 22.5233 28.2684 13.2268 5.55476 21.7178 -0.424165 -14.6772 -1.16761
internal_weight=370117 338017 9018 32100 31301 6826 3043 461 111 3783 8927 24475 20580 350 230 2582 1343 639 704 547 301 168 242 190 246 164 164 20413 157 1239
internal_count=370117 338017 9018 32100 31301 6826 3043 461 111 3783 8927 24475 20580 350 230 2582 1343 639 704 547 301 168 242 190 246 164 164 20413 157 1239
is_linear=0
shrinkage=0.05


Tree=213
num_leaves=31
num_cat=0
split_feature=11 9 11 8 8 3 3 3 8 3 10 0 3 8 0 11 8 0 1 1 11 10 10 3 8 9 8 10 10 9
split_gain=5.18854e+06 8.18529e+06 1.41064e+07 2.7208e+07 2.7389e+07 1.78005e+07 2.09148e+07 1.26249e+07 1.92559e+07 1.24762e+07 1.21595e+07 1.15152e+07 1.29998e+07 1.20163e+07 5.07674e+07 2.94606e+07 1.98371e+07 1.64271e+07 1.72043e+07 2.56124e+07 2.27272e+07 1.62272e+07 1.77068e+07 1.22851e+07 1.0888e+07 1.36678e+07 1.19822e+07 9.90974e+06 9.76281e+06 1.31188e+07
threshold=23225.890000000003 1880.9296666666669 25929.405000000002 1554.1278571428572 1750.47 136.50000000000003 7.5000000000000009 259.50000000000006 1355.9100000000001 2.5000000000000004 1448.7666666666669 28.500000000000004 49.500000000000007 2133.8221428571437 23.500000000000004 35421.660000000011 1791.3400000000004 24.500000000000004 5.5000000000000009 4.5000000000000009 29214.375000000004 2812.8500000000008 2494.5000000000005 13.500000000000002 1925.7600000000002 2422.4765000000002 2078.5514285714294 2519.2500000000005 2955.1166666666672 2258.7413333333338
decision_type=2 2 2 2 2 2 2 2 2 2 2 2 2 2 2 2 2 2 2 2 2 2 2 2 2 2 2 2 2 2
left_child=-1 10 3 -3 -5 6 -6 9 -9 -4 -2 13 -13 14 23 16 -16 18 19 -15 -21 22 -17 -11 -8 26 -26 -22 -25 -30
right_child=1 2 7 4 5 -7 24 8 -10 11 -12 12 -14 17 15 21 -18 -19 -20 20 27 -23 -24 28 25 -27 -28 -29 29 -31
leaf_value=0.026739003548990045 1.1516668802076251 -28.882028908199732 -11.163436355905713 28.474397619446712 20.504588718737587 20.406797365219361 -30.213710880279542 19.034776974795911 -5.2017488006318828 20.004180086273507 -2.3603664588463991 13.490547703334265 -10.661589082169446 1.9760861862534242 66.531986105442044 4.7850048155533642 25.50742369259105 -10.45094722572126 -6.3837346656998593 46.964244467871538 26.506471686485487 -7.1849970953805116 34.131374600955418 0.36996538266176637 17.616153571480201 -23.220084677986478 -7.3982572121763717 5.0202719294054567 -2.919456449236189 25.871774723765618
leaf_weight=350119 3251 108 159 67 59 62 64 89 1035 97 10188 70 273 1206 52 95 68 266 402 56 78 70 112 1437 57 115 299 172 70 91
leaf_count=350119 3251 108 159 67 59 62 64 89 1035 97 10188 70 273 1206 52 95 68 266 402 56 78 70 112 1437 57 115 299 172 70 91
internal_value=-0.0181817 -0.798011 0.62551 -5.47344 -1.97672 -5.08682 -7.74777 1.48482 -3.28266 2.60729 -1.51078 3.08173 -5.73258 3.78943 6.49643 22.5907 43.2847 1.19171 2.80976 5.25407 18.1732 13.6258 20.6632 2.72685 -10.8634 -8.23411 -3.39314 11.724 1.6781 13.3538
internal_weight=370287 20168 6729 831 723 656 594 5898 1124 4774 13439 4615 343 4272 2092 397 120 2180 1914 1512 306 277 207 1695 535 471 356 250 1598 161
internal_count=370287 20168 6729 831 723 656 594 5898 1124 4774 13439 4615 343 4272 2092 397 120 2180 1914 1512 306 277 207 1695 535 471 356 250 1598 161
is_linear=0
shrinkage=0.05


Tree=214
num_leaves=31
num_cat=0
split_feature=0 11 8 8 1 1 9 8 9 1 8 9 4 9 8 4 9 9 6 8 8 10 10 8 10 11 11 0 11 11
split_gain=6.37715e+06 9.99698e+06 7.55137e+06 1.13468e+07 6.57738e+06 8.59019e+06 1.1058e+07 1.2482e+07 1.2023e+07 1.53178e+07 1.18715e+07 1.10145e+07 1.16046e+07 9.5609e+06 1.29557e+07 9.33809e+06 9.22081e+06 9.07302e+06 2.67871e+07 6.9312e+07 9.84962e+06 1.59919e+07 4.49516e+07 3.86171e+07 2.20551e+07 1.43818e+07 1.20802e+07 1.57033e+07 1.12961e+07 1.63773e+07
threshold=25.500000000000004 1535.3700000000001 1.0000000180025095e-35 91.896428571428586 1.5000000000000002 5.5000000000000009 824.05450000000008 994.51571428571447 1158.1600000000001 4.5000000000000009 503.59714285714296 190.65933333333336 1.5000000000000002 354.94400000000002 194.57285714285717 1.5000000000000002 1341.3198333333337 1998.7498333333335 1.5000000000000002 2195.8535714285722 1791.3400000000004 1987.5500000000002 2051.6500000000001 1174.069285714286 2155.8333333333339 25929.405000000002 15809.935000000003 27.500000000000004 23225.890000000003 42026.485000000008
decision_type=2 2 2 2 2 2 2 2 2 2 2 2 2 2 2 2 2 2 2 2 2 2 2 2 2 2 2 2 2 2
left_child=-1 -2 -3 -4 -5 6 10 8 -8 16 11 -6 13 14 -13 -7 -10 20 -19 -20 21 -9 25 -24 -25 -23 -26 28 -28 -30
right_child=1 2 3 4 5 15 7 17 9 -11 -12 12 -14 -15 -16 -17 -18 18 19 -21 -22 22 23 24 26 -27 27 -29 29 -31
leaf_value=-0.098290728046332626 -0.067645533951589995 -1.836322846264874 6.1276108285261657 -0.31660093722126614 -1.2657152198158075 2.6329836318091906 6.2394781734181715 1.0625659019213214 44.076245164137617 0.13642039864750233 -1.9124055045616501 10.155308816606 -2.8697148591659634 8.140425184035772 1.2435230010901208 -3.0506676176197822 16.77498121099957 3.8010641156879226 67.270860462803995 0.59907237461635043 -1.9198321581768423 50.913188268025721 -32.577012860774992 -7.556049389869739 37.321378692926146 16.294091320037843 2.2817059326171876 1.170665641452955 49.350418168407373 12.402409237720928
leaf_weight=306106 38093 1898 1225 5517 1690 1207 529 1886 65 59 2446 496 628 1216 2294 1801 59 1056 62 105 1217 75 64 156 51 50 50 184 59 61
leaf_count=306106 38093 1898 1225 5517 1690 1207 529 1886 65 59 2446 496 628 1216 2294 1801 59 1056 62 105 1217 75 64 156 51 50 50 184 59 61
internal_value=-0.00320591 0.449461 1.20113 1.43829 1.18944 1.66244 2.16504 3.8613 10.061 21.1078 1.04555 2.18963 3.44977 4.44045 2.82784 -0.770027 31.0861 2.99169 6.74376 25.3515 1.80072 3.51844 9.69416 4.21988 8.41775 37.0655 14.5706 11.293 22.2489 30.5685
internal_weight=370405 64299 26206 24308 23083 17566 14558 5788 712 183 8770 6324 4634 4006 2790 3008 124 5076 1223 167 3853 2636 750 625 561 125 405 354 170 120
internal_count=370405 64299 26206 24308 23083 17566 14558 5788 712 183 8770 6324 4634 4006 2790 3008 124 5076 1223 167 3853 2636 750 625 561 125 405 354 170 120
is_linear=0
shrinkage=0.05


Tree=215
num_leaves=31
num_cat=0
split_feature=8 11 10 11 1 9 10 10 0 10 8 8 0 6 8 11 11 10 10 9 11 3 3 1 9 3 1 8 10 1
split_gain=8.63373e+06 8.28556e+06 9.48337e+06 1.74952e+07 1.75879e+07 7.8635e+06 1.37106e+07 1.63855e+07 1.54693e+07 1.01139e+07 9.1446e+06 8.94629e+06 9.46133e+06 2.8778e+07 2.5242e+07 2.27475e+07 3.90388e+07 2.16989e+07 2.1624e+07 4.54328e+07 2.4615e+07 2.05146e+07 2.69691e+07 1.81941e+07 1.67926e+07 1.8019e+07 4.30735e+07 1.64617e+07 1.9705e+07 1.62727e+07
threshold=3218.1678571428579 3937.6500000000001 2444.1500000000001 19100.720000000005 4.5000000000000009 1734.5108333333335 2641.9333333333338 2494.5000000000005 17.500000000000004 2577.1000000000004 1709.7935714285716 1669.8157142857144 7.5000000000000009 1.5000000000000002 1234.1314285714288 15809.935000000003 20009.920000000002 2371.4500000000003 2394.6000000000004 1957.9808333333337 18339.145 52.500000000000007 138.50000000000003 4.5000000000000009 1768.4196666666669 270.50000000000006 3.5000000000000004 1295.9014285714288 2261.6500000000001 3.5000000000000004
decision_type=2 2 2 2 2 2 2 2 2 2 2 2 2 2 2 2 2 2 2 2 2 2 2 2 2 2 2 2 2 2
left_child=5 -2 3 4 -3 6 7 -1 -8 -9 -11 12 13 14 17 24 18 21 19 23 -20 -7 -23 -17 -14 -26 -27 -15 -29 -19
right_child=1 2 -4 -5 -6 11 8 9 -10 10 -12 -13 15 27 -16 16 -18 29 20 -21 -22 22 -24 -25 25 26 -28 28 -30 -31
leaf_value=-0.025981947345160628 9.9303291067481041 -12.298816913919351 -3.0139652262386663 3.2559370651673731 -48.567894415761913 -0.14584788604521415 -1.5605598526000977 -15.620884644543683 37.390465237544134 -11.2848958640263 17.5908331990242 0.37755553494315652 14.915463750762058 -3.6409618377685549 -7.4311104356642943 41.433564311201856 4.3721992146783544 13.049013921564276 53.116842883566157 -22.245208728674687 10.590759941383645 60.124307515070988 8.9520324632233272 7.8221594152316243 -3.4667525535080479 -0.98826074720178758 50.697299542250455 6.2692381414702574 39.639834433661569 -23.775733531605113
leaf_weight=346288 96 97 895 89 51 71 50 270 52 58 52 16974 173 84 994 93 1544 55 92 66 54 52 51 71 1439 159 54 87 90 66
leaf_count=346288 96 97 895 89 51 71 50 270 52 58 52 16974 173 84 994 93 1544 55 92 66 54 52 51 71 1439 159 54 87 90 66
internal_value=0.0125848 -4.17293 -5.36896 -14.2623 -24.7969 0.0265124 -0.0319762 -0.0373691 18.2968 -10.4143 2.36545 0.93729 2.73161 -0.553675 -3.61937 4.09134 7.89054 9.22427 22.3382 12.7848 37.388 20.5325 34.7866 26.8823 0.0943775 -1.45771 12.1151 14.5869 23.2373 -7.03721
internal_weight=370267 1228 1132 237 148 369039 346770 346668 102 380 110 22269 5295 1550 1289 3745 1920 295 376 230 146 174 103 164 1825 1652 213 261 177 121
internal_count=370267 1228 1132 237 148 369039 346770 346668 102 380 110 22269 5295 1550 1289 3745 1920 295 376 230 146 174 103 164 1825 1652 213 261 177 121
is_linear=0
shrinkage=0.05


Tree=216
num_leaves=31
num_cat=0
split_feature=8 11 3 0 3 10 11 1 1 11 1 8 9 11 8 3 11 11 3 3 3 3 10 10 0 8 11 10 10 9
split_gain=7.00301e+06 7.7959e+06 9.82537e+06 9.00515e+06 1.89135e+07 1.74229e+07 1.76038e+07 1.59381e+07 4.7181e+07 1.46048e+07 1.06834e+07 7.91604e+06 7.50971e+06 1.07946e+07 9.44664e+06 1.29157e+07 8.97465e+06 2.52335e+07 2.11458e+07 1.17347e+07 1.10917e+07 1.42379e+07 1.27547e+07 1.0378e+07 4.262e+07 8.20652e+06 1.24226e+07 1.62917e+07 1.01041e+07 1.09811e+07
threshold=2693.3414285714293 55972.670000000006 1.5000000000000002 22.500000000000004 258.50000000000006 2444.1500000000001 5487.0100000000011 4.5000000000000009 5.5000000000000009 18339.145 4.5000000000000009 2899.4528571428577 1917.6366666666668 657.50000000000011 2133.8221428571437 7.5000000000000009 12557.920000000002 13348.465000000002 2.5000000000000004 96.500000000000014 269.50000000000006 275.50000000000006 2577.1000000000004 3076.1000000000008 19.500000000000004 1879.7300000000002 20009.920000000002 2762.7666666666669 2609.7166666666667 1768.4196666666669
decision_type=2 2 2 2 2 2 2 2 2 2 2 2 2 2 2 2 2 2 2 2 2 2 2 2 2 2 2 2 2 2
left_child=12 2 -2 -4 5 6 -5 -8 -9 10 -7 -6 25 -14 15 -15 20 19 -19 -18 -16 -22 -23 -20 -25 -1 -27 28 -28 -30
right_child=1 -3 3 4 11 9 7 8 -10 -11 -12 -13 13 14 16 -17 17 18 23 -21 21 22 -24 24 -26 26 27 -29 29 -31
leaf_value=0.013028336756208229 10.650089577783513 -10.759538256002934 -0.38572781755124086 7.6035094976425173 22.256669217348101 -2.4044807268555761 -12.819716802863187 -66.702884732232647 -2.8047399803996087 -12.357973113656044 20.535258168538412 1.0993201031003679 -17.971070814785893 24.801924148201945 3.9269824804676454 2.2460472179625532 -11.237402617136638 -32.865516340966323 -1.1434869428070766 -40.720254490993646 -30.627742317768764 -12.479156934108932 15.763564461820266 -7.2944226028412347 39.851547092586372 -0.041212317895621249 -4.7061688339510868 13.502902402960022 2.5111711474025955 -24.925413781404497
leaf_weight=346811 158 245 2348 50 56 157 129 65 52 253 75 210 73 64 1630 7599 90 51 3085 54 53 97 68 127 77 3606 1990 116 51 128
leaf_count=346811 158 245 2348 50 56 157 129 65 52 253 75 210 73 64 1630 7599 90 51 3085 54 53 97 68 127 77 3606 1990 116 51 128
internal_value=0.00302515 -2.13293 -1.53807 -2.1053 -5.9616 -9.88352 -19.4429 -24.9402 -38.3037 -4.04933 5.01138 5.5535 0.025204 1.20221 1.30991 2.43443 -0.306213 -1.8002 -0.916653 -22.2935 2.51037 -8.08177 -0.839732 -0.421247 10.5009 -0.0184052 -1.86894 -4.75331 -5.72967 -17.1083
internal_weight=369568 3798 3553 3395 1047 781 296 246 117 485 232 266 365770 13068 12995 7663 5332 3484 3340 144 1848 218 165 3289 204 352702 5891 2285 2169 179
internal_count=369568 3798 3553 3395 1047 781 296 246 117 485 232 266 365770 13068 12995 7663 5332 3484 3340 144 1848 218 165 3289 204 352702 5891 2285 2169 179
is_linear=0
shrinkage=0.05


Tree=217
num_leaves=31
num_cat=0
split_feature=8 9 8 4 3 3 0 9 10 8 10 9 10 10 0 9 7 5 8 6 6 9 10 3 8 10 3 8 4 4
split_gain=6.35936e+06 1.05674e+07 1.45787e+07 1.03809e+07 1.02073e+07 1.32451e+07 9.95596e+06 1.23287e+07 2.56404e+07 1.1809e+07 1.14879e+07 9.87575e+06 9.46055e+06 9.07648e+06 9.26356e+06 9.05393e+06 1.5321e+07 2.79438e+07 3.12362e+07 2.7973e+07 4.51537e+07 2.37182e+07 2.31475e+07 1.84967e+07 1.7206e+07 1.60433e+07 1.49237e+07 1.45991e+07 1.42182e+07 1.27526e+07
threshold=192.41642857142861 296.14383333333336 408.87071428571437 1.5000000000000002 11.500000000000002 2.5000000000000004 10.500000000000002 2422.4765000000002 2641.9333333333338 2537.0064285714293 2548.1500000000001 2336.8835000000004 425.83333333333343 12.500000000000002 7.5000000000000009 154.58816666666669 1.0000000180025095e-35 1.0000000180025095e-35 1.0000000180025095e-35 3.5000000000000004 30.500000000000004 416.29716666666673 24.833333333333339 275.50000000000006 16.214285714285719 1254.2000000000003 49.500000000000007 20.399285714285718 2.5000000000000004 1.5000000000000002
decision_type=2 2 2 2 2 2 2 2 2 2 2 2 2 2 2 2 2 2 2 2 2 2 2 2 2 2 2 2 2 2
left_child=15 3 12 -2 5 -4 9 11 10 -7 -9 -8 13 14 -3 -1 17 19 21 25 28 22 -19 26 -18 29 -23 -22 -21 -17
right_child=1 2 4 -5 -6 6 7 8 -10 -11 -12 -13 -14 -15 -16 16 24 18 -20 20 27 23 -24 -25 -26 -27 -28 -29 -30 -31
leaf_value=-0.16216584581393045 -1.0531057630963958 -1.2147176519812335 -1.7330632450453132 0.32576959860076826 -0.39814081036635934 -1.4207952895665379 1.816073396711591 16.836850152060251 1.0320633678985158 -22.617162599425384 45.484951620835524 -9.9423945204329112 1.8877127725219052 -0.64274625157352472 2.3007746249334651 2.9443682664905695 -1.1306690495796741 14.97368705605154 1.8674063555421174 -5.5851125885983786 26.260490760185736 38.584825006553103 1.6311999421044598 46.729791013959435 0.80528173167277373 30.865525397539137 7.9160799513844884 6.14609633549642 7.3367484979754458 -6.4931279314258106
leaf_weight=66115 50770 2522 3942 18669 105276 1378 13301 107 278 69 52 181 15111 12266 7292 6749 15693 666 2070 3024 139 56 635 71 42721 50 136 257 229 378
leaf_count=66115 50770 2522 3942 18669 105276 1378 13301 107 278 69 52 181 15111 12266 7292 6749 15693 666 2070 3024 139 56 635 71 42721 50 136 257 229 378
internal_value=-0.00577352 -0.166445 0.0550139 -0.682389 -0.204321 0.852471 1.51577 1.92612 10.1915 -2.43154 26.206 1.65821 0.923746 0.264031 1.39736 0.261511 0.645892 2.10303 5.8968 0.829568 -2.73486 11.2298 8.4614 24.9245 0.285186 2.64183 16.8611 13.2065 -4.67546 2.44382
internal_weight=370203 231214 161775 69439 124584 19308 15366 13919 437 1447 159 13482 37191 22080 9814 138989 72874 14460 3634 10826 3649 1564 1301 263 58414 7177 192 396 3253 7127
internal_count=370203 231214 161775 69439 124584 19308 15366 13919 437 1447 159 13482 37191 22080 9814 138989 72874 14460 3634 10826 3649 1564 1301 263 58414 7177 192 396 3253 7127
is_linear=0
shrinkage=0.05


Tree=218
num_leaves=31
num_cat=0
split_feature=3 11 10 10 9 9 0 9 3 10 11 6 3 3 3 10 8 10 0 0 0 0 8 8 9 8 1 11 8 10
split_gain=5.79341e+06 9.57782e+06 1.12776e+07 7.63147e+06 8.81572e+06 7.26093e+06 6.62711e+06 8.53253e+06 1.60559e+07 5.2004e+07 3.37967e+07 1.36471e+07 2.18228e+07 1.42414e+07 1.07226e+07 1.42237e+07 1.18154e+07 1.06925e+07 9.50574e+06 1.66675e+07 9.49854e+06 2.37345e+07 4.3162e+07 1.38808e+07 1.26456e+07 1.63146e+07 1.19952e+07 9.40855e+06 1.27683e+07 1.12858e+07
threshold=2.5000000000000004 12198.740000000002 2577.1000000000004 2220.0000000000005 2422.4765000000002 1734.5108333333335 17.500000000000004 2041.4540000000004 5.5000000000000009 2548.1500000000001 12557.920000000002 2.5000000000000004 65.500000000000014 63.500000000000007 80.500000000000014 2872.6833333333338 2899.4528571428577 2762.7666666666669 18.500000000000004 19.500000000000004 27.500000000000004 25.500000000000004 2430.840714285715 2078.5514285714294 2530.8520000000003 2899.4528571428577 5.5000000000000009 21033.945000000003 2133.8221428571437 2680.8833333333337
decision_type=2 2 2 2 2 2 2 2 2 2 2 2 2 2 2 2 2 2 2 2 2 2 2 2 2 2 2 2 2 2
left_child=1 2 -1 5 -5 -3 -2 -8 9 10 -9 13 -13 -10 15 17 -17 -15 -16 -20 21 27 -23 26 -25 -26 -22 29 -29 -21
right_child=6 3 -4 4 -6 -7 7 8 11 -11 -12 12 -14 14 18 16 -18 -19 19 20 23 22 -24 24 25 -27 -28 28 -30 -31
leaf_value=-1.1517825798319103 -0.16817002147885193 -5.9973903444818797 17.311072703770229 -21.707947896969948 -2.4153456658432164 12.731579417567099 0.19471176456505565 14.307670995167323 -1.5771496957081572 -4.2547164978919092 70.570276178098197 43.415892283439639 -1.4821898023960953 8.2131684575787567 16.301451018157305 38.196496337393057 10.761261253566532 -15.767202320805303 -18.007177165769182 0.6094409801611087 -28.073669759238641 48.071408734041107 2.5877250474470634 -3.1231836046578021 30.507640656672027 0.26997081129639239 -1.4940278280865062 20.084463091414108 -2.0767166458013402 -20.323417550478226
leaf_weight=5387 207914 313 84 152 97 62 150955 56 2328 154 51 50 59 334 111 69 91 54 106 369 82 85 135 393 76 108 88 129 131 78
leaf_count=5387 207914 313 84 152 97 62 150955 56 2328 154 51 50 59 334 111 69 91 54 106 369 82 85 135 393 76 108 88 129 131 78
internal_value=-0.00891534 -1.53769 -0.86831 -7.40661 -14.1924 -2.90087 0.0166829 0.262906 2.26686 14.349 41.1244 1.62013 19.1133 1.22014 3.89013 10.0485 22.5927 4.87569 2.10546 1.22021 2.43771 5.81868 20.161 -1.75795 1.94164 12.7594 -14.3148 1.35573 8.91864 -3.04327
internal_weight=370101 6095 5471 624 249 375 364006 156092 5137 261 107 4876 109 4767 2439 548 160 388 1891 1780 1674 927 220 747 577 184 170 707 260 447
internal_count=370101 6095 5471 624 249 375 364006 156092 5137 261 107 4876 109 4767 2439 548 160 388 1891 1780 1674 927 220 747 577 184 170 707 260 447
is_linear=0
shrinkage=0.05


Tree=219
num_leaves=31
num_cat=0
split_feature=8 6 7 3 7 10 0 4 10 0 8 11 8 1 10 11 11 11 11 7 10 0 3 3 10 8 6 3 10 3
split_gain=5.26043e+06 1.10125e+07 9.15369e+06 8.47556e+06 1.45258e+07 1.32162e+07 2.59358e+07 2.30352e+07 1.68105e+07 1.57535e+07 1.418e+07 1.085e+07 1.73804e+07 9.23767e+06 1.12792e+07 1.56766e+07 9.43495e+06 9.80966e+06 8.67701e+06 8.50881e+06 2.15579e+07 7.98818e+06 7.74983e+06 1.58331e+07 1.85723e+07 1.82767e+07 1.28675e+07 1.10082e+07 1.76559e+07 1.35858e+07
threshold=156.95071428571433 26.500000000000004 1.0000000180025095e-35 12.500000000000002 29.500000000000004 1.0000000180025095e-35 18.500000000000004 2.5000000000000004 235.16666666666671 16.500000000000004 413.25214285714293 1652.8050000000001 1092.6764285714287 1.0000000180025095e-35 298.50000000000006 3410.4700000000003 12943.180000000002 7932.1100000000006 645.63000000000011 10.500000000000002 278.50000000000006 25.500000000000004 111.50000000000001 51.500000000000007 2812.8500000000008 1387.0700000000002 2.5000000000000004 78.500000000000014 3076.1000000000008 109.50000000000001
decision_type=2 2 2 2 2 2 2 2 2 2 2 2 2 2 2 2 2 2 2 2 2 2 2 2 2 2 2 2 2 2
left_child=-1 3 -3 4 5 6 9 10 -7 -2 -8 -10 19 16 -15 -16 17 -14 -12 -13 -21 -5 23 24 -23 -25 27 28 -27 -29
right_child=1 2 -4 21 -6 8 7 -9 11 -11 18 12 13 14 15 -17 -18 -19 -20 20 -22 22 -24 25 -26 26 -28 29 -30 -31
leaf_value=0.27298916361291375 3.2143916035414848 -4.4833598801843921 -0.5497977935598839 -0.33426417386126017 -9.4501411268567619 -1.6795681764518182 34.202151862862188 -2.8493110262701666 -0.32641342396208345 -3.1402084409182733 20.211279159543764 2.0116505535879385 -2.9527241906570514 -4.0023052781211312 13.994418529726619 1.7604359169870873 -8.1454572852412266 12.322467414592875 6.4279953698826651 4.1960483190330207 16.038367771302216 1.1860162343730287 1.4764580436710568 -0.3741421931160453 24.375534856730496 -11.679056405687234 17.947395136438569 0.93947483221103689 9.3790228457064249 -11.813301021748401
leaf_weight=118309 3998 2595 3439 176050 349 7502 97 203 7163 1290 223 1304 382 783 278 4508 542 145 234 1523 514 11419 12608 12627 87 964 58 805 111 282
leaf_count=118309 3998 2595 3439 176050 349 7502 97 203 7163 1290 223 1304 382 783 278 4508 542 145 234 1523 514 11419 12608 12627 87 964 58 805 111 282
internal_value=-0.00206163 -0.13115 -2.24148 -0.0793972 0.692976 0.808325 2.90335 11.5594 0.29443 1.6642 16.8391 1.15833 2.22409 0.743698 1.56091 2.47106 -3.51358 1.25013 13.1538 5.16537 7.18424 -0.190893 0.456945 -0.0308187 1.36136 -1.10972 -5.29354 -5.91703 -9.50469 -2.36897
internal_weight=370392 252083 6034 246049 31038 30689 6045 757 24644 5288 554 17142 9979 6638 5569 4786 1069 527 457 3341 2037 215011 38961 26353 11506 14847 2220 2162 1075 1087
internal_count=370392 252083 6034 246049 31038 30689 6045 757 24644 5288 554 17142 9979 6638 5569 4786 1069 527 457 3341 2037 215011 38961 26353 11506 14847 2220 2162 1075 1087
is_linear=0
shrinkage=0.05


Tree=220
num_leaves=31
num_cat=0
split_feature=0 9 11 11 1 1 11 11 8 10 10 3 3 3 10 9 11 11 11 0 11 9 3 8 11 10 10 8 10 8
split_gain=5.79099e+06 9.1637e+06 1.06844e+07 1.13877e+07 1.33854e+07 1.85769e+07 1.29281e+07 1.26107e+07 7.93942e+06 1.26113e+07 2.0338e+07 1.71067e+07 1.64599e+07 1.2557e+07 1.18385e+07 1.4028e+07 1.4314e+07 2.11342e+07 1.01402e+07 1.36414e+07 1.2788e+07 1.52241e+07 2.33448e+07 3.02953e+07 1.39391e+07 1.07248e+07 1.35602e+07 1.27772e+07 1.05776e+07 1.3192e+07
threshold=17.500000000000004 2703.9491666666668 35421.660000000011 23225.890000000003 4.5000000000000009 2.5000000000000004 8853.8650000000016 11502.295000000002 1518.4428571428573 2812.8500000000008 2680.8833333333337 268.50000000000006 55.500000000000007 50.500000000000007 2641.9333333333338 1734.5108333333335 6719.2000000000016 5949.4100000000008 65821.285000000018 3.5000000000000004 29214.375000000004 2194.8705000000004 39.500000000000007 1265.0907142857145 16973.135000000006 2090.7166666666667 2394.6000000000004 1355.9100000000001 2031.3000000000002 1326.9885714285717
decision_type=2 2 2 2 2 2 2 2 2 2 2 2 2 2 2 2 2 2 2 2 2 2 2 2 2 2 2 2 2 2
left_child=8 -2 3 4 5 6 -3 -6 9 10 14 13 -12 -11 15 -1 17 -17 19 28 21 22 23 -21 -23 -22 -27 -28 -18 -30
right_child=1 2 -4 -5 7 -7 -8 -9 -10 11 12 -13 -14 -15 -16 16 18 -19 -20 20 25 24 -24 -25 -26 26 27 -29 29 -31
leaf_value=-0.10024682659292142 0.22484164689240038 -5.9039385735988619 18.668511675122907 -11.261976667137834 36.816005359261723 -19.044921521579521 22.592420294043723 6.5039155618446634 -1.2269331508474057 -7.6232584718798027 35.80740718296596 9.8157352239435376 4.3227803922167016 -39.57569416415307 -20.771644216343976 1.3233652995779501 14.895963931935174 -27.826170738119828 28.401347231397445 5.1352421875000003 17.542124362358681 9.0073755183690025 10.059944898752539 56.732902480616715 -25.456591079711913 -15.594505173819407 -8.410814009041621 25.551536704009436 -23.132198683748541 1.8540504718648976
leaf_weight=189644 161375 72 136 111 59 85 89 82 15822 61 70 55 102 62 69 342 56 76 51 50 65 71 622 66 50 140 58 53 97 116
leaf_count=189644 161375 72 136 111 59 85 89 82 15822 61 70 55 102 62 69 342 56 76 51 50 65 71 622 66 50 140 58 53 97 116
internal_value=0.0243283 0.248412 6.24783 2.85584 6.90514 -0.134864 9.84871 19.1877 -0.150378 -0.0616517 -0.049306 -13.3643 17.1363 -23.7294 -0.0647315 -0.0572727 4.20294 -3.97655 6.48991 5.71603 8.0413 11.205 13.9003 34.4925 -5.23393 -0.558824 -5.24632 7.80544 -4.44082 -9.52466
internal_weight=369807 162009 634 498 387 246 161 141 207798 191976 191798 178 172 123 191626 191557 1913 418 1495 1444 1175 859 738 116 121 316 251 111 269 213
internal_count=369807 162009 634 498 387 246 161 141 207798 191976 191798 178 172 123 191626 191557 1913 418 1495 1444 1175 859 738 116 121 316 251 111 269 213
is_linear=0
shrinkage=0.05


Tree=221
num_leaves=31
num_cat=0
split_feature=11 9 8 7 11 10 8 8 0 3 10 11 8 9 4 10 11 11 1 11 11 8 8 1 9 4 11 3 3 7
split_gain=5.20142e+06 8.60944e+06 1.32635e+07 1.76649e+07 1.30371e+07 1.32725e+07 1.23641e+07 1.21477e+07 1.23263e+07 1.17695e+07 1.196e+07 1.46243e+07 1.33858e+07 1.92841e+07 1.17015e+07 2.33198e+07 1.22606e+07 1.16843e+07 1.1334e+07 1.3873e+07 1.95618e+07 1.10521e+07 1.2991e+07 1.15913e+07 1.10238e+07 2.15447e+07 2.62373e+07 2.08484e+07 1.4602e+07 1.71022e+07
threshold=23225.890000000003 573.2266666666668 465.61428571428581 2.5000000000000004 1240.4600000000003 556.16666666666686 683.51857142857148 647.76285714285723 30.500000000000004 9.5000000000000018 1113.116666666667 1133.1150000000002 874.19928571428591 1880.9296666666669 1.5000000000000002 610.83333333333337 1091.1200000000001 22071.445000000003 1.5000000000000002 3357.3900000000003 5487.0100000000011 68.390714285714296 139.10214285714287 3.5000000000000004 341.71516666666673 1.5000000000000002 1133.1150000000002 263.50000000000006 14.500000000000002 29.500000000000004
decision_type=2 2 2 2 2 2 2 2 2 2 2 2 2 2 2 2 2 2 2 2 2 2 2 2 2 2 2 2 2 2
left_child=1 2 24 4 -4 -6 -7 14 9 -9 11 -11 13 -12 15 -3 -17 -13 -10 -20 -21 23 -23 -16 -1 26 -26 28 29 -28
right_child=-2 7 3 -5 5 6 -8 8 18 10 12 17 -14 -15 21 16 -18 -19 19 20 -22 22 -24 -25 25 -27 27 -29 -30 -31
leaf_value=-0.084353791996506361 -0.78416536503902012 0.61548033580956441 -0.63002112923539333 -0.060081352196744653 -5.8665984733358085 -0.88124346035295342 -6.6993160842386992 2.4469175735272688 -4.3734525196055039 1.5275989285916971 2.7686673907807253 -3.19177509778853 -0.035766491629488494 33.445755679790793 -1.6429013062575284 2.9425239707307314 8.7641093250644175 18.112755765548119 -5.9526238226890564 40.345927453445178 9.6734691132806265 24.02687550594932 -0.019866458226162339 -30.073713117453362 -0.095273724176476171 -3.7281916677147318 14.25464439886832 -1.3962587355827223 2.8748733857997291 -11.329917627970378
leaf_weight=201390 20176 4244 8094 26720 3395 4925 1121 4936 187 2476 3452 6508 31125 52 85 1683 1955 65 115 59 437 57 3836 62 22136 2482 506 2967 15158 75
leaf_count=201390 20176 4244 8094 26720 3395 4925 1121 4936 187 2476 3452 6508 31125 52 85 1683 1955 65 115 59 437 57 3836 62 22136 2482 506 2967 15158 75
internal_value=-0.00352049 0.0414414 -0.0727571 -0.869324 -2.10246 -3.36481 -1.95998 0.579476 0.233836 0.132657 -0.128875 -1.74742 0.294071 3.22392 2.01202 3.13349 6.07095 -2.9811 6.39765 9.69421 13.322 -0.175964 0.332218 -13.6341 0.071297 0.794834 1.0697 2.44829 3.17304 10.952
internal_weight=370479 350303 288969 44255 17535 9441 6046 61334 49412 48614 43678 9049 34629 3504 11922 7882 3638 6573 798 611 496 4040 3893 147 244714 43324 40842 18706 15739 581
internal_count=370479 350303 288969 44255 17535 9441 6046 61334 49412 48614 43678 9049 34629 3504 11922 7882 3638 6573 798 611 496 4040 3893 147 244714 43324 40842 18706 15739 581
is_linear=0
shrinkage=0.05


Tree=222
num_leaves=31
num_cat=0
split_feature=8 10 0 10 8 11 11 8 11 1 0 0 0 9 1 0 9 8 8 11 8 8 11 11 10 11 11 9 11 10
split_gain=6.36726e+06 9.58316e+06 9.04566e+06 1.15995e+07 1.15874e+07 2.22966e+07 1.91675e+07 2.13444e+07 2.14624e+07 1.76094e+07 1.67168e+07 1.58834e+07 1.57741e+07 1.51459e+07 1.56045e+07 1.51384e+07 1.39349e+07 1.55918e+07 1.20877e+07 2.22219e+07 1.13996e+07 8.61596e+06 6.48588e+06 8.42269e+06 1.6907e+07 1.36161e+07 9.96687e+06 1.19812e+07 1.73218e+07 1.331e+07
threshold=2693.3414285714293 2872.6833333333338 6.5000000000000009 2955.1166666666672 1593.7250000000001 25929.405000000002 29214.375000000004 2195.8535714285722 38560.455000000009 3.5000000000000004 15.500000000000002 26.500000000000004 28.500000000000004 2041.4540000000004 4.5000000000000009 24.500000000000004 2422.4765000000002 2266.1771428571433 2133.8221428571437 12198.740000000002 1791.3400000000004 2133.8221428571437 55972.670000000006 21033.945000000003 2955.1166666666672 17684.070000000003 23225.890000000003 2422.4765000000002 32951.680000000008 2577.1000000000004
decision_type=2 2 2 2 2 2 2 2 2 2 2 2 2 2 2 2 2 2 2 2 2 2 2 2 2 2 2 2 2 2
left_child=1 -1 3 -3 5 -4 12 11 -9 -10 -7 13 15 -8 -15 16 17 -6 -18 -20 -5 -22 23 25 26 -2 -25 -28 -29 -30
right_child=22 2 4 20 6 10 7 8 9 -11 -12 -13 -14 14 -16 -17 18 -19 19 -21 21 -23 -24 24 -26 -27 27 28 29 -31
leaf_value=-0.010618831834120893 -1.84147698342419 -14.828246682374052 -7.0532181790000514 -12.78589563369751 43.328943461463567 13.851464868764408 -27.091446264858906 -17.232268670399986 2.9591722273826599 33.913345722871668 52.850898391723639 -33.047571006188029 37.048036804199221 -8.1186249917013598 24.112356785365517 -14.413841604013914 -11.005111629084539 7.0689733045441772 -10.367019454956056 33.970111564489514 22.027818166918873 1.1378536198408373 -9.8608677334677921 12.375218603897096 14.343253367842593 -13.405236366124909 -7.1418789377563261 -7.9180722395450847 31.549123851458234 4.5611570180892951
leaf_weight=364732 2033 129 57 80 63 61 58 60 100 85 50 65 55 114 56 61 76 56 50 65 82 124 248 125 221 291 571 155 72 125
leaf_count=364732 2033 129 57 80 63 61 58 60 100 85 50 65 55 114 56 61 76 56 50 65 82 124 248 125 221 291 571 155 72 125
internal_value=-0.0151995 0.0060374 3.93303 -2.38154 6.248 18.3658 4.13619 -2.13757 8.75353 17.1814 31.4188 -11.2445 12.0594 -5.02866 2.49864 8.35488 12.8352 26.2654 4.46763 14.6931 3.23253 9.45328 -2.04036 -1.50056 1.77552 -3.28943 -0.874743 -2.66916 4.58631 14.4248
internal_weight=370120 366279 1547 415 1132 168 964 538 245 185 111 293 426 228 170 371 310 119 191 115 286 206 3841 3593 1269 2324 1048 923 352 197
internal_count=370120 366279 1547 415 1132 168 964 538 245 185 111 293 426 228 170 371 310 119 191 115 286 206 3841 3593 1269 2324 1048 923 352 197
is_linear=0
shrinkage=0.05


Tree=223
num_leaves=31
num_cat=0
split_feature=8 10 6 11 6 9 8 7 11 4 10 1 10 11 9 1 9 4 11 10 9 11 9 6 5 9 6 10 11 11
split_gain=5.17685e+06 1.24792e+07 2.36039e+07 1.82671e+07 1.36153e+07 1.16111e+07 2.20344e+07 1.64869e+07 1.46812e+07 1.43721e+07 1.83589e+07 1.79629e+07 1.52817e+07 1.65228e+07 1.21022e+07 1.1271e+07 1.08652e+07 1.60494e+07 1.93192e+07 1.07149e+07 1.04586e+07 1.99862e+07 1.29302e+07 9.96829e+06 2.15136e+07 1.91026e+07 9.73152e+06 1.12597e+07 1.93805e+07 9.37134e+06
threshold=319.80714285714294 326.16666666666669 5.5000000000000009 1240.4600000000003 1.5000000000000002 477.95616666666672 607.57571428571441 2.5000000000000004 505.00500000000005 1.5000000000000002 1745.4833333333336 3.5000000000000004 631.36666666666679 1748.2350000000004 544.41850000000011 5.5000000000000009 308.11916666666679 1.5000000000000002 10903.300000000001 74.833333333333357 243.66583333333335 7102.0150000000003 323.79466666666673 30.500000000000004 1.0000000180025095e-35 296.14383333333336 1.5000000000000002 1034.2000000000003 1213.2750000000003 536.79000000000008
decision_type=2 2 2 2 2 2 2 2 2 2 2 2 2 2 2 2 2 2 2 2 2 2 2 2 2 2 2 2 2 2
left_child=1 19 3 -3 16 7 8 -2 -7 12 -11 -12 -10 14 -14 -15 -5 -18 -19 20 -1 23 -23 -22 25 -25 27 28 -8 -28
right_child=5 2 -4 4 -6 6 26 -9 9 10 11 -13 13 15 -16 -17 17 18 -20 -21 21 22 -24 24 -26 -27 29 -29 -30 -31
leaf_value=-0.042577420473027851 -1.7479611747402299 0.16284142156303011 -7.4390119421307013 2.0182817150758132 -1.0072033386600925 -2.8323016632969562 0.88056775676935028 -0.15574206517686132 1.7815241966542299 -0.98247065674995104 -1.8108970818152796 34.100755208333332 -2.8312113558086582 7.8923797330211576 5.1143814254509898 20.424627741293055 6.8455184886076799 -4.5886566820085468 26.456186870228166 -0.9338770941245621 0.31491226849309456 2.3363437240352631 8.2430283686249393 3.7049325816399228 -0.53516937049924562 32.126001449746468 -2.613340354928388 -0.22832298788123132 -3.6027778533459895 1.2279362636333238
leaf_weight=124583 25201 10715 749 3862 1654 1643 3721 45816 8503 4139 65 75 658 1346 1764 207 3840 564 55 26028 26017 3125 1317 113 389 124 1776 50344 6844 14982
leaf_count=124583 25201 10715 749 3862 1654 1643 3721 45816 8503 4139 65 75 658 1346 1764 207 3840 564 55 26028 26017 3125 1317 113 389 124 1776 50344 6844 14982
internal_value=-0.0298177 0.139752 1.28064 1.5963 3.1361 -0.235975 0.122396 -0.720755 1.67816 2.1204 -0.380135 17.4275 2.97789 5.53707 2.95575 9.56281 3.95968 5.64115 -1.83023 0.00513462 0.162139 0.982606 4.08761 0.464932 6.69984 18.575 -0.246177 -0.539748 -2.02374 0.820841
internal_weight=370219 203135 21439 20690 9975 167084 96067 71017 18400 16757 4279 140 12478 3975 2422 1553 8321 4459 619 181696 155668 31085 4442 26643 626 237 77667 60909 10565 16758
internal_count=370219 203135 21439 20690 9975 167084 96067 71017 18400 16757 4279 140 12478 3975 2422 1553 8321 4459 619 181696 155668 31085 4442 26643 626 237 77667 60909 10565 16758
is_linear=0
shrinkage=0.05


Tree=224
num_leaves=31
num_cat=0
split_feature=1 8 10 11 8 8 8 3 10 8 8 8 9 8 0 11 11 9 0 3 3 9 1 8 3 3 0 1 11 10
split_gain=5.40051e+06 9.52077e+06 9.28832e+06 1.88638e+07 1.58389e+07 1.04571e+07 9.78898e+06 9.43521e+06 8.69032e+06 1.52894e+07 1.47626e+07 1.01758e+07 2.22986e+07 1.01388e+07 1.09343e+07 7.84293e+06 1.90146e+07 7.60731e+06 1.85901e+07 6.94763e+06 6.4918e+06 9.75595e+06 1.38195e+07 1.41775e+07 1.40531e+07 2.13138e+07 2.44655e+07 1.58225e+07 3.23218e+07 1.55711e+07
threshold=5.5000000000000009 857.42928571428581 2348.0500000000006 45915.240000000013 2430.840714285715 1265.0907142857145 2195.8535714285722 11.500000000000002 2641.9333333333338 1554.1278571428572 1972.967142857143 1669.8157142857144 2087.0383333333334 1791.3400000000004 20.500000000000004 16431.460000000003 29214.375000000004 1235.1773333333335 8.5000000000000018 60.500000000000007 263.50000000000006 706.2118333333334 1.0000000180025095e-35 839.78785714285721 67.500000000000014 45.500000000000007 12.500000000000002 4.5000000000000009 2777.2600000000007 2548.1500000000001
decision_type=2 2 2 2 2 2 2 2 2 2 2 2 2 2 2 2 2 2 2 2 2 2 2 2 2 2 2 2 2 2
left_child=20 17 -3 4 5 -4 8 -6 11 -10 -11 12 -7 -13 -15 -8 -17 -2 -19 -20 21 -1 -23 -24 25 -25 29 -26 -29 -27
right_child=1 2 3 -5 7 6 15 -9 9 10 -12 13 -14 14 -16 16 -18 18 19 -21 -22 22 23 24 27 26 -28 28 -30 -31
leaf_value=-0.0037881697706073124 -0.2357825082951239 -2.8762976158701776 25.910109279466713 -7.7650282752464426 8.1199997519054552 -11.208300201614183 2.8024953263529233 -6.9689577927317687 -12.39052867182979 29.530414864776333 0.3554164038764106 -21.925379964192711 24.511780519768745 -8.5434137387771827 12.715560269099411 35.331471348316114 -1.2701351650974209 29.885957581467096 -15.912051450289212 7.4511343630348765 -0.62101837415469507 -1.0213063854587356 3.7007245961515305 1.1118190812080684 1.1972111349310246 -9.7228499388532121 -0.37442370035691885 -26.98565296045939 6.2778592536325082 0.078651342012737158
leaf_weight=235967 44350 6822 69 482 137 77 89 425 54 109 72 75 101 173 93 94 57 72 52 82 32079 8795 4854 14942 10295 1420 5038 75 2780 567
leaf_count=235967 44350 6822 69 482 137 77 89 425 54 109 72 75 101 173 93 94 57 72 52 82 32079 8795 4854 14942 10295 1420 5038 75 2780 567
internal_value=-0.0251634 -0.489889 -1.98008 0.921675 3.49829 7.08756 5.78097 -3.29069 2.98157 10.9588 17.9249 -0.630474 9.05984 -5.68876 -1.11076 14.5758 21.515 -0.191256 9.39493 -1.61518 0.0532928 0.129263 0.773066 1.16789 0.817792 0.0439114 -2.2275 2.11056 5.40404 -6.92594
internal_weight=370297 53485 8929 2107 1625 1063 994 562 754 235 181 519 178 341 266 240 151 44556 206 134 316812 284733 48766 39971 35117 21967 7025 13150 2855 1987
internal_count=370297 53485 8929 2107 1625 1063 994 562 754 235 181 519 178 341 266 240 151 44556 206 134 316812 284733 48766 39971 35117 21967 7025 13150 2855 1987
is_linear=0
shrinkage=0.05


Tree=225
num_leaves=31
num_cat=0
split_feature=8 9 7 5 6 6 8 3 10 9 10 8 3 9 8 6 3 6 3 9 9 8 4 10 7 8 9 1 1 3
split_gain=5.61013e+06 9.81237e+06 1.09165e+07 1.8324e+07 2.74989e+07 3.52688e+07 2.3779e+07 2.26124e+07 2.2384e+07 1.89173e+07 1.50747e+07 1.48173e+07 1.38849e+07 1.17045e+07 1.15731e+07 1.15307e+07 1.09664e+07 1.12433e+07 1.04005e+07 1.64032e+07 9.35446e+06 1.81539e+07 1.32368e+07 1.67246e+07 1.11926e+07 1.04796e+07 1.02418e+07 1.28912e+07 2.83349e+07 1.10222e+07
threshold=216.77071428571432 177.0471666666667 1.0000000180025095e-35 1.0000000180025095e-35 30.500000000000004 4.5000000000000009 7.2142857142857153 21.500000000000004 1231.9500000000003 524.56700000000012 754.36666666666679 16.214285714285719 13.500000000000002 286.54283333333336 120.67071428571431 6.5000000000000009 102.50000000000001 28.500000000000004 48.500000000000007 341.71516666666673 385.17333333333335 607.57571428571441 1.5000000000000002 712.38333333333344 1.5000000000000002 275.97857142857146 746.05950000000018 4.5000000000000009 5.5000000000000009 273.50000000000006
decision_type=2 2 2 2 2 2 2 2 2 2 2 2 2 2 2 2 2 2 2 2 2 2 2 2 2 2 2 2 2 2
left_child=1 -1 3 4 5 8 7 -5 10 -9 -3 15 -8 14 -6 -4 18 -18 19 -14 24 22 23 -22 -2 -25 27 -24 -29 -28
right_child=20 2 11 6 13 -7 12 9 -10 -11 -12 -13 16 -15 -16 -17 17 -19 -20 -21 21 -23 26 25 -26 -27 29 28 -30 -31
leaf_value=-0.15852700112889409 -1.4967343786054363 2.2275870013867629 11.155025886485452 24.088083139220174 15.876775290736234 -4.2600804889011519 17.656678430170849 5.71109670467591 30.625060043615452 32.197465947648169 -8.594716359184174 0.79331374625307305 -1.0413696099932377 28.13418021288004 -7.7888578592936204 -1.2456971610116321 -1.2371699172572086 16.176433686064094 -7.8828716005467543 25.170282184716427 1.1038404487291198 -0.31777814845889485 -3.9256585026077504 -13.718058579967868 -0.2378005669169618 7.263011758423815 4.4593238334336913 8.9516659046611657 -5.7341865222777129 -10.672132740550571
leaf_weight=81844 23770 8790 190 226 166 2924 116 1335 68 71 334 41222 624 111 75 14005 190 181 523 66 33265 84068 3369 62 68626 1485 1109 685 631 135
leaf_count=81844 23770 8790 190 226 166 2924 116 1335 68 71 334 41222 624 111 75 14005 190 181 523 66 33265 84068 3369 62 68626 1485 1109 685 631 135
internal_value=-0.0169325 0.214915 0.644082 1.80343 0.923176 0.522935 5.09723 9.40824 2.04443 7.0486 1.83142 0.31354 0.958664 14.6996 8.51195 -1.07971 -0.26417 7.25842 -2.56498 1.46583 -0.180312 0.102012 0.968239 1.34018 -0.561677 6.42214 -1.2156 -2.28643 1.91005 2.81724
internal_weight=370266 153061 71217 15800 12468 12116 3332 1632 9192 1406 9124 55417 1700 352 241 14195 1584 371 1213 690 217205 124809 40741 34812 92396 1547 5929 4685 1316 1244
internal_count=370266 153061 71217 15800 12468 12116 3332 1632 9192 1406 9124 55417 1700 352 241 14195 1584 371 1213 690 217205 124809 40741 34812 92396 1547 5929 4685 1316 1244
is_linear=0
shrinkage=0.05


Tree=226
num_leaves=31
num_cat=0
split_feature=7 11 8 9 1 8 4 11 6 6 11 0 9 8 9 8 10 11 9 8 11 8 10 4 10 8 7 8 6 1
split_gain=5.02244e+06 9.22045e+06 7.68949e+06 4.20399e+06 5.61644e+06 3.93831e+06 4.39214e+06 3.86209e+06 1.72373e+07 1.52985e+07 2.08177e+07 2.20254e+07 1.61345e+07 1.97576e+07 1.4656e+07 2.10081e+07 1.78372e+07 1.36176e+07 1.09861e+07 1.84314e+07 2.01607e+07 2.77982e+07 2.02788e+07 1.81687e+07 1.08418e+07 9.878e+06 1.06765e+07 9.66666e+06 1.28372e+07 1.06941e+07
threshold=28.500000000000004 14742.730000000001 209.89785714285716 357.75950000000006 2.5000000000000004 57.010714285714293 2.5000000000000004 4959.6550000000007 2.5000000000000004 16.500000000000004 9289.2850000000017 6.5000000000000009 2336.8835000000004 2133.8221428571437 346.76666666666671 159.08000000000001 571.50000000000011 7102.0150000000003 273.29283333333336 558.29571428571444 27454.115000000002 1593.7250000000001 2155.8333333333339 1.5000000000000002 741.70000000000016 89.43357142857144 11.500000000000002 307.38500000000005 3.5000000000000004 2.5000000000000004
decision_type=2 2 2 2 2 2 2 2 2 2 2 2 2 2 2 2 2 2 2 2 2 2 2 2 2 2 2 2 2 2
left_child=7 5 3 -3 -5 -2 -7 -1 14 10 25 -12 13 18 -9 16 -16 24 -13 23 22 -22 -21 27 -18 26 -10 29 -29 -20
right_child=1 2 -4 4 -6 6 -8 8 9 -11 11 12 -14 -15 15 -17 17 -19 19 20 21 -23 -24 -25 -26 -27 -28 28 -30 -31
leaf_value=-0.059895797073888896 0.88595814546322937 5.7545601354826488 -0.20470830124232076 5.7504801981589377 29.333054313659673 -2.8285785899412019 -0.2433984305767759 -2.8069122101305073 -10.651067894865882 -1.362161568704765 -9.6263025880334876 1.3476672629378119 30.528771436866375 -21.499273015471069 0.2436045682492034 -0.02800642710131326 22.158097508748373 37.856888008117679 9.0526513208805692 1.6365744237215107 2.9962760550114846 48.373865862245914 -30.366678934830887 -7.534329661456022 -6.8807179365158078 0.80422665613439848 5.7266212291057297 -1.5728229343130236 11.687903066422686 21.842519109403934
leaf_weight=259662 1356 327 620 51 50 5356 2370 4850 106 4878 251 1086 64 68 193 61497 90 78 284 1029 90 54 52 132 50 22531 1625 235 817 385
leaf_count=259662 1356 327 620 51 50 5356 2370 4850 106 4878 251 1086 64 68 193 61497 90 78 284 1029 90 54 52 132 50 22531 1625 235 817 385
internal_value=0.0110588 -1.08693 3.35377 8.50857 17.425 -1.59936 -2.03556 0.0419458 0.305218 1.22728 1.66573 4.77046 5.61161 5.23479 -0.160068 0.0472917 11.314 21.1148 5.67137 7.19689 2.43822 20.0129 0.0971025 10.3428 11.7871 1.08387 4.72371 11.714 8.72567 16.413
internal_weight=370237 10130 1048 428 101 9082 7726 360107 100445 33687 28809 4547 4296 4232 66758 61908 411 218 4164 3078 1225 144 1081 1853 140 24262 1731 1721 1052 669
internal_count=370237 10130 1048 428 101 9082 7726 360107 100445 33687 28809 4547 4296 4232 66758 61908 411 218 4164 3078 1225 144 1081 1853 140 24262 1731 1721 1052 669
is_linear=0
shrinkage=0.05


Tree=227
num_leaves=31
num_cat=0
split_feature=8 9 3 10 3 8 10 8 3 10 11 1 6 11 8 11 9 8 3 1 3 11 11 1 10 11 11 3 8 10
split_gain=7.33202e+06 8.57983e+06 1.57282e+07 1.73743e+07 9.61398e+06 1.43417e+07 1.54633e+07 1.12576e+07 1.19971e+07 1.15285e+07 1.10999e+07 1.0562e+07 9.69589e+06 8.78031e+06 1.51205e+07 1.10336e+07 8.78719e+06 2.15873e+07 1.42622e+07 1.16941e+07 2.60563e+07 1.29116e+07 2.08515e+07 2.28113e+07 1.33431e+07 1.8396e+07 1.24083e+07 1.6673e+07 9.94262e+06 9.97705e+06
threshold=3218.1678571428579 2258.7413333333338 4.5000000000000009 2720.4666666666672 283.50000000000006 2537.0064285714293 2812.8500000000008 2693.3414285714293 19.500000000000004 2494.5000000000005 6599.3550000000005 4.5000000000000009 2.5000000000000004 7932.1100000000006 1117.6485714285716 8472.3050000000021 2422.4765000000002 1355.9100000000001 25.500000000000004 3.5000000000000004 277.50000000000006 15809.935000000003 23225.890000000003 5.5000000000000009 2494.5000000000005 38560.455000000009 12943.180000000002 108.50000000000001 2266.1771428571433 2720.4666666666672
decision_type=2 2 2 2 2 2 2 2 2 2 2 2 2 2 2 2 2 2 2 2 2 2 2 2 2 2 2 2 2 2
left_child=1 -1 3 -3 7 -6 -7 8 9 11 -10 -4 13 -12 -15 -16 17 -17 -19 26 21 28 23 -23 -24 -26 27 -18 29 -21
right_child=-2 2 4 -5 5 6 -8 -9 10 -11 12 -13 -14 14 15 16 19 18 -20 20 -22 22 24 -25 25 -27 -28 -29 -30 -31
leaf_value=-0.021766912064670671 -3.8782630311825672 3.8892619822476364 21.423383273124696 31.652541889987152 -9.0502573697072162 38.651502506660698 3.5796273040771482 -3.4479983454247667 -3.210718885563141 -16.498064959490744 15.104685527036029 -10.062314692714759 -15.349632928520442 -22.05704426084246 -13.950305041016604 35.63735330434946 28.311651701397366 29.58802259506718 5.0494856614318477 -26.132840262787251 41.368373882293703 48.128813129360395 25.695691907405855 8.6240491569042206 -14.07485025804254 8.9872503575854292 -4.7400822215456646 -6.480204437898867 7.4534209837641896 2.4080396118164065
leaf_weight=363013 1217 148 50 91 53 66 60 1132 645 162 178 57 64 56 82 65 72 62 1318 79 50 59 52 96 158 191 696 66 79 50
leaf_count=363013 1217 148 50 91 53 66 60 1132 645 162 178 57 64 56 82 65 72 62 1318 79 50 59 52 96 158 191 696 66 79 50
internal_value=-0.00371202 0.00906838 1.89447 14.4602 1.3674 12.7716 21.9506 0.997526 2.14463 -8.08576 2.81291 4.65063 3.9316 4.29359 3.69799 4.15225 4.63218 7.47828 6.15194 2.13666 6.39996 4.11145 8.08709 23.6613 2.06712 -1.45347 -2.0244 11.6721 -6.51573 -15.0705
internal_weight=370167 368950 5937 239 5698 179 126 5519 4387 269 4118 107 3473 3409 3231 3175 3093 1445 1380 1648 814 764 556 155 401 349 834 138 208 129
internal_count=370167 368950 5937 239 5698 179 126 5519 4387 269 4118 107 3473 3409 3231 3175 3093 1445 1380 1648 814 764 556 155 401 349 834 138 208 129
is_linear=0
shrinkage=0.05


Tree=228
num_leaves=31
num_cat=0
split_feature=3 3 10 9 8 9 8 8 10 10 0 0 3 8 1 10 9 1 0 3 9 1 10 1 0 9 8 3 0 10
split_gain=4.59756e+06 8.98245e+06 1.58419e+07 8.73697e+06 1.30599e+07 1.1203e+07 1.97656e+07 1.02072e+07 1.12648e+07 1.09646e+07 9.65802e+06 1.43739e+07 1.24443e+07 1.09746e+07 8.53291e+06 1.00911e+07 9.34774e+06 8.20197e+06 7.85563e+06 1.80986e+07 1.17947e+07 9.23424e+06 8.9003e+06 1.2277e+07 7.30417e+06 1.10108e+07 2.22222e+07 3.1687e+07 2.79704e+07 1.8981e+07
threshold=42.500000000000007 61.500000000000007 1787.5333333333335 2258.7413333333338 1265.0907142857145 2138.2523333333338 1518.4428571428573 2195.8535714285722 2394.6000000000004 2641.9333333333338 17.500000000000004 26.500000000000004 56.500000000000007 1117.6485714285716 4.5000000000000009 2469.5833333333335 1804.4843333333336 5.5000000000000009 7.5000000000000009 50.500000000000007 1998.7498333333335 3.5000000000000004 2198.5166666666669 4.5000000000000009 25.500000000000004 1375.5241666666668 1669.8157142857144 80.500000000000014 29.500000000000004 2198.5166666666669
decision_type=2 2 2 2 2 2 2 2 2 2 2 2 2 2 2 2 2 2 2 2 2 2 2 2 2 2 2 2 2 2
left_child=-1 2 -2 5 -5 10 -7 -8 -9 -10 18 13 -13 -12 -15 16 17 -16 19 -4 -20 -22 -21 -24 -3 -26 27 28 -27 -29
right_child=1 24 3 4 -6 6 7 8 9 -11 11 12 -14 14 15 -17 -18 -19 20 22 21 -23 23 -25 25 26 -28 29 -30 -31
leaf_value=0.24409601712653442 -0.39941147029640278 -0.10376334625737221 2.2094454350188131 -24.294542924413143 0.98158651916733819 10.370755226667539 -22.546164234969844 -23.290440503377766 18.601062927075798 -13.612642848968505 -16.990741569713013 -0.33181993677899557 -11.836652313557485 1.9338830399641891 31.560557649753715 33.178760509490971 -4.3118513508591541 4.0025852203369139 -13.704343643665315 -5.4851161229749064 -8.2539446257162776 19.803730037165625 -11.359367262766911 -40.306085040522561 0.40885098178699986 12.217947993808323 0.88704150874834442 1.264157577755098 54.886750326583638 18.936587115031919
leaf_weight=128696 52607 149995 610 53 1429 86 243 63 56 50 59 572 399 556 54 50 86 54 525 301 69 51 130 51 30294 90 2436 587 67 205
leaf_count=128696 52607 149995 610 53 1429 86 243 63 56 50 59 572 399 556 54 50 86 54 525 301 69 51 130 51 30294 90 2436 587 67 205
internal_value=0.00266319 -0.125823 -0.667384 -3.2088 0.0776494 -4.40697 -11.4319 -15.983 -6.54598 3.40592 -3.42619 -0.891427 -5.05935 3.81992 5.35471 13.1497 7.98758 17.7816 -6.09666 -3.51244 -10.4718 3.67057 -10.7538 -19.5156 0.0456443 0.711056 3.41563 9.90631 30.4269 5.83846
internal_weight=370524 241828 58154 5547 1482 4065 498 412 169 106 3567 1830 971 859 800 244 194 108 1737 1092 645 120 482 181 183674 33679 3385 949 157 792
internal_count=370524 241828 58154 5547 1482 4065 498 412 169 106 3567 1830 971 859 800 244 194 108 1737 1092 645 120 482 181 183674 33679 3385 949 157 792
is_linear=0
shrinkage=0.05


Tree=229
num_leaves=31
num_cat=0
split_feature=8 11 10 11 1 9 10 3 3 8 8 1 3 6 0 0 6 8 9 11 8 11 10 8 9 11 10 1 9 1
split_gain=4.94457e+06 1.11668e+07 9.9654e+06 1.15628e+07 1.20419e+07 5.75918e+06 1.59795e+07 1.16597e+07 1.45364e+07 1.10533e+07 1.0572e+07 1.61013e+07 2.09237e+07 1.36438e+07 1.27141e+07 1.21743e+07 1.33948e+07 1.77361e+07 1.80362e+07 1.49235e+07 1.91817e+07 2.85246e+07 1.45396e+07 1.33968e+07 1.71785e+07 1.44038e+07 1.54855e+07 1.54767e+07 1.1938e+07 1.27884e+07
threshold=3218.1678571428579 3937.6500000000001 2444.1500000000001 31067.535000000003 3.5000000000000004 1519.3770000000002 2090.7166666666667 261.50000000000006 280.50000000000006 1295.9014285714288 2133.8221428571437 1.0000000180025095e-35 13.500000000000002 3.5000000000000004 3.5000000000000004 14.500000000000002 1.5000000000000002 1203.4478571428574 2041.4540000000004 21033.945000000003 1265.0907142857145 25929.405000000002 3076.1000000000008 2024.3085714285717 1734.5108333333335 13772.890000000001 2261.6500000000001 3.5000000000000004 1665.0946666666666 5.5000000000000009
decision_type=2 2 2 2 2 2 2 2 2 2 2 2 2 2 2 2 2 2 2 2 2 2 2 2 2 2 2 2 2 2
left_child=5 -2 3 4 -3 6 -1 10 -9 -8 11 14 -13 15 -7 16 19 -18 23 -14 21 -21 -22 24 -19 27 -27 -26 -12 -30
right_child=1 2 -4 -5 -6 7 9 8 -10 -11 28 12 13 -15 -16 -17 17 18 -20 20 22 -23 -24 -25 25 26 -28 -29 29 -31
leaf_value=-0.0084574512797544986 13.404732340954721 -7.1935957215049049 -2.1510045712662484 5.7507028813947718 -33.50238784080328 7.2577430430448278 1.6827893418217472 -3.5184948325089631 3.1771722680715349 -8.5211066744120227 -8.3722389091729035 10.519131679288805 -2.8013738255157472 27.148191147821922 -2.6009990015818225 3.4279274594197235 26.01148678654372 0.76533804125162408 -11.149283646814752 44.138101957761329 0.20552146132347732 5.4084027672891573 24.596326773507258 -16.90225617335393 11.135399936884642 -12.751689325752906 19.797236267725626 44.216048776499832 0.9314981902355467 -4.3788741539264358
leaf_weight=337510 94 88 899 57 86 371 373 3089 1099 920 436 775 3125 54 2759 6839 99 283 165 65 2026 177 63 52 64 59 96 79 7305 1342
leaf_count=337510 94 88 899 57 86 371 373 3089 1099 920 436 775 3125 54 2759 6839 99 283 165 65 2026 177 63 52 64 59 96 79 7305 1342
internal_value=0.0189445 -3.15373 -4.53115 -13.7942 -20.1968 0.0294621 -0.0297111 0.688461 -1.76144 -5.57752 1.07956 1.81001 2.53384 2.06663 -1.43244 1.96396 0.388009 6.05028 3.57388 -0.542902 2.48486 15.811 0.941099 7.41168 9.5878 17.9662 7.40765 29.4107 -0.299697 0.107337
internal_weight=370449 1224 1130 231 174 369225 338803 30422 4188 1293 26234 17151 14021 13246 3130 13192 6353 897 798 5456 2331 242 2089 633 581 298 155 143 9083 8647
internal_count=370449 1224 1130 231 174 369225 338803 30422 4188 1293 26234 17151 14021 13246 3130 13192 6353 897 798 5456 2331 242 2089 633 581 298 155 143 9083 8647
is_linear=0
shrinkage=0.05


Tree=230
num_leaves=31
num_cat=0
split_feature=8 10 9 3 9 11 8 3 6 3 0 10 8 9 10 3 0 0 9 3 3 0 11 10 1 3 8 11 10 10
split_gain=5.68434e+06 8.85501e+06 8.12117e+06 1.43868e+07 2.41593e+07 1.4151e+07 8.17048e+06 8.47804e+06 2.35608e+07 1.96266e+07 2.23946e+07 2.1811e+07 2.20635e+07 1.00071e+07 9.27417e+06 1.7885e+07 2.38314e+07 1.88874e+07 1.51573e+07 2.22685e+07 1.92292e+07 2.92028e+07 8.99136e+06 8.89079e+06 1.0541e+07 8.3273e+06 8.10623e+06 1.80051e+07 1.16125e+07 1.03676e+07
threshold=2266.1771428571433 1832.116666666667 1917.6366666666668 12.500000000000002 2138.2523333333338 14742.730000000001 665.42785714285731 61.500000000000007 2.5000000000000004 71.500000000000014 20.500000000000004 2282.6333333333337 2024.3085714285717 2336.8835000000004 2720.4666666666672 50.500000000000007 24.500000000000004 19.500000000000004 2087.0383333333334 34.500000000000007 39.500000000000007 11.500000000000002 23225.890000000003 3076.1000000000008 1.0000000180025095e-35 58.500000000000007 1879.7300000000002 14742.730000000001 2762.7666666666669 1853.7000000000003
decision_type=2 2 2 2 2 2 2 2 2 2 2 2 2 2 2 2 2 2 2 2 2 2 2 2 2 2 2 2 2 2
left_child=2 -2 26 4 -4 -6 -5 8 14 10 11 12 -9 -12 -8 16 17 18 19 -16 -20 22 -22 24 -17 -26 -1 29 -29 -28
right_child=1 -3 3 6 5 -7 7 9 -10 -11 13 -13 -14 -15 15 23 -18 -19 20 -21 21 -23 -24 -25 25 -27 27 28 -30 -31
leaf_value=0.00030729305919673908 -10.262019012649105 -0.9853955345507649 22.248094042336071 -17.608321461698107 -22.884383110921892 11.314802471796673 -2.2389504397733315 55.003766547078669 27.323929974873863 1.3764300930160098 -5.5689291848855866 10.077464149905516 12.550416997996244 13.871237005019674 -28.34914411410951 9.9200777787428649 38.764967133568938 -21.433320216128703 35.846009491150639 14.166724729626928 35.010032681551849 -23.1131220566599 9.6555791288614277 6.9708402613798786 -7.9307343152436349 -29.264215992518832 -2.971722587846763 -5.7981291980227754 13.130240501676287 4.1081101449665471
leaf_weight=347534 265 8792 205 58 61 60 3141 69 75 4103 204 226 55 98 57 52 61 57 83 67 55 57 96 108 132 70 878 2291 84 1258
leaf_count=347534 265 8792 205 58 61 60 3141 69 75 4103 204 226 55 98 57 52 61 57 83 67 55 57 96 108 132 70 878 2291 84 1258
internal_value=-0.0196165 -1.25682 0.0113979 1.47383 11.7908 -5.92611 1.09695 1.21931 -0.443545 2.65696 10.7153 19.323 36.1737 0.739469 -0.959541 3.53054 9.35552 5.55472 9.26151 -5.37686 15.4992 7.38 18.8906 -5.04601 -10.1555 -15.3235 -0.0270276 -2.13295 -5.12866 1.19795
internal_weight=370352 9057 361295 9250 326 121 8924 8866 4111 4755 652 350 124 302 4036 895 533 472 415 124 291 208 151 362 254 202 352045 4511 2375 2136
internal_count=370352 9057 361295 9250 326 121 8924 8866 4111 4755 652 350 124 302 4036 895 533 472 415 124 291 208 151 362 254 202 352045 4511 2375 2136
is_linear=0
shrinkage=0.05


Tree=231
num_leaves=31
num_cat=0
split_feature=8 3 7 3 11 11 6 3 7 5 9 1 1 9 6 8 6 0 11 9 9 6 11 8 6 9 4 11 6 4
split_gain=5.71786e+06 9.25788e+06 1.18139e+07 1.12603e+07 9.89863e+06 9.83911e+06 8.3245e+06 7.79378e+06 7.54288e+06 1.62733e+07 2.91194e+07 1.81665e+07 2.43439e+07 2.40179e+07 2.38581e+07 1.88509e+07 1.93467e+07 1.66678e+07 1.53291e+07 1.70356e+07 1.47134e+07 1.40957e+07 2.15153e+07 1.36974e+07 1.3647e+07 3.28926e+07 1.43856e+07 1.35883e+07 1.22066e+07 1.18091e+07
threshold=192.41642857142861 12.500000000000002 29.500000000000004 2.5000000000000004 12198.740000000002 350.43000000000006 29.500000000000004 285.50000000000006 1.0000000180025095e-35 1.0000000180025095e-35 513.0351666666669 5.5000000000000009 4.5000000000000009 145.11533333333338 26.500000000000004 40.758571428571436 35.500000000000007 6.5000000000000009 933.21500000000015 241.98866666666672 275.34250000000003 1.5000000000000002 7932.1100000000006 60.005000000000003 30.500000000000004 233.40350000000001 2.5000000000000004 5.1500000000000012 4.5000000000000009 1.5000000000000002
decision_type=2 2 2 2 2 2 2 2 2 2 2 2 2 2 2 2 2 2 2 2 2 2 2 2 2 2 2 2 2 2
left_child=8 2 3 4 5 -2 7 -3 9 21 11 12 15 -14 -15 16 18 -12 -11 -20 23 22 29 -16 26 -26 28 -17 -23 -1
right_child=1 6 -4 -5 -6 -7 -8 -9 -10 10 17 -13 13 14 20 27 -18 -19 19 -21 -22 24 -24 -25 25 -27 -28 -29 -30 -31
leaf_value=2.7076950651035361 -4.6018590970108093 -0.31277855052787706 -8.5966142109462194 1.1621171623933784 -7.5147080768302494 0.80143305360525163 -4.5002316468243908 2.6395690832300667 0.035915969979283015 5.6697412536976328 4.7695997930040548 -4.1475441986247894 -1.5773123247974414 2.7120997696706697 31.362236247475693 21.189825420692319 -7.6303802758455284 41.623552948159059 3.5754113000014733 40.338460745327723 45.248570678894779 0.37058901529108834 26.016663942734404 6.3355347573757177 0.41991213752386863 22.458132656230486 6.028353061394494 -2.9093796326212704 -4.2924707509923277 -7.3073184940486389
leaf_weight=5201 1144 197342 343 25255 592 3197 1175 2261 110022 2139 51 800 197 146 127 61 264 77 58 69 83 2108 96 96 10829 172 506 1423 4199 312
leaf_count=5201 1144 197342 343 25255 592 3197 1175 2261 110022 2139 51 800 197 146 127 61 264 77 58 69 83 2108 96 96 10829 172 506 1423 4199 312
internal_value=-0.0283689 -0.180687 0.630493 0.735332 -1.44964 -0.622517 -0.304038 -0.279336 0.225037 0.942188 3.3659 2.81356 4.00783 12.9924 19.3425 2.55516 5.1794 26.9396 6.6718 23.549 27.2773 0.363657 2.54955 20.5884 -0.324605 0.764478 -2.08316 -1.91878 -2.73393 2.14091
internal_weight=370345 231309 30531 30188 4933 4341 200778 199603 139036 29014 5591 5463 4663 649 452 4014 2530 128 2266 127 306 23423 5609 223 17814 11001 6813 1484 6307 5513
internal_count=370345 231309 30531 30188 4933 4341 200778 199603 139036 29014 5591 5463 4663 649 452 4014 2530 128 2266 127 306 23423 5609 223 17814 11001 6813 1484 6307 5513
is_linear=0
shrinkage=0.05


Tree=232
num_leaves=31
num_cat=0
split_feature=8 10 6 11 4 9 10 11 10 9 11 9 11 8 0 8 9 7 11 7 9 7 5 8 9 11 4 11 7 10
split_gain=3.94671e+06 1.38189e+07 1.81006e+07 1.9511e+07 1.45909e+07 1.8003e+07 1.51127e+07 1.16202e+07 9.44644e+06 1.06267e+07 1.86475e+07 1.35672e+07 1.68536e+07 1.07929e+07 1.06768e+07 9.93675e+06 1.00624e+07 9.8668e+06 9.47048e+06 1.81484e+07 9.37384e+06 1.65457e+07 1.03402e+07 9.8701e+06 1.77177e+07 1.0201e+07 1.17392e+07 1.11635e+07 2.67091e+07 1.62644e+07
threshold=354.0535714285715 374.16666666666669 4.5000000000000009 1240.4600000000003 1.5000000000000002 319.04850000000005 495.83333333333343 10302.135000000002 56.500000000000007 243.66583333333335 3030.5600000000004 344.24250000000001 9772.6550000000025 156.95071428571433 13.500000000000002 156.95071428571433 149.04150000000001 1.0000000180025095e-35 899.80000000000007 1.0000000180025095e-35 402.07400000000001 1.0000000180025095e-35 1.0000000180025095e-35 558.29571428571444 1665.0946666666666 137.55500000000004 1.5000000000000002 8101.5250000000005 25.500000000000004 285.13333333333338
decision_type=2 2 2 2 2 2 2 2 2 2 2 2 2 2 2 2 2 2 2 2 2 2 2 2 2 2 2 2 2 2
left_child=1 8 3 -3 5 6 -5 -6 9 15 -11 13 14 -12 -13 16 -1 -17 19 -18 21 22 -2 24 25 -22 27 -27 29 -29
right_child=20 2 -4 4 7 -7 -8 -9 -10 10 11 12 -14 -15 -16 17 18 -19 -20 -21 23 -23 -24 -25 -26 26 -28 28 -30 -31
leaf_value=-0.070908326863624374 -2.3405362996940986 0.10056860251749909 -6.2820712515884027 3.0393708981072596 -4.5766630029741755 5.6659417693295691 -4.0781681571111266 14.226938666878167 -0.70018904703104246 0.07381455443807243 5.1384974189204078 -3.6353792670213778 12.594162467934071 0.98703766550454264 5.6718405545853905 -4.3731516951646645 4.7782065845897685 -0.47796172562452616 2.2144268199414423 -0.40852046989320218 -2.9738281553948305 -0.22787318434105655 -17.680821466445924 -0.16652993594957866 29.605448688621877 1.4055016476407642 -1.3840146792713139 11.066381062570569 -0.088322207636112801 35.290941375639385
leaf_weight=55702 10606 10116 744 2900 846 5399 1004 91 36014 21429 1910 422 679 8682 1142 1692 1946 41534 11233 12648 1558 31813 111 88698 54 16404 3600 447 695 82
leaf_count=55702 10606 10116 744 2900 846 5399 1004 91 36014 21429 1910 422 679 8682 1142 1692 1946 41534 11233 12648 1558 31813 111 88698 54 16404 3600 447 695 82
internal_value=0.024681 0.162518 1.37803 1.658 3.19657 3.79556 1.20894 -2.75049 0.0310153 0.196616 0.976544 2.48372 6.01629 1.73565 3.16056 -0.017592 0.30733 -0.630432 1.12309 0.283091 -0.168682 -0.800273 -2.49942 0.0721471 0.999037 0.931244 1.21785 1.74921 6.35551 14.8214
internal_weight=370201 216133 21100 20356 10240 9303 3904 937 195033 159019 34264 12835 2243 10592 1564 124755 81529 43226 25827 14594 154068 42530 10717 111538 22840 22786 21228 17628 1224 529
internal_count=370201 216133 21100 20356 10240 9303 3904 937 195033 159019 34264 12835 2243 10592 1564 124755 81529 43226 25827 14594 154068 42530 10717 111538 22840 22786 21228 17628 1224 529
is_linear=0
shrinkage=0.05


Tree=233
num_leaves=31
num_cat=0
split_feature=8 11 11 10 11 10 1 3 11 11 9 3 10 11 3 3 10 8 3 0 11 3 3 9 0 8 8 11 1 1
split_gain=4.97527e+06 7.35061e+06 1.49138e+07 1.50217e+07 1.37087e+07 1.20988e+07 9.85738e+06 1.13331e+07 8.01063e+06 7.61885e+06 7.02949e+06 9.54371e+06 1.33876e+07 9.17142e+06 1.08035e+07 1.68855e+07 2.90898e+07 2.27178e+07 1.772e+07 1.81702e+07 1.57424e+07 1.54654e+07 1.43124e+07 1.20623e+07 1.60234e+07 1.50562e+07 1.29343e+07 1.38659e+07 1.43543e+07 2.39426e+07
threshold=3218.1678571428579 20009.920000000002 12943.180000000002 2577.1000000000004 23225.890000000003 2519.2500000000005 4.5000000000000009 14.500000000000002 4002.1250000000005 8677.3750000000018 2258.7413333333338 4.5000000000000009 2720.4666666666672 9526.7850000000017 64.500000000000014 107.50000000000001 2872.6833333333338 2537.0064285714293 101.50000000000001 16.500000000000004 10302.135000000002 122.50000000000001 82.500000000000014 2530.8520000000003 29.500000000000004 1387.0700000000002 2266.1771428571433 45915.240000000013 5.5000000000000009 1.5000000000000002
decision_type=2 2 2 2 2 2 2 2 2 2 2 2 2 2 2 2 2 2 2 2 2 2 2 2 2 2 2 2 2 2
left_child=10 2 3 8 -3 -4 7 -7 -2 -5 -1 12 -12 -13 23 16 18 -18 19 -16 -17 -22 -21 24 25 -15 27 28 29 -27
right_child=1 4 5 9 -6 6 -8 -9 -10 -11 11 13 -14 14 15 20 17 -19 -20 22 21 -23 -24 -25 -26 26 -28 -29 -30 -31
leaf_value=-0.029487508560756454 5.9220936316710251 20.627567377762919 3.2294319037840058 -0.60176610969580135 -2.1121788821658312 -31.962273915608723 -41.979170675997466 0.28403986323963515 -16.503998946740349 16.77025058494424 2.3540441001941956 -2.1747818454626593 26.572648257475635 -23.500967447381271 -7.6878882173229677 26.512263816500468 56.140670200929804 13.128637403249741 33.321802287535235 2.5574831441152011 -15.046572346415591 2.7359041776788029 27.817482388768582 -5.0821942212799236 29.934888157477747 21.720090075723487 -1.9436721786815145 -5.5068718573626354 25.167425976336844 -3.9867903286809323
leaf_weight=363067 52 78 53 156 441 54 53 55 170 106 153 1432 91 57 204 63 59 64 55 139 136 1211 94 756 52 153 718 153 142 222
leaf_count=363067 52 78 53 156 441 54 53 55 170 106 153 1432 91 57 204 63 59 64 55 139 136 1211 94 756 52 153 718 153 142 222
internal_value=-0.0120718 -3.20243 -6.54941 -1.68174 1.30536 -17.5073 -24.2916 -15.6912 -11.251 6.42661 -0.00154165 1.70256 11.3864 1.28875 2.44812 5.09845 12.0118 33.7604 6.5746 3.20825 2.08306 0.940495 12.7482 0.0659978 2.66589 1.68458 2.71886 7.71542 11.6284 6.50162
internal_weight=370239 1218 699 484 519 215 162 109 222 262 369021 5954 244 5710 4278 2025 615 123 492 437 1410 1347 233 2253 1497 1445 1388 670 517 375
internal_count=370239 1218 699 484 519 215 162 109 222 262 369021 5954 244 5710 4278 2025 615 123 492 437 1410 1347 233 2253 1497 1445 1388 670 517 375
is_linear=0
shrinkage=0.05


Tree=234
num_leaves=31
num_cat=0
split_feature=1 11 1 10 8 11 10 4 11 3 8 8 11 8 10 0 8 9 3 9 10 11 3 11 9 8 9 10 0 8
split_gain=3.68795e+06 1.0837e+07 7.55915e+06 1.72539e+07 2.60726e+07 1.27498e+07 1.47828e+07 1.92105e+07 2.8419e+07 1.09119e+07 1.17284e+07 1.08604e+07 1.02098e+07 8.36897e+06 3.36934e+07 1.33804e+07 1.13336e+07 1.90802e+07 1.9166e+07 2.18801e+07 2.35376e+07 3.32592e+07 1.82571e+07 1.93441e+07 2.254e+07 1.76569e+07 2.33302e+07 2.25265e+07 1.97595e+07 1.96978e+07
threshold=5.5000000000000009 18339.145 4.5000000000000009 721.21666666666681 101.68928571428573 2317.2200000000007 1090.7166666666669 1.5000000000000002 4492.4150000000009 26.500000000000004 1092.6764285714287 379.8314285714286 1213.2750000000003 857.42928571428581 1987.5500000000002 5.5000000000000009 1554.1278571428572 1196.8403333333333 19.500000000000004 1957.9808333333337 2348.0500000000006 19100.720000000005 24.500000000000004 7102.0150000000003 1485.087666666667 1265.0907142857145 1412.969166666667 1853.7000000000003 6.5000000000000009 1483.5285714285715
decision_type=2 2 2 2 2 2 2 2 2 2 2 2 2 2 2 2 2 2 2 2 2 2 2 2 2 2 2 2 2 2
left_child=2 -2 -1 11 -5 9 7 -7 -9 12 -11 -4 -6 14 15 -8 17 -15 -19 22 -21 -22 -20 24 -24 28 27 -27 -25 -28
right_child=1 -3 3 4 5 6 13 8 -10 10 -12 -13 -14 16 -16 -17 -18 18 19 20 21 -23 23 25 -26 26 29 -29 -30 -31
leaf_value=-0.03229789640481686 -0.15849634837507645 -2.7563239603566667 0.63826696291075691 -33.217028546800798 -5.3596566317686403 -7.8764974398919723 -15.114236625980158 28.064060238728658 6.7719158506066339 -4.3133499043943218 -24.752913833679038 -1.1890003236081403 23.709986000061036 0.65146464185964437 -37.471292987323942 2.6548804438780556 1.0028840975615021 26.10811849400617 -21.153929264068605 17.934204991658529 -53.227385942459108 -0.85562513493872316 6.6400086665975637 1.2329296376583352 -31.318669564845198 5.144105775606687 7.0558968608352277 -23.399546765809013 22.82289381460247 28.953748531711511
leaf_weight=262897 49090 4372 32324 51 67 171 122 185 1025 277 94 10865 55 1499 63 805 4039 138 50 54 50 77 116 137 59 219 352 101 468 145
leaf_count=262897 49090 4372 32324 51 67 171 122 185 1025 277 94 10865 55 1499 63 805 4039 138 50 54 50 77 116 137 59 219 352 101 468 145
internal_value=0.0131631 -0.370941 0.0780434 0.619164 2.44546 2.62089 3.01266 7.81042 10.0273 -5.22641 -9.49211 0.178584 7.74551 2.23261 -2.08833 0.316334 2.80267 4.90061 8.14042 6.78399 -9.71716 -21.4744 8.59742 9.52889 -6.15749 11.4594 6.66484 -3.86498 17.9339 13.4446
internal_weight=369967 53462 316505 53608 10419 10368 9875 1381 1210 493 371 43189 122 8494 990 927 7504 3465 1966 1828 181 127 1647 1597 175 1422 817 320 605 497
internal_count=369967 53462 316505 53608 10419 10368 9875 1381 1210 493 371 43189 122 8494 990 927 7504 3465 1966 1828 181 127 1647 1597 175 1422 817 320 605 497
is_linear=0
shrinkage=0.05


Tree=235
num_leaves=31
num_cat=0
split_feature=3 3 3 11 10 9 10 10 8 8 11 9 8 9 8 7 10 1 8 9 9 3 3 8 9 8 10 11 10 11
split_gain=4.60524e+06 7.52868e+06 1.7722e+07 2.32174e+07 3.24062e+07 3.35627e+07 1.47788e+07 9.20677e+06 1.62761e+07 9.96778e+06 8.38735e+06 8.51227e+06 6.28269e+06 8.70544e+06 1.98948e+07 1.39062e+07 1.19763e+07 2.59556e+07 1.10668e+07 1.35564e+07 1.09095e+07 1.12601e+07 1.36317e+07 1.30987e+07 1.18641e+07 1.93349e+07 1.30668e+07 1.27518e+07 1.94994e+07 1.60834e+07
threshold=2.5000000000000004 8.5000000000000018 7.5000000000000009 645.63000000000011 1.0000000180025095e-35 163.27516666666671 213.66666666666671 1853.7000000000003 3218.1678571428579 2430.840714285715 7768.1650000000009 890.74450000000013 295.65571428571434 431.04400000000004 551.57428571428579 1.0000000180025095e-35 1564.416666666667 3.5000000000000004 431.25857142857149 288.48550000000006 649.56250000000011 261.50000000000006 280.50000000000006 839.78785714285721 1341.3198333333337 1326.9885714285717 2071.4333333333338 6719.2000000000016 2010.5333333333335 5577.9500000000007
decision_type=2 2 2 2 2 2 2 2 2 2 2 2 2 2 2 2 2 2 2 2 2 2 2 2 2 2 2 2 2 2
left_child=-1 2 6 4 5 -4 -2 10 9 -9 11 -5 -3 15 16 18 -15 -18 19 -14 -16 23 -23 -22 26 27 -25 28 -26 -30
right_child=1 12 3 7 -6 -7 -8 8 -10 -11 -12 -13 13 14 20 -17 17 -19 -20 -21 21 22 -24 24 25 -27 -28 -29 29 -31
leaf_value=-1.3679977688362692 -1.6762138118898298 0.15479153035833881 1.6803666937798962 0.81949229438442173 -1.7481929533320704 26.20826350727884 1.5245597847183727 4.8237588304461854 -13.169254542205294 26.42316345346385 -8.4884776366858929 19.29863773052509 -4.028409921449442 1.308007868245689 -1.5220565389457386 -0.2175638394327114 -9.9846866401036589 32.470864646699695 -3.4688132626118895 -0.12176648070478456 2.0011577586967384 -3.315931938243935 1.3854257471633886 -1.0379774500679828 1.5333559727205814 -0.078534938768143561 -10.837242677054187 4.7425723101757162 -6.4914719089708832 -41.081797762100514
leaf_weight=6154 5821 187517 213 1511 326 404 9479 99 59 116 238 65 2843 20146 15715 41015 60 90 6783 10144 8526 5084 2213 15159 618 25836 348 3634 95 52
leaf_count=6154 5821 187517 213 1511 326 404 9479 99 59 116 238 65 2843 20146 15715 41015 60 90 6783 10144 8526 5084 2213 15159 618 25836 348 3634 95 52
internal_value=-0.0116255 0.011293 0.99876 4.49165 11.0033 17.7408 0.306801 1.55079 10.0936 16.4774 0.260423 1.58164 -0.0410412 -0.272929 0.0196669 -0.742623 1.41281 15.4886 -1.83191 -0.976975 -0.346214 -0.0460699 -1.89013 0.201886 -0.133486 0.4432 -1.25789 3.50743 -2.35991 -18.7275
internal_weight=370363 364209 18331 3031 943 617 15300 2088 274 215 1814 1576 345878 158361 97576 60785 20296 150 19770 12987 77280 61565 7297 54268 45742 30235 15507 4399 765 147
internal_count=370363 364209 18331 3031 943 617 15300 2088 274 215 1814 1576 345878 158361 97576 60785 20296 150 19770 12987 77280 61565 7297 54268 45742 30235 15507 4399 765 147
is_linear=0
shrinkage=0.05


Tree=236
num_leaves=31
num_cat=0
split_feature=7 10 11 11 6 9 3 5 7 8 3 10 6 9 8 9 3 11 8 9 8 3 3 3 4 9 8 9 8 8
split_gain=6.0177e+06 6.64359e+06 6.78257e+06 5.08903e+06 9.23137e+06 1.62469e+07 2.04482e+07 1.21881e+07 1.8332e+07 2.42842e+07 9.9733e+06 9.24605e+06 9.33607e+06 8.63636e+06 9.5559e+06 1.39328e+07 1.01827e+07 1.19136e+07 8.7688e+06 8.62731e+06 8.38551e+06 8.21804e+06 1.18757e+07 3.9333e+07 2.50368e+07 8.10328e+06 7.85572e+06 7.6965e+06 7.63669e+06 1.01958e+07
threshold=26.500000000000004 167.16666666666669 15243.790000000003 95.410000000000011 30.500000000000004 296.14383333333336 70.500000000000014 1.0000000180025095e-35 1.0000000180025095e-35 313.69071428571436 13.500000000000002 1.0000000180025095e-35 3.5000000000000004 524.56700000000012 141.40357142857144 255.63416666666674 49.500000000000007 29.665000000000003 106.28785714285716 339.0216666666667 176.93785714285715 15.500000000000002 8.5000000000000018 7.5000000000000009 2.5000000000000004 197.24566666666669 130.12785714285715 243.66583333333335 1.0000000180025095e-35 79.0107142857143
decision_type=2 2 2 2 2 2 2 2 2 2 2 2 2 2 2 2 2 2 2 2 2 2 2 2 2 2 2 2 2 2
left_child=3 2 -2 4 7 20 -7 11 9 10 -9 -1 -13 14 16 -16 17 -12 27 -19 -6 22 23 -10 25 -25 -8 -18 -5 -30
right_child=1 -3 -4 28 5 6 26 8 21 -11 13 12 -14 -15 15 -17 18 19 -20 -21 -22 -23 -24 24 -26 -27 -28 -29 29 -31
leaf_value=-7.062394136948237 -0.59046847461609409 -2.713613825992923 3.7427106263393335 -0.73713846578821629 1.0323031704620311 -5.5200785266028518 39.569886496529648 14.641242784655319 -3.3410355561683809 -30.935148815631869 3.5673075219259882 -2.8671512816670615 4.6331201865312721 20.653885468074254 -25.287320015165541 3.382426892437981 4.0231854343304603 11.335359532703727 21.199469488742306 31.593441262931538 -18.055353352119184 -0.4036008422558256 -6.9929838935801518 9.6422849248136799 -5.342679716506094 29.926269896059154 13.941487905714247 -3.8118801744818782 1.4473385236593721 0.15591282482785807
leaf_weight=1109 19467 3620 947 21903 7243 72 67 212 2279 50 601 2943 483 70 72 103 618 258 51 66 58 35136 1189 70 106 166 54 636 16261 254242
leaf_count=1109 19467 3620 947 21903 7243 72 67 212 2279 50 601 2943 483 70 72 103 618 258 51 66 58 35136 1189 70 106 166 54 636 16261 254242
internal_value=0.0255398 -0.739518 -0.389453 0.0786644 -0.368671 1.25919 15.5781 -0.632619 -0.3648 3.59059 4.23305 -3.09425 -1.80976 3.34152 2.83763 -8.41313 3.72053 7.73367 0.875974 15.462 0.880669 -0.642772 -2.84842 -0.968265 14.8433 23.9098 28.1324 0.0494201 0.160835 0.233546
internal_weight=370152 24034 20414 346118 53712 7494 193 46218 41683 2737 2687 4535 3426 2475 2405 175 2230 925 1305 324 7301 38946 3810 2621 342 236 121 1254 292406 270503
internal_count=370152 24034 20414 346118 53712 7494 193 46218 41683 2737 2687 4535 3426 2475 2405 175 2230 925 1305 324 7301 38946 3810 2621 342 236 121 1254 292406 270503
is_linear=0
shrinkage=0.05


Tree=237
num_leaves=31
num_cat=0
split_feature=8 11 10 6 11 11 11 10 11 10 11 0 10 10 10 1 6 11 8 1 0 11 11 10 11 8 0 10 0 9
split_gain=9.09375e+06 7.00917e+06 1.07032e+07 8.81827e+06 7.68559e+06 6.73042e+06 1.43765e+07 1.06445e+07 7.61926e+06 6.78515e+06 8.84861e+06 1.20006e+07 8.57251e+06 8.47574e+06 8.61222e+06 6.49339e+06 8.61707e+06 2.62286e+07 1.28039e+07 1.63162e+07 1.04991e+07 9.55158e+06 1.28366e+07 2.03395e+07 9.46976e+06 8.09291e+06 6.69408e+06 1.06857e+07 6.36031e+06 6.27333e+06
threshold=2693.3414285714293 3699.2600000000007 2609.7166666666667 1.5000000000000002 2828.2250000000004 21033.945000000003 23225.890000000003 2641.9333333333338 17684.070000000003 2955.1166666666672 50375.340000000004 21.500000000000004 2762.7666666666669 2720.4666666666672 2680.8833333333337 5.5000000000000009 1.5000000000000002 9526.7850000000017 3218.1678571428579 4.5000000000000009 26.500000000000004 7355.0100000000011 5301.8050000000012 2282.6333333333337 6264.1650000000009 2899.4528571428577 16.500000000000004 2548.1500000000001 15.500000000000002 2422.4765000000002
decision_type=2 2 2 2 2 2 2 2 2 2 2 2 2 2 2 2 2 2 2 2 2 2 2 2 2 2 2 2 2 2
left_child=-1 2 3 4 -2 8 7 -7 15 12 11 -11 13 14 -8 16 18 24 21 20 -20 22 25 -24 -18 -3 27 -23 -9 -28
right_child=1 5 -4 -5 -6 6 9 28 -10 10 -12 -13 -14 -15 -16 -17 17 -19 19 -21 -22 26 23 -25 -26 -27 29 -29 -30 -31
leaf_value=0.017048830661100908 5.6824483171657283 4.5042435240745551 -12.751301665384261 -2.0950354481998246 31.117361381920905 -1.9135654699975166 -1.1591281084071068 10.892779745817185 -12.4278171115636 23.590131470312677 -5.3797281835899984 -4.7708152630290046 -11.473488735229196 15.820507286895406 -20.25822974920273 4.0195739293198214 2.4094964299883164 23.768514929215115 -12.615965036307875 -34.293801177631728 11.185518438599328 8.8743867529763119 -10.092505041758221 27.069489174393507 -26.936234357511559 -22.308911917344581 -15.375708046960241 -10.455529389317594 35.98849713194604 -0.22222466777814065
leaf_weight=366264 54 60 61 76 66 69 642 50 287 96 122 61 284 66 65 239 56 96 294 77 55 144 57 104 54 53 243 142 51 95
leaf_count=366264 54 60 61 76 66 69 642 50 287 96 122 61 284 66 65 239 56 96 294 77 55 144 57 104 54 53 243 142 51 95
internal_value=-0.00825986 -2.43551 5.53909 11.2315 19.6717 -3.01088 -0.471408 13.2236 -4.87102 -2.21404 4.72153 12.5709 -4.04471 -1.31538 -2.91506 -3.64501 -4.84229 4.67064 -6.3224 -13.4613 -8.86501 -2.9358 4.84612 13.9128 -11.9966 -8.07184 -6.35286 -0.722984 23.5649 -11.1166
internal_weight=370083 3819 257 196 120 3562 1506 170 2056 1336 279 157 1057 773 707 1769 1530 206 1324 426 349 898 274 161 110 113 624 286 101 338
internal_count=370083 3819 257 196 120 3562 1506 170 2056 1336 279 157 1057 773 707 1769 1530 206 1324 426 349 898 274 161 110 113 624 286 101 338
is_linear=0
shrinkage=0.05


Tree=238
num_leaves=31
num_cat=0
split_feature=3 10 3 10 3 11 10 6 8 8 10 11 9 11 11 3 10 10 9 11 7 8 3 8 11 11 9 8 0 10
split_gain=4.64823e+06 6.11132e+06 5.67422e+06 1.56264e+07 8.46626e+06 1.13311e+07 1.19392e+07 7.71733e+06 7.27319e+06 2.19335e+07 1.42212e+07 1.95501e+07 1.34747e+07 1.12659e+07 1.23663e+07 9.58912e+06 1.62915e+07 9.33742e+06 8.39558e+06 9.52006e+06 7.91534e+06 7.70165e+06 8.42402e+06 6.42952e+06 6.34582e+06 6.39693e+06 6.15025e+06 9.82444e+06 9.95758e+06 1.3255e+07
threshold=286.50000000000006 2198.5166666666669 261.50000000000006 828.96666666666681 138.50000000000003 3815.8050000000007 2762.7666666666669 3.5000000000000004 1355.9100000000001 1925.7600000000002 2548.1500000000001 20009.920000000002 1998.7498333333335 16431.460000000003 8853.8650000000016 255.50000000000003 2418.9166666666674 2261.6500000000001 1485.087666666667 55972.670000000006 13.500000000000002 1750.47 256.50000000000006 1669.8157142857144 9289.2850000000017 16431.460000000003 2138.2523333333338 2024.3085714285717 5.5000000000000009 2577.1000000000004
decision_type=2 2 2 2 2 2 2 2 2 2 2 2 2 2 2 2 2 2 2 2 2 2 2 2 2 2 2 2 2 2
left_child=2 -2 4 -4 -1 -6 8 26 20 10 11 13 17 14 23 -14 -17 24 -13 -20 -7 22 -16 -10 -11 -26 -5 28 29 -28
right_child=1 -3 3 7 5 6 -8 -9 9 12 -12 18 15 -15 21 16 -18 -19 19 -21 -22 -23 -24 -25 25 -27 27 -29 -30 -31
leaf_value=-0.022114767779853033 1.8195493187105116 13.753055880398586 -0.13368900575853868 -3.5284354271356619 0.47089013045331946 1.4750412611299879 -15.937187861363094 -19.517218076481541 37.030572477803716 -13.650386844247075 35.248819833813293 -12.134299863179526 -1.6317065389306695 39.061352266831832 27.73086877115842 39.96063312607653 1.6684609647657052 -18.552747064828875 17.35262956824354 -7.1595140650652453 12.968650931229622 -7.7158990345303984 1.9634020996093751 13.748272600540748 19.089482297720732 -4.3626110681465695 30.306211600915805 -3.4404519149327437 0.81606991744006341 3.6453427874852746
leaf_weight=315125 1428 116 31308 4932 12038 1849 75 68 69 59 66 90 111 55 58 51 61 116 93 69 163 63 70 52 54 63 74 1063 679 126
leaf_count=315125 1428 116 31308 4932 12038 1849 75 68 69 59 66 90 111 55 58 51 61 116 93 69 163 63 70 52 54 63 74 1063 679 126
internal_value=-0.0215733 2.71611 -0.0330379 -0.60957 0.0336965 1.18133 3.78319 -2.75577 4.24366 7.32449 13.1858 10.8333 -0.471563 18.1965 14.5184 8.78318 19.1051 -7.5394 0.109925 6.91227 2.40618 6.59543 13.6393 27.025 -0.280598 6.46143 -2.58996 -0.206548 3.70431 13.5099
internal_weight=370244 1544 368700 38250 330450 15325 3287 6942 3212 1200 685 619 515 367 312 223 112 292 252 162 2012 191 128 121 176 117 6874 1942 879 200
internal_count=370244 1544 368700 38250 330450 15325 3287 6942 3212 1200 685 619 515 367 312 223 112 292 252 162 2012 191 128 121 176 117 6874 1942 879 200
is_linear=0
shrinkage=0.05


Tree=239
num_leaves=31
num_cat=0
split_feature=8 9 6 10 3 0 1 10 10 11 7 10 10 9 11 8 3 11 6 6 11 8 1 1 9 8 10 11 8 8
split_gain=6.08122e+06 1.88344e+07 8.84391e+06 2.08259e+07 1.17915e+07 9.97572e+06 2.01253e+07 1.7731e+07 1.19275e+07 8.57628e+06 1.5087e+07 9.19494e+06 7.97291e+06 1.13781e+07 1.91221e+07 1.5547e+07 1.22417e+07 1.31953e+07 1.14867e+07 8.39574e+06 7.94076e+06 9.12414e+06 8.7661e+06 1.57751e+07 7.79952e+06 1.52954e+07 2.37396e+07 2.05708e+07 1.92372e+07 3.5799e+07
threshold=735.66785714285732 573.2266666666668 1.5000000000000002 703.16666666666686 259.50000000000006 1.5000000000000002 4.5000000000000009 2031.3000000000002 1625.5000000000002 1268.2250000000001 17.500000000000004 273.50000000000006 59.166666666666679 346.76666666666671 9772.6550000000025 307.38500000000005 71.500000000000014 15809.935000000003 3.5000000000000004 3.5000000000000004 137.55500000000004 62.719285714285725 5.5000000000000009 4.5000000000000009 1880.9296666666669 2133.8221428571437 2494.5000000000005 55972.670000000006 1669.8157142857144 1554.1278571428572
decision_type=2 2 2 2 2 2 2 2 2 2 2 2 2 2 2 2 2 2 2 2 2 2 2 2 2 2 2 2 2 2
left_child=1 12 3 9 24 6 7 -4 -8 -2 -11 -12 13 -1 -15 16 17 19 -17 -16 -3 22 23 -22 -5 26 27 -26 29 -28
right_child=2 20 5 4 -6 -7 8 -9 -10 10 11 -13 -14 14 15 18 -18 -19 -20 -21 21 -23 -24 -25 25 -27 28 -29 -30 -31
leaf_value=0.062973081016596474 -1.074582565781836 -1.9078241263475773 10.291374401457899 -0.63334494570835131 -2.6638229411661243 0.3514101439921139 9.4846249375078422 -18.157533202171326 40.251902970813575 -9.4068107614269074 -3.7647281237175445 9.1282719248566178 -0.39249604769849844 0.8478754295695925 7.3398274318844674 -0.36798173296979814 6.6111295563891481 45.524292945861816 9.1595040226245636 30.554957450382297 -3.1057411058962527 2.1991428616682693 12.09089489386632 -29.259181776642802 -0.58120749130771576 -0.74146428797701858 6.2980029792785643 26.257802606080595 3.5571759556946549 30.724408577510289
leaf_weight=173450 1161 1418 154 32690 5563 18558 63 85 63 1437 586 181 91448 13058 102 756 241 50 544 63 327 15663 65 70 3244 6989 525 73 1656 210
leaf_count=173450 1161 1418 154 32690 5563 18558 63 85 63 1437 586 181 91448 13058 102 756 241 50 544 63 327 15663 65 70 3244 6989 525 73 1656 210
internal_value=-0.0103539 0.0901954 -0.418459 -0.742768 -0.491155 0.512411 8.69831 0.173562 24.8683 -4.55248 -6.38453 -0.722182 -0.00947776 0.176571 1.50663 6.40529 14.349 23.0225 3.6189 16.2038 1.67942 1.99488 -4.93033 -7.71718 -0.224855 0.826853 2.74713 0.00946111 6.54507 13.277
internal_weight=370493 297255 73238 54315 50950 18923 365 239 126 3365 2204 767 279712 188264 14814 1756 456 215 1300 165 17543 16125 462 397 45387 12697 5708 3317 2391 735
internal_count=370493 297255 73238 54315 50950 18923 365 239 126 3365 2204 767 279712 188264 14814 1756 456 215 1300 165 17543 16125 462 397 45387 12697 5708 3317 2391 735
is_linear=0
shrinkage=0.05


Tree=240
num_leaves=31
num_cat=0
split_feature=11 3 3 9 10 8 9 3 11 10 9 1 3 0 11 10 0 0 9 6 8 1 1 0 8 10 6 10 10 9
split_gain=6.3946e+06 1.03244e+07 1.19089e+07 1.465e+07 1.41924e+07 1.71073e+07 1.1922e+07 1.04148e+07 1.24128e+07 1.45681e+07 9.91015e+06 1.08231e+07 8.75352e+06 1.27783e+07 8.71743e+06 1.00429e+07 1.91097e+07 9.3776e+06 8.43641e+06 9.415e+06 1.12897e+07 1.61245e+07 1.57124e+07 1.52214e+07 1.79024e+07 1.63124e+07 8.34142e+06 8.32527e+06 8.01846e+06 1.78364e+07
threshold=23225.890000000003 5.5000000000000009 25.500000000000004 2258.7413333333338 2469.5833333333335 2078.5514285714294 2194.8705000000004 67.500000000000014 25929.405000000002 2720.4666666666672 2530.8520000000003 3.5000000000000004 57.500000000000007 27.500000000000004 31067.535000000003 2812.8500000000008 10.500000000000002 27.500000000000004 2138.2523333333338 1.5000000000000002 1593.7250000000001 2.5000000000000004 5.5000000000000009 3.5000000000000004 2430.840714285715 2812.8500000000008 2.5000000000000004 2762.7666666666669 2444.1500000000001 1917.6366666666668
decision_type=2 2 2 2 2 2 2 2 2 2 2 2 2 2 2 2 2 2 2 2 2 2 2 2 2 2 2 2 2 2
left_child=-1 -2 3 6 -5 -6 14 8 9 -4 11 -7 18 28 -3 17 -17 26 27 20 -20 -22 23 -23 25 -25 -16 -10 29 -14
right_child=1 2 7 4 5 10 -8 -9 12 -11 -12 -13 13 -15 15 16 -18 -19 19 -21 21 22 -24 24 -26 -27 -28 -29 -30 -31
leaf_value=0.02955021452471765 -5.8583597003843373 5.806743045112408 -5.561839762287387 9.5872512828736074 -39.099997287326396 -1.3465904662858197 18.983066366320458 0.15223763868081208 -1.2134790336856731 -24.598984777399924 7.6320071146521773 -29.873952813581987 -2.8610795443539794 -14.793156640184051 -0.076831988479798635 -6.2792043981552128 36.812412477889147 -17.944778102552387 22.309764030542269 -10.74322925758362 -6.5737874361473745 -5.0948705451530323 -2.1768725531045781 20.034577263576885 3.1764331766275262 56.894173130622278 15.015870997027347 -10.659559252591638 -7.9173127210341425 19.72070161370398
leaf_weight=350176 993 1113 908 84 54 67 107 6686 4503 113 71 66 579 282 2519 50 53 71 89 100 254 57 172 71 65 52 95 246 474 103
leaf_count=350176 993 1113 908 84 54 67 107 6686 4503 113 71 66 579 282 2519 50 53 71 89 100 254 57 172 71 65 52 95 246 474 103
internal_value=-0.0202279 -0.887576 -0.629201 1.66988 -8.26345 -14.0753 2.51748 -1.30705 -2.51637 -7.66879 -7.45113 -15.503 -1.76987 -5.25022 2.06585 0.572448 15.8942 -0.0153115 -0.877599 3.67918 5.57687 3.35745 9.40669 17.5388 24.4012 35.6175 0.471679 -1.70279 -2.92227 0.549365
internal_weight=370273 20097 19104 4350 342 258 4008 14754 8068 1021 204 133 7047 1438 3901 2788 103 2685 5609 860 760 671 417 245 188 123 2614 4749 1156 682
internal_count=370273 20097 19104 4350 342 258 4008 14754 8068 1021 204 133 7047 1438 3901 2788 103 2685 5609 860 760 671 417 245 188 123 2614 4749 1156 682
is_linear=0
shrinkage=0.05


Tree=241
num_leaves=31
num_cat=0
split_feature=11 6 0 1 9 8 0 9 9 3 8 8 9 3 9 9 8 9 3 1 3 8 9 1 1 7 3 11 9 8
split_gain=5.3527e+06 4.98424e+06 1.38346e+07 1.12912e+07 8.65872e+06 4.9432e+06 8.40253e+06 6.84912e+06 6.04424e+06 1.03314e+07 2.33876e+07 3.56817e+07 1.82762e+07 1.25069e+07 7.28025e+06 7.75507e+06 6.3133e+06 8.04031e+06 5.42119e+06 5.18261e+06 4.91005e+06 4.89721e+06 4.6029e+06 4.23377e+06 4.15895e+06 3.97923e+06 7.99232e+06 6.4936e+06 5.86715e+06 7.7625e+06
threshold=55972.670000000006 1.5000000000000002 17.500000000000004 2.5000000000000004 2138.2523333333338 1174.069285714286 25.500000000000004 1485.087666666667 1917.6366666666668 47.500000000000007 2078.5514285714294 1925.7600000000002 2087.0383333333334 6.5000000000000009 1998.7498333333335 2194.8705000000004 2693.3414285714293 2258.7413333333338 31.500000000000004 1.0000000180025095e-35 36.500000000000007 1750.47 2422.4765000000002 4.5000000000000009 2.5000000000000004 26.500000000000004 9.5000000000000018 18339.145 477.95616666666672 951.38785714285734
decision_type=2 2 2 2 2 2 2 2 2 2 2 2 2 2 2 2 2 2 2 2 2 2 2 2 2 2 2 2 2 2
left_child=25 5 4 -4 20 6 7 -2 -7 10 11 18 -12 -14 -11 24 17 -15 -10 -17 -3 -5 23 -21 -16 -1 28 -28 -27 -30
right_child=1 2 3 21 -6 8 -8 -9 9 14 12 -13 13 16 15 19 -18 -19 -20 22 -22 -23 -24 -25 -26 26 27 -29 29 -31
leaf_value=0.065636189240584619 2.2121795067400263 12.792638411345306 -1.7536251286385764 35.386857628822327 -21.540109728203447 -6.2537350720287215 -13.670885642100188 21.387080913782121 14.706370275160845 8.0464824979955498 -22.529821628464592 52.173817503665184 -13.595155807280205 31.723680101122177 -5.7637803001680235 11.183458042144776 -2.142723131818431 4.5537995491387715 -7.8271991150719789 -5.6240808958294757 -7.3373701993969904 13.471025620974027 -11.327728623407751 12.519720455244476 -21.123182217801205 2.6833280427333639 -0.83096829593884269 10.550757576548865 29.571550170898441 1.8471904156254788
leaf_weight=343497 171 54 71 50 61 1142 59 64 51 88 90 56 71 56 69 54 56 53 56 87 69 52 163 51 122 702 23111 126 50 51
leaf_count=343497 171 54 71 50 61 1142 59 64 51 88 90 56 71 56 69 54 56 53 56 87 69 52 163 51 122 702 23111 126 50 51
internal_value=0.00518353 -2.12858 3.4059 13.5568 -6.13817 -2.90068 3.19889 7.43428 -3.69242 -1.08777 4.37297 19.837 -3.35906 3.95182 -5.29959 -7.45061 11.5023 18.5126 2.9131 -3.07972 1.50019 24.2141 -5.63857 1.08124 -15.5745 0.0221126 -0.599777 -0.769252 4.30446 15.5721
internal_weight=370453 2916 357 173 184 2559 294 235 2265 1123 489 163 326 236 634 546 165 109 107 355 123 102 301 138 191 367537 24040 23237 803 101
internal_count=370453 2916 357 173 184 2559 294 235 2265 1123 489 163 326 236 634 546 165 109 107 355 123 102 301 138 191 367537 24040 23237 803 101
is_linear=0
shrinkage=0.05


Tree=242
num_leaves=31
num_cat=0
split_feature=3 3 3 4 11 9 10 11 8 8 0 9 10 11 11 8 9 8 7 8 9 11 4 9 11 10 0 3 3 0
split_gain=4.09112e+06 9.14244e+06 1.33267e+07 2.93329e+07 3.90265e+07 2.72775e+07 1.55258e+07 1.33255e+07 1.06174e+07 1.16014e+07 9.08758e+06 8.99762e+06 2.28338e+07 7.56967e+06 8.87581e+06 7.21493e+06 8.90274e+06 1.8659e+07 1.36063e+07 1.06604e+07 1.01338e+07 9.55442e+06 1.06873e+07 1.64417e+07 1.5042e+07 1.86302e+07 1.18317e+07 1.12321e+07 1.02657e+07 1.01062e+07
threshold=2.5000000000000004 8.5000000000000018 7.5000000000000009 1.0000000180025095e-35 1565.4350000000002 250.53416666666672 266.83333333333343 1652.8050000000001 2430.840714285715 3218.1678571428579 13.500000000000002 1734.5108333333335 2444.1500000000001 8853.8650000000016 7768.1650000000009 298.55785714285719 434.85700000000003 558.29571428571444 1.0000000180025095e-35 426.64000000000004 294.29233333333337 137.55500000000004 1.5000000000000002 746.05950000000018 1916.8050000000001 586.83333333333337 24.500000000000004 15.500000000000002 12.500000000000002 7.5000000000000009
decision_type=2 2 2 2 2 2 2 2 2 2 2 2 2 2 2 2 2 2 2 2 2 2 2 2 2 2 2 2 2 2
left_child=13 2 6 4 5 -4 -2 -8 -5 -10 11 -9 -13 14 -1 -3 18 21 19 20 -17 -18 24 -24 -23 28 27 -27 -26 -25
right_child=1 15 3 8 -6 -7 7 10 9 -11 -12 12 -14 -15 -16 16 17 -19 -20 -21 -22 22 23 29 25 26 -28 -29 -30 -31
leaf_value=-0.85520950396611028 -0.96067560987655176 0.1641185641170089 7.8175935741907399 -1.7048452886012087 -0.47670437542227329 26.26593023776465 -0.43253820632949519 6.8313304425755597 19.501539260622057 -7.8500016621180952 3.1862913243112292 47.027708559769849 0.60677194595336914 -5.8553118722018187 16.466791249593097 -3.459464053182844 -2.390343298968129 -0.35521534228436502 -0.24526018251936726 -3.3489204751008366 -0.14011658559122778 1.070652442797374 -2.6415585227766369 -3.9882363573792059 21.333071388917812 25.811927182806865 16.926015244884255 5.6263992861459684 1.7087826497280714 9.3199943073384173
leaf_weight=5294 8326 188978 419 1495 569 384 2816 365 126 56 3743 52 54 790 75 3043 1573 76256 40438 7386 9409 9827 2714 194 68 72 324 1609 3334 539
leaf_count=5294 8326 188978 419 1495 569 384 2816 365 126 56 3743 52 54 790 75 3043 1573 76256 40438 7386 9409 9827 2714 194 68 72 324 1609 3334 539
internal_value=-0.00773251 0.0138798 1.09973 4.11915 9.54114 16.6397 0.500216 2.23043 -0.316726 11.0857 4.00995 10.5555 23.3793 -1.28563 -0.613237 -0.0439202 -0.294674 0.00308418 -0.771426 -1.84397 -0.951293 1.35208 1.6672 -0.846948 2.23608 4.35419 8.17724 6.49098 2.10104 5.79776
internal_weight=370328 364169 18405 3049 1372 803 15356 7030 1677 182 4214 471 106 6159 5369 345764 156786 96510 60276 19838 12452 20254 18681 3447 15234 5407 2005 1681 3402 733
internal_count=370328 364169 18405 3049 1372 803 15356 7030 1677 182 4214 471 106 6159 5369 345764 156786 96510 60276 19838 12452 20254 18681 3447 15234 5407 2005 1681 3402 733
is_linear=0
shrinkage=0.05


Tree=243
num_leaves=31
num_cat=0
split_feature=9 8 9 6 6 0 11 9 11 8 1 11 11 0 10 1 11 8 10 9 11 8 11 10 9 1 10 9 10 10
split_gain=4.51863e+06 1.48852e+07 1.60119e+07 1.26144e+07 1.23646e+07 1.61781e+07 2.16133e+07 2.73498e+07 1.11791e+08 1.94807e+07 1.57401e+07 1.65578e+07 1.41635e+07 1.32493e+07 1.8994e+07 1.63916e+07 2.66586e+07 3.41253e+07 1.81548e+07 1.56506e+07 2.26121e+07 3.34643e+07 4.28456e+07 1.55462e+07 1.27256e+07 1.1572e+07 1.147e+07 1.12222e+07 1.11772e+07 2.08031e+07
threshold=1375.5241666666668 1042.8514285714289 1121.5418333333334 4.5000000000000009 1.5000000000000002 25.500000000000004 20009.920000000002 1998.7498333333335 35421.660000000011 1791.3400000000004 3.5000000000000004 7932.1100000000006 3196.5550000000007 14.500000000000002 2812.8500000000008 3.5000000000000004 14253.120000000001 1295.9014285714288 2176.9166666666674 1734.5108333333335 4959.6550000000007 1750.47 7932.1100000000006 1809.7666666666669 2422.4765000000002 1.0000000180025095e-35 2198.5166666666669 2194.8705000000004 2010.5333333333335 2241.0833333333335
decision_type=2 2 2 2 2 2 2 2 2 2 2 2 2 2 2 2 2 2 2 2 2 2 2 2 2 2 2 2 2 2
left_child=1 2 -1 4 -2 13 10 9 -9 -8 25 12 -12 15 -15 -6 17 23 -18 -19 -21 -22 -23 -17 27 -7 -13 -20 -27 -30
right_child=3 -3 -4 -5 5 6 7 8 -10 -11 11 26 -14 14 -16 16 18 19 24 20 21 22 -24 -25 -26 28 -28 -29 29 -31
leaf_value=-0.0086216081950072944 0.18855660606944868 -1.6007848710350865 4.1533137577085011 -20.674134246834686 0.49948582908945527 -4.2521850837174284 20.996409066518151 84.418296714751961 -11.73078381146415 -6.6025189051420803 -13.035037464361924 -5.91746930574116 20.484322071075439 -2.5714242871156707 21.054434058639444 18.591343270029341 12.407848153163478 -4.8043874079611761 -5.8889277002494325 -2.78484981243427 59.915172001100942 49.360359580516814 -9.3640014891944272 53.408436831156422 15.565738328603599 2.5851273891471682 -33.700935923466915 -30.501847260793053 50.931545940567467 10.165953466627334
leaf_weight=315815 31533 14791 2328 70 1482 93 144 62 59 115 52 95 80 1927 89 56 194 134 203 104 53 50 82 75 52 84 61 60 51 81
leaf_count=315815 31533 14791 2328 70 1482 93 144 62 59 115 52 95 80 1927 89 56 194 134 203 104 53 50 82 75 52 84 61 60 51 81
internal_value=0.00810117 -0.0502536 0.0218332 0.531196 0.571238 2.7502 8.58922 17.9106 37.5357 8.74206 2.65604 -5.75345 7.27973 1.49944 -1.52842 3.89793 8.63592 16.2256 0.375202 9.31977 15.8687 26.355 12.8801 38.5248 -7.03538 10.494 -16.7815 -11.504 16.8431 25.9163
internal_weight=370075 332934 318143 37141 37071 5538 977 380 121 259 597 288 132 4561 2016 2545 1063 554 509 423 289 185 132 131 315 309 156 263 216 132
internal_count=370075 332934 318143 37141 37071 5538 977 380 121 259 597 288 132 4561 2016 2545 1063 554 509 423 289 185 132 131 315 309 156 263 216 132
is_linear=0
shrinkage=0.05


Tree=244
num_leaves=31
num_cat=0
split_feature=7 10 11 8 3 6 6 8 8 9 3 10 9 3 8 3 8 9 3 0 8 6 10 8 3 9 8 11 7 10
split_gain=4.39327e+06 6.17717e+06 7.3879e+06 1.00825e+07 7.14767e+06 1.35525e+07 8.18283e+06 6.19714e+06 4.3623e+06 9.58688e+06 4.02771e+06 6.45387e+06 3.74825e+06 6.49654e+06 3.57448e+06 7.87443e+06 9.76036e+06 6.27005e+06 5.20157e+06 5.0224e+06 3.49378e+06 3.48174e+06 7.33756e+06 4.56673e+06 3.48138e+06 7.34433e+06 3.78733e+06 3.32876e+06 1.27108e+07 1.72991e+07
threshold=26.500000000000004 167.16666666666669 10302.135000000002 106.28785714285716 10.500000000000002 1.5000000000000002 2.5000000000000004 521.06500000000017 426.64000000000004 308.11916666666679 286.50000000000006 2548.1500000000001 290.46616666666677 101.50000000000001 404.49428571428581 15.500000000000002 216.77071428571432 344.24250000000001 19.500000000000004 9.5000000000000018 307.38500000000005 2.5000000000000004 20.166666666666668 37.282857142857154 46.500000000000007 455.00233333333341 29.296428571428574 5128.8100000000004 14.500000000000002 273.50000000000006
decision_type=2 2 2 2 2 2 2 2 2 2 2 2 2 2 2 2 2 2 2 2 2 2 2 2 2 2 2 2 2 2
left_child=10 2 21 12 5 -5 14 -7 9 -8 27 -12 -4 -14 15 16 -6 -17 -16 -19 -11 22 23 -2 25 -3 -26 -1 -29 -30
right_child=1 24 3 4 6 7 8 -9 -10 20 11 -13 13 -15 18 17 -18 19 -20 -21 -22 -23 -24 -25 26 -27 -28 28 29 -31
leaf_value=-0.062000776936527446 4.8300524200333497 -1.2239399795366435 4.8753201426230319 -9.8593056014605942 22.920824020787293 31.066015881397689 2.0353380662355671 7.9214750393954194 -2.0315887221031721 27.801901161670685 1.9246326458360354 18.030276587559626 22.216519134694881 0.3108564966375178 -9.7353356624758529 -1.9359350732903469 2.410827679147526 1.900414668718974 -0.62073491119110402 16.554461916715283 11.897960306803386 -0.22843046441490222 0.61883873884463414 -3.3088036319507674 5.1591559871364003 17.472390833869579 -3.4246246073411366 -0.058714706256654516 0.9516532054722493 6.6228569570113098
leaf_weight=255227 180 293 671 56 76 61 195 55 117 64 1445 65 88 55 258 2280 245 225 398 79 75 8999 2158 4057 134 64 3133 66327 21584 1434
leaf_count=255227 180 293 671 56 76 61 195 55 117 64 1445 65 88 55 258 2280 245 225 398 79 75 8999 2158 4057 134 64 3133 66327 21584 1434
internal_value=-0.0041412 -0.658092 -0.320044 1.35019 0.359651 10.3406 -0.0682468 20.0923 6.27686 9.1873 0.041239 2.61792 6.44163 13.7913 -0.871853 -0.119071 7.26678 -1.03659 -4.20544 5.70854 19.2206 -0.862323 -1.75433 -2.96304 -2.56027 2.12778 -3.07255 0.0299473 0.292611 1.30496
internal_weight=370098 24016 20392 4998 4184 172 4012 116 451 334 346082 1510 814 143 3561 2905 321 2584 656 304 139 15394 6395 4237 3624 357 3267 344572 89345 23018
internal_count=370098 24016 20392 4998 4184 172 4012 116 451 334 346082 1510 814 143 3561 2905 321 2584 656 304 139 15394 6395 4237 3624 357 3267 344572 89345 23018
is_linear=0
shrinkage=0.05


Tree=245
num_leaves=31
num_cat=0
split_feature=10 11 3 1 8 11 3 3 8 8 1 0 10 8 8 8 8 11 9 3 3 8 9 9 9 11 10 9 3 0
split_gain=4.56329e+06 1.12607e+07 1.09566e+07 1.07164e+07 8.39788e+06 1.52987e+07 8.6045e+06 9.5158e+06 1.50791e+07 9.66231e+06 1.76454e+07 8.3576e+06 7.27576e+06 5.80514e+06 4.88555e+06 4.86046e+06 4.51671e+06 6.41858e+06 7.72903e+06 8.73436e+06 2.50555e+07 2.03618e+07 2.66701e+07 1.45123e+07 1.16337e+07 1.67486e+07 1.1468e+07 1.13375e+07 9.21045e+06 1.08345e+07
threshold=2955.1166666666672 7768.1650000000009 277.50000000000006 3.5000000000000004 1593.7250000000001 35421.660000000011 89.500000000000014 64.500000000000014 2899.4528571428577 2024.3085714285717 4.5000000000000009 24.500000000000004 3076.1000000000008 1925.7600000000002 2537.0064285714293 2195.8535714285722 2340.6650000000004 65821.285000000018 1768.4196666666669 9.5000000000000018 5.5000000000000009 2899.4528571428577 2530.8520000000003 2194.8705000000004 2336.8835000000004 8101.5250000000005 2469.5833333333335 1917.6366666666668 34.500000000000007 2.5000000000000004
decision_type=2 2 2 2 2 2 2 2 2 2 2 2 2 2 2 2 2 2 2 2 2 2 2 2 2 2 2 2 2 2
left_child=16 -2 4 -4 5 -3 7 9 -9 10 -6 -11 -13 -8 -14 -15 -1 18 -18 20 -20 23 24 27 25 -23 -27 -22 29 -21
right_child=1 2 3 -5 6 -7 13 8 -10 11 -12 12 14 15 -16 -17 17 -19 19 28 21 22 -24 -25 -26 26 -28 -29 -30 -31
leaf_value=0.025985194430020911 -14.219560060034627 35.576228661630665 5.2849407307152614 30.532647922173354 -21.768589215959821 -0.015720676731418921 6.5217073511194306 35.403071649724787 -0.56134537881420499 7.220658251674954 14.320214874267577 -19.040435895323753 12.814286613464356 -24.539945324984465 -8.8758144035339352 -6.5902999607659885 -7.1236211516921459 -10.967907554090742 -2.6202452299905863 10.580143592099553 27.861200608177622 23.31086371762412 34.690222618146379 41.141230949988739 -18.357616876752189 -22.174512540377105 5.261012555205304 4.3948975132357688 -0.36276634315032374 -6.8573687178404583
leaf_weight=362133 92 51 103 71 105 74 54 55 62 469 50 64 54 55 50 120 482 166 920 97 88 70 55 65 89 65 92 124 3637 1091
leaf_count=362133 92 51 103 71 105 74 54 55 62 469 50 64 54 55 50 120 482 166 920 97 88 70 55 65 89 65 92 124 3637 1091
internal_value=0.0128885 2.73877 3.82449 15.5872 2.20397 14.5058 0.85272 3.03494 16.345 1.06867 -10.127 3.79291 -5.77623 -7.80944 2.38635 -12.2316 0.00159874 -1.25265 -1.01807 -0.557739 2.68423 10.2153 2.55678 20.4727 -3.03607 2.97106 -6.09764 14.1356 -1.61129 -5.4336
internal_weight=370703 1529 1437 174 1263 125 1138 909 117 792 155 637 168 229 104 175 369174 7041 6875 6393 1568 648 371 277 316 227 157 212 4825 1188
internal_count=370703 1529 1437 174 1263 125 1138 909 117 792 155 637 168 229 104 175 369174 7041 6875 6393 1568 648 371 277 316 227 157 212 4825 1188
is_linear=0
shrinkage=0.05


Tree=246
num_leaves=31
num_cat=0
split_feature=7 11 6 11 8 3 8 11 6 8 7 6 4 8 11 8 8 11 10 4 10 6 6 10 3 7 11 8 3 0
split_gain=4.86726e+06 6.69084e+06 5.69016e+06 1.07708e+07 5.59266e+06 5.9035e+06 5.24388e+06 4.26075e+06 8.82987e+06 1.09785e+07 9.08844e+06 1.25928e+07 1.53647e+07 1.01035e+07 1.10339e+07 7.51737e+06 1.15795e+07 9.17606e+06 8.58911e+06 8.43474e+06 7.47174e+06 7.09511e+06 7.00455e+06 6.89178e+06 6.87731e+06 6.77937e+06 6.71714e+06 6.70756e+06 6.64957e+06 8.61041e+06
threshold=26.500000000000004 14742.730000000001 2.5000000000000004 9289.2850000000017 307.38500000000005 11.500000000000002 37.282857142857154 95.410000000000011 29.500000000000004 205.45785714285719 1.0000000180025095e-35 31.500000000000004 1.0000000180025095e-35 7.2142857142857153 50.695000000000007 1.0000000180025095e-35 79.0107142857143 3568.3200000000002 20.166666666666668 1.5000000000000002 540.38333333333344 17.500000000000004 3.5000000000000004 500.16666666666669 138.50000000000003 21.500000000000004 631.7850000000002 6.0714285714285721 22.500000000000004 25.500000000000004
decision_type=2 2 2 2 2 2 2 2 2 2 2 2 2 2 2 2 2 2 2 2 2 2 2 2 2 2 2 2 2 2
left_child=7 2 6 -4 -5 -6 -2 8 20 10 11 12 13 -10 -15 18 17 23 21 24 -1 -9 -20 -17 -19 -26 -24 -14 -18 -30
right_child=1 -3 3 4 5 -7 -8 15 9 -11 -12 -13 27 14 -16 16 28 19 22 -21 -22 -23 26 -25 25 -27 -28 -29 29 -31
leaf_value=-0.5169736473998382 3.6478288577385416 2.6439437510609878 -0.54411799412324935 8.2660893390450294 14.837936580181122 -1.5524092560883651 -1.8313515959387541 6.9994313902765599 11.194140623251242 -9.3085146716679912 0.32456473290489762 -2.4828478723559804 0.12313884477978865 -1.6401564086819516 9.6690559453171474 1.1265230115065978 0.69005125546818258 4.3099324842949507 9.4548551715504043 -3.5900404862711364 -4.3775209663659451 -0.43206421393756705 0.034469478090444858 -6.9005753113673283 23.195867107492504 3.3413452976628357 -4.7742540112794698 -15.98495070698497 -0.12818388835260397 0.70650078718442133
leaf_weight=42949 454 1441 9687 553 64 388 11445 327 893 249 6542 619 223 464 403 13025 45355 2425 110 321 1291 18041 1029 273 99 76 2468 91 171475 37688
leaf_count=42949 454 1441 9687 553 64 388 11445 327 893 249 6542 619 223 464 403 13025 45355 2425 110 321 1291 18041 1029 273 99 76 2468 91 171475 37688
internal_value=0.0287233 -0.65938 -0.870087 -0.0329621 4.89397 0.768348 -1.6223 0.0764564 -0.33284 1.0516 1.33094 3.77568 5.64358 7.46134 3.61661 0.151578 0.223768 1.51912 -0.737812 4.05666 -0.629631 -0.299764 -2.96849 0.961731 5.00074 14.5733 -3.35928 -4.54513 0.141222 0.0222136
internal_weight=370468 24032 22591 10692 1005 452 11899 346436 53724 9484 9235 2693 2074 1760 867 292712 270737 16219 21975 2921 44240 18368 3607 13298 2600 175 3497 314 254518 209163
internal_count=370468 24032 22591 10692 1005 452 11899 346436 53724 9484 9235 2693 2074 1760 867 292712 270737 16219 21975 2921 44240 18368 3607 13298 2600 175 3497 314 254518 209163
is_linear=0
shrinkage=0.05


Tree=247
num_leaves=31
num_cat=0
split_feature=0 10 11 3 8 11 9 9 3 11 9 9 8 3 8 8 11 11 8 9 11 9 1 9 10 10 11 11 3 1
split_gain=3.90287e+06 9.74392e+06 1.19253e+07 1.80951e+07 1.6097e+07 3.21402e+07 1.57442e+07 1.5153e+07 1.41602e+07 2.24643e+07 1.2027e+07 1.8069e+07 4.28147e+07 3.50946e+07 1.16389e+07 3.34731e+07 1.16046e+07 8.70621e+06 8.4306e+06 2.61921e+07 2.2308e+07 1.35949e+07 1.1377e+07 1.01231e+07 2.65396e+07 2.30521e+07 1.22877e+07 1.7482e+07 1.02097e+07 7.94387e+06
threshold=25.500000000000004 2394.6000000000004 45915.240000000013 21.500000000000004 1669.8157142857144 23225.890000000003 2138.2523333333338 2336.8835000000004 255.50000000000003 6049.8550000000005 1841.156666666667 2087.0383333333334 2195.8535714285722 51.500000000000007 2340.6650000000004 2899.4528571428577 12943.180000000002 17684.070000000003 2340.6650000000004 2258.7413333333338 7932.1100000000006 2087.0383333333334 3.5000000000000004 1880.9296666666669 2176.9166666666674 2241.0833333333335 17684.070000000003 11174.860000000002 78.500000000000014 2.5000000000000004
decision_type=2 2 2 2 2 2 2 2 2 2 2 2 2 2 2 2 2 2 2 2 2 2 2 2 2 2 2 2 2 2
left_child=-1 18 3 7 5 6 -5 -3 10 -10 29 12 13 -12 -11 -16 -17 -13 19 23 -20 -22 -23 -2 -25 28 27 -27 -26 -6
right_child=1 2 -4 4 8 -7 -8 -9 9 14 11 17 -14 -15 15 16 -18 -19 20 -21 21 22 -24 24 25 26 -28 -29 -30 -31
leaf_value=-0.076091459558896846 0.31358420971137857 38.308152033831625 -2.8754729582680216 16.54330474444798 -1.2991208517190183 39.066467646116855 -18.519735336303711 2.8860728806140377 -18.770723090922605 -2.385801773071289 63.206256703977232 3.8417047529066766 -10.052880128080195 11.419968533803182 48.125307555198674 24.887755185799165 -5.0240531148789813 -7.2506519956785498 8.305106792902814 25.003100861790028 -6.1415249293727499 -10.684269717644002 -41.14680035077609 -15.632917575064424 8.246263822487423 -8.9321852048238117 -15.082481267039938 27.684321451187134 39.013782167893197 -24.938542214926187
leaf_weight=306165 60718 74 556 70 66 93 59 51 52 60 54 310 110 83 80 55 79 412 179 107 227 58 65 346 56 78 133 56 52 77
leaf_count=306165 60718 74 556 70 66 93 59 51 52 60 54 310 110 83 80 55 79 412 179 107 227 58 65 346 56 78 133 56 52 77
internal_value=-0.00166294 0.352091 3.51872 5.51042 4.12898 16.6601 0.506721 23.8559 2.1944 11.3581 -0.492061 1.50551 13.1789 31.8321 17.0759 22.5325 7.25318 -2.48801 0.232669 0.286691 -6.05244 -13.3953 -26.7824 0.243646 -5.6461 3.5684 -4.31595 6.37024 23.0603 -14.028
internal_weight=370581 64416 2341 1785 1660 222 129 125 1438 326 1112 969 247 137 274 214 134 722 62075 61546 529 350 123 61439 721 375 267 134 108 143
internal_count=370581 64416 2341 1785 1660 222 129 125 1438 326 1112 969 247 137 274 214 134 722 62075 61546 529 350 123 61439 721 375 267 134 108 143
is_linear=0
shrinkage=0.05


Tree=248
num_leaves=31
num_cat=0
split_feature=11 10 8 9 8 11 0 8 3 8 9 8 8 3 0 8 1 9 1 11 0 11 8 1 3 9 9 0 0 3
split_gain=3.60572e+06 8.34495e+06 1.61957e+07 1.30607e+07 1.70692e+07 1.16643e+07 1.0762e+07 6.90601e+07 1.32594e+07 4.18725e+07 1.78646e+07 1.10343e+07 9.59071e+06 1.06408e+07 1.16192e+07 1.19184e+07 1.37806e+07 1.26917e+07 1.23292e+07 1.28774e+07 1.1485e+07 1.03986e+07 8.22907e+06 8.01409e+06 7.47716e+06 7.28532e+06 1.27304e+07 7.2253e+06 1.57935e+07 2.10257e+07
threshold=23225.890000000003 1900.7500000000002 1632.2000000000003 1307.0473333333337 1145.382142857143 2726.9250000000006 29.500000000000004 1234.1314285714288 56.500000000000007 1925.7600000000002 2703.9491666666668 1554.1278571428572 1066.9100000000003 25.500000000000004 7.5000000000000009 770.63928571428585 2.5000000000000004 2041.4540000000004 3.5000000000000004 7223.8350000000009 18.500000000000004 12943.180000000002 2340.6650000000004 3.5000000000000004 14.500000000000002 1998.7498333333335 1697.2931666666666 1.5000000000000002 2.5000000000000004 45.500000000000007
decision_type=2 2 2 2 2 2 2 2 2 2 2 2 2 2 2 2 2 2 2 2 2 2 2 2 2 2 2 2 2 2
left_child=1 2 -1 4 -3 -5 12 -8 9 -9 11 -10 13 -7 25 16 -16 18 19 -17 -20 -21 -4 -6 -24 26 -15 -14 29 -29
right_child=-2 3 22 5 23 6 7 8 10 -11 -12 -13 27 14 15 17 -18 -19 20 21 -22 -23 24 -25 -26 -27 -28 28 -30 -31
leaf_value=0.022107256015415671 -0.64525158292009499 35.301042815177674 -2.6792237776176702 -5.4735110641049438 -4.2680150022693715 -24.781732751528423 60.44272441864014 52.708862593594723 -24.778864942278183 -3.6665052328058465 24.389045585147919 -1.2261094071843603 -4.4755462614887893 -0.53048788826420623 -13.881366825103761 -20.163545066833496 17.513775439928938 -31.266579961776735 -4.873003450192904 22.935998295375281 -33.500326761099011 -4.7274331757516572 -20.584446557488029 17.519382961591088 -3.1786301227410636 -6.1704756039839523 34.290850788354874 29.598448024509111 1.0748590196761254 4.902066095768733
leaf_weight=328402 20182 62 3433 683 102 60 56 51 56 93 63 444 544 53 56 50 93 64 76 70 65 66 127 72 120 52 52 107 14521 443
leaf_count=328402 20182 62 3433 683 102 60 56 51 56 93 63 444 544 53 56 50 93 64 76 70 65 66 127 72 120 52 52 107 14521 443
internal_value=0.00460141 0.0420592 -0.0148559 1.08895 12.7742 0.934173 1.18958 6.99405 2.76049 16.2998 -0.702485 -3.86402 0.919072 -4.57719 -2.83792 -6.31884 5.71426 -10.9043 -6.91907 1.53404 -18.07 9.5111 -3.31343 4.74746 -12.1282 9.13467 16.7144 1.18553 1.38987 9.70663
internal_weight=370318 350136 332082 18054 236 17818 17135 763 707 144 563 500 16372 757 697 540 149 391 327 186 141 136 3680 174 247 157 105 15615 15071 550
internal_count=370318 350136 332082 18054 236 17818 17135 763 707 144 563 500 16372 757 697 540 149 391 327 186 141 136 3680 174 247 157 105 15615 15071 550
is_linear=0
shrinkage=0.05


Tree=249
num_leaves=31
num_cat=0
split_feature=1 8 11 1 8 10 3 8 0 11 0 8 10 3 11 10 9 9 8 8 10 11 1 8 9 3 8 3 1 9
split_gain=4.71001e+06 6.10242e+06 8.17053e+06 1.34668e+07 1.11099e+07 9.63407e+06 1.08388e+07 4.66126e+07 1.77769e+07 1.26815e+07 2.60995e+07 1.34779e+07 9.38199e+06 7.62405e+06 1.24581e+07 8.46654e+06 1.28665e+07 8.12518e+06 8.0013e+06 1.49285e+07 1.3539e+07 1.13859e+07 1.77029e+07 9.15036e+06 9.1464e+06 1.33471e+07 2.11229e+07 7.47448e+06 6.93642e+06 6.85374e+06
threshold=2.5000000000000004 1092.6764285714287 8101.5250000000005 1.0000000180025095e-35 1593.7250000000001 1900.7500000000002 14.500000000000002 2266.1771428571433 19.500000000000004 7355.0100000000011 14.500000000000002 1750.47 2198.5166666666669 3.5000000000000004 18339.145 2111.3500000000008 2258.7413333333338 2138.2523333333338 1632.2000000000003 1750.47 2418.9166666666674 27454.115000000002 1.0000000180025095e-35 1791.3400000000004 2194.8705000000004 65.500000000000014 2340.6650000000004 92.500000000000014 1.0000000180025095e-35 1087.7610000000002
decision_type=2 2 2 2 2 2 2 2 2 2 2 2 2 2 2 2 2 2 2 2 2 2 2 2 2 2 2 2 2 2
left_child=1 29 3 -3 12 -6 7 -7 -9 11 -11 27 -5 14 -4 -16 -17 -15 20 -20 -19 22 -22 -21 25 -25 -27 -8 -23 -1
right_child=-2 2 13 4 5 6 9 8 -10 10 -12 -13 -14 17 15 16 -18 18 19 23 21 28 -24 24 -26 26 -28 -29 -30 -31
leaf_value=-0.14266951372234368 0.14595085301062885 -2.536958547241118 -15.889745782633298 0.39648860041195227 -0.16756732554600418 54.702183588997265 6.7663988709449772 -6.0994147579486553 25.605171713188515 44.333682846618913 -0.81097070106438229 0.87914715868199156 -15.186316843593822 -2.05940641447275 5.6079223157132718 -18.933863619382564 3.9730812105639233 -10.664124143445814 -16.597796130226566 20.13963364283244 21.715996127658421 13.624004101362386 -13.346314366658531 -0.17986398128548053 -0.87895569513875671 35.814940254085037 -5.0711331750832356 31.437976772502317 38.110154030539775 2.5186437470517022
leaf_weight=136103 211152 2309 244 1822 637 61 64 130 67 59 70 840 102 10628 206 130 116 74 129 60 72 61 72 198 2048 83 51 59 55 2463
leaf_count=136103 211152 2309 244 1822 637 61 64 130 67 59 70 840 102 10628 206 130 116 74 129 60 72 61 72 198 2048 83 51 59 55 2463
internal_value=-0.00882459 -0.21435 -1.02069 0.490928 2.27855 4.90086 7.29241 16.5095 4.68336 5.11474 19.8366 3.14265 -0.429627 -1.68156 -6.78504 -1.87012 -8.13221 -1.41905 0.925303 -0.021191 8.20537 13.5759 4.18484 0.855195 0.369033 8.06747 20.2538 18.6007 25.2338 -0.0953649
internal_weight=370165 159013 20447 6220 3911 1987 1350 258 197 1092 129 963 1924 14227 696 452 246 13531 2903 2569 334 260 144 2440 2380 332 134 123 116 138566
internal_count=370165 159013 20447 6220 3911 1987 1350 258 197 1092 129 963 1924 14227 696 452 246 13531 2903 2569 334 260 144 2440 2380 332 134 123 116 138566
is_linear=0
shrinkage=0.05


Tree=250
num_leaves=31
num_cat=0
split_feature=8 9 6 1 1 8 1 3 11 9 0 11 11 9 8 3 3 9 0 0 10 0 10 10 0 11 9 3 9 10
split_gain=5.69926e+06 1.6142e+07 1.80604e+07 1.75374e+07 2.31104e+07 2.24316e+07 1.73903e+07 1.9433e+07 1.74024e+07 1.65395e+07 4.10415e+07 1.52116e+07 2.05232e+07 2.84006e+07 1.74155e+07 1.68116e+07 1.43997e+07 1.39891e+07 2.33231e+07 2.16114e+07 1.34706e+07 1.3425e+07 1.33269e+07 1.31119e+07 1.2948e+07 1.62794e+07 1.1578e+07 1.05875e+07 1.79289e+07 1.08554e+07
threshold=1554.1278571428572 970.15350000000012 5.5000000000000009 1.0000000180025095e-35 5.5000000000000009 874.19928571428591 4.5000000000000009 19.500000000000004 3357.3900000000003 1957.9808333333337 13.500000000000002 17684.070000000003 15243.790000000003 1485.087666666667 1295.9014285714288 24.500000000000004 82.500000000000014 1375.5241666666668 5.5000000000000009 10.500000000000002 1427.8500000000001 6.5000000000000009 1965.7166666666669 1509.116666666667 21.500000000000004 10040.765000000001 1270.8481666666669 22.500000000000004 1087.7610000000002 2261.6500000000001
decision_type=2 2 2 2 2 2 2 2 2 2 2 2 2 2 2 2 2 2 2 2 2 2 2 2 2 2 2 2 2 2
left_child=1 20 3 -3 5 27 -7 22 -9 11 -11 12 14 16 -10 -13 -14 -17 -19 21 -1 -20 -8 -16 25 -25 -2 28 -5 -29
right_child=26 2 -4 4 -6 6 7 8 9 10 -12 15 13 -15 23 17 -18 18 19 -21 -22 -23 -24 24 -26 -27 -28 29 -30 -31
leaf_value=-0.040197906290153004 -5.8830722251853214 -1.7081842829550073 -20.362343491800132 2.2370371593128549 -1.4921557493883539 1.2599080390239357 12.815891290156641 -17.322794695960152 13.051702604149009 9.8544960635049019 -39.786085394154426 -25.6181139927644 29.17642269721398 55.627013317454946 -15.119323233011608 -1.5804373648563388 -4.368315854905144 -16.715368471406912 15.491972715449783 7.6217524969786927 -5.4779965718952273 50.914883776064272 40.61287626337122 12.550678305106588 20.158638729155065 -15.191118144129849 -0.50557913944029298 6.122434054871241 41.918925454859007 24.453211813534011
leaf_weight=316446 1039 3885 96 55 3907 11528 214 90 568 105 69 52 65 55 111 628 63 73 53 342 1143 54 54 101 96 111 27334 1621 59 85
leaf_count=316446 1039 3885 96 55 3907 11528 214 90 568 105 69 52 65 55 111 628 63 73 53 342 1143 54 54 101 96 111 27334 1621 59 85
internal_value=-0.0215628 0.0349739 1.28142 1.36783 1.96064 2.79069 2.13103 5.58914 4.28497 5.04879 -9.83056 6.14028 10.1987 25.5779 7.34727 2.18988 12.6661 3.44729 9.49597 13.7575 -0.0597685 33.369 18.4168 -0.385707 4.92414 -1.97451 -0.702499 8.02156 22.7742 7.03575
internal_weight=370102 341729 24140 24044 20159 16252 14432 2904 2636 2546 174 2372 1170 183 987 1202 128 1150 522 449 317589 107 268 419 308 212 28373 1820 114 1706
internal_count=370102 341729 24140 24044 20159 16252 14432 2904 2636 2546 174 2372 1170 183 987 1202 128 1150 522 449 317589 107 268 419 308 212 28373 1820 114 1706
is_linear=0
shrinkage=0.05


Tree=251
num_leaves=31
num_cat=0
split_feature=8 9 6 11 11 11 10 11 9 11 3 11 3 3 10 11 11 9 11 10 1 10 1 3 9 8 9 8 11 3
split_gain=5.45208e+06 5.36038e+06 4.11697e+06 4.82966e+06 1.54072e+07 7.83225e+06 7.07093e+06 1.29999e+07 1.7819e+07 9.38212e+06 7.00813e+06 5.77486e+06 5.29295e+06 1.38262e+07 1.22649e+07 1.37891e+07 9.11447e+06 1.34453e+07 9.03996e+06 8.06648e+06 6.72622e+06 6.33388e+06 4.85734e+06 3.6837e+06 8.23906e+06 1.64052e+07 2.52871e+07 1.58134e+07 2.66294e+07 1.48221e+07
threshold=2899.4528571428577 1880.9296666666669 2.5000000000000004 3568.3200000000002 2828.2250000000004 4412.9450000000006 2282.6333333333337 8101.5250000000005 2336.8835000000004 8853.8650000000016 59.500000000000007 23225.890000000003 4.5000000000000009 6.5000000000000009 2469.5833333333335 16973.135000000006 20009.920000000002 2422.4765000000002 11174.860000000002 2371.4500000000003 1.5000000000000002 2680.8833333333337 1.5000000000000002 25.500000000000004 1841.156666666667 1451.2592857142861 2041.4540000000004 1750.47 11846.610000000002 24.500000000000004
decision_type=2 2 2 2 2 2 2 2 2 2 2 2 2 2 2 2 2 2 2 2 2 2 2 2 2 2 2 2 2 2
left_child=23 -2 3 4 -3 -5 10 8 -8 -9 11 -7 14 16 -11 -16 -14 -18 21 -20 -17 -15 -10 24 -1 26 -26 28 -27 -29
right_child=1 2 -4 5 -6 6 7 9 22 12 -12 -13 13 18 15 20 17 -19 19 -21 -22 -23 -24 -25 25 27 -28 29 -30 -31
leaf_value=0.25019377892873362 -18.192600343777581 -6.4015322679631854 11.310662437740126 -19.94950420526358 27.948242802439996 -23.564017931003018 28.819389426557326 -23.894647125097421 -9.802514510948054 -30.067148273396043 1.946279640777691 -2.8538794775009158 -5.4984622880524281 0.24575921416282656 -20.886243711871867 -5.641550562174424 4.8804496933432189 38.298726074783893 13.541882217341456 -5.6689340057924902 13.530404787797195 22.287484904310922 6.802212791196232 -0.03804500840281573 2.9561588300466539 -9.1336512260437015 -37.891516607315815 1.9676090951760612 26.415866047918463 23.849670521765947
leaf_weight=72353 52 85 57 65 53 103 79 52 71 53 74 50 51 80 81 92 68 54 58 944 91 55 116 292453 100 75 61 2370 177 80
leaf_count=72353 52 85 57 65 53 103 79 52 71 53 74 50 51 80 81 92 68 54 58 944 91 55 116 292453 100 75 61 2370 177 80
internal_value=0.0264443 -2.30816 -1.96852 -2.28722 6.79077 -2.84724 -2.33544 -1.36082 8.90906 -2.98786 -10.6862 -16.796 -2.31966 -0.916788 -8.11704 -3.71038 12.2519 19.6721 -2.92047 -4.55693 3.89204 9.22572 0.497744 0.0422171 0.35429 2.98499 -12.5203 3.90888 15.8357 2.68213
internal_weight=370153 2484 2432 2375 138 2237 2172 1945 266 1679 227 153 1627 1310 317 264 173 122 1137 1002 183 135 187 367669 75216 2863 161 2702 252 2450
internal_count=370153 2484 2432 2375 138 2237 2172 1945 266 1679 227 153 1627 1310 317 264 173 122 1137 1002 183 135 187 367669 75216 2863 161 2702 252 2450
is_linear=0
shrinkage=0.05


Tree=252
num_leaves=31
num_cat=0
split_feature=9 11 10 3 3 11 11 11 8 11 8 1 11 10 11 8 11 10 9 9 3 10 3 10 9 6 8 10 9 8
split_gain=3.23693e+06 9.00207e+06 7.22627e+06 9.48268e+06 9.43643e+06 9.19203e+06 1.41578e+07 1.68139e+07 7.88982e+06 2.01183e+07 2.16903e+07 1.74447e+07 1.10227e+07 9.2873e+06 5.86982e+06 5.40335e+06 8.42803e+06 6.82417e+06 1.03233e+07 1.30135e+07 7.90678e+06 4.86114e+06 4.765e+06 4.66665e+06 4.5445e+06 1.60319e+07 1.21057e+07 1.08808e+07 9.75795e+06 8.77332e+06
threshold=2703.9491666666668 45915.240000000013 2680.8833333333337 270.50000000000006 45.500000000000007 4568.1850000000013 11174.860000000002 8677.3750000000018 2899.4528571428577 20009.920000000002 2340.6650000000004 3.5000000000000004 21033.945000000003 2955.1166666666672 55972.670000000006 2340.6650000000004 65821.285000000018 2955.1166666666672 2336.8835000000004 2422.4765000000002 12.500000000000002 2872.6833333333338 8.5000000000000018 2872.6833333333338 1519.3770000000002 4.5000000000000009 1295.9014285714288 2371.4500000000003 1158.1600000000001 268.1835714285715
decision_type=2 2 2 2 2 2 2 2 2 2 2 2 2 2 2 2 2 2 2 2 2 2 2 2 2 2 2 2 2 2
left_child=15 2 3 4 -2 -4 7 21 9 11 -11 -8 -10 -14 -3 24 17 -17 -19 -20 -21 -7 -18 -24 26 -26 28 -28 -1 -30
right_child=1 14 5 -5 -6 6 8 -9 12 10 -12 -13 13 -15 -16 16 22 18 19 20 -22 -23 23 -25 25 -27 27 -29 29 -31
leaf_value=-0.0010540787758059487 15.37791507545559 21.912659184932711 -17.341169385682971 21.014890823471415 -4.9512964410954217 8.2770328315336315 -3.1055727977378695 28.2957061475866 -19.660390678379272 -26.07252783078826 10.169807901630154 36.823264170501197 -15.024379769493553 13.384263451171643 3.7520697907968001 -1.4413585083183655 -19.848283002593302 -8.3831060866920311 33.589151660919192 21.624186488560269 -0.086320346700931028 -11.883297569663437 -13.110922987120492 4.5088493038626281 0.76263543257519573 -27.579958975315094 -1.4858110641905433 -13.502122400701047 -18.03674015822234 2.2076131783234727
leaf_weight=322096 87 90 84 89 166 67 51 85 144 89 77 59 51 66 88 6270 88 98 50 56 167 54 84 68 23465 50 10021 192 54 5990
leaf_count=322096 87 90 84 89 166 67 51 85 144 89 77 59 51 66 88 6270 88 98 50 56 167 54 84 68 23465 50 10021 192 54 5990
internal_value=0.0127891 2.45938 0.864379 6.97745 2.03938 -1.66364 0.108787 11.2524 -4.16605 1.72757 -9.26132 18.3108 -10.3984 1.00101 12.9344 0.00385193 -1.38413 -1.05148 5.53761 10.5348 5.36565 -0.720139 -10.589 -5.22839 0.0302448 0.702371 -0.0164669 -1.71171 0.0362958 2.02674
internal_weight=370096 1347 1169 342 253 827 743 206 537 276 166 110 261 117 178 368749 6881 6641 371 273 223 121 240 152 361868 23515 338353 10213 328140 6044
internal_count=370096 1347 1169 342 253 827 743 206 537 276 166 110 261 117 178 368749 6881 6641 371 273 223 121 240 152 361868 23515 338353 10213 328140 6044
is_linear=0
shrinkage=0.05


Tree=253
num_leaves=31
num_cat=0
split_feature=1 9 6 1 11 8 1 3 3 6 11 0 11 3 9 0 9 3 3 8 3 3 9 8 8 9 3 11 8 9
split_gain=4.483e+06 7.89195e+06 2.71513e+07 1.87578e+07 2.36824e+07 2.01146e+07 1.92953e+07 2.20022e+07 1.80043e+07 1.53041e+07 2.91474e+07 3.20279e+07 1.83254e+07 2.11118e+07 1.88242e+07 2.34034e+07 1.62365e+07 2.66724e+07 1.69886e+07 1.50108e+07 1.84379e+07 1.48132e+07 1.87241e+07 3.65496e+07 1.60254e+07 1.6582e+07 2.11111e+07 1.56842e+07 1.46005e+07 1.43396e+07
threshold=5.5000000000000009 1008.4355 5.5000000000000009 4.5000000000000009 2979.9050000000002 911.86785714285713 1.0000000180025095e-35 42.500000000000007 45.500000000000007 1.5000000000000002 6719.2000000000016 14.500000000000002 5128.8100000000004 68.500000000000014 1554.7928333333336 14.500000000000002 2194.8705000000004 110.50000000000001 75.500000000000014 2340.6650000000004 45.500000000000007 66.500000000000014 2194.8705000000004 1972.967142857143 1017.3635714285716 1307.0473333333337 40.500000000000007 14742.730000000001 1234.1314285714288 1121.5418333333334
decision_type=2 2 2 2 2 2 2 2 2 2 2 2 2 2 2 2 2 2 2 2 2 2 2 2 2 2 2 2 2 2
left_child=1 -1 3 5 8 6 -3 -8 -5 12 11 -11 14 21 -6 -16 18 -18 -15 -12 -21 22 24 -24 25 26 -14 -27 -26 -20
right_child=-2 2 -4 4 9 -7 7 -9 -10 10 19 -13 13 16 15 -17 17 -19 29 20 -22 -23 23 -25 28 27 -28 -29 -30 -31
leaf_value=-0.030435114090675577 -0.42591764308516389 -2.451008524691427 -28.775898277759552 9.4028860473632818 3.1372098863692512 -0.0096344887671386409 20.637511634157416 5.1579467338222571 -24.723589195838343 55.022876599825487 8.2702288283535648 8.3498522639274597 20.510644191424053 21.352539363906189 -49.786667096173325 -2.7903403062086838 44.996958618733423 9.6314101776400758 16.188525337093282 9.5968745175529939 -32.324763570008457 -14.052003462257842 -37.044929584760347 -0.94002016587690884 13.641513467540868 -43.517863341997256 -15.785332135267035 -4.4790755538940434 2.4625165424693649 2.4940032777970527
leaf_weight=273324 53545 604 78 55 105 33811 285 1180 130 68 722 80 75 148 54 52 67 261 212 51 54 168 89 330 342 53 86 50 2001 1944
leaf_count=273324 53545 604 78 55 105 33811 285 1180 130 68 722 80 75 148 54 52 67 261 212 51 54 168 89 330 342 53 86 50 2001 1944
internal_value=-0.00280835 0.0687774 0.697144 0.750511 3.08015 0.283219 5.06895 8.16933 -14.5779 3.54603 9.35852 29.7942 2.60729 3.13155 -11.8681 -26.7319 6.44722 16.8555 4.96549 5.70134 -11.9628 0.399283 1.2016 -8.60908 2.77839 -8.90015 1.12273 -24.567 4.09428 3.84059
internal_weight=370024 316479 43155 43077 7197 35880 2069 1465 185 7012 975 148 6037 5826 211 106 2632 328 2304 827 105 3194 3026 419 2607 264 161 103 2343 2156
internal_count=370024 316479 43155 43077 7197 35880 2069 1465 185 7012 975 148 6037 5826 211 106 2632 328 2304 827 105 3194 3026 419 2607 264 161 103 2343 2156
is_linear=0
shrinkage=0.05


Tree=254
num_leaves=31
num_cat=0
split_feature=7 11 8 3 3 11 8 7 9 9 8 10 3 8 1 9 3 8 1 6 3 3 3 11 9 10 3 11 1 10
split_gain=3.66654e+06 7.44467e+06 7.06761e+06 6.58943e+06 4.1366e+06 7.05231e+06 6.49102e+06 6.62494e+06 1.16864e+07 8.05804e+06 6.28158e+06 1.49253e+07 9.35255e+06 7.81003e+06 1.89631e+07 1.58285e+07 1.3063e+07 1.12854e+07 1.84127e+07 9.53957e+06 2.16079e+07 1.02038e+07 8.9821e+06 1.31118e+07 1.6935e+07 8.8316e+06 7.70917e+06 7.92183e+06 7.15222e+06 7.58251e+06
threshold=28.500000000000004 14742.730000000001 200.7907142857143 71.500000000000014 22.500000000000004 51.355000000000011 20.399285714285718 1.0000000180025095e-35 116.33033333333334 215.2775 2024.3085714285717 2071.4333333333338 33.500000000000007 2195.8535714285722 1.5000000000000002 2530.8520000000003 59.500000000000007 2266.1771428571433 4.5000000000000009 1.5000000000000002 55.500000000000007 137.50000000000003 129.50000000000003 18339.145 2041.4540000000004 2303.4000000000005 58.500000000000007 20009.920000000002 5.5000000000000009 2577.1000000000004
decision_type=2 2 2 2 2 2 2 2 2 2 2 2 2 2 2 2 2 2 2 2 2 2 2 2 2 2 2 2 2 2
left_child=4 -2 3 -3 5 6 7 8 -1 -10 -6 -12 -13 14 15 16 -14 18 -15 -16 -21 25 23 -18 -25 -22 -20 -28 29 -19
right_child=1 2 -4 -5 10 -7 -8 -9 9 -11 11 12 13 17 19 -17 22 28 26 20 21 -23 -24 24 -26 -27 27 -29 -30 -31
leaf_value=-2.3228186803253532 -1.3979949780094234 15.777573501564072 -0.21337250132818483 2.9605598356025631 -0.0064699596869707832 0.55984551466528831 -2.7877237825470411 -0.56459679254661777 21.383422841501574 2.2981407697384175 -6.1846058390990253 -5.4597593530294057 -10.46979702982383 1.4932962537847903 -7.2729187935497031 25.830575815836593 1.8442507392298566 3.0546849410851049 35.525157766971951 32.549084543714336 1.0076742064278081 13.578669624702606 -3.7249052835393837 5.5252955185739623 44.067771108526934 -27.593404159545901 23.832768279514958 2.0055404369647687 -4.4954079149524739 -1.1801913348950868
leaf_weight=213 9114 167 666 251 286327 58130 3178 2166 141 91 1344 862 156 489 1272 78 137 2108 53 51 53 51 135 57 57 55 89 78 709 2120
leaf_count=213 9114 167 666 251 286327 58130 3178 2166 141 91 1344 862 156 489 1272 78 137 2108 53 51 53 51 135 57 57 55 89 78 709 2120
internal_value=0.00283584 -0.932092 2.9851 8.08123 0.0293056 0.394107 -1.27015 0.576988 6.13356 13.8974 -0.049396 -1.28416 -0.519216 0.0304419 -2.57125 4.77113 1.74044 0.999049 6.89789 -5.64296 4.22993 -4.85357 6.67514 12.2688 24.7965 -13.5577 18.9108 13.638 0.151919 0.931237
internal_weight=370398 10198 1084 418 360200 63919 5789 2611 445 232 296281 9954 8610 7748 2102 620 542 5646 709 1482 210 159 386 251 114 108 220 167 4937 4228
internal_count=370398 10198 1084 418 360200 63919 5789 2611 445 232 296281 9954 8610 7748 2102 620 542 5646 709 1482 210 159 386 251 114 108 220 167 4937 4228
is_linear=0
shrinkage=0.05


Tree=255
num_leaves=31
num_cat=0
split_feature=9 8 11 10 6 10 10 4 9 9 8 8 7 9 7 8 11 4 10 9 8 9 6 9 11 10 11 10 11 10
split_gain=3.75236e+06 9.50946e+06 1.51308e+07 1.31876e+07 1.12702e+07 2.17824e+07 1.86297e+07 1.47534e+07 1.54757e+07 1.23709e+07 1.14908e+07 8.4893e+06 9.05286e+06 8.39857e+06 1.18348e+07 9.69397e+06 9.35427e+06 1.03862e+07 1.07531e+07 9.04194e+06 8.96789e+06 9.86282e+06 8.2925e+06 1.15839e+07 8.66101e+06 1.04505e+07 1.09669e+07 9.05063e+06 8.14599e+06 8.02286e+06
threshold=228.37733333333338 354.0535714285715 917.69500000000016 1766.3333333333335 1.5000000000000002 167.16666666666669 1448.7666666666669 1.5000000000000002 344.24250000000001 662.26033333333351 181.44500000000002 156.95071428571433 1.0000000180025095e-35 544.41850000000011 2.5000000000000004 683.51857142857148 594.3900000000001 1.5000000000000002 620.75000000000011 746.05950000000018 703.61000000000013 391.92883333333344 1.5000000000000002 928.8950000000001 1188.7450000000001 712.38333333333344 11846.610000000002 1427.8500000000001 5743.6550000000007 235.16666666666671
decision_type=2 2 2 2 2 2 2 2 2 2 2 2 2 2 2 2 2 2 2 2 2 2 2 2 2 2 2 2 2 2
left_child=11 2 -2 4 6 10 7 8 28 -10 -6 -1 -13 14 20 16 -15 18 -18 -19 21 -3 23 24 -17 26 -26 -27 -4 -24
right_child=1 13 3 -5 5 -7 -8 -9 9 -11 -12 12 -14 15 -16 22 17 19 -20 -21 -22 -23 29 -25 25 27 -28 -29 -30 -31
leaf_value=0.11532308951152107 -0.13794645399406499 -2.3621390346436915 2.1318816240282952 -20.506652668544227 3.3176419970651292 -1.4014538818267877 31.972283834781287 -2.4723390518979498 4.6041020651736089 27.249952267427915 0.81469897115108125 -2.8792369870348944 -0.4975299760857847 -2.8977558216731278 0.072620316652306782 1.2524248181592541 0.97006706075883631 -1.5099979370823637 4.6308832936674795 2.6653933191103074 -4.952662478171507 -0.36902095885443242 -3.1692552731115722 0.068933507863094032 -7.032211619517911 -1.084659747814954 16.336487309749312 -7.2322488411786168 -2.1297126228061174 1.4822800192851577
leaf_weight=85104 41357 9581 5927 70 6339 8952 53 1468 5305 61 16577 4376 45206 1167 36515 1943 3784 3384 4269 2102 1574 17625 1005 44662 1455 6543 52 659 1383 11943
leaf_count=85104 41357 9581 5927 70 6339 8952 53 1468 5305 61 16577 4376 45206 1167 36515 1943 3784 3384 4269 2102 1574 17625 1005 44662 1455 6543 52 659 1383 11943
internal_value=0.0228694 0.143149 0.55653 1.17908 1.21204 0.690033 2.38377 2.2729 2.82244 4.86154 1.50706 -0.187669 -0.707734 -0.100792 -0.524993 0.23305 1.39746 1.76769 2.91071 0.089833 -1.28322 -1.07093 -0.0178051 -0.284434 -1.76604 -2.43947 -6.22586 -1.64718 1.32562 1.12124
internal_weight=370441 235755 87492 46135 46065 31868 14197 14144 12676 5366 22916 134686 49582 148263 65295 82968 14706 13539 8053 5486 28780 27206 68262 55314 10652 8709 1507 7202 7310 12948
internal_count=370441 235755 87492 46135 46065 31868 14197 14144 12676 5366 22916 134686 49582 148263 65295 82968 14706 13539 8053 5486 28780 27206 68262 55314 10652 8709 1507 7202 7310 12948
is_linear=0
shrinkage=0.05


Tree=256
num_leaves=31
num_cat=0
split_feature=0 9 3 7 11 8 11 11 1 11 9 8 8 11 9 8 3 9 0 3 3 3 11 9 8 11 11 9 11 8
split_gain=4.38458e+06 7.67746e+06 9.22677e+06 6.91839e+06 2.28381e+07 6.58874e+06 6.88471e+06 9.6235e+06 2.04424e+07 4.2645e+06 7.1222e+06 6.70035e+06 1.07395e+07 2.34868e+07 7.39869e+06 1.19971e+07 7.42205e+06 6.86426e+06 6.57677e+06 1.00276e+07 1.2176e+07 1.31085e+07 1.79084e+07 1.60654e+07 2.4129e+07 3.14358e+07 1.11032e+07 9.50443e+06 8.50203e+06 1.4412e+07
threshold=15.500000000000002 2703.9491666666668 277.50000000000006 23.500000000000004 8101.5250000000005 1750.47 12557.920000000002 23225.890000000003 4.5000000000000009 375.71500000000009 1768.4196666666669 1.0000000180025095e-35 103.93857142857144 9063.4550000000017 213.53250000000006 281.71642857142859 20.500000000000004 537.20716666666681 25.500000000000004 81.500000000000014 56.500000000000007 61.500000000000007 1240.4600000000003 1375.5241666666668 1326.9885714285717 14742.730000000001 7491.9800000000005 2041.4540000000004 35421.660000000011 1972.967142857143
decision_type=2 2 2 2 2 2 2 2 2 2 2 2 2 2 2 2 2 2 2 2 2 2 2 2 2 2 2 2 2 2
left_child=1 -1 5 9 -5 -3 -7 8 -8 10 -2 -11 13 17 -14 -16 -17 -13 -18 20 -20 22 -22 -23 -25 26 -26 -28 29 -27
right_child=3 2 -4 4 -6 6 7 -9 -10 11 -12 12 14 -15 15 16 18 -19 19 -21 21 23 -24 24 25 28 27 -29 -30 -31
leaf_value=-0.15775460170198838 -0.30042804781431487 -21.70457007408142 6.8223819029232686 2.3670238004967121 37.44490875831017 1.8641199758209819 -1.4571997573158959 -3.5448148894415805 -45.183719705618351 -0.95184014121159066 -18.998140887653129 1.5038088344911336 -0.51048212984185815 27.247973262866338 1.6299399246861865 1.1877703769547097 -0.40399781515220978 15.600574390573065 0.90996004451766666 1.7343742591544467 2.0857898810392252 -1.9663944889138418 -7.4197048259524854 30.456909557183582 2.4722299871815219 -25.983851372961905 15.850265488624572 43.3085499726809 9.1414645139376329 -0.70171190821935259
leaf_weight=182899 37309 80 121 431 52 168 55 169 52 10410 51 11674 26707 90 17151 14893 44288 87 7691 10979 682 1833 1812 96 74 102 80 52 60 126
leaf_count=182899 37309 80 121 431 52 168 55 169 52 10410 51 11674 26707 90 17151 14893 44288 87 7691 10979 682 1833 1812 96 74 102 80 52 60 126
internal_value=-0.00341433 -0.176958 -5.62242 0.167169 6.14352 -8.49612 -6.11622 -10.9738 -22.7075 0.15167 -0.325952 0.271519 0.363485 1.8028 0.228778 0.426372 0.176972 1.60809 -0.0448156 0.629601 -0.332432 -2.27574 -4.82037 0.343455 7.51965 3.06221 17.9758 26.6672 -7.60514 -12.0121
internal_weight=370274 183544 645 186730 483 524 444 276 107 186247 37360 148887 138477 11851 126626 99919 82768 11761 67875 23587 12608 4917 2494 2423 590 494 206 132 288 228
internal_count=370274 183544 645 186730 483 524 444 276 107 186247 37360 148887 138477 11851 126626 99919 82768 11761 67875 23587 12608 4917 2494 2423 590 494 206 132 288 228
is_linear=0
shrinkage=0.05


Tree=257
num_leaves=31
num_cat=0
split_feature=8 11 11 3 9 11 11 10 10 8 11 3 8 1 3 10 11 1 9 11 11 3 8 1 11 11 11 10 11 3
split_gain=4.21845e+06 5.93202e+06 1.02578e+07 1.55223e+07 8.28248e+06 1.40599e+07 1.47829e+07 1.82961e+07 1.38278e+07 7.92757e+06 6.90323e+06 8.66168e+06 9.23016e+06 1.64308e+07 9.4971e+06 1.10615e+07 9.01715e+06 8.98092e+06 1.70472e+07 8.60769e+06 7.861e+06 1.16514e+07 9.42624e+06 1.28307e+07 7.60023e+06 1.16249e+07 1.79939e+07 1.25057e+07 7.45221e+06 7.15259e+06
threshold=2693.3414285714293 21033.945000000003 23225.890000000003 11.500000000000002 2422.4765000000002 55972.670000000006 32951.680000000008 2577.1000000000004 2720.4666666666672 2899.4528571428577 5660.9350000000004 58.500000000000007 2899.4528571428577 4.5000000000000009 132.50000000000003 2609.7166666666667 6970.8350000000009 2.5000000000000004 2703.9491666666668 12943.180000000002 14742.730000000001 10.500000000000002 2899.4528571428577 3.5000000000000004 13348.465000000002 11174.860000000002 9526.7850000000017 2371.4500000000003 11174.860000000002 2.5000000000000004
decision_type=2 2 2 2 2 2 2 2 2 2 2 2 2 2 2 2 2 2 2 2 2 2 2 2 2 2 2 2 2 2
left_child=-1 10 3 -3 -4 6 8 -8 -6 -5 29 16 13 -13 17 -16 -12 -14 -19 -15 21 24 -23 -24 25 26 27 -18 -17 -2
right_child=1 2 4 9 5 -7 7 -9 -10 -11 11 12 14 19 15 28 20 18 -20 -21 -22 22 23 -25 -26 -27 -28 -29 -30 -31
leaf_value=0.0053189432286940954 17.440005186200143 32.053404434900436 -4.1645066606950571 14.156011771811889 -18.958375975718866 -12.503425034006231 37.205997778664177 7.3706968058821971 7.2784746007716414 -13.727888645172118 -21.966110738433233 1.3351900068833866 -2.5072955219075084 -36.023271296388018 -19.812339399298033 17.606752055266806 11.097503408351365 26.569639057841727 -8.0547777738571167 -7.8254549565315248 -12.572370252097819 -0.43116097464317493 -7.8347026732762659 -40.533761723518374 20.825589248657227 -14.886423250969422 25.42369708464696 -18.510327667236329 -6.7898481734754412 -0.40014026291992355
leaf_weight=366078 64 63 747 52 78 108 71 186 141 50 101 187 96 59 75 58 68 123 50 50 317 102 75 50 50 94 78 75 68 460
leaf_count=366078 64 63 747 52 78 108 71 186 141 50 101 187 96 59 75 58 68 123 50 50 317 102 75 50 50 94 78 75 68 460
internal_value=-0.0118758 -1.6701 0.780691 12.5399 -0.677062 3.78376 7.47917 15.6131 -2.06616 0.487433 -3.26418 -4.75209 -0.742536 -7.65867 3.61315 -4.60917 -7.793 9.75698 16.5626 -23.0885 -6.21821 -2.81573 -11.7104 -20.9143 2.71605 -0.158475 6.1059 -4.43108 4.44033 1.77881
internal_weight=369874 3796 1496 165 1331 584 476 257 219 102 2300 1776 766 296 470 201 1010 269 173 109 909 592 227 125 365 315 221 143 126 524
internal_count=369874 3796 1496 165 1331 584 476 257 219 102 2300 1776 766 296 470 201 1010 269 173 109 909 592 227 125 365 315 221 143 126 524
is_linear=0
shrinkage=0.05


Tree=258
num_leaves=31
num_cat=0
split_feature=9 8 9 3 3 0 8 3 9 8 8 6 0 9 11 9 11 8 9 9 9 9 0 11 9 11 6 3 0 3
split_gain=6.42994e+06 1.4493e+07 1.15491e+07 1.08519e+07 1.62879e+07 1.55705e+07 1.43465e+07 3.03726e+07 1.4046e+07 1.69257e+07 2.55349e+07 1.13746e+07 4.42735e+07 2.42756e+07 1.63565e+07 1.41595e+07 1.31183e+07 2.26622e+07 1.69955e+07 1.23956e+07 1.7413e+07 2.95288e+07 1.66593e+07 1.10029e+07 1.01516e+07 9.27927e+06 9.118e+06 8.89274e+06 1.26417e+07 1.76483e+07
threshold=1375.5241666666668 1042.8514285714289 890.74450000000013 61.500000000000007 56.500000000000007 26.500000000000004 1092.6764285714287 80.500000000000014 2530.8520000000003 1234.1314285714288 1117.6485714285716 1.5000000000000002 25.500000000000004 2041.4540000000004 2726.9250000000006 1804.4843333333336 13348.465000000002 1295.9014285714288 1630.4328333333335 2194.8705000000004 2041.4540000000004 1917.6366666666668 11.500000000000002 23225.890000000003 1630.4328333333335 14742.730000000001 3.5000000000000004 108.50000000000001 23.500000000000004 110.50000000000001
decision_type=2 2 2 2 2 2 2 2 2 2 2 2 2 2 2 2 2 2 2 2 2 2 2 2 2 2 2 2 2 2
left_child=1 2 -1 4 11 -6 7 -5 9 10 24 -2 14 15 -13 -14 17 18 -16 20 21 -19 -21 -10 -7 -3 27 -8 -29 -30
right_child=3 25 -4 6 5 8 26 -9 23 -11 -12 12 13 -15 16 -17 -18 19 -20 22 -22 -23 -24 -25 -26 -27 -28 28 29 -31
leaf_value=-0.025478131954344702 -0.26952787139700751 -0.60013907314894965 2.0395943423174674 27.153274362866984 0.64488830444487666 -27.151524753893838 2.504749213020081 3.6905834561237114 14.074933010860555 -16.299123556046553 26.898747737823971 -11.671194811868462 21.207378873112916 44.940941676497459 9.3216335184433898 -6.1866040545351373 -0.96073277881015928 -2.7241095200974068 45.672258077683999 37.860470424379621 -22.15953123945939 29.323157403733997 3.7370877037144674 -9.0361229930109186 3.1505251811100887 -3.1732759809067086 -18.154213314759925 -0.99202268837560392 -13.72277636412006 3.9642538924545172
leaf_weight=311220 14679 9226 6921 159 726 59 7437 1041 103 582 63 231 154 80 68 68 1187 357 61 56 76 90 99 103 52 5649 61 6650 149 2639
leaf_count=311220 14679 9226 6921 159 726 59 7437 1041 103 582 63 231 154 80 68 68 1187 357 61 56 76 90 99 103 52 5649 61 6650 149 2639
internal_value=0.0176235 -0.0518774 0.0194465 0.642654 -0.195947 -4.88294 1.5163 6.79939 -9.05466 -12.2084 1.47419 0.263872 3.36232 21.3262 0.924069 12.8164 2.3832 7.30172 26.5107 3.64692 -0.0335513 3.72836 16.0655 2.51941 -12.956 -1.57733 1.14197 1.21172 0.19284 3.019
internal_weight=370046 333016 318141 37030 18894 1688 18136 1200 962 756 174 17206 2527 302 2225 222 1994 807 129 678 523 447 155 206 111 14875 16936 16875 9438 2788
internal_count=370046 333016 318141 37030 18894 1688 18136 1200 962 756 174 17206 2527 302 2225 222 1994 807 129 678 523 447 155 206 111 14875 16936 16875 9438 2788
is_linear=0
shrinkage=0.05


Tree=259
num_leaves=31
num_cat=0
split_feature=3 11 3 3 9 11 3 0 10 1 11 3 9 0 10 9 1 0 1 0 9 3 3 10 9 10 9 9 0 11
split_gain=3.74235e+06 7.78591e+06 8.18836e+06 7.6429e+06 1.5402e+07 1.64552e+07 1.81756e+07 1.37686e+07 1.3599e+07 7.51972e+06 6.64951e+06 1.32972e+07 8.9188e+06 7.28306e+06 8.69528e+06 1.31283e+07 8.84955e+06 8.00751e+06 6.6167e+06 6.21731e+06 6.61023e+06 2.1002e+07 1.89837e+07 1.08271e+07 9.8674e+06 1.39455e+07 8.40579e+06 6.95262e+06 1.1746e+07 8.70489e+06
threshold=44.500000000000007 20009.920000000002 64.500000000000014 76.500000000000014 2336.8835000000004 29214.375000000004 66.500000000000014 20.500000000000004 2132.4000000000005 5.5000000000000009 42026.485000000008 59.500000000000007 1697.2931666666666 29.500000000000004 2955.1166666666672 2336.8835000000004 1.5000000000000002 1.5000000000000002 1.5000000000000002 7.5000000000000009 1880.9296666666669 47.500000000000007 49.500000000000007 1853.7000000000003 2087.0383333333334 2469.5833333333335 1270.8481666666669 2194.8705000000004 23.500000000000004 24530.555000000004
decision_type=2 2 2 2 2 2 2 2 2 2 2 2 2 2 2 2 2 2 2 2 2 2 2 2 2 2 2 2 2 2
left_child=-1 -2 10 4 7 -6 -7 18 -9 -5 19 13 -13 14 16 -16 -12 -18 -4 -3 23 -22 -23 26 25 -24 -21 -26 -29 -30
right_child=1 2 3 9 5 6 -8 8 -10 -11 11 12 -14 -15 15 -17 17 -19 -20 20 21 22 24 -25 27 -27 -28 28 29 -31
leaf_value=0.21298740335583932 -0.045727842067267647 -5.6321228834831318 -3.258563974791882 -0.38906043310366628 -1.8620618685514114 7.6640335798263557 46.916422400474552 -1.2451204226567196 -26.102780307022968 -4.6577126615687563 7.8527770211619714 -2.2562583260876794 -23.695676256735116 -14.508151632410881 -10.164873512268066 22.417466017051979 10.167802756627403 -9.2529421631149624 5.2621500903314544 -1.751523083627224 -22.02333857981364 26.599917283309136 -0.58656082130827991 -7.2855510609416392 -12.632358130183789 26.019021189731106 8.4040230948533594 21.316464213341003 9.9246815526208216 -9.8216741588880438
leaf_weight=134663 221864 844 306 6373 79 58 60 156 85 1231 124 70 158 131 50 81 60 460 892 850 75 95 106 689 109 92 268 63 86 159
leaf_count=134663 221864 844 306 6373 79 58 60 156 85 1231 124 70 158 131 50 81 60 460 892 850 75 95 106 689 109 92 268 63 86 159
internal_value=0.00271836 -0.117428 -1.26933 -0.413094 2.68713 15.799 27.6229 0.892107 -10.0123 -1.08011 -3.00054 -6.32045 -17.1134 -3.60435 -1.76125 9.98146 -4.14991 -7.01209 3.08574 -1.90485 -0.691188 3.13975 5.79782 -2.35543 2.58449 11.7756 0.682901 -1.77965 2.06108 -2.8903
internal_weight=370337 235674 13810 9240 1636 197 118 1439 241 7604 4570 1134 228 906 775 131 644 520 1198 3436 2592 785 710 1807 615 198 1118 417 308 245
internal_count=370337 235674 13810 9240 1636 197 118 1439 241 7604 4570 1134 228 906 775 131 644 520 1198 3436 2592 785 710 1807 615 198 1118 417 308 245
is_linear=0
shrinkage=0.05


Tree=260
num_leaves=31
num_cat=0
split_feature=8 9 1 9 1 0 8 0 0 8 10 9 9 11 9 0 8 11 9 10 10 10 9 10 3 10 10 8 10 10
split_gain=5.47894e+06 1.10636e+07 9.61729e+06 1.03802e+07 9.80824e+06 1.97104e+07 1.76883e+07 1.90958e+07 1.66211e+07 1.97115e+07 1.98119e+07 1.52171e+07 2.02722e+07 1.9815e+07 1.82127e+07 1.42954e+07 2.09712e+07 2.98178e+07 2.64215e+07 4.71292e+07 2.66436e+07 2.57879e+07 2.81037e+07 2.39597e+07 1.64868e+07 1.56272e+07 4.14986e+07 3.24705e+07 1.70199e+07 1.3589e+07
threshold=1145.382142857143 1008.4355 5.5000000000000009 1270.8481666666669 4.5000000000000009 27.500000000000004 1554.1278571428572 2.5000000000000004 13.500000000000002 1669.8157142857144 2324.1500000000001 1957.9808333333337 1734.5108333333335 32951.680000000008 2087.0383333333334 17.500000000000004 2537.0064285714293 42026.485000000008 2041.4540000000004 2418.9166666666674 2176.9166666666674 2548.1500000000001 1768.4196666666669 2609.7166666666667 82.500000000000014 2198.5166666666669 2394.6000000000004 2078.5514285714294 2641.9333333333338 1853.7000000000003
decision_type=2 2 2 2 2 2 2 2 2 2 2 2 2 2 2 2 2 2 2 2 2 2 2 2 2 2 2 2 2 2
left_child=1 -1 3 -2 -5 6 7 -6 9 10 -8 12 -9 -14 -13 25 18 -18 20 -20 24 22 -22 -21 -17 -10 -27 -28 -29 -26
right_child=2 -3 -4 4 5 -7 8 11 15 -11 -12 14 13 -15 -16 16 17 -19 19 23 21 -23 -24 -25 29 26 27 28 -30 -31
leaf_value=0.00066571928437246725 -1.9873477380324656 1.8025086088341127 -2.3182896812986238 -0.24647572978159965 33.949514132486264 -5.1321705614814839 -7.159427845069807 6.2018583943363801 2.2631060004234316 -0.094392260187191199 -41.918426393207753 -32.206769341113521 40.325871740361698 1.2949893341064453 6.6271012100013529 1.3128789599357411 -17.96096617796902 23.913662675710825 63.102694178562537 -20.317612232881434 4.5998656955518227 12.417458095365358 -29.463071418807893 23.868397871240393 1.5352463018698772 44.992494348016123 -27.360565630594891 1.8092987260092859 32.566727224263282 30.360521038982178
leaf_weight=316400 6962 8755 6499 26429 71 794 146 781 284 1222 57 51 93 50 74 259 233 52 51 51 95 103 167 77 61 101 54 92 88 124
leaf_count=316400 6962 8755 6499 26429 71 794 146 781 284 1222 57 51 93 50 74 259 233 52 51 51 95 103 167 77 61 101 54 92 88 124
internal_value=-0.0224658 0.0491815 -0.538777 -0.239335 0.145052 2.1232 3.42154 8.85445 1.5871 -2.49121 -16.9193 7.15593 9.37089 26.6787 -9.21712 4.65876 1.62809 -10.3207 5.07485 22.4576 1.22873 -8.77903 -17.112 6.26303 9.45583 10.8915 18.2063 6.64469 16.8463 20.856
internal_weight=370276 325155 45121 38622 31660 5231 4437 1120 3317 1425 203 1049 924 143 125 1892 1273 285 988 179 809 365 262 128 444 619 335 234 180 185
internal_count=370276 325155 45121 38622 31660 5231 4437 1120 3317 1425 203 1049 924 143 125 1892 1273 285 988 179 809 365 262 128 444 619 335 234 180 185
is_linear=0
shrinkage=0.05


Tree=261
num_leaves=31
num_cat=0
split_feature=10 9 0 0 11 3 11 8 11 3 8 8 8 9 8 10 10 0 6 10 11 11 4 10 11 0 11 9 9 8
split_gain=4.26294e+06 8.47183e+06 9.46982e+06 1.35803e+07 1.08294e+07 1.30811e+07 9.8186e+06 9.34735e+06 8.24918e+06 5.77892e+06 4.56933e+06 1.46242e+07 4.28037e+06 7.4943e+06 1.37353e+07 1.79709e+07 1.59393e+07 1.50126e+07 1.20099e+07 1.638e+07 1.68191e+07 1.10699e+07 1.13757e+07 1.70107e+07 2.42434e+07 1.14669e+07 1.0728e+07 9.88372e+06 9.39012e+06 9.32363e+06
threshold=3076.1000000000008 2138.2523333333338 20.500000000000004 27.500000000000004 21033.945000000003 265.50000000000006 50375.340000000004 2899.4528571428577 32951.680000000008 52.500000000000007 2266.1771428571433 2693.3414285714293 248.14857142857144 487.01100000000002 683.51857142857148 2111.3500000000008 1546.1833333333336 24.500000000000004 1.5000000000000002 1001.5500000000001 1188.7450000000001 306.35000000000008 1.5000000000000002 680.68333333333351 2062.5950000000007 28.500000000000004 22071.445000000003 746.05950000000018 662.26033333333351 532.87500000000011
decision_type=2 2 2 2 2 2 2 2 2 2 2 2 2 2 2 2 2 2 2 2 2 2 2 2 2 2 2 2 2 2
left_child=12 -2 4 7 5 -3 10 -4 -5 -8 -6 -12 -1 -14 15 16 21 29 19 20 -16 -15 23 -23 -25 28 -22 -24 -26 -18
right_child=1 2 3 8 6 -7 9 -9 -10 -11 11 -13 13 14 18 -17 17 -19 -20 -21 26 22 27 24 25 -27 -28 -29 -30 -31
leaf_value=0.16605665732132169 22.241598537511994 -29.690969767290007 28.776457899360249 8.2659356914582798 21.857286582558842 2.0641492143754037 -20.141114499833851 5.7662883270354506 -18.700596620901575 1.2513828980295283 -14.74360527946399 21.483883760770162 -0.46667068330987971 -2.6602203897848757 0.6741040311723423 -23.78062881363763 30.392348897457126 -12.264621599912644 1.0621606947027085 -0.23054106469268998 -5.0248926617863923 1.3492989592018148 -1.6677924752032518 2.3131395380312973 13.015922728527054 33.597479997832203 12.610244890776549 2.6648204746688098 -0.32809398047626021 10.323048581832495
leaf_weight=169606 57 68 93 61 59 62 54 84 53 76 52 60 104894 1816 2211 72 92 50 14665 48779 4309 13235 4480 1895 749 58 88 1864 160 156
leaf_count=169606 57 68 93 61 59 62 54 84 53 76 52 60 104894 1816 2211 72 92 50 14665 48779 4309 13235 4480 1895 749 58 88 1864 160 156
internal_value=-0.010828 3.68403 2.21896 9.18787 -2.48626 -14.5462 2.72236 17.8564 -4.27114 -7.63473 10.5962 4.66398 -0.0186245 -0.175575 0.146928 1.16263 1.23577 12.7291 -0.210145 -0.547018 -2.88319 1.09457 1.39842 2.10514 5.60045 12.0425 -4.67195 -0.39478 10.6671 17.7681
internal_weight=369958 779 722 291 431 130 301 177 114 130 171 112 369179 199573 94679 24627 24555 298 70052 55387 6608 24257 22441 16097 2862 967 4397 6344 909 248
internal_count=369958 779 722 291 431 130 301 177 114 130 171 112 369179 199573 94679 24627 24555 298 70052 55387 6608 24257 22441 16097 2862 967 4397 6344 909 248
is_linear=0
shrinkage=0.05


Tree=262
num_leaves=31
num_cat=0
split_feature=11 3 10 8 3 3 6 10 8 10 3 0 10 1 8 10 0 10 11 8 11 8 8 11 11 10 10 3 10 0
split_gain=3.85735e+06 4.29252e+06 1.26324e+07 1.00336e+07 4.98364e+06 7.4562e+06 7.21903e+06 9.20087e+06 2.74199e+07 4.64006e+06 1.17306e+07 5.87596e+06 4.43346e+06 4.2809e+06 4.64756e+06 1.68241e+07 6.14534e+06 4.17588e+06 1.01839e+07 1.07986e+07 1.02631e+07 2.20413e+07 2.58288e+07 1.76353e+07 1.45568e+07 1.26462e+07 2.20582e+07 1.72502e+07 2.10846e+07 1.21081e+07
threshold=32951.680000000008 284.50000000000006 2348.0500000000006 2693.3414285714293 267.50000000000006 264.50000000000006 2.5000000000000004 1745.4833333333336 1879.7300000000002 3076.1000000000008 60.500000000000007 11.500000000000002 1448.7666666666669 3.5000000000000004 1554.1278571428572 2394.6000000000004 9.5000000000000018 2641.9333333333338 5487.0100000000011 3218.1678571428579 11174.860000000002 1234.1314285714288 1418.4021428571432 10302.135000000002 16431.460000000003 2762.7666666666669 2720.4666666666672 53.500000000000007 2955.1166666666672 14.500000000000002
decision_type=2 2 2 2 2 2 2 2 2 2 2 2 2 2 2 2 2 2 2 2 2 2 2 2 2 2 2 2 2 2
left_child=17 4 -3 -4 5 6 9 -8 -9 12 11 -11 -2 14 15 -6 -16 -1 19 -19 23 -22 -23 -20 25 26 -24 -27 -29 -25
right_child=1 2 3 -5 13 -7 7 8 -10 10 -12 -13 -14 -15 16 -17 -18 18 20 -21 21 22 24 29 -26 27 -28 28 -30 -31
leaf_value=0.022078687686538687 2.2371007265077902 -5.6084005556608503 34.366154984866874 3.8389318399262011 -2.4256957106556456 8.4980656892881488 -4.4766597193556947 43.161091901605779 -6.3260998449827497 8.209025502204895 22.694270189603174 -8.3969274755109833 -1.5664558103189909 -6.9671073866956608 -1.0265348669615659 25.970450806617738 -16.357242328889907 -12.232237543319833 4.4616025895053903 10.826327988086986 28.116454212085621 -24.611791321725558 -6.9381959373169408 9.9578252652906016 3.5453834665787585 -26.317992961406709 22.016580224277998 -16.165100652187856 13.027391947300064 43.755318134235893
leaf_weight=354842 841 114 51 57 282 218 77 55 57 100 72 114 8606 615 220 64 93 232 515 65 74 99 196 53 1990 124 99 143 109 53
leaf_count=354842 841 114 51 57 282 218 77 55 57 100 72 114 8606 615 220 64 93 232 515 65 74 99 196 53 1990 124 99 143 109 53
internal_value=0.0105516 -0.885387 6.00061 18.2546 -1.01932 -0.648987 -0.84996 8.82841 17.9756 -1.0379 5.2365 -0.637136 -1.22785 -3.96685 -1.16692 2.82677 -5.58167 0.0396238 1.69894 -7.18575 2.46269 1.18704 0.465017 8.28425 1.39798 -4.97064 2.77883 -11.0507 -3.53819 26.8566
internal_weight=370230 11636 222 108 11414 10140 9922 189 112 9733 286 214 9447 1274 659 346 313 358594 3752 297 3455 2834 2760 621 2661 671 295 376 252 106
internal_count=370230 11636 222 108 11414 10140 9922 189 112 9733 286 214 9447 1274 659 346 313 358594 3752 297 3455 2834 2760 621 2661 671 295 376 252 106
is_linear=0
shrinkage=0.05


Tree=263
num_leaves=31
num_cat=0
split_feature=10 8 8 8 1 11 0 0 11 1 11 9 8 3 9 6 8 11 10 8 8 10 10 11 11 8 10 11 6 7
split_gain=5.49584e+06 7.18742e+06 1.9734e+07 9.08169e+06 2.34823e+07 1.24604e+07 1.17513e+07 6.19356e+06 7.21489e+06 5.13379e+06 5.12484e+06 3.64644e+06 1.01791e+07 1.43141e+07 1.20224e+07 1.16675e+07 1.0114e+07 2.81836e+07 1.42972e+07 1.6828e+07 9.49963e+06 1.61701e+07 9.49541e+06 9.45203e+06 8.69621e+06 8.40689e+06 9.42715e+06 1.00022e+07 1.33078e+07 9.42318e+06
threshold=3076.1000000000008 1834.1171428571431 1593.7250000000001 2430.840714285715 3.5000000000000004 35421.660000000011 14.500000000000002 17.500000000000004 23225.890000000003 2.5000000000000004 29214.375000000004 513.0351666666669 683.51857142857148 13.500000000000002 724.95550000000014 1.5000000000000002 181.44500000000002 10302.135000000002 754.36666666666679 89.43357142857144 839.78785714285721 2155.8333333333339 2010.5333333333335 55972.670000000006 1713.2200000000003 313.69071428571436 346.50000000000006 839.40500000000009 3.5000000000000004 2.5000000000000004
decision_type=2 2 2 2 2 2 2 2 2 2 2 2 2 2 2 2 2 2 2 2 2 2 2 2 2 2 2 2 2 2
left_child=11 2 -2 4 6 -6 -3 8 -5 -9 -11 25 15 23 24 16 17 18 19 -13 21 22 -16 -14 -15 26 -1 -28 -29 -27
right_child=1 3 -4 7 5 -7 -8 9 -10 10 -12 12 13 14 20 -17 -18 -19 -20 -21 -22 -23 -24 -25 -26 29 27 28 -30 -31
leaf_value=0.0019195154101300138 15.147741662302327 12.610481862588363 -22.538074049164976 -20.518374605902608 15.374334626278637 48.945776279156028 -15.676673484983901 16.13282479372587 2.0214645159613229 -8.069792689503851 12.081734013990923 -1.8513657896486049 2.0560155867923462 -0.012501524975505947 2.0960999212741744 -0.1874755625494785 1.8861627334742868 43.127125859260559 -9.1982109396081224 32.987153723745635 -0.25377121929654634 29.611609253793393 -18.268936288767847 -5.7238624244708696 -3.6391877438389097 -1.1825396607686807 -0.41557827028693489 2.4524780601360545 -6.2211097397928388 -0.070621517255394645
leaf_weight=178901 62 88 79 56 59 52 63 89 97 74 55 73 9577 2675 4356 9333 14074 56 114 66 47425 53 58 407 4326 30879 6075 10861 461 49758
leaf_count=178901 62 88 79 56 59 52 63 89 97 74 55 73 9577 2675 4356 9333 14074 56 114 66 47425 53 58 407 4326 30879 6075 10861 461 49758
internal_value=0.0330408 4.24188 -5.96701 6.5159 13.6426 31.1015 0.808556 1.48303 -6.22841 6.89519 0.521944 0.0242251 0.295857 -0.0117658 -0.308547 1.18927 2.08262 11.0308 3.92651 14.6907 -0.0461472 2.15814 1.8285 1.73887 -2.25347 -0.0665948 0.109972 1.22112 2.09931 -0.496418
internal_weight=370302 774 141 633 262 111 151 371 153 218 129 369528 92593 68877 58893 23716 14383 309 253 139 51892 4467 4414 9984 7001 276935 196298 17397 11322 80637
internal_count=370302 774 141 633 262 111 151 371 153 218 129 369528 92593 68877 58893 23716 14383 309 253 139 51892 4467 4414 9984 7001 276935 196298 17397 11322 80637
is_linear=0
shrinkage=0.05


Tree=264
num_leaves=31
num_cat=0
split_feature=3 11 10 1 1 11 8 9 10 8 11 9 7 9 8 10 9 8 9 8 3 10 9 0 10 11 10 9 11 1
split_gain=3.93931e+06 9.46418e+06 6.79663e+06 4.59286e+06 9.30223e+06 1.98484e+07 1.05778e+07 1.10702e+07 9.90328e+06 8.86592e+06 1.47665e+07 1.09318e+07 9.15484e+06 8.91377e+06 7.75911e+06 1.64319e+07 7.55207e+06 7.44336e+06 2.91394e+07 1.70586e+07 1.16709e+07 2.58896e+07 1.92828e+07 1.25561e+07 1.1415e+07 1.13e+07 2.454e+07 1.3995e+07 1.17204e+07 1.02271e+07
threshold=266.50000000000006 1052.1250000000002 167.16666666666669 5.5000000000000009 3.5000000000000004 3196.5550000000007 4.6428571428571432 459.22000000000008 1408.3333333333335 106.28785714285716 9772.6550000000025 319.04850000000005 24.500000000000004 497.00883333333337 1834.1171428571431 1945.2500000000002 129.07900000000004 1295.9014285714288 970.15350000000012 810.37000000000023 19.500000000000004 1945.2500000000002 1087.7610000000002 28.500000000000004 1509.116666666667 21033.945000000003 2394.6000000000004 1519.3770000000002 32951.680000000008 4.5000000000000009
decision_type=2 2 2 2 2 2 2 2 2 2 2 2 2 2 2 2 2 2 2 2 2 2 2 2 2 2 2 2 2 2
left_child=3 -2 -3 4 -1 8 7 -7 -6 10 13 -12 17 16 -10 -16 -8 18 19 -11 21 22 -20 25 -19 -22 27 -27 -29 -26
right_child=1 2 -4 -5 5 6 9 -9 14 12 11 -13 -14 -15 15 -17 -18 24 20 -21 23 -23 -24 -25 29 26 -28 28 -30 -31
leaf_value=-0.07465620537730723 0.3619102625626987 0.42873783543270927 -1.9269353798151156 -0.39787626740543924 -0.03376880925858964 -1.9602658497004726 -1.3364533501410909 -22.269838752209303 -18.353653048013005 2.0569440436596529 9.7109311673845156 32.703128039250608 -0.37780340585580979 -17.325008971602827 18.425101232528686 -15.920159343064549 5.2994523942641463 -5.4311334745399868 7.1054381095038526 -2.385560941532618 7.1378100778714249 -14.907183312452757 37.832770518933316 20.482316073950599 -0.67972515442428805 0.38822681629081646 24.964085082804903 -34.354842759851827 -1.1874317169189454 2.7172255404983807
leaf_weight=192931 15452 4042 12629 48981 55858 1220 619 71 131 14412 339 61 6477 54 60 83 1395 737 90 2542 1985 52 118 136 4364 807 94 57 50 4501
leaf_count=192931 15452 4042 12629 48981 55858 1220 619 71 131 14412 339 61 6477 54 60 83 1395 737 90 2542 1985 52 118 136 4364 807 94 57 50 4501
internal_value=-0.000390154 -0.529529 -1.35579 0.049865 0.125686 0.527005 1.37537 -3.07721 -0.0802832 1.52318 4.42335 13.2172 1.32666 2.7224 -9.56276 -1.50956 3.25992 1.69533 2.23692 1.39086 6.46948 16.6484 24.5373 5.62367 0.547924 4.94851 0.637228 -1.86466 -18.8561 1.045
internal_weight=370348 32123 16671 338225 289244 96313 40181 1291 56132 38890 2468 400 36422 2068 274 143 2014 29945 20343 16954 3389 260 208 3129 9602 2993 1008 914 107 8865
internal_count=370348 32123 16671 338225 289244 96313 40181 1291 56132 38890 2468 400 36422 2068 274 143 2014 29945 20343 16954 3389 260 208 3129 9602 2993 1008 914 107 8865
is_linear=0
shrinkage=0.05


Tree=265
num_leaves=31
num_cat=0
split_feature=10 8 11 8 11 8 11 11 11 11 11 1 8 11 11 11 8 8 10 10 0 0 0 11 10 11 10 9 10 6
split_gain=4.27744e+06 8.73833e+06 2.14518e+07 1.71437e+07 1.37981e+07 9.94854e+06 1.00062e+07 7.24131e+06 7.61688e+06 2.13666e+07 1.54682e+07 1.4094e+07 2.68088e+07 1.77812e+07 1.25897e+07 1.2601e+07 1.15931e+07 1.55722e+07 9.39348e+06 8.80678e+06 1.24011e+07 9.69792e+06 9.25496e+06 8.65312e+06 8.27889e+06 6.7435e+06 6.33858e+06 6.31476e+06 6.13516e+06 2.78e+07
threshold=2762.7666666666669 1451.2592857142861 27454.115000000002 1355.9100000000001 16431.460000000003 1593.7250000000001 35421.660000000011 2927.6800000000007 23225.890000000003 20009.920000000002 19100.720000000005 4.5000000000000009 2693.3414285714293 15809.935000000003 9526.7850000000017 7768.1650000000009 1791.3400000000004 1925.7600000000002 2812.8500000000008 2955.1166666666672 20.500000000000004 16.500000000000004 10.500000000000002 5043.0250000000005 2955.1166666666672 45915.240000000013 2812.8500000000008 2138.2523333333338 2720.4666666666672 1.5000000000000002
decision_type=2 2 2 2 2 2 2 2 2 2 2 2 2 2 2 2 2 2 2 2 2 2 2 2 2 2 2 2 2 2
left_child=28 2 4 -4 -2 6 -3 -7 9 10 11 14 13 -13 15 23 -10 25 -16 20 22 -21 -11 -9 -14 -18 27 -19 -1 -30
right_child=1 5 3 -5 -6 7 -8 8 16 19 -12 12 24 -15 18 -17 17 26 -20 21 -22 -23 -24 -25 -26 -27 -28 -29 29 -31
leaf_value=0.0045048525077797776 -10.269763341443293 26.542920273542407 16.70950353713263 -18.284104499816895 -45.562798957104953 -20.46489537072182 0.49679254553783903 12.567117853063934 -13.601517682940647 16.672123489379882 -23.776536633870375 11.444737422897155 5.739351800509862 49.189145263671875 -20.902304868047889 23.729717454910279 19.027042715428241 -0.56883914956768744 -4.3056000309128875 -12.617865942418575 1.1234125492707738 17.774481463882161 44.935023713111882 -9.6319454255311392 -21.699222105520747 -0.069986032184801608 -2.0407699350202293 -16.223077916821769 1.0176576015714445 30.935469529845502
leaf_weight=365971 58 64 84 60 53 50 87 71 237 60 73 83 56 50 110 70 118 103 379 52 53 53 56 115 54 76 1368 172 660 88
leaf_count=365971 58 64 84 60 53 50 87 71 237 60 73 83 56 50 110 70 118 103 379 52 53 53 56 115 54 76 1368 172 660 88
internal_value=-0.00368857 -1.65836 -10.6036 2.12883 -27.1214 -1.02649 11.5362 -1.5749 -1.29784 1.64799 -1.56652 0.0745062 10.5309 25.6344 -3.33611 5.64716 -3.19403 -1.85131 -8.03901 14.0954 21.1611 2.72303 30.3163 -1.15811 -7.73049 11.5457 -3.43319 -10.3599 0.0137506 4.5374
internal_weight=370584 3865 255 144 111 3610 151 3459 3409 1335 1061 988 243 133 745 256 2074 1837 489 274 169 105 116 186 110 194 1643 275 366719 748
internal_count=370584 3865 255 144 111 3610 151 3459 3409 1335 1061 988 243 133 745 256 2074 1837 489 274 169 105 116 186 110 194 1643 275 366719 748
is_linear=0
shrinkage=0.05


Tree=266
num_leaves=31
num_cat=0
split_feature=3 10 3 10 0 9 10 10 0 10 11 6 3 8 9 8 9 9 11 10 8 8 10 8 11 10 8 9 11 11
split_gain=3.90962e+06 5.82961e+06 4.12617e+06 8.20186e+06 7.55104e+06 6.25484e+06 1.31649e+07 1.31256e+07 1.2383e+07 9.46412e+06 7.27313e+06 5.25882e+06 1.37715e+07 9.843e+06 1.51877e+07 2.14813e+07 8.86429e+06 1.08913e+07 7.22258e+06 8.12947e+06 6.97e+06 2.0362e+07 1.75368e+07 2.31182e+07 1.28182e+07 7.75103e+06 6.21122e+06 7.67399e+06 7.31674e+06 7.21844e+06
threshold=286.50000000000006 291.83333333333343 266.50000000000006 2812.8500000000008 2.5000000000000004 2703.9491666666668 2955.1166666666672 3076.1000000000008 14.500000000000002 2955.1166666666672 12943.180000000002 3.5000000000000004 280.50000000000006 2266.1771428571433 2530.8520000000003 1669.8157142857144 1841.156666666667 1917.6366666666668 4198.1350000000011 1186.1000000000001 1925.7600000000002 2340.6650000000004 2348.0500000000006 2899.4528571428577 14253.120000000001 2469.5833333333335 1518.4428571428573 1998.7498333333335 15809.935000000003 5848.5050000000001
decision_type=2 2 2 2 2 2 2 2 2 2 2 2 2 2 2 2 2 2 2 2 2 2 2 2 2 2 2 2 2 2
left_child=2 -2 -1 11 -5 6 8 -8 -6 -7 -11 12 13 14 26 -16 18 -18 19 -14 24 25 -23 -24 -19 -22 -4 -28 29 -29
right_child=1 -3 3 4 5 9 7 -9 -10 10 -12 -13 16 -15 15 -17 17 20 -20 -21 21 22 23 -25 -26 -27 27 28 -30 -31
leaf_value=0.048678818274719537 0.19747554237571346 6.6460479439738229 -1.8181389106300436 10.442134935347761 -12.18205712169914 13.774504510334561 9.4715563259124753 -18.41480802999784 -39.928217709650767 5.3329140640795236 -18.356713366802829 0.12353671580129495 1.3550344948541715 -14.317626609162588 -11.89360969543457 28.981434372795952 28.515111089635781 29.349646145767636 -3.7259574339807973 17.754685548589201 -3.4667144394992442 -11.845391477960529 34.6790235849342 -0.64957390763293743 -0.38345017057575592 -26.494244637027862 -12.692087339884358 -6.0541084492648096 -9.1235134811313063 11.346424456825829
leaf_weight=338129 963 551 8381 61 118 70 100 73 61 54 81 17416 1739 164 50 90 54 72 764 79 89 66 99 87 73 62 304 108 216 133
leaf_count=338129 963 551 8381 61 118 70 100 73 61 54 81 17416 1739 164 50 90 54 72 764 79 89 66 99 87 73 62 304 108 216 133
internal_value=0.00872367 2.54435 -0.00168578 -0.557051 -6.25884 -8.08785 -12.1313 -2.29552 -21.6375 -1.14488 -8.88086 -0.439775 -1.21655 -2.17511 -1.96057 14.3832 1.62724 7.09092 0.353367 2.06767 4.97977 1.59735 10.2973 18.1544 14.3806 -12.9217 -2.21086 -6.53593 -2.44081 3.54868
internal_weight=370307 1514 368793 30664 618 557 352 173 179 205 135 30046 12630 9446 9282 140 3184 602 2582 1818 548 403 252 186 145 151 9142 761 457 241
internal_count=370307 1514 368793 30664 618 557 352 173 179 205 135 30046 12630 9446 9282 140 3184 602 2582 1818 548 403 252 186 145 151 9142 761 457 241
is_linear=0
shrinkage=0.05


Tree=267
num_leaves=31
num_cat=0
split_feature=9 8 6 11 1 3 3 9 8 9 8 0 1 6 9 8 3 11 3 0 10 9 11 11 9 10 11 8 11 11
split_gain=3.58185e+06 1.12658e+07 1.55343e+07 1.03749e+07 1.01813e+07 7.54927e+06 1.33105e+07 1.22151e+07 1.18946e+07 1.06221e+07 1.76465e+07 1.18935e+07 1.41617e+07 1.03562e+07 9.18455e+06 1.27713e+07 9.73178e+06 1.4548e+07 1.29136e+07 9.51026e+06 1.26098e+07 1.3616e+07 2.74914e+07 3.24864e+07 2.36078e+07 1.30712e+07 1.102e+07 1.33056e+07 9.87111e+06 8.8153e+06
threshold=581.01750000000004 503.59714285714296 2.5000000000000004 1268.2250000000001 1.0000000180025095e-35 259.50000000000006 264.50000000000006 1804.4843333333336 647.76285714285723 2703.9491666666668 2266.1771428571433 29.500000000000004 3.5000000000000004 1.5000000000000002 857.21983333333344 874.19928571428591 11.500000000000002 3248.5650000000005 5.5000000000000009 21.500000000000004 2762.7666666666669 1998.7498333333335 10903.300000000001 23225.890000000003 1880.9296666666669 2548.1500000000001 8283.1350000000002 2266.1771428571433 22071.445000000003 14742.730000000001
decision_type=2 2 2 2 2 2 2 2 2 2 2 2 2 2 2 2 2 2 2 2 2 2 2 2 2 2 2 2 2 2
left_child=1 -1 3 -3 -2 8 7 -7 13 -8 29 12 -12 -6 -10 -16 17 -17 19 26 21 24 -23 -24 -21 -25 27 -19 -22 -11
right_child=4 2 -4 -5 5 6 9 -9 14 10 11 -13 -14 -15 15 16 -18 18 -20 20 28 22 23 25 -26 -27 -28 -29 -30 -31
leaf_value=0.054369835191628774 -1.0429906662774977 -0.37946493106217682 0.06118738066644086 -2.9413136024811202 3.8915670829024585 -2.4782411183664266 -0.49811145978586269 -13.754559568900062 -0.83132835421717299 39.178189794367015 7.8682871820791718 20.671105275154115 -18.715170787510118 0.021245794771363815 4.3793582982587873 12.741514368618237 0.31292994676492897 18.432418657057358 4.5350052882756309 3.4853782414908618 -29.6173646365895 -7.3131238406466457 57.212287133080622 27.052479355910734 -31.303833696577286 -7.1317258022449641 -7.649207367638609 -6.9870201387859527 0.92056182167746814 10.738588926527235
leaf_weight=253118 11802 6272 20100 10684 5098 801 7086 343 10685 55 106 60 95 2615 2367 340 34444 101 2234 503 51 97 56 58 54 54 715 105 55 54
leaf_count=253118 11802 6272 20100 10684 5098 801 7086 343 10685 55 106 60 95 2615 2367 340 34444 101 2234 503 51 97 56 58 54 54 715 105 55 54
internal_value=0.0168447 -0.064834 -0.879078 -1.99369 0.312982 0.547523 -0.837378 -5.85917 0.74725 -0.0668683 8.19202 1.13549 -4.69603 2.57938 0.475072 0.8136 0.596446 2.80432 1.97683 -1.11402 2.45833 4.55132 13.8809 26.118 0.112636 10.5708 -4.71351 5.47591 -13.7722 25.0888
internal_weight=370208 290174 37056 16956 80034 68232 8600 1144 59632 7456 370 261 201 7713 51919 41234 38867 4423 4083 1849 928 822 265 168 557 112 921 206 106 109
internal_count=370208 290174 37056 16956 80034 68232 8600 1144 59632 7456 370 261 201 7713 51919 41234 38867 4423 4083 1849 928 822 265 168 557 112 921 206 106 109
is_linear=0
shrinkage=0.05


Tree=268
num_leaves=31
num_cat=0
split_feature=7 11 8 1 9 9 7 8 8 8 11 6 11 10 10 0 11 11 1 11 1 11 8 11 11 11 9 10 0 9
split_gain=2.94904e+06 7.03783e+06 4.926e+06 3.39928e+06 3.32577e+06 4.65879e+06 4.13939e+06 3.29979e+06 3.34728e+06 2.65079e+06 4.83677e+06 7.69811e+06 1.13193e+07 6.90706e+06 1.94395e+07 1.4844e+07 9.77237e+06 1.60878e+07 2.16116e+07 1.87338e+07 8.69195e+06 1.28624e+07 8.57461e+06 6.63429e+06 6.41398e+06 6.14934e+06 5.84506e+06 1.48111e+07 1.11084e+07 5.69574e+06
threshold=28.500000000000004 15243.790000000003 40.758571428571436 5.5000000000000009 391.92883333333344 357.75950000000006 29.500000000000004 143.61785714285716 209.89785714285716 2693.3414285714293 3517.8500000000004 1.5000000000000002 2777.2600000000007 2444.1500000000001 2418.9166666666674 22.500000000000004 4643.255000000001 11174.860000000002 4.5000000000000009 8677.3750000000018 3.5000000000000004 31067.535000000003 2899.4528571428577 13348.465000000002 11846.610000000002 5743.6550000000007 2530.8520000000003 2641.9333333333338 21.500000000000004 2703.9491666666668
decision_type=2 2 2 2 2 2 2 2 2 2 2 2 2 2 2 2 2 2 2 2 2 2 2 2 2 2 2 2 2 2
left_child=9 -2 -3 4 5 6 -4 -8 -9 -1 11 12 -11 14 15 20 -15 18 25 -20 -12 22 23 -22 -19 -18 -26 28 -28 -29
right_child=1 2 3 -5 -6 -7 7 8 -10 10 13 -13 -14 16 -16 -17 17 24 19 -21 21 -23 -24 -25 26 -27 27 29 -30 -31
leaf_value=0.042684909639994703 -1.2400545374779477 18.554357147216798 -0.44124585324701882 -5.511633305423028 -2.2963614131013554 20.30114712536335 19.490250446115223 -5.4208412284851075 9.6789200525352932 -1.4036355073837887 -4.0604602864258306 -6.2178189156258981 27.239149871723995 -19.205972970615733 -27.370673681778857 -11.985567737366104 15.894772981603943 -18.940315880415575 9.0468393603960688 50.486680747032167 19.773239230528112 26.63500040805701 -6.9345034764773814 -3.3347494201660157 -3.6248952586937997 -0.3258943263849905 5.0417521177019395 4.8565433928966524 35.550588807692897 -4.8762690372824355
leaf_weight=356465 9249 51 237 113 168 50 56 50 138 68 401 82 70 66 89 322 72 53 60 50 82 66 134 50 1096 310 70 250 52 377
leaf_count=356465 9249 51 237 113 168 50 56 50 138 68 401 82 70 66 89 322 72 53 60 50 82 66 134 50 1096 310 70 250 52 377
internal_value=0.00500929 -0.837125 3.48117 2.53446 3.83519 5.77511 4.26513 8.83649 5.66303 0.0286452 -1.28148 5.9156 13.1253 -1.7213 -4.93027 -3.0372 -0.226563 0.297554 8.35476 27.8831 0.893738 6.87757 1.97536 11.0202 -1.79104 2.7314 -1.2984 2.10592 18.0455 -0.995562
internal_weight=370397 10112 863 812 699 531 481 244 188 360285 3820 220 138 3600 1144 1055 2456 2390 492 110 733 332 266 132 1898 382 1845 749 122 627
internal_count=370397 10112 863 812 699 531 481 244 188 360285 3820 220 138 3600 1144 1055 2456 2390 492 110 733 332 266 132 1898 382 1845 749 122 627
is_linear=0
shrinkage=0.05


Tree=269
num_leaves=31
num_cat=0
split_feature=8 9 10 9 7 10 11 8 11 4 7 11 10 11 3 10 11 3 0 3 11 3 0 11 6 1 0 10 10 8
split_gain=4.64303e+06 1.31383e+07 6.75834e+06 6.71758e+06 1.02707e+07 1.05811e+07 1.14405e+07 8.36134e+06 1.19075e+07 7.35394e+06 1.32645e+07 1.34868e+07 1.04907e+07 9.02437e+06 6.77207e+06 1.8144e+07 6.25015e+06 6.54587e+06 1.1145e+07 7.24609e+06 1.13331e+07 1.48381e+07 1.44959e+07 2.16977e+07 1.44452e+07 1.77762e+07 2.03192e+07 1.24475e+07 2.05796e+07 1.22727e+07
threshold=839.78785714285721 581.01750000000004 785.16666666666686 1158.1600000000001 17.500000000000004 270.16666666666669 1652.8050000000001 1092.6764285714287 10596.205000000002 1.5000000000000002 1.0000000180025095e-35 1955.2450000000001 1344.8833333333334 13772.890000000001 8.5000000000000018 12.500000000000002 604.95000000000016 27.500000000000004 29.500000000000004 61.500000000000007 7102.0150000000003 59.500000000000007 26.500000000000004 12198.740000000002 1.5000000000000002 2.5000000000000004 18.500000000000004 2303.4000000000005 1900.7500000000002 1750.47
decision_type=2 2 2 2 2 2 2 2 2 2 2 2 2 2 2 2 2 2 2 2 2 2 2 2 2 2 2 2 2 2
left_child=1 2 -1 4 9 6 14 8 -7 10 11 -2 -11 -14 15 -6 -5 18 -18 20 24 -22 -23 -24 -19 -26 -27 28 -25 -29
right_child=3 -3 -4 16 5 7 -8 -9 -10 12 -12 -13 13 -15 -16 -17 17 19 -20 -21 21 22 23 27 25 26 -28 29 -30 -31
leaf_value=0.004503821304828441 -3.0274118724613737 1.2494006278607421 -2.6175789234065014 -8.5858173359220284 23.684671684698014 6.1067968622814846 -2.1697344465528703 0.98131944413475147 25.396216840936681 0.28490441827818691 -1.0187662594339251 -12.065527759496392 -0.10257280216422134 -4.5036958979155788 0.8268286162614823 0.74937419464459287 0.88579077362242831 -0.081575410124039502 13.873459593667873 0.20262748259981983 -1.4721073316344619 -1.2890721226050186 -40.438372823677653 -2.1333177588202736 0.49281431895877248 35.313230496644977 3.5048481495825801 17.685157627170369 -42.593369738260911 -11.529987617160963
leaf_weight=282897 924 22016 2479 214 141 417 2557 559 99 5688 1986 746 1860 3116 540 222 9842 1490 168 21598 9858 306 73 66 218 112 91 59 60 92
leaf_count=282897 924 22016 2479 214 141 417 2557 559 99 5688 1986 746 1860 3116 540 222 9842 1490 168 21598 9858 306 73 66 218 112 91 59 60 92
internal_value=-0.00767691 0.0725196 -0.0182736 -0.398342 -1.18863 0.885048 -0.461163 5.21797 9.80767 -1.84534 -3.78049 -7.0648 -1.1819 -2.85858 4.37695 9.65813 -0.061578 -0.0201502 1.10377 -0.350821 -1.31286 -1.95665 -9.2381 -16.1878 2.22915 10.4073 21.0543 -9.79688 -21.4 -0.114798
internal_weight=370494 307392 285376 63102 18855 4535 3460 1075 516 14320 3656 1670 10664 4976 903 363 44247 44033 10010 34023 12425 10514 656 350 1911 421 203 277 126 151
internal_count=370494 307392 285376 63102 18855 4535 3460 1075 516 14320 3656 1670 10664 4976 903 363 44247 44033 10010 34023 12425 10514 656 350 1911 421 203 277 126 151
is_linear=0
shrinkage=0.05


Tree=270
num_leaves=31
num_cat=0
split_feature=3 10 3 10 8 9 3 11 8 1 9 10 10 9 3 8 1 6 11 3 11 11 11 10 10 11 11 11 10 8
split_gain=3.33228e+06 6.4188e+06 4.16563e+06 9.8125e+06 5.38302e+06 8.24361e+06 1.01947e+07 1.55952e+07 9.93024e+06 2.43157e+07 2.40674e+07 9.42662e+06 6.2964e+06 4.91088e+06 1.32945e+07 1.60189e+07 4.07396e+07 1.51178e+07 1.5358e+07 1.39762e+07 1.47218e+07 2.43033e+07 2.01217e+07 1.35952e+07 1.25449e+07 1.25118e+07 1.45477e+07 1.57983e+07 1.77128e+07 3.09588e+07
threshold=285.50000000000006 291.83333333333343 266.50000000000006 654.71666666666681 3218.1678571428579 2530.8520000000003 281.50000000000006 17684.070000000003 2133.8221428571437 2.5000000000000004 2703.9491666666668 2762.7666666666669 2720.4666666666672 2041.4540000000004 64.500000000000014 1174.069285714286 4.5000000000000009 2.5000000000000004 14253.120000000001 72.500000000000014 45915.240000000013 16431.460000000003 3469.9150000000004 2577.1000000000004 2720.4666666666672 20009.920000000002 23225.890000000003 25929.405000000002 2519.2500000000005 2266.1771428571433
decision_type=2 2 2 2 2 2 2 2 2 2 2 2 2 2 2 2 2 2 2 2 2 2 2 2 2 2 2 2 2 2
left_child=2 -2 13 -4 5 -5 8 -8 9 12 -11 -10 -7 -1 15 16 -15 25 -19 20 21 22 -16 -21 -24 -17 -27 28 -28 -30
right_child=1 -3 3 4 -6 6 7 -9 11 10 -12 -13 -14 14 19 17 -18 18 -20 23 -22 -23 24 -25 -26 26 27 -29 29 -31
leaf_value=-0.012218754719895617 -0.11848902805042016 4.6305028054949231 -0.14619121870142698 -2.9671054955408112 -15.41347606013753 3.4567816367516153 -1.0555486986511633 31.654841390337268 -19.379127863380646 3.2599114453351059 45.452473699635476 0.22755871033816605 -19.512385689871653 45.635680972376178 -10.57491418730538 -2.9651019314408393 -15.024881774902344 -0.01481326515994855 34.662011806300427 4.9182131824252613 32.600153138889716 -2.2654959930059237 16.983071883427794 -2.003387325133295 42.647120627145924 9.5304619665329273 7.9314294502139093 1.3889698620840292 -40.228536124851395 -3.196289580815459
leaf_weight=327696 1933 1126 23386 5004 79 52 76 70 99 81 58 161 70 62 53 3390 50 67 61 1703 65 312 195 1216 63 468 96 2466 92 146
leaf_count=327696 1933 1126 23386 5004 79 52 76 70 99 81 58 161 70 62 53 3390 50 67 61 1703 65 312 195 1216 63 468 96 2466 92 146
internal_value=-0.01384 1.62959 -0.0275257 -0.60118 -2.45168 -2.27112 2.95038 14.6275 -0.321909 6.56775 20.8654 -7.23806 -9.72225 0.0218946 1.08604 -0.200195 18.5551 -0.509743 16.5109 3.54582 9.95665 7.59416 17.4855 2.03481 23.2499 -0.836964 1.37062 0.00676189 -10.1984 -17.5113
internal_weight=370396 3059 367337 29136 5750 5671 667 146 521 261 139 260 122 338201 10505 6898 112 6786 128 3607 688 623 311 2919 258 6658 3268 2800 334 238
internal_count=370396 3059 367337 29136 5750 5671 667 146 521 261 139 260 122 338201 10505 6898 112 6786 128 3607 688 623 311 2919 258 6658 3268 2800 334 238
is_linear=0
shrinkage=0.05


Tree=271
num_leaves=31
num_cat=0
split_feature=8 7 5 9 3 8 9 6 0 1 6 6 9 11 11 4 9 0 10 1 11 6 8 11 9 8 1 4 6 3
split_gain=3.37893e+06 7.37892e+06 1.07787e+07 1.98681e+07 2.29865e+07 2.1008e+07 1.54329e+07 1.44813e+07 1.31309e+07 1.23115e+07 1.19062e+07 2.06724e+07 2.83492e+07 2.36385e+07 1.12409e+07 1.23396e+07 1.07662e+07 1.5294e+07 1.02203e+07 1.01666e+07 1.01149e+07 9.68731e+06 1.32572e+07 9.98794e+06 1.01045e+07 1.42684e+07 9.43633e+06 9.33375e+06 9.20073e+06 1.39889e+07
threshold=194.57285714285717 1.0000000180025095e-35 1.0000000180025095e-35 269.66516666666672 21.500000000000004 136.77071428571432 518.65050000000019 32.500000000000007 6.5000000000000009 5.5000000000000009 3.5000000000000004 30.500000000000004 103.36283333333334 137.55500000000004 10040.765000000001 1.5000000000000002 502.12516666666664 16.500000000000004 38.833333333333336 4.5000000000000009 48.445000000000007 30.500000000000004 47.296428571428578 34.110000000000007 158.19350000000003 4.6428571428571432 3.5000000000000004 2.5000000000000004 26.500000000000004 103.50000000000001
decision_type=2 2 2 2 2 2 2 2 2 2 2 2 2 2 2 2 2 2 2 2 2 2 2 2 2 2 2 2 2 2
left_child=1 2 10 5 -5 7 28 9 -8 18 14 27 -13 20 15 16 -1 -18 19 21 -14 -4 23 24 25 -23 -24 -12 -6 -30
right_child=-2 -3 3 4 6 -7 8 -9 -10 -11 11 12 13 -15 -16 -17 17 -19 -20 -21 -22 22 26 -25 -26 -27 -28 -29 29 -31
leaf_value=2.0234079643109797 -0.11287003112963806 0.012232015055068282 7.3162041558191024 22.405441985413894 -0.47506307022186001 -9.3904456720551313 2.1607088165283201 -6.9144325042143464 35.329326534271239 -4.4939716694957914 -3.754805462238906 0.26041858643908017 12.902106202400484 3.1934778520039151 25.216568580040565 -6.2679429532393165 4.208280153902705 31.143582031943584 -2.00213351305085 13.926622231489809 33.680503185574089 -2.1892305534877137 -16.329670966260228 12.138213454760038 -13.586066402282036 26.947681044665252 8.3317874459659347 3.7804761380615086 5.3829354243117136 30.689610755059029
leaf_weight=6975 230144 111010 1243 227 666 431 50 384 74 435 4428 10459 111 336 52 437 167 77 495 338 124 178 162 234 112 55 51 453 458 62
leaf_count=6975 230144 111010 1243 227 666 431 50 384 74 435 4428 10459 111 336 52 437 167 77 495 338 124 178 162 234 112 55 51 453 458 62
internal_value=0.00502943 0.19845 0.904609 2.86538 7.71645 1.05477 5.17111 2.27579 21.9549 3.34422 0.43515 -0.346206 0.852697 11.7014 2.04804 1.89068 2.38456 12.7084 4.53307 5.89629 23.866 4.56251 0.240728 4.16432 -1.24406 4.68858 -10.4248 -3.05546 3.41631 8.40027
internal_weight=370428 140284 29274 5655 1537 4118 1310 3687 124 3303 23619 15911 11030 571 7708 7656 7219 244 2868 2373 235 2035 792 579 345 233 213 4881 1186 520
internal_count=370428 140284 29274 5655 1537 4118 1310 3687 124 3303 23619 15911 11030 571 7708 7656 7219 244 2868 2373 235 2035 792 579 345 233 213 4881 1186 520
is_linear=0
shrinkage=0.05


Tree=272
num_leaves=31
num_cat=0
split_feature=3 11 10 10 3 9 3 11 10 9 8 3 9 10 11 0 11 10 8 9 9 10 8 10 1 10 9 0 3 10
split_gain=3.57463e+06 8.1247e+06 1.43042e+07 8.19423e+06 6.20595e+06 1.11623e+07 1.27318e+07 2.46403e+07 2.4571e+07 2.58301e+07 1.22355e+07 8.4597e+06 1.27732e+07 2.50429e+07 2.3655e+07 1.86646e+07 1.98772e+07 1.47942e+07 1.41316e+07 1.20153e+07 2.11288e+07 1.29279e+07 1.15564e+07 1.15307e+07 1.06282e+07 1.00814e+07 1.43616e+07 1.02602e+07 9.89932e+06 9.29801e+06
threshold=2.5000000000000004 12198.740000000002 2577.1000000000004 2955.1166666666672 8.5000000000000018 1121.5418333333334 7.5000000000000009 645.63000000000011 1.0000000180025095e-35 156.46116666666668 1418.4021428571432 5.5000000000000009 2041.4540000000004 2176.9166666666674 6839.2300000000005 15.500000000000002 13348.465000000002 2548.1500000000001 3218.1678571428579 2258.7413333333338 2530.8520000000003 2303.4000000000005 2899.4528571428577 2071.4333333333338 3.5000000000000004 1900.7500000000002 1630.4328333333335 13.500000000000002 6.5000000000000009 2548.1500000000001
decision_type=2 2 2 2 2 2 2 2 2 2 2 2 2 2 2 2 2 2 2 2 2 2 2 2 2 2 2 2 2 2
left_child=1 2 -1 -3 5 6 -2 8 9 -8 -7 12 13 -12 -14 -16 -17 -18 -19 21 -21 23 29 25 -25 26 28 -27 -13 -23
right_child=4 3 -4 -5 -6 10 7 -9 -10 -11 11 19 14 -15 15 16 17 18 -20 20 -22 22 -24 24 -26 27 -28 -29 -30 -31
leaf_value=-0.91108760897773944 -0.23023755427577638 -8.2772555198347302 19.880065586453394 12.440191122201774 -0.043228435632730842 21.307511964136239 1.336166746180232 0.018508430221172056 -1.2998375987551016 23.020939155359969 0.43464341276547513 21.198178578348994 -14.609977711857978 -24.047328441826874 -9.5354149259369958 37.722009879422473 26.051652023066648 15.667276358604433 -12.434253768082504 -14.698633080164592 19.806304698520236 36.965235879344327 6.3501698211088025 -12.908398994277505 13.139023909135298 3.7751468779548767 -19.429829724629723 29.743283933401109 2.3179230085560976 11.031027783480559
leaf_weight=5457 13157 581 84 52 345864 98 205 1724 314 416 549 103 111 129 87 83 92 88 91 150 63 93 118 136 55 63 54 96 213 55
leaf_count=5457 13157 581 84 52 345864 98 205 1724 314 416 549 103 111 129 87 83 92 88 91 150 63 93 118 136 55 63 54 96 213 55
internal_value=-0.015921 -1.20895 -0.5959 -6.57535 0.00430316 0.900529 0.407508 3.56314 10.0989 15.8625 3.98625 3.28741 0.374071 -4.22343 6.021 11.2138 16.3132 9.75629 1.38102 6.27607 -4.49295 8.60244 18.0218 5.12252 -5.40783 8.92459 4.39978 19.454 8.47193 27.3275
internal_weight=370381 6174 5541 633 364207 18343 15816 2659 935 621 2527 2429 1230 678 552 441 354 271 179 1199 213 986 266 720 191 529 370 159 316 148
internal_count=370381 6174 5541 633 364207 18343 15816 2659 935 621 2527 2429 1230 678 552 441 354 271 179 1199 213 986 266 720 191 529 370 159 316 148
is_linear=0
shrinkage=0.05


Tree=273
num_leaves=31
num_cat=0
split_feature=1 11 0 9 8 10 8 0 0 10 11 8 8 9 10 8 0 8 0 0 3 11 10 10 8 9 8 10 10 8
split_gain=3.15427e+06 5.56516e+06 1.13345e+07 8.15685e+06 9.78541e+06 1.00569e+07 9.49434e+06 8.87207e+06 1.65629e+07 1.32828e+07 2.03443e+07 1.10878e+07 1.25668e+07 1.88925e+07 1.13608e+07 8.441e+06 1.37649e+07 7.99962e+06 1.25429e+07 1.26826e+07 7.85335e+06 1.0358e+07 7.66864e+06 7.49378e+06 7.16002e+06 6.308e+06 6.26497e+06 5.84488e+06 5.27446e+06 5.03109e+06
threshold=5.5000000000000009 15243.790000000003 29.500000000000004 1768.4196666666669 1295.9014285714288 1922.3833333333334 2430.840714285715 14.500000000000002 11.500000000000002 2394.6000000000004 20009.920000000002 2133.8221428571437 1834.1171428571431 2258.7413333333338 2609.7166666666667 1750.47 24.500000000000004 1834.1171428571431 8.5000000000000018 4.5000000000000009 88.500000000000014 38560.455000000009 1344.8833333333334 2680.8833333333337 1451.2592857142861 2258.7413333333338 2340.6650000000004 2220.0000000000005 2220.0000000000005 2195.8535714285722
decision_type=2 2 2 2 2 2 2 2 2 2 2 2 2 2 2 2 2 2 2 2 2 2 2 2 2 2 2 2 2 2
left_child=-1 -2 3 4 5 22 7 8 17 15 -11 12 13 -12 -14 16 -9 18 19 24 21 -7 -3 -13 -5 -21 27 -4 -6 -17
right_child=1 2 26 6 28 20 -8 9 -10 10 11 23 14 -15 -16 29 -18 -19 -20 25 -22 -23 -24 -25 -26 -27 -28 -29 -30 -31
leaf_value=0.072944862183541265 -0.1702720657271663 0.77565138139819956 -9.9502343892337333 1.2214341597123581 -6.1137316741402312 32.833343321701577 -5.0323484668434233 21.259298526479842 -14.043863757113193 38.157213032795838 -8.1223695493211938 7.0095595955848697 9.9886636226784944 28.452307213677301 42.895537030255355 -9.864482521242218 -8.6657156489445608 -2.7933296704487192 26.825249978770383 -10.927320365618943 -5.2357641543982165 2.5467147619074044 -5.8441761507505037 -18.664843280227096 24.656580514907837 8.7159865815760735 4.5089549777507782 -27.33941607194788 -18.515238722165428 5.5032747661745232
leaf_weight=316727 48073 964 167 55 802 58 529 94 188 65 102 60 51 54 54 190 65 367 69 133 53 55 801 54 80 59 50 68 96 74
leaf_count=316727 48073 964 167 55 802 58 529 94 188 65 102 60 51 54 54 190 65 367 69 133 53 55 801 54 80 59 50 68 96 74
internal_value=0.0129486 -0.342038 -1.85519 -1.32028 -3.12733 -1.12198 0.861611 2.58041 -0.750622 6.25111 12.3332 7.85706 13.5392 4.5381 26.9122 -0.0754298 9.0258 2.52478 7.45343 3.36579 10.644 18.0921 -2.22859 -5.152 15.1089 -4.8911 -11.5625 -14.982 -7.43951 -5.55685
internal_weight=370257 53530 5457 5172 2829 1931 2343 1814 951 863 440 375 261 156 105 423 159 763 396 327 166 113 1765 114 135 192 285 235 898 264
internal_count=370257 53530 5457 5172 2829 1931 2343 1814 951 863 440 375 261 156 105 423 159 763 396 327 166 113 1765 114 135 192 285 235 898 264
is_linear=0
shrinkage=0.05


Tree=274
num_leaves=31
num_cat=0
split_feature=8 11 11 9 3 3 11 9 11 9 1 11 9 3 9 9 3 11 10 10 9 11 10 3 1 1 10 9 3 3
split_gain=3.1891e+06 6.3683e+06 1.65945e+07 7.94218e+06 1.36515e+07 8.34379e+06 1.17626e+07 7.89037e+06 1.46195e+07 1.3349e+07 1.20695e+07 9.42294e+06 8.168e+06 1.24004e+07 7.20234e+06 7.02982e+06 5.70043e+06 1.48653e+07 8.60909e+06 1.84572e+07 7.34721e+06 1.0102e+07 5.42101e+06 9.65841e+06 8.7575e+06 5.41644e+06 4.6281e+06 3.72859e+06 1.69624e+07 1.50162e+07
threshold=2899.4528571428577 3699.2600000000007 2927.6800000000007 2530.8520000000003 57.500000000000007 85.500000000000014 18339.145 2194.8705000000004 16973.135000000006 2041.4540000000004 4.5000000000000009 11502.295000000002 2422.4765000000002 6.5000000000000009 2422.4765000000002 2138.2523333333338 44.500000000000007 9526.7850000000017 2641.9333333333338 2444.1500000000001 2703.9491666666668 11502.295000000002 2955.1166666666672 5.5000000000000009 2.5000000000000004 2.5000000000000004 2812.8500000000008 2258.7413333333338 4.5000000000000009 8.5000000000000018
decision_type=2 2 2 2 2 2 2 2 2 2 2 2 2 2 2 2 2 2 2 2 2 2 2 2 2 2 2 2 2 2
left_child=27 2 -2 4 7 6 -6 9 10 25 14 -11 -10 -14 -9 -13 17 -5 19 -19 -18 26 23 -20 -24 -3 -22 -1 -29 -30
right_child=1 3 -4 16 5 -7 -8 8 12 11 -12 15 13 -15 -16 -17 20 18 22 -21 21 -23 24 -25 -26 -27 -28 28 29 -31
leaf_value=0.0019705555594825321 -3.0474908776111431 -3.1955130794469051 31.40838047663371 -15.537861294216581 25.91461717031504 -2.087773594968021 -4.1324867123051696 -7.6874180020557503 -9.813120437118334 20.933231692246991 -38.417626184491972 10.72188060322746 25.111799453735355 -8.7328256439851693 -27.146192441859718 -12.498212289810182 -12.258738436358316 -3.4318410282135012 -15.177225536189667 35.892666577688743 4.1878816010522062 -4.919926683604718 -2.1178163628829156 12.155502879221379 25.478902354733698 -22.444928895069076 24.490128618020279 19.851903585954148 -22.968335183950572 1.2190855764115558
leaf_weight=362457 111 68 51 72 76 290 57 144 231 71 67 61 50 59 71 70 140 50 73 74 61 216 57 58 58 79 52 121 65 5015
leaf_count=362457 111 68 51 72 76 290 57 144 231 71 67 61 50 59 71 70 140 50 73 74 61 216 57 58 58 79 52 121 65 5015
internal_value=0.00902183 -1.78269 7.79973 -2.45616 -4.8288 2.66786 13.0373 -8.09459 -11.4708 -2.07744 -19.8878 6.26445 -4.48964 6.79223 -14.1133 -1.6858 1.17443 5.2486 9.29353 20.036 -2.6652 1.41715 3.87863 -3.07571 11.8005 -13.5404 13.5305 0.0210443 1.35029 0.909601
internal_weight=370125 2467 162 2305 1394 423 133 971 622 349 282 202 340 109 215 131 911 442 370 124 469 329 246 131 115 147 113 367658 5201 5080
internal_count=370125 2467 162 2305 1394 423 133 971 622 349 282 202 340 109 215 131 911 442 370 124 469 329 246 131 115 147 113 367658 5201 5080
is_linear=0
shrinkage=0.05


Tree=275
num_leaves=31
num_cat=0
split_feature=8 9 6 11 0 4 11 10 8 8 11 9 11 8 10 10 11 6 6 11 9 8 11 1 11 9 0 0 8 11
split_gain=3.25348e+06 1.22928e+07 1.82956e+07 1.92455e+07 1.98684e+07 1.92148e+07 3.01478e+07 2.06223e+07 1.20658e+07 1.19448e+07 1.18098e+07 1.06691e+07 1.46815e+07 1.08617e+07 9.81959e+06 9.37776e+06 8.49238e+06 8.06953e+06 1.17319e+07 7.64161e+06 6.92186e+06 1.13116e+07 8.55937e+06 1.59743e+07 1.33759e+07 6.83118e+06 6.15132e+06 7.5228e+06 8.23276e+06 6.51704e+06
threshold=476.29857142857151 431.04400000000004 1.5000000000000002 8101.5250000000005 10.500000000000002 1.5000000000000002 1427.5150000000001 440.16666666666669 7.2142857142857153 200.7907142857143 7102.0150000000003 507.29916666666674 4959.6550000000007 99.290714285714301 687.73333333333346 695.38333333333344 1916.8050000000001 7.5000000000000009 5.5000000000000009 1991.5250000000003 769.2596666666667 185.82357142857146 10903.300000000001 3.5000000000000004 5487.0100000000011 513.0351666666669 2.5000000000000004 4.5000000000000009 120.67071428571431 3699.2600000000007
decision_type=2 2 2 2 2 2 2 2 2 2 2 2 2 2 2 2 2 2 2 2 2 2 2 2 2 2 2 2 2 2
left_child=1 14 5 -4 -5 6 -3 -8 -6 -10 11 16 13 -13 -1 -14 -9 18 -11 -18 -7 -22 23 -23 -25 -15 -21 -28 -29 -30
right_child=-2 2 3 4 8 20 7 10 9 17 -12 12 15 25 -16 -17 19 -19 -20 26 21 22 -24 24 -26 -27 27 28 29 -31
leaf_value=-0.013507678327239293 -0.23982324257426368 1.0605519409674831 -0.5994274272900374 -0.88665077712620866 -3.4595820340957193 -3.7198872531657892 -2.2887239002482018 0.76759483283089236 30.252572330474852 9.7331082622851106 26.800885230844671 -8.1069277110852696 7.0369319407145188 28.161347634617876 -5.3663638795045925 -20.144934789484196 27.286931869506841 0.9506386924754171 30.722888267433252 21.366773834493429 25.704482089771943 -5.4055311619865236 -12.54909528916882 1.1906347833830735 34.342468284070492 13.196390776999834 -7.7187087752602324 22.699799291098991 8.6664434648484843 -1.8502256665910997
leaf_weight=227822 118127 4324 12497 589 111 1314 490 597 100 248 88 57 75 82 860 55 50 136 91 72 51 161 93 58 64 1089 88 82 593 196
leaf_count=227822 118127 4324 12497 589 111 1314 490 597 100 248 88 57 75 82 860 55 50 136 91 72 51 161 93 58 64 1089 88 82 593 196
internal_value=-0.023287 0.0781626 1.16838 -0.00240762 5.84932 2.83428 3.87759 7.24807 11.6328 14.5463 8.74391 8.22052 11.5153 13.2068 -0.0336381 -4.46309 5.55405 11.2397 15.3675 8.19745 -1.92268 3.60784 0.610687 4.93528 18.5818 14.2443 7.27168 6.21345 7.62106 6.05394
internal_weight=370260 252133 23451 13772 1275 9679 7938 3614 686 575 3124 3036 1358 1228 228682 130 1678 475 339 1081 1741 427 376 283 122 1171 1031 959 871 789
internal_count=370260 252133 23451 13772 1275 9679 7938 3614 686 575 3124 3036 1358 1228 228682 130 1678 475 339 1081 1741 427 376 283 122 1171 1031 959 871 789
is_linear=0
shrinkage=0.05


Tree=276
num_leaves=31
num_cat=0
split_feature=8 9 8 0 1 3 9 1 9 10 8 3 3 8 9 9 1 1 8 10 1 3 1 3 8 10 9 0 10 9
split_gain=3.40216e+06 1.07368e+07 1.74675e+07 1.58741e+07 2.1941e+07 4.06552e+07 2.252e+07 2.21424e+07 1.4067e+07 1.21262e+07 1.20389e+07 1.05882e+07 2.09311e+07 1.32498e+07 1.71821e+07 1.29677e+07 1.50164e+07 2.09612e+07 1.31353e+07 9.9379e+06 1.17496e+07 9.90342e+06 1.35041e+07 1.47903e+07 1.10132e+07 1.00867e+07 2.11938e+07 3.41438e+07 1.81227e+07 1.08088e+07
threshold=1669.8157142857144 1341.3198333333337 333.06500000000005 29.500000000000004 5.5000000000000009 78.500000000000014 1519.3770000000002 3.5000000000000004 1519.3770000000002 1853.7000000000003 1265.0907142857145 259.50000000000006 137.50000000000003 1518.4428571428573 1630.4328333333335 1519.3770000000002 3.5000000000000004 5.5000000000000009 1295.9014285714288 1645.116666666667 4.5000000000000009 11.500000000000002 3.5000000000000004 10.500000000000002 1972.967142857143 2548.1500000000001 1998.7498333333335 21.500000000000004 2071.4333333333338 1880.9296666666669
decision_type=2 2 2 2 2 2 2 2 2 2 2 2 2 2 2 2 2 2 2 2 2 2 2 2 2 2 2 2 2 2
left_child=1 9 -3 11 5 7 -7 8 -5 -1 -11 12 -4 15 -15 18 -17 -18 -14 20 -2 22 24 25 -21 26 28 -28 -24 -30
right_child=19 2 3 4 -6 6 -8 -9 -10 10 -12 -13 13 14 -16 16 17 -19 -20 21 -22 -23 23 -25 -26 -27 27 -29 29 -31
leaf_value=-0.012925703350203955 -1.6054558067988856 -20.86809731396762 1.3354118971975917 18.967213177680971 -7.5353883864084885 12.755553681300237 51.201775608892028 25.552506442599828 -10.00366970511044 -0.25082433842176938 -9.8433211479038487 -1.927353937090603 35.712642395880913 9.9906430668301063 49.24538887023926 -21.09298205971718 32.030084925431474 -13.310961400985718 4.7008285060524946 8.6014309011521899 -11.51898733398105 -0.77640016292427039 7.801337799429894 21.628072207215904 -1.6101448511907552 -2.8834215176696336 3.4385797010453722 37.031258506629307 -4.0174968199296428 -31.461367502399522
leaf_weight=329580 965 88 11346 54 150 65 92 90 187 685 626 2364 62 63 50 64 52 50 76 305 433 19585 336 138 1966 343 179 131 121 51
leaf_count=329580 965 88 11346 54 150 65 92 90 187 685 626 2364 62 63 50 64 52 50 76 305 433 19585 336 138 1966 343 179 131 121 51
internal_value=-0.0133705 0.027017 1.34214 1.47451 9.18908 14.3298 35.2845 4.39054 -3.51227 -0.0320159 -4.83122 1.12611 1.73976 12.7415 27.36 7.30761 -2.10804 9.80408 18.6337 -0.582089 -4.67596 -0.334919 2.08705 6.15309 -0.238709 4.31369 7.33154 17.6342 1.04449 -12.1549
internal_weight=370297 345744 14853 14765 638 488 157 331 241 330891 1311 14127 11763 417 113 304 166 102 138 24553 1398 23155 3570 1299 2271 1161 818 310 508 172
internal_count=370297 345744 14853 14765 638 488 157 331 241 330891 1311 14127 11763 417 113 304 166 102 138 24553 1398 23155 3570 1299 2271 1161 818 310 508 172
is_linear=0
shrinkage=0.05


Tree=277
num_leaves=31
num_cat=0
split_feature=3 11 9 10 9 8 3 8 0 3 0 11 11 0 9 10 3 0 11 10 10 3 3 8 9 8 3 9 8 0
split_gain=4.50363e+06 8.28446e+06 4.93076e+06 1.03523e+07 6.2305e+06 4.32135e+06 6.64394e+06 1.47264e+07 1.24733e+07 6.63893e+06 6.51498e+06 6.59037e+06 6.02744e+06 1.01753e+07 1.97107e+07 9.11141e+06 1.15753e+07 6.51254e+06 5.98302e+06 6.10247e+06 5.4819e+06 5.43496e+06 5.4145e+06 9.68117e+06 5.21326e+06 9.89943e+06 1.21007e+07 1.55165e+07 1.91508e+07 1.1609e+07
threshold=1.5000000000000002 45915.240000000013 2258.7413333333338 1965.7166666666669 1270.8481666666669 2693.3414285714293 283.50000000000006 2899.4528571428577 24.500000000000004 47.500000000000007 25.500000000000004 7355.0100000000011 29214.375000000004 16.500000000000004 2138.2523333333338 2348.0500000000006 14.500000000000002 18.500000000000004 35421.660000000011 2641.9333333333338 2418.9166666666674 8.5000000000000018 66.500000000000014 3218.1678571428579 1341.3198333333337 1669.8157142857144 8.5000000000000018 2194.8705000000004 2195.8535714285722 29.500000000000004
decision_type=2 2 2 2 2 2 2 2 2 2 2 2 2 2 2 2 2 2 2 2 2 2 2 2 2 2 2 2 2 2
left_child=1 2 3 4 -1 24 8 -8 12 -10 -11 -12 -7 15 -15 -14 21 -16 19 -9 -13 -17 23 -19 -2 29 27 28 -27 -26
right_child=5 -3 -4 -5 -6 6 7 18 9 10 11 20 13 14 17 16 -18 22 -20 -21 -22 -23 -24 -25 25 26 -28 -29 -30 -31
leaf_value=-1.7134789636287167 -0.029005475744636702 -19.434538409926674 9.0654377127593424 -15.702773912869967 11.317962768956235 -2.3181501657740351 29.833916911712063 -6.0604280489594196 -17.104201254807414 10.887415418309986 8.6032286989922611 -21.738363030445147 13.326910922186716 -12.923750451916741 27.451374064732903 -9.6846978369626129 3.3980377302873856 17.713657314810487 -14.244604474526865 14.225360463613487 -6.5078016443368867 -29.431627168842393 24.213945576438199 -5.542831013711651 1.2995079957824185 9.3247894277907974 -0.44198241011194794 22.727172233440257 -3.4909780736239457 8.2623066242980965
leaf_weight=2659 328983 66 106 130 95 2090 52 67 176 53 51 83 70 84 73 110 149 90 54 83 205 51 54 89 14196 583 18463 108 583 625
leaf_count=2659 328983 66 106 130 95 2090 52 67 176 53 51 83 70 84 73 110 149 90 54 83 205 51 54 89 14196 583 18463 108 583 625
internal_value=-0.000811882 -1.91232 -1.52554 -1.9148 -1.26396 0.0150954 -1.68875 6.08129 -2.26901 -9.03684 -5.41476 -7.96348 -0.924911 2.85674 8.53032 -2.96615 -6.64523 14.4197 0.0267039 5.16437 -10.8972 -15.9399 10.3368 6.15038 0.0323616 0.61656 -0.116769 4.59627 2.91691 1.59313
internal_weight=370281 3056 2990 2884 2754 367225 3684 256 3428 568 392 339 2860 770 390 380 310 306 204 150 288 161 233 179 363541 34558 19737 1274 1166 14821
internal_count=370281 3056 2990 2884 2754 367225 3684 256 3428 568 392 339 2860 770 390 380 310 306 204 150 288 161 233 179 363541 34558 19737 1274 1166 14821
is_linear=0
shrinkage=0.05


Tree=278
num_leaves=31
num_cat=0
split_feature=8 0 3 3 3 3 11 11 8 9 0 11 11 11 11 6 11 3 8 9 1 9 0 11 0 3 3 1 9 3
split_gain=4.61958e+06 6.443e+06 6.02514e+06 6.59325e+06 1.11424e+07 8.86332e+06 8.79538e+06 1.47948e+07 1.66169e+07 1.80676e+07 9.61831e+06 7.18984e+06 7.09283e+06 1.62091e+07 1.35273e+07 1.1424e+07 8.89097e+06 6.47859e+06 1.22953e+07 5.87809e+06 1.06769e+07 1.19234e+07 5.79659e+06 9.66442e+06 6.51267e+06 8.7969e+06 8.30893e+06 1.03029e+07 8.5084e+06 7.01261e+06
threshold=2430.840714285715 2.5000000000000004 283.50000000000006 9.5000000000000018 5.5000000000000009 39.500000000000007 3937.6500000000001 5743.6550000000007 2693.3414285714293 1804.4843333333336 17.500000000000004 55972.670000000006 6970.8350000000009 8472.3050000000021 5660.9350000000004 1.5000000000000002 55972.670000000006 49.500000000000007 2537.0064285714293 2530.8520000000003 1.5000000000000002 2087.0383333333334 6.5000000000000009 24530.555000000004 14.500000000000002 14.500000000000002 11.500000000000002 4.5000000000000009 2258.7413333333338 12.500000000000002
decision_type=2 2 2 2 2 2 2 2 2 2 2 2 2 2 2 2 2 2 2 2 2 2 2 2 2 2 2 2 2 2
left_child=-1 -2 3 4 12 22 -6 -8 9 -9 -11 19 14 -14 -3 16 -15 18 -7 20 -10 -22 23 -5 25 29 -26 -28 -29 -24
right_child=1 2 -4 5 6 17 7 8 11 10 -12 -13 13 15 -16 -17 -18 -19 -20 -21 21 -23 24 -25 26 -27 27 28 -30 -31
leaf_value=0.021417746876948612 4.8203502687804418 -3.9378819901130102 4.4904390243097776 -6.7406874722526187 22.174918625448178 24.650972935557366 -20.323402448560373 -2.9824167928388046 19.384731843823293 44.547645814540026 15.200594747291422 -16.01776382713987 22.356045847353727 -3.2154703660863611 -32.404644203186038 13.532785805066428 -21.893138767296161 -2.6025272469920111 -0.23619428414564869 16.251718637217646 8.9724477099961248 -11.517969948085932 -14.47579728800153 19.967481258995832 5.5457566688678881 -5.460124240970103 -3.8477077858477102 -32.507970576355426 -6.876336626928361 -34.906592208620104
leaf_weight=364087 401 173 367 105 67 64 61 62 61 59 53 57 69 621 55 93 71 2510 221 69 116 183 126 50 135 164 328 69 61 63
leaf_count=364087 401 173 367 105 67 64 61 62 61 59 53 57 69 621 55 93 71 2510 221 69 116 183 126 50 135 164 328 69 61 63
internal_value=-0.00223019 -1.31994 -1.72142 -2.11679 0.323664 -3.28816 4.84628 3.23599 5.41344 18.6726 30.6602 0.666338 -2.97007 -0.878342 -10.8049 -2.9206 -5.13182 -1.79137 5.3525 2.88311 0.320789 -3.56851 -7.08792 1.87485 -8.55645 -13.9335 -5.35561 -8.5689 -20.4808 -21.2861
internal_weight=370621 6534 6133 5766 1870 3896 788 721 660 174 112 486 1082 854 228 785 692 2795 285 429 360 299 1101 155 946 353 593 458 130 189
internal_count=370621 6534 6133 5766 1870 3896 788 721 660 174 112 486 1082 854 228 785 692 2795 285 429 360 299 1101 155 946 353 593 458 130 189
is_linear=0
shrinkage=0.05


Tree=279
num_leaves=31
num_cat=0
split_feature=10 9 9 8 8 1 11 1 11 8 10 10 1 6 11 11 3 10 3 11 10 10 10 3 10 8 9 8 6 4
split_gain=3.73562e+06 8.06768e+06 9.00248e+06 1.52185e+07 7.94826e+06 1.87833e+07 9.37436e+06 7.31569e+06 5.58345e+06 4.37216e+06 1.10912e+07 7.76003e+06 3.98054e+06 3.44707e+06 1.08866e+07 7.01575e+06 1.17336e+07 1.11849e+07 1.03381e+07 1.04316e+07 8.7856e+06 6.01505e+06 4.20125e+06 4.34901e+06 3.88335e+06 3.18624e+06 8.41984e+06 1.00677e+07 9.7351e+06 8.43264e+06
threshold=3076.1000000000008 2138.2523333333338 2336.8835000000004 1834.1171428571431 2430.840714285715 3.5000000000000004 21033.945000000003 2.5000000000000004 50375.340000000004 3218.1678571428579 2198.5166666666669 2303.4000000000005 3.5000000000000004 1.5000000000000002 15243.790000000003 16431.460000000003 25.500000000000004 2577.1000000000004 4.5000000000000009 8472.3050000000021 2444.1500000000001 2548.1500000000001 2872.6833333333338 16.500000000000004 2955.1166666666672 154.79500000000004 245.38166666666669 354.0535714285715 30.500000000000004 2.5000000000000004
decision_type=2 2 2 2 2 2 2 2 2 2 2 2 2 2 2 2 2 2 2 2 2 2 2 2 2 2 2 2 2 2
left_child=9 -2 -3 -4 5 -5 7 -6 12 25 -11 -12 -8 15 -15 16 18 20 19 -13 -17 -20 23 -19 -24 -1 28 -28 29 -27
right_child=1 2 3 4 6 -7 8 -9 -10 10 11 13 -14 14 -16 17 -18 22 21 -21 -22 -23 24 -25 -26 26 27 -29 -30 -31
leaf_value=0.20594042710818258 21.399420665872512 -12.409044302778042 -14.096692895889284 0.5833260319020489 4.3924214007705453 31.639550568195105 24.925959108095796 -20.002767073918903 -0.61404036671282303 15.928905184168213 -22.270609596397343 10.628869426912733 6.7729189975508337 15.562651625385991 -13.420412911309137 -1.6727913946475625 1.0279161761266105 -16.230782769579406 -38.533613939638492 -20.903563405953204 26.156701882159126 -16.936280789971352 11.266857748031617 -1.0920021000362579 -6.7223684400320058 -0.98949303766997065 0.68280265300715481 -0.15635678011097359 -9.5817804544966751 0.28668476977450691
leaf_weight=117235 58 94 96 101 60 94 63 63 83 71 58 54 58 81 54 53 161 109 54 51 61 80 60 84 60 40532 47556 143877 302 19018
leaf_count=117235 58 94 96 101 60 94 63 63 83 71 58 54 58 81 54 53 161 109 54 51 61 80 60 84 60 40532 47556 143877 302 19018
internal_value=-0.0114139 3.46758 2.00684 4.19955 7.56438 15.554 2.79991 -8.10268 9.37353 -0.0186616 -3.17922 -4.5093 16.2245 -3.43845 3.96943 -4.64771 -9.40586 -0.190429 -16.4345 -4.68688 13.2184 -25.6397 -5.07417 -9.64188 2.27224 -0.00930482 -0.109726 0.0521081 -0.627342 -0.58193
internal_weight=370381 770 712 618 522 195 327 123 204 369611 1091 1020 121 962 135 827 400 427 239 105 114 134 313 193 120 368520 251285 191433 59852 59550
internal_count=370381 770 712 618 522 195 327 123 204 369611 1091 1020 121 962 135 827 400 427 239 105 114 134 313 193 120 368520 251285 191433 59852 59550
is_linear=0
shrinkage=0.05


Tree=280
num_leaves=31
num_cat=0
split_feature=0 11 11 9 8 9 8 6 10 8 0 4 9 6 3 10 8 10 11 3 3 9 9 3 11 11 3 3 11 0
split_gain=3.28016e+06 5.14084e+06 9.42151e+06 1.15586e+07 1.22795e+07 9.49676e+06 1.3817e+07 1.05305e+07 1.62238e+07 1.19088e+07 1.01183e+07 9.98018e+06 2.10274e+07 9.6624e+06 1.14574e+07 9.04217e+06 1.61826e+07 1.31599e+07 3.20307e+07 4.89357e+07 1.84401e+07 1.93351e+07 1.9164e+07 1.5748e+07 1.16708e+07 1.16537e+07 1.33946e+07 8.73056e+06 8.66997e+06 1.10917e+07
threshold=17.500000000000004 2513.7600000000007 8283.1350000000002 247.14483333333337 258.10357142857151 606.9575000000001 564.9000000000002 2.5000000000000004 241.83333333333334 932.21785714285727 20.500000000000004 1.5000000000000002 565.87616666666679 12.500000000000002 65.500000000000014 2762.7666666666669 3218.1678571428579 2220.0000000000005 6970.8350000000009 33.500000000000007 59.500000000000007 2087.0383333333334 2258.7413333333338 112.50000000000001 4959.6550000000007 4002.1250000000005 84.500000000000014 63.500000000000007 4347.1050000000005 24.500000000000004
decision_type=2 2 2 2 2 2 2 2 2 2 2 2 2 2 2 2 2 2 2 2 2 2 2 2 2 2 2 2 2 2
left_child=-1 -2 3 -3 28 6 11 15 -9 13 -11 12 -6 14 -10 17 -17 -7 20 -20 24 -22 -23 -21 -19 -24 -27 -14 29 -5
right_child=1 2 -4 4 5 7 -8 8 9 10 -12 -13 27 -15 -16 16 -18 18 19 23 21 22 25 -25 -26 26 -28 -29 -30 -31
leaf_value=-0.1342828862892877 -0.053004689980768453 -0.065075526607072817 -0.25191601088424481 -0.973610834025609 1.9310629488729347 1.4092525421086286 -2.029032246668796 -8.380681974237616 40.994695208690786 17.652089589308289 0.8755274381390159 -2.8054534730214278 10.210798461220483 5.7707957962284917 12.68956269118935 -25.790602057858521 10.617992121565576 2.8325443558773755 62.121999502768283 -3.1237115884068039 -12.240245944567217 35.229301368505105 26.323433668136598 26.034542798447884 -18.886091819176308 15.122018100781876 -19.176832216877049 38.647796873776421 7.2793717753522644 6.815583087367397
leaf_weight=207917 101121 14767 23692 1114 6875 5402 3969 121 81 136 265 1122 55 69 64 76 51 118 61 99 78 87 50 87 130 55 59 53 1537 775
leaf_count=207917 101121 14767 23692 1114 6875 5402 3969 121 81 136 265 1122 55 69 64 76 51 118 61 99 78 87 50 87 130 55 59 53 1537 775
internal_value=-0.00281933 0.16573 0.528047 1.02272 1.73383 1.24092 0.388027 2.69356 8.35533 11.6481 6.56533 1.57166 2.27495 21.1724 28.5014 2.03764 -11.1698 2.30705 8.19285 23.2599 1.74299 9.50352 16.2606 10.5148 -8.55222 6.19786 -2.62914 24.166 4.49091 2.22206
internal_weight=370086 162169 61048 37356 22589 19163 12074 7089 736 615 401 8105 6983 214 145 6353 127 6226 824 247 577 329 251 186 248 164 114 108 3426 1889
internal_count=370086 162169 61048 37356 22589 19163 12074 7089 736 615 401 8105 6983 214 145 6353 127 6226 824 247 577 329 251 186 248 164 114 108 3426 1889
is_linear=0
shrinkage=0.05


Tree=281
num_leaves=31
num_cat=0
split_feature=9 10 8 4 11 7 7 5 11 8 1 10 11 11 6 9 11 0 6 8 8 11 10 9 1 8 8 8 11 9
split_gain=3.03457e+06 1.54869e+07 8.66477e+06 1.42079e+07 1.80128e+07 3.71679e+07 2.76485e+07 1.71087e+07 2.06012e+07 2.07913e+07 1.74214e+07 1.37015e+07 1.979e+07 1.3377e+07 1.70002e+07 1.56552e+07 1.31553e+07 1.25032e+07 1.08604e+07 9.18321e+06 1.09735e+07 1.80876e+07 8.69064e+06 7.92508e+06 1.33956e+07 7.5066e+06 2.77784e+07 1.37992e+07 7.08493e+06 9.46067e+06
threshold=378.75450000000006 551.16666666666686 476.29857142857151 1.5000000000000002 7223.8350000000009 25.500000000000004 1.0000000180025095e-35 1.0000000180025095e-35 29.665000000000003 4.6428571428571432 1.0000000180025095e-35 285.13333333333338 7932.1100000000006 1346.3500000000001 1.5000000000000002 507.29916666666674 2828.2250000000004 5.5000000000000009 27.500000000000004 33.444285714285719 310.66500000000002 5301.8050000000012 425.83333333333343 416.29716666666673 1.5000000000000002 216.77071428571432 89.43357142857144 301.26857142857153 2726.9250000000006 518.65050000000019
decision_type=2 2 2 2 2 2 2 2 2 2 2 2 2 2 2 2 2 2 2 2 2 2 2 2 2 2 2 2 2 2
left_child=1 -1 3 4 6 11 7 13 -9 17 -11 -6 -13 -2 15 19 -17 -10 -12 -15 21 -21 -22 -19 -25 26 -18 -27 -16 -30
right_child=2 -3 -4 -5 5 -7 -8 8 9 10 18 12 -14 14 28 16 25 23 -20 20 22 -23 -24 24 -26 27 -28 -29 29 -31
leaf_value=-0.072477221336610817 0.6157952469713146 -3.8998104180497024 -0.059397617596619004 -2.400429087825783 9.6713053938479216 0.64566829624715494 -0.96265615474547495 -6.9342736078768361 2.9996797616364526 -21.49493463304308 -2.5821022441652088 7.4658518589867491 39.784130448341372 -17.592587524989867 0.84871717370552124 12.597712727127643 -7.7224013530846811 13.233508840416158 20.607803526060739 5.896607950456354 -8.9813278085730044 31.813563495212136 2.4293216535936057 18.093430547078452 46.231810025087341 -23.019645833160919 41.409078246471928 3.2521651375913474 -2.5822925924861391 -19.817582993374931
leaf_weight=228699 10354 2674 101755 3111 881 1896 13177 147 61 54 90 90 100 53 874 951 66 63 115 1036 178 72 2668 75 97 59 51 327 303 108
leaf_count=228699 10354 2674 101755 3111 881 1896 13177 147 61 54 90 90 100 53 874 951 66 63 115 1036 178 72 2668 75 97 59 51 327 303 108
internal_value=-0.00582665 -0.11671 0.178995 0.833598 1.12998 4.85168 0.773537 2.05866 9.70887 14.1171 3.77136 12.2976 24.4755 1.7446 3.47714 4.69469 9.13886 23.1695 10.4269 3.08206 3.35918 7.58074 1.71565 28.4051 33.9622 2.59937 13.6939 -0.763474 -1.69724 -7.11127
internal_weight=370185 231373 138812 37057 33946 2967 30979 17802 702 555 259 1071 190 17100 6746 5461 1454 296 205 4007 3954 1108 2846 235 172 503 117 386 1285 411
internal_count=370185 231373 138812 37057 33946 2967 30979 17802 702 555 259 1071 190 17100 6746 5461 1454 296 205 4007 3954 1108 2846 235 172 503 117 386 1285 411
is_linear=0
shrinkage=0.05


Tree=282
num_leaves=31
num_cat=0
split_feature=9 10 8 4 3 7 9 6 3 10 6 9 1 9 8 10 3 10 8 0 1 8 10 10 3 10 8 1 0 1
split_gain=3.29078e+06 1.05206e+07 8.59596e+06 9.59509e+06 9.73972e+06 8.11272e+06 1.39292e+07 9.28364e+06 1.14378e+07 9.25196e+06 8.32035e+06 7.44493e+06 7.05132e+06 9.34807e+06 1.65048e+07 1.11689e+07 1.03219e+07 1.20494e+07 2.02252e+07 9.12397e+06 1.91473e+07 9.11198e+06 1.02165e+07 1.51834e+07 9.66158e+06 1.53716e+07 2.34321e+07 1.41827e+07 9.84771e+06 1.59163e+07
threshold=319.04850000000005 551.16666666666686 521.06500000000017 1.5000000000000002 30.500000000000004 1.0000000180025095e-35 588.83300000000008 30.500000000000004 72.500000000000014 190.50000000000003 17.500000000000004 366.57916666666671 1.0000000180025095e-35 928.8950000000001 1203.4478571428574 1427.8500000000001 270.50000000000006 2494.5000000000005 1117.6485714285716 30.500000000000004 1.5000000000000002 558.29571428571444 2418.9166666666674 2371.4500000000003 63.500000000000007 1987.5500000000002 1092.6764285714287 2.5000000000000004 24.500000000000004 4.5000000000000009
decision_type=2 2 2 2 2 2 2 2 2 2 2 2 2 2 2 2 2 2 2 2 2 2 2 2 2 2 2 2 2 2
left_child=1 -1 3 4 -2 6 7 -6 11 -7 -8 -9 -4 15 16 -14 17 19 -19 21 -21 -15 23 24 25 -23 27 -27 29 -28
right_child=2 -3 12 -5 5 9 10 8 -10 -11 -12 -13 13 14 -16 -17 -18 18 -20 20 -22 22 -24 -25 -26 26 28 -29 -30 -31
leaf_value=-0.08118689189477242 2.2996203384854637 -5.6752708790991546 -1.1155757148595951 -1.2195924688169892 0.77262272002001653 0.96546070270700612 4.8371208471708815 10.832291198195072 19.523255139834262 -0.93360997366483633 22.098648621284799 -15.075319489726315 -0.35613215947089277 21.821282361348469 0.051636709263942517 -6.3928440441395349 -2.4689709760410956 1.9515765219023735 37.684565179998224 -5.4158978462219238 29.823146077756135 1.7441694377202286 -15.745471171843702 27.086231576242756 4.0590390245129013 -0.27361634861339224 -1.9623070432428731 -24.379441488448101 -13.146242359706335 27.939569342626285
leaf_weight=200851 9431 844 14564 6355 24220 11715 1598 57 146 14172 73 54 40463 60 34866 781 1010 99 66 68 89 4198 78 62 4017 88 114 199 63 73
leaf_count=200851 9431 844 14564 6355 24220 11715 1598 57 146 14172 73 54 40463 60 34866 781 1010 99 66 68 89 4198 78 62 4017 88 114 199 63 73
internal_value=0.0317222 -0.104596 0.194625 0.629983 0.821211 0.55326 1.17445 0.872929 10.3259 -0.0741974 5.59122 -1.77141 -0.0978369 0.07373 0.570826 -0.470444 2.33104 2.8538 16.2448 2.61123 14.5604 2.40167 2.27063 2.43007 2.2554 0.725261 -7.24006 -16.9881 3.95069 9.71062
internal_weight=370474 201695 168779 67821 61466 52035 26148 24477 257 25887 1671 111 100958 86394 45150 41244 10284 9274 165 9109 157 8952 8892 8814 8752 4735 537 287 250 187
internal_count=370474 201695 168779 67821 61466 52035 26148 24477 257 25887 1671 111 100958 86394 45150 41244 10284 9274 165 9109 157 8952 8892 8814 8752 4735 537 287 250 187
is_linear=0
shrinkage=0.05


Tree=283
num_leaves=31
num_cat=0
split_feature=8 10 10 11 11 11 1 10 3 1 0 3 1 1 10 3 11 8 8 10 4 8 11 7 11 7 9 7 5 3
split_gain=3.97185e+06 7.10856e+06 8.75405e+06 6.82326e+06 1.79766e+07 1.22423e+07 1.08568e+07 9.22127e+06 8.44804e+06 6.90472e+06 6.3121e+06 5.60357e+06 5.11405e+06 4.50913e+06 7.0508e+06 3.99877e+06 8.18547e+06 8.74905e+06 1.79471e+07 1.70067e+07 1.34273e+07 1.09947e+07 1.12677e+07 1.06398e+07 9.04774e+06 8.39793e+06 1.02796e+07 8.09454e+06 1.55631e+07 1.38785e+07
threshold=3218.1678571428579 2198.5166666666669 2348.0500000000006 12943.180000000002 20009.920000000002 23225.890000000003 4.5000000000000009 2812.8500000000008 10.500000000000002 4.5000000000000009 21.500000000000004 8.5000000000000018 4.5000000000000009 2.5000000000000004 2577.1000000000004 14.500000000000002 967.06500000000017 16.214285714285719 465.61428571428581 213.66666666666671 1.5000000000000002 198.69928571428574 11846.610000000002 29.500000000000004 5743.6550000000007 26.500000000000004 344.24250000000001 1.0000000180025095e-35 1.0000000180025095e-35 8.5000000000000018
decision_type=2 2 2 2 2 2 2 2 2 2 2 2 2 2 2 2 2 2 2 2 2 2 2 2 2 2 2 2 2 2
left_child=15 -2 -3 7 6 -6 8 12 -5 11 -11 -7 13 14 -4 16 27 -18 20 -20 21 22 -19 24 -23 26 -26 28 -1 -29
right_child=1 2 3 4 5 9 -8 -9 -10 10 -12 -13 -14 -15 -16 -17 17 18 19 -21 -22 23 -24 -25 25 -27 -28 29 -30 -31
leaf_value=0.23318696944795941 12.700660636459572 -18.037516700378571 -14.449290513705748 -22.202175199644909 18.243211774190268 -14.494183506755711 -35.582040583702828 15.091153377944773 3.0358013747230412 14.437532608509066 -6.2010744585507158 0.43256041270035966 10.471769111002645 -15.577702841633247 9.3814135217047347 -0.099815528048799243 -2.1886016228979539 8.9976786174414283 -2.0205950174546738 1.3816410688621052 0.68813271303416823 3.515781957011396 30.20849432609451 -4.1031356524601366 11.690095822459675 5.5159193972832172 34.727100143432622 -0.066210677434862156 9.9448182710101101 -4.1068884113697504
leaf_weight=5653 69 99 52 70 75 159 62 110 63 80 69 104 62 76 77 326835 2043 530 5188 12579 2668 2258 71 349 251 464 60 6514 445 3154
leaf_count=5653 69 99 52 70 75 159 62 110 63 80 69 104 62 76 77 326835 2043 530 5188 12579 2668 2258 71 349 251 464 60 6514 445 3154
internal_value=-0.0500995 -2.89013 -3.81912 -2.48992 -5.4739 -0.337206 -18.3025 2.90816 -10.2473 -3.71956 4.88006 -8.59159 -2.11105 -5.91658 -0.224762 -0.0406574 0.417224 0.95457 1.21755 0.388181 3.43307 5.27177 11.5034 4.16436 5.11568 9.77707 16.1345 -0.484636 0.941891 -1.3844
internal_weight=370289 1227 1158 1059 682 487 195 377 133 412 149 263 267 205 129 369062 42227 26461 24418 17767 6651 3983 601 3382 3033 775 311 15766 6098 9668
internal_count=370289 1227 1158 1059 682 487 195 377 133 412 149 263 267 205 129 369062 42227 26461 24418 17767 6651 3983 601 3382 3033 775 311 15766 6098 9668
is_linear=0
shrinkage=0.05


Tree=284
num_leaves=31
num_cat=0
split_feature=8 3 11 9 3 11 11 11 3 11 11 3 9 11 11 9 9 11 3 3 9 0 8 11 0 0 3 11 9 3
split_gain=5.21942e+06 7.40931e+06 1.53081e+07 7.51272e+06 6.9211e+06 7.95958e+06 1.01959e+07 1.14479e+07 9.47095e+06 2.03828e+07 9.1449e+06 1.60055e+07 6.02015e+06 5.94195e+06 1.04628e+07 6.08455e+06 5.86751e+06 8.97773e+06 8.98942e+06 1.64248e+07 1.01473e+07 1.79307e+07 8.32253e+06 9.87996e+06 1.52523e+07 1.96652e+07 1.11144e+07 1.04427e+07 8.13622e+06 1.36354e+07
threshold=2693.3414285714293 1.5000000000000002 25929.405000000002 2422.4765000000002 61.500000000000007 5660.9350000000004 9526.7850000000017 8101.5250000000005 8.5000000000000018 6970.8350000000009 11174.860000000002 10.500000000000002 2194.8705000000004 21033.945000000003 22071.445000000003 2041.4540000000004 1880.9296666666669 657.50000000000011 12.500000000000002 13.500000000000002 1917.6366666666668 17.500000000000004 1518.4428571428573 12943.180000000002 2.5000000000000004 18.500000000000004 266.50000000000006 13348.465000000002 1554.7928333333336 44.500000000000007
decision_type=2 2 2 2 2 2 2 2 2 2 2 2 2 2 2 2 2 2 2 2 2 2 2 2 2 2 2 2 2 2
left_child=16 2 3 -2 5 12 7 8 9 -7 11 -8 -3 -12 -15 -16 22 -18 20 -20 21 -19 28 24 -24 26 -26 -25 -1 -30
right_child=1 4 -4 -5 -6 6 10 -9 -10 -11 13 -13 -14 14 15 -17 17 18 19 -21 -22 -23 23 27 25 -27 -28 -29 29 -31
leaf_value=-0.020302811247205461 6.8728106221845069 12.505757377065462 -13.583546419496891 32.510794808729642 0.3769113968803211 -18.978106386521286 24.459096686480798 -27.001386054811025 -18.348201788912764 25.099102272810761 -8.9394967141406578 -11.639506071581032 -2.3221435082886748 19.639072410733093 -13.145165397415699 -1.8913120790990847 -14.753902801407708 41.343780781672557 -21.683729296554755 0.90007982886797899 4.0307417182117593 -0.59169143486022946 10.766989478099743 -13.462064731293831 -2.4511920212893874 3.1927349452945615 -21.227306137555914 -2.0843546654628851 7.3721905623267334 0.53932395252185239
leaf_weight=334513 62 116 54 53 1434 51 73 105 91 54 542 53 167 51 142 779 90 52 81 13290 791 50 331 207 2923 2291 81 7833 984 2830
leaf_count=334513 62 116 54 53 1434 51 73 105 91 54 542 53 167 51 142 779 90 52 81 13290 791 50 331 207 2923 2291 81 7833 984 2830
internal_value=-0.0217657 -1.85871 8.37677 18.6886 -2.33159 -4.07798 -5.22015 -13.6789 -6.54193 3.69017 -3.66765 9.27476 3.75572 -4.74476 -2.40571 -3.62643 -0.00257627 0.988326 1.08765 0.76327 5.94469 20.7872 -0.0429845 -1.25269 0.354458 -0.296448 -2.95747 -2.37729 0.00587883 2.30218
internal_weight=370174 3827 169 115 3658 2224 1941 301 196 105 1640 126 283 1514 972 921 366347 14354 14264 13371 893 102 351993 13666 5626 5295 3004 8040 338327 3814
internal_count=370174 3827 169 115 3658 2224 1941 301 196 105 1640 126 283 1514 972 921 366347 14354 14264 13371 893 102 351993 13666 5626 5295 3004 8040 338327 3814
is_linear=0
shrinkage=0.05


Tree=285
num_leaves=31
num_cat=0
split_feature=8 11 10 0 9 10 11 11 11 3 10 11 3 3 0 9 10 10 3 9 11 9 11 3 11 0 3 0 9 3
split_gain=4.58022e+06 5.66214e+06 1.12348e+07 1.44135e+07 1.50218e+07 6.38728e+06 4.55977e+06 1.09462e+07 4.32457e+06 4.10782e+06 4.47361e+06 3.45225e+06 8.92044e+06 3.74899e+06 8.14594e+06 3.2759e+06 1.10566e+07 1.10342e+07 1.04626e+07 1.30479e+07 1.19389e+07 1.18197e+07 8.36705e+06 9.08167e+06 7.56255e+06 1.11527e+07 8.04478e+06 2.35287e+07 3.21261e+07 1.10765e+07
threshold=3218.1678571428579 3937.6500000000001 2444.1500000000001 22.500000000000004 2422.4765000000002 2519.2500000000005 12943.180000000002 16973.135000000006 10040.765000000001 5.5000000000000009 2720.4666666666672 27454.115000000002 7.5000000000000009 8.5000000000000018 21.500000000000004 1734.5108333333335 2641.9333333333338 2111.3500000000008 119.50000000000001 1446.3833333333334 27454.115000000002 1341.3198333333337 55972.670000000006 37.500000000000007 5301.8050000000012 3.5000000000000004 27.500000000000004 26.500000000000004 1957.9808333333337 28.500000000000004
decision_type=2 2 2 2 2 2 2 2 2 2 2 2 2 2 2 2 2 2 2 2 2 2 2 2 2 2 2 2 2 2
left_child=15 -2 3 4 8 -4 9 -8 -3 -7 -11 12 -9 -13 -15 16 17 -1 21 -20 -21 -19 -23 -24 25 -17 27 -26 -29 -28
right_child=1 2 5 -5 -6 6 7 11 -10 10 -12 13 -14 14 -16 24 -18 18 19 20 -22 22 23 -25 26 -27 29 28 -30 -31
leaf_value=-0.01049253630136081 8.5490667169292767 -27.09117016606033 13.013400615964617 -34.247122077336392 13.409939852068502 -5.8222296515176462 -20.226056096076967 16.30907476846274 -7.441164758375713 -1.5162145090774752 15.441625854719517 -11.145613469540233 -5.8389602544725889 15.75598294918354 -10.533071750753066 8.8217563402292463 16.111009468222566 -12.272008845518377 6.9591382551193242 -15.255282749778695 0.61020794781098464 0.5946233739689657 -2.9739973951299845 -20.88049176398744 2.0036156586738914 -3.175565675858194 -13.753974875932848 2.0746972846984866 41.346633556614755 0.52508945490895731
leaf_weight=342764 96 56 70 63 62 86 100 77 56 71 86 142 111 52 68 213 106 232 120 450 161 2355 287 94 3816 2139 137 120 92 15679
leaf_count=342764 96 56 70 63 62 86 100 77 56 71 86 142 111 52 68 213 106 232 120 450 161 2355 287 94 3816 2139 137 120 92 15679
internal_value=-0.00717053 -3.09636 -4.11269 -13.7551 -6.3356 -1.46465 -2.74266 -5.26281 -17.2662 2.96139 7.77279 -1.93765 3.23231 -5.64739 0.858852 0.0028485 -0.0348655 -0.0398053 -2.75604 -8.11428 -11.0747 -1.43634 -0.517531 -7.39187 0.591716 -2.08907 0.909455 2.90433 19.1172 0.401403
internal_weight=369961 1196 1100 237 174 863 793 550 112 243 157 450 188 262 120 368765 346569 346463 3699 731 611 2968 2736 381 22196 2352 19844 4028 212 15816
internal_count=369961 1196 1100 237 174 863 793 550 112 243 157 450 188 262 120 368765 346569 346463 3699 731 611 2968 2736 381 22196 2352 19844 4028 212 15816
is_linear=0
shrinkage=0.05


Tree=286
num_leaves=31
num_cat=0
split_feature=0 11 9 8 8 11 11 4 0 8 9 6 11 8 11 1 11 9 0 1 10 10 1 8 1 11 11 1 10 8
split_gain=3.92096e+06 7.10172e+06 6.64064e+06 1.79746e+07 1.62631e+07 6.51354e+06 6.33677e+06 5.90717e+06 5.26512e+06 6.41416e+06 9.13975e+06 1.1863e+07 7.106e+06 1.20686e+07 9.58717e+06 1.24224e+07 5.48201e+06 1.08736e+07 1.19664e+07 1.21715e+07 1.03552e+07 1.28496e+07 1.20224e+07 1.1003e+07 1.26487e+07 1.44428e+07 9.56869e+06 1.51743e+07 1.2056e+07 3.00968e+07
threshold=25.500000000000004 1535.3700000000001 183.90683333333337 198.69928571428574 4.6428571428571432 5848.5050000000001 7355.0100000000011 1.5000000000000002 28.500000000000004 3218.1678571428579 2422.4765000000002 1.5000000000000002 24530.555000000004 2340.6650000000004 9063.4550000000017 4.5000000000000009 4643.255000000001 662.26033333333351 29.500000000000004 1.0000000180025095e-35 2444.1500000000001 1945.2500000000002 4.5000000000000009 1295.9014285714288 3.5000000000000004 16973.135000000006 15809.935000000003 5.5000000000000009 1766.3333333333335 1451.2592857142861
decision_type=2 2 2 2 2 2 2 2 2 2 2 2 2 2 2 2 2 2 2 2 2 2 2 2 2 2 2 2 2 2
left_child=-1 -2 -3 4 -4 7 -7 -6 -5 10 16 12 14 -14 -12 -16 -10 -18 20 -20 21 -19 -22 -23 -25 -26 28 -28 -21 -30
right_child=1 2 3 8 5 6 -8 -9 9 -11 11 -13 13 -15 15 -17 17 18 19 26 22 23 -24 24 25 -27 27 -29 29 -31
leaf_value=-0.084037075304916733 -0.09026487246148901 -0.74862654248126714 -8.9473861128266101 1.5514012614182016 9.1685881276727113 -7.7738771563309896 12.344585616247995 -0.41628028847277165 1.3908790544833818 -13.103490501769045 1.2020021279652915 -14.458614474651862 -9.0205058795649844 21.091280205760683 44.769141666705792 11.50731511350538 -7.1151423376326637 -1.9144401001531719 -11.40032311803806 1.7379693699295098 -0.22417285528527686 -32.090240415979608 27.531831031803989 -1.7239874675284306 -38.929575023343489 -8.0328371421578009 2.4376100084067072 -12.36740376972346 42.519184547000464 6.8200881412116487
leaf_weight=306087 38128 4590 171 11727 1503 130 56 180 2830 94 54 51 82 56 52 61 706 860 161 528 166 61 51 229 62 97 1056 207 72 328
leaf_count=306087 38128 4590 171 11727 1503 130 56 180 2830 94 54 51 82 56 52 61 706 860 161 528 166 61 51 229 62 97 1056 207 72 328
internal_value=-0.00945096 0.345331 0.978731 1.34527 5.81184 7.1622 -1.71671 8.14347 0.880167 -0.120795 0.0362668 7.86205 11.5944 3.19877 18.532 26.8136 -0.339506 -1.40778 -0.368745 1.86846 -3.81692 -5.49392 6.29913 -12.3499 -9.24642 -20.0806 2.84349 0.0111351 6.6983 13.2459
internal_weight=370436 64349 26221 21631 2040 1869 186 1683 19591 7864 7770 356 305 138 167 113 7414 4584 3878 2352 1526 1309 217 449 388 159 2191 1263 928 400
internal_count=370436 64349 26221 21631 2040 1869 186 1683 19591 7864 7770 356 305 138 167 113 7414 4584 3878 2352 1526 1309 217 449 388 159 2191 1263 928 400
is_linear=0
shrinkage=0.05


Tree=287
num_leaves=31
num_cat=0
split_feature=0 9 11 6 1 8 1 3 11 8 8 10 3 3 0 11 11 1 11 0 11 8 11 10 9 11 10 11 10 1
split_gain=3.14613e+06 7.31881e+06 1.48659e+07 1.74069e+07 1.88329e+07 3.04766e+07 3.55815e+07 1.47707e+07 1.3134e+07 2.10343e+07 1.40827e+07 1.38518e+07 1.28428e+07 1.76943e+07 1.16275e+07 1.34944e+07 1.19443e+07 1.37335e+07 1.13111e+07 2.30232e+07 1.36777e+07 1.13081e+07 1.04562e+07 2.89148e+07 1.27876e+07 2.22502e+07 2.19667e+07 1.59755e+07 1.07512e+07 1.04307e+07
threshold=12.500000000000002 2041.4540000000004 13348.465000000002 1.5000000000000002 5.5000000000000009 2133.8221428571437 2.5000000000000004 58.500000000000007 11502.295000000002 1632.2000000000003 2340.6650000000004 2155.8333333333339 65.500000000000014 114.50000000000001 19.500000000000004 12557.920000000002 12557.920000000002 1.5000000000000002 27454.115000000002 24.500000000000004 45915.240000000013 2195.8535714285722 8677.3750000000018 2444.1500000000001 2258.7413333333338 8101.5250000000005 2303.4000000000005 4718.9150000000009 2812.8500000000008 2.5000000000000004
decision_type=2 2 2 2 2 2 2 2 2 2 2 2 2 2 2 2 2 2 2 2 2 2 2 2 2 2 2 2 2 2
left_child=-1 21 8 -4 5 6 -5 -6 9 11 12 -3 -11 -14 15 -10 17 -16 19 -7 -20 -2 24 -24 26 -26 -12 -28 29 -25
right_child=1 2 3 4 7 18 -8 -9 14 10 22 -13 13 -15 16 -17 -18 -19 20 -21 -22 -23 23 28 25 -27 27 -29 -30 -31
leaf_value=-0.17553161875043666 0.10704501137020346 8.4585269383021764 2.270804201916707 9.8615977499220122 13.798026283264162 0.96106860352599099 59.070507074991866 -22.598044265262665 -7.3015254875709275 0.87468800892896736 -8.315254329422773 -19.738395829103432 29.30684300473899 6.4618386760617312 7.8278165263949706 -37.156103515624999 8.8335316140772928 -24.000733442509429 -17.117683862417174 40.975959066617293 14.070072124525906 -3.3607660337361063 -12.667239544818651 -3.9220969079314054 -5.1285499627629596 -37.050905023018522 -6.4796480631828306 27.418933704547715 35.557462343147826 20.587825153441656
leaf_weight=146718 213405 56 4152 72 50 92 75 63 87 428 177 196 121 283 53 67 118 94 78 59 64 2377 134 74 605 60 50 114 56 105
leaf_count=146718 213405 56 4152 72 50 92 75 63 87 428 177 196 121 283 53 67 118 94 78 59 64 2377 134 74 605 60 50 114 56 105
internal_value=0.00434509 0.122498 1.64925 3.38071 11.714 16.3901 34.9682 -6.49359 -1.18135 0.212928 1.77555 -13.4724 6.91009 13.304 -9.36403 -20.2902 -3.01448 -12.5251 7.0693 16.596 -3.06123 0.0688445 -1.33131 5.86801 -3.97202 -8.00876 3.90022 17.084 16.437 10.4552
internal_weight=370083 223365 7583 4705 553 440 147 113 2878 2459 2207 252 832 404 419 154 265 147 293 151 142 215782 1375 369 1006 665 341 164 235 179
internal_count=370083 223365 7583 4705 553 440 147 113 2878 2459 2207 252 832 404 419 154 265 147 293 151 142 215782 1375 369 1006 665 341 164 235 179
is_linear=0
shrinkage=0.05


Tree=288
num_leaves=31
num_cat=0
split_feature=1 11 1 11 8 9 10 3 0 10 8 10 0 3 9 0 9 0 9 1 9 11 0 8 9 10 9 11 9 9
split_gain=3.55637e+06 1.30433e+07 6.74458e+06 1.46587e+07 1.20924e+07 2.55155e+07 1.17811e+07 1.11947e+07 9.83262e+06 1.08421e+07 2.25276e+07 1.8749e+07 2.73414e+07 3.10369e+07 3.38507e+07 5.12154e+07 2.47946e+07 3.12434e+07 3.14919e+07 2.39911e+07 2.09519e+07 1.8458e+07 1.75554e+07 1.98087e+07 1.64828e+07 2.20241e+07 1.58554e+07 1.57698e+07 2.48793e+07 2.1897e+07
threshold=5.5000000000000009 14253.120000000001 3.5000000000000004 3469.9150000000004 4.6428571428571432 558.25000000000011 1853.7000000000003 263.50000000000006 14.500000000000002 2010.5333333333335 1326.9885714285717 2418.9166666666674 27.500000000000004 4.5000000000000009 2041.4540000000004 21.500000000000004 1804.4843333333336 19.500000000000004 1880.9296666666669 4.5000000000000009 1412.969166666667 4198.1350000000011 29.500000000000004 1669.8157142857144 1630.4328333333335 2198.5166666666669 1917.6366666666668 23225.890000000003 1630.4328333333335 1630.4328333333335
decision_type=2 2 2 2 2 2 2 2 2 2 2 2 2 2 2 2 2 2 2 2 2 2 2 2 2 2 2 2 2 2
left_child=2 -2 -1 6 5 -5 -4 8 -6 10 -10 12 13 -11 16 -16 19 18 -18 27 -21 -12 24 -24 -14 -26 -27 28 -15 -29
right_child=1 -3 3 4 7 -7 -8 -9 9 11 21 -13 22 14 15 -17 17 -19 -20 20 -22 -23 23 -25 25 26 -28 29 -30 -31
leaf_value=-0.094710946466366602 -0.096101717185520408 -2.5768513569722677 -0.039807701186707727 -2.1346517214240186 0.78307075707547624 -37.844266627385068 -12.19397720193863 -1.4856689431283083 2.5918213939852981 -26.337653742896187 -33.339363456726076 0.90311431688493204 -33.325297495035024 35.931015574932097 10.717538495361806 56.790763148307803 -10.235857369349553 -8.8153393510694471 39.745690664052965 -2.1493858323970314 27.668894690723093 -2.5377803229905194 35.647292594909672 -5.3189761797587076 18.853270285876828 2.7012317176298666 -33.905506062507634 -15.313181595063547 1.3398579604982392 17.265088950263131
leaf_weight=211221 47620 5962 63996 1316 19697 52 200 3332 11384 54 50 1649 65 88 152 100 52 323 80 71 346 1786 50 72 67 55 64 142 127 81
leaf_count=211221 47620 5962 63996 1316 19697 52 200 3332 11384 54 50 1649 65 88 152 100 52 323 80 71 346 1786 50 72 67 55 64 142 127 81
internal_value=0.00458864 -0.372132 0.068331 0.394908 1.13028 -3.49203 -0.0776735 1.28881 1.54171 2.4281 1.76292 4.84528 8.11358 10.93 12.2184 29.0006 8.99005 -0.439481 20.056 14.0081 22.5919 -3.3766 -4.08837 11.4705 -11.6508 -4.07643 -16.9864 5.83583 15.4981 -3.47982
internal_weight=370254 53582 316672 105451 41255 1368 64196 39887 36555 16858 13220 3638 1989 1616 1562 252 1310 455 132 855 417 1836 373 122 251 186 119 438 215 223
internal_count=370254 53582 316672 105451 41255 1368 64196 39887 36555 16858 13220 3638 1989 1616 1562 252 1310 455 132 855 417 1836 373 122 251 186 119 438 215 223
is_linear=0
shrinkage=0.05


Tree=289
num_leaves=31
num_cat=0
split_feature=8 9 11 4 10 11 11 0 3 8 0 8 3 11 11 6 11 0 3 11 9 3 8 0 3 3 10 8 0 11
split_gain=4.00139e+06 9.45003e+06 1.07697e+07 1.50838e+07 2.50058e+07 1.54674e+07 1.51691e+07 2.70353e+07 1.28934e+07 1.10838e+07 9.99062e+06 9.53924e+06 1.59948e+07 1.00385e+07 8.45688e+06 9.88894e+06 8.23405e+06 8.22794e+06 1.36275e+07 1.00584e+07 8.0226e+06 9.94463e+06 8.50881e+06 1.02744e+07 1.67786e+07 7.91932e+06 7.60547e+06 8.20238e+06 7.60355e+06 7.28177e+06
threshold=538.98785714285725 385.17333333333335 1748.2350000000004 1.5000000000000002 509.16666666666669 8101.5250000000005 6373.8900000000003 13.500000000000002 27.500000000000004 20.399285714285718 24.500000000000004 270.66642857142864 62.500000000000007 8853.8650000000016 8283.1350000000002 7.5000000000000009 2175.8900000000008 8.5000000000000018 14.500000000000002 8283.1350000000002 473.10483333333343 52.500000000000007 417.72928571428577 27.500000000000004 82.500000000000014 47.500000000000007 637.50000000000011 450.2542857142858 1.5000000000000002 2317.2200000000007
decision_type=2 2 2 2 2 2 2 2 2 2 2 2 2 2 2 2 2 2 2 2 2 2 2 2 2 2 2 2 2 2
left_child=1 -1 -3 4 6 9 -4 17 -9 -6 16 12 -10 -14 -13 -16 26 -8 -19 -20 21 25 23 24 -22 -12 27 -11 -18 -23
right_child=-2 2 3 -5 5 -7 7 8 11 10 20 14 13 -15 15 -17 28 18 19 -21 22 29 -24 -25 -26 -27 -28 -29 -30 -31
leaf_value=-0.04912505230475394 -0.28327309186288752 0.1318036238580455 -1.1687414901812641 -0.93270470788222859 -16.622222065103468 27.838385471544768 -3.56425898985378 30.786816146408302 0.18756477589509926 16.055984665445713 6.4103058465636611 0.63358377259454612 34.437075206211638 9.735486212510331 23.99873719485301 5.4755909218258338 14.505780106871876 21.24311097113641 -4.5701861941060526 3.7343182620371902 -1.6352416272748984 -16.169701687494914 21.543747739832803 -5.6801419336655563 37.076083124334161 29.344870986938474 2.512117066228293 4.1919001869666266 2.2983123755167441 3.8492070807492667
leaf_weight=222799 103981 26671 4243 4001 58 76 846 69 98 386 101 405 112 65 106 225 134 91 506 1305 57 60 233 85 55 60 369 234 2653 187
leaf_count=222799 103981 26671 4243 4001 58 76 846 69 98 386 101 405 112 65 106 225 134 91 506 1305 57 60 233 85 55 60 369 234 2653 187
internal_value=-0.0202367 0.0824738 0.756639 1.74742 2.58393 5.46313 0.890158 3.17227 9.87491 5.09914 5.37219 8.44769 16.3932 25.3659 5.47891 11.4075 4.27613 0.538039 2.36272 1.41401 10.311 5.28861 15.0764 7.42723 17.3748 14.9573 8.19564 11.5782 2.88525 -1.01369
internal_weight=370271 266290 43491 16820 12819 4748 8071 3828 1080 4672 4614 1011 275 177 736 331 3776 2748 1902 1811 838 408 430 197 112 161 989 620 2787 247
internal_count=370271 266290 43491 16820 12819 4748 8071 3828 1080 4672 4614 1011 275 177 736 331 3776 2748 1902 1811 838 408 430 197 112 161 989 620 2787 247
is_linear=0
shrinkage=0.05


Tree=290
num_leaves=31
num_cat=0
split_feature=8 9 4 8 10 0 11 3 10 11 3 10 10 0 1 0 9 9 0 11 9 11 8 0 0 0 11 0 11 9
split_gain=3.93987e+06 6.91438e+06 9.40246e+06 8.90764e+06 1.01653e+07 1.08761e+07 7.85942e+06 1.6804e+07 1.6367e+07 1.68579e+07 7.68205e+06 7.46306e+06 6.60343e+06 6.38929e+06 6.01991e+06 6.61946e+06 6.72075e+06 6.66504e+06 7.07891e+06 7.42758e+06 5.9462e+06 1.38899e+07 1.25144e+07 9.35189e+06 1.53934e+07 9.14921e+06 8.34933e+06 1.12871e+07 7.52653e+06 6.09481e+06
threshold=165.86571428571429 245.38166666666669 2.5000000000000004 354.0535714285715 1278.9666666666669 12.500000000000002 1346.3500000000001 12.500000000000002 333.35000000000008 3762.1450000000004 263.50000000000006 83.166666666666671 1278.9666666666669 26.500000000000004 3.5000000000000004 27.500000000000004 537.20716666666681 352.22783333333342 12.500000000000002 5128.8100000000004 321.56700000000006 8101.5250000000005 240.73500000000004 12.500000000000002 14.500000000000002 24.500000000000004 5577.9500000000007 14.500000000000002 3030.5600000000004 349.4018333333334
decision_type=2 2 2 2 2 2 2 2 2 2 2 2 2 2 2 2 2 2 2 2 2 2 2 2 2 2 2 2 2 2
left_child=12 2 -2 4 6 -6 -3 -8 11 10 13 20 -1 -10 -11 16 17 18 19 -16 -9 22 26 -23 -25 -24 -22 -28 -27 -30
right_child=1 3 -4 -5 5 -7 7 8 9 14 -12 -13 -14 -15 15 -17 -18 -19 -20 -21 21 23 25 24 -26 28 27 -29 29 -31
leaf_value=0.22474435121865066 -1.0497117165464522 -0.0074422664292263206 0.3522365438740388 -0.16053786813785317 2.8588161468505859 -25.405319966898336 10.392849858709608 0.18441212634876808 3.9717189211159543 -5.4615727152040465 -4.1503443394584218 -1.7657889348759952 13.482073242106337 8.9975289268703538 10.695811248243901 -12.895668569733116 17.299601310568971 -6.3708267013231916 15.988490295410157 -15.060509699041194 3.3493923769770442 4.7876407708017616 -3.1695299651818982 32.359383380282054 6.5134588120089978 -1.1177603528390525 3.8401586622805213 31.746295979996802 28.498120075005751 6.8611696440598067
leaf_weight=123530 37637 21823 17530 145480 61 77 498 9580 4859 663 261 3598 94 727 57 68 77 168 108 55 370 745 1446 91 157 153 74 71 52 87
leaf_count=123530 37637 21823 17530 145480 61 77 498 9580 4859 663 261 3598 94 727 57 68 77 168 108 55 370 745 1446 91 157 153 74 71 52 87
internal_value=0.00446004 -0.111038 -0.604225 0.0311088 0.638189 -12.9118 0.679027 1.30414 1.11126 3.12771 4.23406 0.246564 0.234825 4.62581 -2.28099 1.67534 3.80615 1.12833 6.85496 -1.95238 0.811077 2.66057 0.48917 7.58722 15.9972 -1.53932 7.33482 17.5045 6.53358 14.9556
internal_weight=370197 246573 55167 191406 45926 138 45788 23965 23467 7043 5847 16424 123624 5586 1196 533 465 388 220 112 12826 3246 2253 993 248 1738 515 145 292 139
internal_count=370197 246573 55167 191406 45926 138 45788 23965 23467 7043 5847 16424 123624 5586 1196 533 465 388 220 112 12826 3246 2253 993 248 1738 515 145 292 139
is_linear=0
shrinkage=0.05


Tree=291
num_leaves=31
num_cat=0
split_feature=11 0 9 3 11 9 9 3 1 11 11 10 3 9 3 3 3 11 0 10 9 9 0 8 3 8 3 8 0 10
split_gain=3.10132e+06 6.29557e+06 9.8976e+06 1.88198e+07 3.6088e+07 4.20628e+07 1.30998e+07 1.54398e+07 1.5568e+07 1.18065e+07 1.08273e+07 1.25687e+07 2.31541e+07 1.47298e+07 9.88838e+06 1.39602e+07 9.2845e+06 1.22077e+07 9.35574e+06 8.88504e+06 8.88068e+06 2.13038e+07 1.95689e+07 1.04904e+07 8.72018e+06 9.52292e+06 9.40935e+06 8.12544e+06 8.0697e+06 5.69669e+06
threshold=19100.720000000005 18.500000000000004 2041.4540000000004 27.500000000000004 29214.375000000004 2336.8835000000004 2087.0383333333334 113.50000000000001 4.5000000000000009 20009.920000000002 29214.375000000004 2090.7166666666667 23.500000000000004 1768.4196666666669 30.500000000000004 33.500000000000007 52.500000000000007 29214.375000000004 29.500000000000004 2261.6500000000001 2138.2523333333338 2258.7413333333338 22.500000000000004 3218.1678571428579 196.00000000000003 1203.4478571428574 116.50000000000001 1042.8514285714289 21.500000000000004 2261.6500000000001
decision_type=2 2 2 2 2 2 2 2 2 2 2 2 2 2 2 2 2 2 2 2 2 2 2 2 2 2 2 2 2 2
left_child=-1 -2 10 4 5 -4 7 8 -5 -8 11 13 -13 27 -11 -16 17 -17 19 -18 -6 -22 -23 -24 25 -14 28 -3 -27 -12
right_child=1 2 3 6 20 -7 9 -9 -10 14 29 12 24 -15 15 16 18 -19 -20 -21 21 22 23 -25 -26 26 -28 -29 -30 -31
leaf_value=0.048547644970808893 0.14102185193447633 -0.40285416518254258 57.282873934668466 6.8868225760208936 -13.997283620100754 5.7253230061250582 -22.266148198490413 -11.23275794334579 39.939695048750494 -20.540949613131012 0.53249782857990124 -32.942972241277282 -29.11893838500977 16.241531610961008 23.432737071760769 -31.130288140248446 19.065419939686272 -1.1508327615261078 -9.6200442494021523 0.42319802668757911 27.255512808514879 -26.621610045054606 23.548247998101374 -6.6648647712448899 11.329539258139475 5.8934069832174725 -22.228704117931599 -5.8810373138749243 -7.41464428475925 -3.2354202804729861
leaf_weight=344297 15192 1323 74 95 78 85 71 57 57 65 3255 92 50 101 58 59 68 80 225 1064 77 63 56 59 63 143 86 1386 560 1450
leaf_count=344297 15192 1323 74 95 78 85 71 57 57 65 3255 92 50 101 58 59 68 80 225 1064 77 63 56 59 63 143 86 1386 560 1450
internal_value=0.00871845 -0.516848 -1.43376 1.40855 10.1235 29.7207 -0.849367 10.9595 19.2816 -2.30976 -2.23244 -4.21602 -9.04834 -2.50665 -1.43459 -0.635414 -1.56854 -13.8759 -0.307869 1.54305 0.766366 5.28231 -4.22296 8.04761 -6.6112 -7.95835 -6.61738 -3.20565 -4.7076 -0.62871
internal_weight=370389 26092 10900 2391 492 159 1899 209 152 1690 8509 3804 994 2810 1619 1554 1496 139 1357 1132 333 255 178 115 902 839 789 2709 703 4705
internal_count=370389 26092 10900 2391 492 159 1899 209 152 1690 8509 3804 994 2810 1619 1554 1496 139 1357 1132 333 255 178 115 902 839 789 2709 703 4705
is_linear=0
shrinkage=0.05


Tree=292
num_leaves=31
num_cat=0
split_feature=9 8 8 0 11 11 11 11 8 3 8 11 11 0 3 6 11 10 3 1 0 9 1 11 3 8 1 8 3 0
split_gain=4.41385e+06 1.01912e+07 2.32532e+07 8.17336e+06 9.00868e+06 5.69902e+07 1.28095e+07 1.94731e+07 7.33643e+06 1.82046e+07 1.47475e+07 1.35382e+07 2.03671e+07 1.10004e+07 2.26503e+07 1.08378e+07 9.23242e+06 8.52954e+06 8.98311e+06 1.27705e+07 1.53364e+07 5.56156e+06 6.94086e+06 4.57375e+06 1.19778e+07 2.05296e+07 9.39792e+06 7.35136e+06 2.02658e+07 3.18434e+07
threshold=2336.8835000000004 1265.0907142857145 1145.382142857143 28.500000000000004 24530.555000000004 16973.135000000006 12943.180000000002 9063.4550000000017 1925.7600000000002 41.500000000000007 1632.2000000000003 4198.1350000000011 6970.8350000000009 4.5000000000000009 275.50000000000006 1.5000000000000002 32951.680000000008 3076.1000000000008 266.50000000000006 2.5000000000000004 12.500000000000002 2703.9491666666668 4.5000000000000009 38560.455000000009 270.50000000000006 2133.8221428571437 2.5000000000000004 2195.8535714285722 63.500000000000007 12.500000000000002
decision_type=2 2 2 2 2 2 2 2 2 2 2 2 2 2 2 2 2 2 2 2 2 2 2 2 2 2 2 2 2 2
left_child=-1 2 -2 8 5 6 7 -5 9 10 -3 -11 -13 16 15 17 -14 18 19 -15 -21 22 -6 27 25 -25 -26 28 -10 -30
right_child=1 3 -4 4 21 -7 -8 -9 23 11 -12 12 13 14 -16 -17 -18 -19 -20 20 -22 -23 -24 24 26 -27 -28 -29 29 -31
leaf_value=-0.0066475691872839643 7.1539444861473989 -30.680397783476732 -32.969270751055546 -3.0887835386104157 4.7974888309355705 53.143255290432251 -17.983158496168794 29.49193249838693 -16.424689500185909 -14.537543609224517 5.6296455948441118 38.936719374821109 -17.318359266008652 35.13427881168414 39.026683485507967 -13.873210793954355 10.198108390525535 -8.4696845709108839 -0.070355903811571072 29.725687057495119 -7.2323457360267644 10.218445873260499 -18.675918851792812 26.833940985543389 3.3456648182224584 2.6710384077606379 -21.939581892425068 0.44818485389723506 -10.664961631913339 25.202888072925866
leaf_weight=364931 77 58 68 133 62 69 61 70 245 58 54 58 70 79 64 54 54 51 82 50 64 73 64 105 74 540 73 2752 155 103
leaf_count=364931 77 58 68 133 62 69 61 70 245 58 54 58 70 79 64 54 54 51 82 50 64 73 64 105 74 540 73 2752 155 103
internal_value=0.0145789 1.41787 -11.6625 1.77074 7.65352 12.6833 2.10854 8.14595 1.12452 5.51251 -13.1738 8.57225 10.7134 7.83145 11.5087 6.87407 -5.33538 10.3107 13.7936 19.6841 8.97732 -0.763156 -7.12551 0.261453 3.66908 6.60453 -9.21095 -0.567685 -6.12569 3.65437
internal_weight=370451 5520 145 5375 532 333 264 203 4843 796 112 684 626 568 444 380 124 326 275 193 114 199 126 4047 792 645 147 3255 503 258
internal_count=370451 5520 145 5375 532 333 264 203 4843 796 112 684 626 568 444 380 124 326 275 193 114 199 126 4047 792 645 147 3255 503 258
is_linear=0
shrinkage=0.05


Tree=293
num_leaves=31
num_cat=0
split_feature=11 10 0 8 3 8 9 8 1 6 10 8 3 1 11 10 0 3 3 9 3 3 0 0 11 11 0 0 10 10
split_gain=2.74963e+06 5.42799e+06 9.51163e+06 3.33087e+07 1.47247e+07 3.39132e+07 3.33291e+07 1.15554e+07 1.32728e+07 1.7772e+07 1.57843e+07 1.2151e+07 2.91726e+07 1.63751e+07 1.5472e+07 2.90209e+07 1.77946e+07 1.56599e+07 1.91545e+07 3.93312e+07 3.36108e+07 2.82512e+07 2.7358e+07 2.00331e+07 1.81143e+07 2.4693e+07 3.38251e+07 1.86178e+07 2.21682e+07 1.62481e+07
threshold=31067.535000000003 1922.3833333333334 29.500000000000004 1265.0907142857145 56.500000000000007 2266.1771428571433 1768.4196666666669 1066.9100000000003 3.5000000000000004 1.5000000000000002 2469.5833333333335 1518.4428571428573 17.500000000000004 2.5000000000000004 10596.205000000002 2010.5333333333335 13.500000000000002 24.500000000000004 92.500000000000014 1697.2931666666666 65.500000000000014 37.500000000000007 18.500000000000004 26.500000000000004 14253.120000000001 16431.460000000003 7.5000000000000009 23.500000000000004 2444.1500000000001 2418.9166666666674
decision_type=2 2 2 2 2 2 2 2 2 2 2 2 2 2 2 2 2 2 2 2 2 2 2 2 2 2 2 2 2 2
left_child=1 -1 7 -4 5 6 -5 8 -3 10 -10 12 13 -9 15 -14 -17 -16 19 20 -19 22 -21 -20 -23 -26 29 28 -28 -27
right_child=-2 2 3 4 -6 -7 -8 11 9 -11 -12 -13 14 -15 17 16 -18 18 23 21 -22 24 -24 -25 25 26 27 -29 -30 -31
leaf_value=-0.010853607044184251 -0.70130143872917772 0.67483609598925998 37.474801003305537 5.8726537557748655 -0.4242745856297736 -9.9318422015508023 62.482935954974245 8.0173707326253254 -21.334429654800637 11.586971456864301 7.7620208672114792 0.2517268569173034 13.357446018163708 41.187259833456636 -13.483525127695319 -0.7683405055269521 -16.906064572997849 -8.1626825260242253 -0.76329191677398134 65.676062386376529 17.66208814560099 28.852304992675784 18.935829947028363 29.167343262494622 -21.616684697885987 8.9895069303966704 54.65659928385417 5.1082083218339562 11.675797241210939 -28.576239978142503
leaf_weight=335953 13037 468 76 52 679 75 52 72 278 68 56 15780 207 77 114 382 309 382 1066 56 188 135 71 59 61 63 75 69 50 53
leaf_count=335953 13037 468 76 52 679 75 52 72 278 68 56 15780 207 77 114 382 309 382 1066 56 188 135 71 59 61 63 75 69 50 53
internal_value=0.0119298 0.0379738 0.816397 5.74904 2.93883 15.6961 34.1778 0.587632 -5.04892 -11.7124 -16.456 0.842124 3.51236 25.1589 2.5467 -3.06513 -7.98478 4.61034 5.49638 9.88227 0.354961 18.4614 39.5457 0.806404 13.1695 7.46275 13.1848 25.9562 37.4643 -8.17415
internal_weight=370063 357026 21073 934 858 179 104 20139 870 402 334 19269 3489 149 3340 898 691 2442 2328 1203 570 633 127 1125 506 371 310 194 125 116
internal_count=370063 357026 21073 934 858 179 104 20139 870 402 334 19269 3489 149 3340 898 691 2442 2328 1203 570 633 127 1125 506 371 310 194 125 116
is_linear=0
shrinkage=0.05


Tree=294
num_leaves=31
num_cat=0
split_feature=8 11 11 11 11 9 11 11 8 11 6 11 0 10 10 11 11 10 0 11 0 1 10 11 0 1 9 10 10 11
split_gain=4.47772e+06 4.79677e+06 1.33262e+07 7.25326e+06 8.89482e+06 5.7736e+06 4.61134e+06 4.23823e+06 9.75993e+06 8.23411e+06 6.80185e+06 4.9424e+07 8.09905e+06 6.72008e+06 5.87356e+06 1.15192e+07 8.58866e+06 6.84825e+06 7.87473e+06 6.25056e+06 8.71762e+06 6.24655e+06 5.66575e+06 6.90762e+06 4.5768e+06 4.14063e+06 3.87046e+06 4.24462e+06 3.55458e+06 3.20087e+06
threshold=2899.4528571428577 3937.6500000000001 2777.2600000000007 4568.1850000000013 5216.2050000000008 1917.6366666666668 6049.8550000000005 7629.7500000000009 3218.1678571428579 9526.7850000000017 1.5000000000000002 15243.790000000003 22.500000000000004 2609.7166666666667 2762.7666666666669 10903.300000000001 17684.070000000003 2872.6833333333338 17.500000000000004 29214.375000000004 16.500000000000004 3.5000000000000004 2444.1500000000001 19100.720000000005 18.500000000000004 5.5000000000000009 2336.8835000000004 2548.1500000000001 2519.2500000000005 27454.115000000002
decision_type=2 2 2 2 2 2 2 2 2 2 2 2 2 2 2 2 2 2 2 2 2 2 2 2 2 2 2 2 2 2
left_child=-1 2 -2 -3 -5 -6 -7 8 -8 13 12 -12 14 -9 15 -11 -16 -18 21 24 -21 -19 23 -14 26 -24 28 -28 -17 -13
right_child=1 3 -4 4 5 6 7 9 -10 10 11 29 22 -15 16 19 17 18 -20 20 -22 -23 25 -25 -26 -27 27 -29 -30 -31
leaf_value=0.0067863377533889787 -7.3946118580004612 -20.20819265472478 19.168236800469458 18.342938236161775 -17.820369773718621 -14.690988822832502 21.259858122948678 -23.002444839779947 -5.6338740348815923 24.25554001495756 42.969527149383843 -0.059874989509582525 -31.418435845655551 -2.1632446866639903 -16.332234941449084 15.197955747510566 -11.655036706635448 -13.955173106988273 14.842054399336227 -1.8460139384636514 19.40756005605062 6.4058197649219366 -7.5718562812358146 -5.8725629425048833 -13.040839169242165 5.6991911212603252 -16.50260960172724 1.3434630284364197 -1.9422560818990071 -16.003109462822184
leaf_weight=367882 97 58 92 51 62 73 62 85 74 58 65 50 51 71 114 61 99 72 99 104 90 79 320 55 88 72 54 87 60 85
leaf_count=367882 97 58 92 51 62 73 62 85 74 58 65 50 51 71 114 61 99 72 99 104 90 79 320 55 88 72 54 87 60 85
internal_value=-0.00751088 -2.12153 5.53545 -2.75101 -2.2992 -2.7799 -2.3417 -1.90301 6.6265 -2.5075 -1.53323 7.14881 -2.64418 -13.5179 -0.182977 3.07343 -4.417 -0.524922 3.8826 0.815039 8.01389 -3.30273 -7.9076 -18.1635 -3.17518 -5.13432 0.138474 -5.4912 6.69868 -10.0982
internal_weight=370370 2488 189 2299 2241 2190 2128 2055 136 1919 1763 200 1563 156 1065 602 463 349 250 544 194 151 498 106 350 392 262 141 121 135
internal_count=370370 2488 189 2299 2241 2190 2128 2055 136 1919 1763 200 1563 156 1065 602 463 349 250 544 194 151 498 106 350 392 262 141 121 135
is_linear=0
shrinkage=0.05


Tree=295
num_leaves=31
num_cat=0
split_feature=8 9 1 3 10 10 0 9 3 3 9 11 3 8 10 11 10 9 0 1 11 9 11 10 1 1 9 11 11 10
split_gain=5.25045e+06 1.1659e+07 1.4675e+07 1.14788e+07 1.87566e+07 1.64354e+07 1.18702e+07 2.03005e+07 9.62776e+06 1.68615e+07 2.00294e+07 3.11874e+07 1.95486e+07 1.41293e+07 1.25179e+07 1.14144e+07 1.09006e+07 1.07575e+07 9.65459e+06 1.02564e+07 1.14728e+07 1.10922e+07 8.76143e+06 8.4589e+06 7.93177e+06 7.97141e+06 7.88248e+06 8.35277e+06 8.20404e+06 9.13362e+06
threshold=1203.4478571428574 970.15350000000012 1.0000000180025095e-35 265.50000000000006 2641.9333333333338 2641.9333333333338 30.500000000000004 1121.5418333333334 63.500000000000007 43.500000000000007 1630.4328333333335 8853.8650000000016 26.500000000000004 585.21357142857153 2155.8333333333339 7932.1100000000006 2324.1500000000001 1665.0946666666666 12.500000000000002 4.5000000000000009 5043.0250000000005 1341.3198333333337 55972.670000000006 1367.0833333333337 3.5000000000000004 1.5000000000000002 1307.0473333333337 8283.1350000000002 5487.0100000000011 2418.9166666666674
decision_type=2 2 2 2 2 2 2 2 2 2 2 2 2 2 2 2 2 2 2 2 2 2 2 2 2 2 2 2 2 2
left_child=1 -1 -3 5 22 6 8 -8 9 10 13 -12 -13 -4 18 -11 17 -17 19 20 -15 24 -5 -21 25 -22 -2 28 29 -28
right_child=26 2 3 4 -6 -7 7 -9 -10 15 11 12 -14 14 -16 16 -18 -19 -20 23 21 -23 -24 -25 -26 -27 27 -29 -30 -31
leaf_value=-0.012400819785167815 -2.0753695622155415 -2.2758835143152147 26.843722587161597 -1.5227595202940658 -29.228824348449706 26.724366796833198 -6.4100262914385118 32.099573013999247 4.5685709112449313 4.5306534320990606 19.452514311472576 -43.035704781027405 -6.8761846519378302 -10.602533217037426 26.511994909471085 -5.046754218325348 -24.814658319950105 10.798468920868686 1.0202531715166847 13.37815004671269 16.919325060933307 30.080713178823284 18.539157757006194 -3.7000146925217452 22.188426101959507 0.093187384825685754 0.72472765003365258 -0.64135353904946835 3.0012173586052202 -5.8037075456958149
leaf_weight=315902 7030 2018 72 1203 60 73 56 88 3592 443 60 68 83 51 62 1268 64 117 1329 101 114 91 57 257 111 184 3399 27944 3510 636
leaf_count=315902 7030 2018 72 1203 60 73 56 88 3592 443 60 68 83 51 62 1268 64 117 1329 101 114 91 57 257 111 184 3399 27944 3510 636
internal_value=-0.023041 0.0448187 1.60012 2.41455 -1.91582 3.10457 2.89458 17.1236 2.64058 1.09302 3.71977 -11.0427 -23.1599 5.03296 4.35019 -2.49309 -4.64044 -3.7082 3.73623 7.70712 11.9882 14.2924 -0.615197 1.11813 10.7796 6.53003 -0.545765 -0.242766 1.23346 -0.30429
internal_weight=370043 327524 11622 9604 1320 8284 8211 144 8067 4475 2583 211 151 2372 2300 1892 1449 1385 2238 909 551 500 1260 358 409 298 42519 35489 7545 4035
internal_count=370043 327524 11622 9604 1320 8284 8211 144 8067 4475 2583 211 151 2372 2300 1892 1449 1385 2238 909 551 500 1260 358 409 298 42519 35489 7545 4035
is_linear=0
shrinkage=0.05


Tree=296
num_leaves=31
num_cat=0
split_feature=9 8 11 10 11 9 8 1 11 10 0 11 10 11 11 11 11 0 1 0 9 11 0 8 11 10 11 11 1 9
split_gain=5.62641e+06 1.54337e+07 1.67127e+07 1.20122e+07 1.16942e+07 1.39285e+07 1.02451e+07 1.6423e+07 1.91112e+07 1.195e+07 9.97372e+06 1.76783e+07 7.1729e+06 6.59081e+06 1.43327e+07 6.46542e+06 1.37048e+07 7.49132e+06 8.59066e+06 9.35178e+06 5.78321e+06 5.57129e+06 4.56591e+06 4.43502e+06 1.02981e+07 1.2667e+07 2.27993e+07 1.2385e+07 1.21034e+07 1.30203e+07
threshold=2336.8835000000004 1265.0907142857145 15243.790000000003 2494.5000000000005 20009.920000000002 2530.8520000000003 1632.2000000000003 4.5000000000000009 13772.890000000001 2519.2500000000005 16.500000000000004 27454.115000000002 2394.6000000000004 16431.460000000003 14253.120000000001 11846.610000000002 10596.205000000002 25.500000000000004 2.5000000000000004 10.500000000000002 2422.4765000000002 2828.2250000000004 16.500000000000004 2266.1771428571433 9063.4550000000017 2132.4000000000005 4492.4150000000009 3762.1450000000004 3.5000000000000004 2194.8705000000004
decision_type=2 2 2 2 2 2 2 2 2 2 2 2 2 2 2 2 2 2 2 2 2 2 2 2 2 2 2 2 2 2
left_child=23 2 -2 4 13 10 7 8 -5 -8 -6 -12 -7 14 15 16 17 18 21 -20 -19 -3 -17 -1 25 27 -27 -25 -28 -30
right_child=1 3 -4 6 5 12 9 -9 -10 -11 11 -13 -14 -15 -16 22 -18 20 19 -21 -22 -23 -24 24 -26 26 28 -29 29 -31
leaf_value=0.01960174502224854 1.6815678847463507 -9.5774789434212906 -32.308053544638817 -0.39001327999054441 10.299851220362896 -7.6618382914312964 -15.087071797772062 -5.4043651580810552 35.516122110154896 0.57119484675323862 52.049418891559952 13.924673608065968 14.292622198875135 -8.9046958182117724 26.441263204381087 1.8511493451455061 28.3737585848028 0.37452611421283927 4.6175843147131115 -17.771772617307203 21.216184915304183 8.685858401403113 -19.01038739681244 6.8276568380912934 -2.7150921939745487 -6.6825221005608064 6.4388610678938241 -8.2330661500363913 29.573060079873041 0.8327036285400391
leaf_weight=359204 76 52 69 63 111 87 126 99 90 3698 55 68 65 101 69 51 55 57 78 116 80 212 54 202 4057 255 441 421 139 55
leaf_count=359204 76 52 69 63 111 87 126 99 90 3698 55 68 65 101 69 51 55 57 78 116 80 212 54 202 4057 255 441 421 139 55
internal_value=0.0218929 1.60451 -14.4928 2.0378 6.20096 13.5112 0.698762 10.4637 20.7312 0.0552582 21.1662 30.9723 1.72658 3.15042 4.62805 2.63452 4.49418 2.28683 -0.781618 -8.76987 12.5448 5.08853 -8.87764 -0.0021084 -1.40217 2.11832 5.94601 -3.34981 11.0173 21.425
internal_weight=370306 5532 145 5387 1311 386 4076 252 153 3824 234 123 152 925 824 755 650 595 458 194 137 264 105 364774 5570 1513 890 623 635 194
internal_count=370306 5532 145 5387 1311 386 4076 252 153 3824 234 123 152 925 824 755 650 595 458 194 137 264 105 364774 5570 1513 890 623 635 194
is_linear=0
shrinkage=0.05


Tree=297
num_leaves=31
num_cat=0
split_feature=3 10 8 3 7 10 0 0 10 7 4 11 9 8 9 8 11 10 10 10 9 8 10 9 3 9 11 11 4 10
split_gain=3.5154e+06 5.27493e+06 2.81238e+06 6.34369e+06 7.68993e+06 7.24304e+06 1.27981e+07 1.11907e+07 1.04368e+07 9.35292e+06 8.1077e+06 9.69746e+06 9.34518e+06 6.3677e+06 1.63735e+07 6.18894e+06 6.0421e+06 8.97121e+06 1.12525e+07 9.18841e+06 5.87685e+06 1.03622e+07 1.09395e+07 1.22e+07 7.66241e+06 7.47086e+06 7.60659e+06 7.38281e+06 1.10485e+07 8.81377e+06
threshold=285.50000000000006 295.16666666666669 248.14857142857144 12.500000000000002 29.500000000000004 1.0000000180025095e-35 18.500000000000004 16.500000000000004 273.50000000000006 22.500000000000004 2.5000000000000004 1459.5000000000002 316.85083333333336 503.59714285714296 405.70350000000002 1174.069285714286 55972.670000000006 2494.5000000000005 2720.4666666666672 2371.4500000000003 558.25000000000011 683.51857142857148 2111.3500000000008 1592.5745000000004 263.50000000000006 792.79800000000012 1748.2350000000004 594.3900000000001 1.5000000000000002 626.16666666666686
decision_type=2 2 2 2 2 2 2 2 2 2 2 2 2 2 2 2 2 2 2 2 2 2 2 2 2 2 2 2 2 2
left_child=2 -2 -1 4 5 6 7 13 15 16 11 12 -8 14 -4 -7 -10 19 -19 -18 -5 22 23 24 27 26 -23 -22 29 -29
right_child=1 -3 3 20 -6 8 10 -9 9 -11 -12 -13 -14 -15 -16 -17 17 18 -20 -21 21 25 -24 -25 -26 -27 -28 28 -30 -31
leaf_value=0.11727252705545561 0.09745812651920617 4.4049771560272717 3.9367302418006931 -0.53076308157714647 -7.4331305595727457 -0.8095756858062283 9.491337932950259 -2.8207112388108957 1.0384914910528984 9.1524470259403365 -1.9008839053707522 -0.23530467134533506 25.310629957314305 0.81069536065233161 29.148917254672121 -6.760986217065998 -6.2469794835167374 18.189927469395304 -6.4851656169426155 -30.025810770718557 -2.628507297465883 0.60466766012598683 -17.471178988667276 24.929514510414819 -1.4425778213394072 0.00063170338908348955 -2.7381003891564166 1.4627940479584371 0.37364152342337703 5.3994914141564934
leaf_weight=168909 1951 1118 1657 97485 301 8674 250 1228 13461 348 143 132 149 2088 67 460 174 74 123 53 849 2509 77 55 2095 50224 5290 2533 4529 3241
leaf_count=168909 1951 1118 1657 97485 301 8674 250 1228 13461 348 143 132 149 2088 67 460 174 74 123 53 849 2509 77 55 2095 50224 5290 2533 4529 3241
internal_value=-0.0185654 1.66664 -0.0326509 -0.160373 0.517691 0.599986 2.19571 1.33036 0.209779 1.05629 8.66652 11.5124 15.3988 2.66759 4.91655 -1.1093 0.853379 -5.0235 2.78365 -11.7989 -0.278339 0.0662945 1.32067 1.42945 1.33188 -0.222941 -1.66271 1.85309 2.22238 3.6725
internal_weight=370247 3069 367178 198269 29382 29081 5714 5040 23367 14233 674 531 399 3812 1724 9134 13885 424 197 227 168887 71402 13379 13302 13247 58023 7799 11152 10303 5774
internal_count=370247 3069 367178 198269 29382 29081 5714 5040 23367 14233 674 531 399 3812 1724 9134 13885 424 197 227 168887 71402 13379 13302 13247 58023 7799 11152 10303 5774
is_linear=0
shrinkage=0.05


Tree=298
num_leaves=31
num_cat=0
split_feature=3 10 3 10 11 11 8 9 8 10 10 10 8 10 8 11 9 9 3 3 9 8 9 11 8 11 11 8 3 7
split_gain=4.59096e+06 1.79248e+07 6.77995e+06 1.2244e+07 1.05541e+07 7.46063e+06 8.61612e+06 2.06323e+07 1.82834e+07 3.20516e+07 1.83417e+07 1.52648e+07 1.24778e+07 1.01024e+07 6.90975e+06 9.51206e+06 6.32703e+06 1.36739e+07 6.69319e+06 6.18274e+06 7.76798e+06 1.43696e+07 8.13934e+06 1.45262e+07 8.96275e+06 8.72965e+06 8.79693e+06 7.20498e+06 5.35779e+06 9.19887e+06
threshold=261.50000000000006 828.96666666666681 138.50000000000003 2680.8833333333337 3815.8050000000007 4002.1250000000005 1925.7600000000002 1592.5745000000004 1483.5285714285715 2469.5833333333335 2111.3500000000008 2090.7166666666667 1669.8157142857144 1987.5500000000002 2078.5514285714294 12557.920000000002 2258.7413333333338 1998.7498333333335 255.50000000000003 280.50000000000006 1841.156666666667 1925.7600000000002 2530.8520000000003 6970.8350000000009 2899.4528571428577 7932.1100000000006 5301.8050000000012 1750.47 256.50000000000006 13.500000000000002
decision_type=2 2 2 2 2 2 2 2 2 2 2 2 2 2 2 2 2 2 2 2 2 2 2 2 2 2 2 2 2 2
left_child=2 -2 -1 4 -4 -6 7 11 10 12 -9 13 -10 28 15 -8 17 18 -16 -3 -21 27 25 -24 -25 26 -23 -22 -7 -30
right_child=1 19 3 -5 5 6 14 8 9 -11 -12 -13 -14 -15 16 -17 -18 -19 -20 20 21 22 23 24 -26 -27 -28 -29 29 -31
leaf_value=0.00079028903843952566 -0.02003374803538821 -3.6680121039290321 0.53131510514144409 -14.697451871340391 18.48587490149907 5.4821644979491317 5.8444682922363285 25.078864213532093 33.750207378124365 58.529680132398418 -12.093445065147 -18.031340907340827 6.2826882217079403 24.807889214268439 5.698967250009602 -21.050011734474296 -11.599570415258409 20.250362622930158 -14.364341281927549 -3.3841308928944578 7.589243694602466 -5.3332495804988982 -13.974426025332827 24.275161328692189 3.4806132521545678 -8.7787491783036966 21.742157852866434 27.448467727556618 -1.5033477541573523 12.369526347302008
leaf_weight=315370 32594 5254 12018 122 84 1011 50 51 58 51 95 86 144 54 89 96 75 93 78 1005 122 66 66 95 114 322 55 73 891 138
leaf_count=315370 32594 5254 12018 122 84 1011 50 51 58 51 95 86 144 54 89 96 75 93 78 1005 122 66 66 95 114 322 55 73 891 138
internal_value=-0.0104107 -0.517992 0.0506333 1.07909 1.20604 3.78519 3.38164 4.52745 14.9809 23.1116 0.891403 2.61418 14.1694 3.46209 -2.7619 -11.8396 1.19434 4.8849 -3.67192 -2.78102 -0.351272 2.9872 -0.281776 6.47497 12.9327 -4.47615 6.97375 15.0237 2.89705 0.357154
internal_weight=370420 39766 330654 15284 15162 3144 3060 2579 399 253 146 2180 202 2094 481 146 335 260 167 7172 1918 913 718 275 209 443 121 195 2040 1029
internal_count=370420 39766 330654 15284 15162 3144 3060 2579 399 253 146 2180 202 2094 481 146 335 260 167 7172 1918 913 718 275 209 443 121 195 2040 1029
is_linear=0
shrinkage=0.05


Tree=299
num_leaves=31
num_cat=0
split_feature=3 10 10 9 3 3 1 9 1 3 9 3 1 10 3 11 1 9 11 9 11 11 3 11 3 3 10 11 0 3
split_gain=3.40671e+06 4.03903e+06 3.35663e+06 1.13415e+07 1.07299e+07 1.6574e+07 1.45621e+07 2.20512e+07 1.71714e+07 1.08115e+07 9.43258e+06 1.29853e+07 1.20181e+07 1.22222e+07 9.43658e+06 8.62782e+06 8.38586e+06 8.32741e+06 1.08285e+07 8.33874e+06 3.2678e+07 1.23714e+07 1.16161e+07 1.12026e+07 7.95362e+06 2.1557e+07 1.36967e+07 1.0196e+07 8.19097e+06 7.53599e+06
threshold=286.50000000000006 2198.5166666666669 2762.7666666666669 1804.4843333333336 39.500000000000007 19.500000000000004 4.5000000000000009 1998.7498333333335 5.5000000000000009 33.500000000000007 1998.7498333333335 45.500000000000007 4.5000000000000009 2872.6833333333338 47.500000000000007 7768.1650000000009 1.5000000000000002 2336.8835000000004 19100.720000000005 2087.0383333333334 45915.240000000013 29214.375000000004 118.50000000000001 38560.455000000009 64.500000000000014 106.50000000000001 3076.1000000000008 29214.375000000004 11.500000000000002 75.500000000000014
decision_type=2 2 2 2 2 2 2 2 2 2 2 2 2 2 2 2 2 2 2 2 2 2 2 2 2 2 2 2 2 2
left_child=2 -2 -1 -4 5 -5 7 -7 -8 16 12 -12 13 -6 -13 -16 -9 18 -17 20 -20 22 -21 -23 -19 27 -27 -26 -28 -25
right_child=1 -3 3 4 10 6 8 9 -10 -11 11 14 -14 -15 15 17 -18 24 19 21 -22 23 -24 29 25 26 28 -29 -30 -31
leaf_value=-0.017391370835474533 1.6248744646468709 11.616387760092358 15.825143167246944 -2.3913633249509032 4.9667783435510131 -23.642768250571358 47.595412355310778 6.8874296422988657 6.5652939431807571 -4.4668443709153394 -17.253639266226028 15.202986871743505 -31.898236023433626 -22.995231621082013 -12.15818765640077 9.5513426485882018 31.708350371025706 -3.9723499380873948 22.821117741256568 -34.436838692363942 -28.482175383201014 14.117985827582224 -6.3353798007965096 -21.870895351833767 7.9389890904329263 2.6355871088878686 -4.0995096402625517 28.759773888879892 -28.923047952182959 -2.1538640866960796
leaf_weight=364929 1404 109 92 624 98 54 51 63 51 65 144 79 63 65 205 93 74 553 77 95 52 56 60 90 147 491 73 98 61 105
leaf_count=364929 1404 109 92 624 98 54 51 63 51 65 144 79 63 65 205 93 74 553 77 95 52 56 60 90 147 491 73 98 61 105
internal_value=-0.0230274 2.34469 -0.0327434 -1.51525 -1.94793 2.52877 11.1047 4.73934 27.0804 12.3266 -3.57312 -2.68163 -13.3519 -6.18372 -1.78297 -2.37778 20.2944 -1.40021 -6.19606 -8.93346 2.14072 -12.4521 -23.5589 -5.59334 0.716292 3.69654 -1.23119 16.2673 -15.3998 -11.254
internal_weight=370221 1513 368708 3779 3687 982 358 256 102 202 2705 2479 226 163 2335 2256 137 2051 628 535 129 406 155 251 1423 870 625 245 134 195
internal_count=370221 1513 368708 3779 3687 982 358 256 102 202 2705 2479 226 163 2335 2256 137 2051 628 535 129 406 155 251 1423 870 625 245 134 195
is_linear=0
shrinkage=0.05


end of trees

feature_importances:
bal_prev=1611
trail7=1546
days_to_eid=1265
trail30=1190
trail_in30=1180
dow=759
dom=621
days_since_income=384
days_to_payday=190
persona_code=174
is_regular=76
month_end=4

parameters:
[boosting: gbdt]
[objective: regression]
[metric: l2]
[tree_learner: serial]
[device_type: cpu]
[data_sample_strategy: bagging]
[data: ]
[valid: ]
[num_iterations: 300]
[learning_rate: 0.05]
[num_leaves: 31]
[num_threads: 0]
[seed: 42]
[deterministic: 0]
[force_col_wise: 0]
[force_row_wise: 0]
[histogram_pool_size: -1]
[max_depth: -1]
[min_data_in_leaf: 50]
[min_sum_hessian_in_leaf: 0.001]
[bagging_fraction: 0.9]
[pos_bagging_fraction: 1]
[neg_bagging_fraction: 1]
[bagging_freq: 1]
[bagging_seed: 400]
[bagging_by_query: 0]
[feature_fraction: 0.9]
[feature_fraction_bynode: 1]
[feature_fraction_seed: 30056]
[extra_trees: 0]
[extra_seed: 12879]
[early_stopping_round: 0]
[early_stopping_min_delta: 0]
[first_metric_only: 0]
[max_delta_step: 0]
[lambda_l1: 0]
[lambda_l2: 0]
[linear_lambda: 0]
[min_gain_to_split: 0]
[drop_rate: 0.1]
[max_drop: 50]
[skip_drop: 0.5]
[xgboost_dart_mode: 0]
[uniform_drop: 0]
[drop_seed: 17869]
[top_rate: 0.2]
[other_rate: 0.1]
[min_data_per_group: 100]
[max_cat_threshold: 32]
[cat_l2: 10]
[cat_smooth: 10]
[max_cat_to_onehot: 4]
[top_k: 20]
[monotone_constraints: ]
[monotone_constraints_method: basic]
[monotone_penalty: 0]
[feature_contri: ]
[forcedsplits_filename: ]
[refit_decay_rate: 0.9]
[cegb_tradeoff: 1]
[cegb_penalty_split: 0]
[cegb_penalty_feature_lazy: ]
[cegb_penalty_feature_coupled: ]
[path_smooth: 0]
[interaction_constraints: ]
[verbosity: -1]
[saved_feature_importance_type: 0]
[use_quantized_grad: 0]
[num_grad_quant_bins: 4]
[quant_train_renew_leaf: 0]
[stochastic_rounding: 1]
[linear_tree: 0]
[max_bin: 255]
[max_bin_by_feature: ]
[min_data_in_bin: 3]
[bin_construct_sample_cnt: 200000]
[data_random_seed: 175]
[is_enable_sparse: 1]
[enable_bundle: 1]
[use_missing: 1]
[zero_as_missing: 0]
[feature_pre_filter: 1]
[pre_partition: 0]
[two_round: 0]
[header: 0]
[label_column: ]
[weight_column: ]
[group_column: ]
[ignore_column: ]
[categorical_feature: ]
[forcedbins_filename: ]
[precise_float_parser: 0]
[parser_config_file: ]
[objective_seed: 16083]
[num_class: 1]
[is_unbalance: 0]
[scale_pos_weight: 1]
[sigmoid: 1]
[boost_from_average: 1]
[reg_sqrt: 0]
[alpha: 0.9]
[fair_c: 1]
[poisson_max_delta_step: 0.7]
[tweedie_variance_power: 1.5]
[lambdarank_truncation_level: 30]
[lambdarank_norm: 1]
[label_gain: ]
[lambdarank_position_bias_regularization: 0]
[eval_at: ]
[multi_error_top_k: 1]
[auc_mu_weights: ]
[num_machines: 1]
[local_listen_port: 12400]
[time_out: 120]
[machine_list_filename: ]
[machines: ]
[gpu_platform_id: -1]
[gpu_device_id: -1]
[gpu_device_id_list: ]
[gpu_use_dp: 0]
[num_gpu: 1]

end of parameters

pandas_categorical:[]
